{
  "0": {
    "cen_loss": 2.3028095273971556,
    "cen_accuracy": 0.10075
  },
  "1": {
    "cen_loss": 2.3028095273971556,
    "cen_accuracy": 0.10075
  },
  "2": {
    "cen_loss": 3.587717903137207,
    "cen_accuracy": 0.101125
  },
  "3": {
    "cen_loss": 4.9088471984863284,
    "cen_accuracy": 0.101125
  },
  "4": {
    "cen_loss": 5.6201048126220705,
    "cen_accuracy": 0.101125
  },
  "5": {
    "cen_loss": 6.2788201184272765,
    "cen_accuracy": 0.105375
  },
  "6": {
    "cen_loss": 5.046241168498993,
    "cen_accuracy": 0.106
  },
  "7": {
    "cen_loss": 3.7291193170547485,
    "cen_accuracy": 0.188625
  },
  "8": {
    "cen_loss": 2.707584956884384,
    "cen_accuracy": 0.253875
  },
  "9": {
    "cen_loss": 2.5139993605613706,
    "cen_accuracy": 0.308875
  },
  "10": {
    "cen_loss": 1.625726782143116,
    "cen_accuracy": 0.531625
  },
  "11": {
    "cen_loss": 1.7542426198720933,
    "cen_accuracy": 0.464
  },
  "12": {
    "cen_loss": 1.6695825116634369,
    "cen_accuracy": 0.475875
  },
  "13": {
    "cen_loss": 1.758673162639141,
    "cen_accuracy": 0.4805
  },
  "14": {
    "cen_loss": 1.5269916257858276,
    "cen_accuracy": 0.54275
  },
  "15": {
    "cen_loss": 1.5329718866944313,
    "cen_accuracy": 0.546
  },
  "16": {
    "cen_loss": 1.3257085330486298,
    "cen_accuracy": 0.5915
  },
  "17": {
    "cen_loss": 1.3750587496459483,
    "cen_accuracy": 0.585375
  },
  "18": {
    "cen_loss": 1.4631339769363403,
    "cen_accuracy": 0.574375
  },
  "19": {
    "cen_loss": 1.3523831475377084,
    "cen_accuracy": 0.597125
  },
  "20": {
    "cen_loss": 1.3397939372360705,
    "cen_accuracy": 0.6215
  },
  "21": {
    "cen_loss": 1.3214172116518021,
    "cen_accuracy": 0.612125
  },
  "22": {
    "cen_loss": 1.2370239629745483,
    "cen_accuracy": 0.620875
  },
  "23": {
    "cen_loss": 1.2967873741984368,
    "cen_accuracy": 0.620625
  },
  "24": {
    "cen_loss": 1.2814147902429105,
    "cen_accuracy": 0.627625
  },
  "25": {
    "cen_loss": 1.2055445559322835,
    "cen_accuracy": 0.640125
  },
  "26": {
    "cen_loss": 1.2517712292671204,
    "cen_accuracy": 0.636375
  },
  "27": {
    "cen_loss": 1.2316544119417667,
    "cen_accuracy": 0.64775
  },
  "28": {
    "cen_loss": 1.2110028932094574,
    "cen_accuracy": 0.65275
  },
  "29": {
    "cen_loss": 1.2635183271169663,
    "cen_accuracy": 0.65025
  },
  "30": {
    "cen_loss": 1.2904944858253002,
    "cen_accuracy": 0.64925
  },
  "31": {
    "cen_loss": 1.2778248026520014,
    "cen_accuracy": 0.653375
  },
  "32": {
    "cen_loss": 1.2183902114629745,
    "cen_accuracy": 0.65325
  },
  "33": {
    "cen_loss": 1.1862309543192386,
    "cen_accuracy": 0.661875
  },
  "34": {
    "cen_loss": 1.108234557569027,
    "cen_accuracy": 0.6765
  },
  "35": {
    "cen_loss": 1.124854952096939,
    "cen_accuracy": 0.67325
  },
  "36": {
    "cen_loss": 1.0827553525567055,
    "cen_accuracy": 0.686875
  },
  "37": {
    "cen_loss": 1.164060441404581,
    "cen_accuracy": 0.671875
  },
  "38": {
    "cen_loss": 1.1010675416886806,
    "cen_accuracy": 0.68375
  },
  "39": {
    "cen_loss": 1.1407404578924178,
    "cen_accuracy": 0.67975
  },
  "40": {
    "cen_loss": 1.1903424119427801,
    "cen_accuracy": 0.6735
  },
  "41": {
    "cen_loss": 1.055058380767703,
    "cen_accuracy": 0.69325
  },
  "42": {
    "cen_loss": 1.0941900421977042,
    "cen_accuracy": 0.684125
  },
  "43": {
    "cen_loss": 1.0894860159307718,
    "cen_accuracy": 0.68925
  },
  "44": {
    "cen_loss": 1.000272497266531,
    "cen_accuracy": 0.703625
  },
  "45": {
    "cen_loss": 1.0489962755814195,
    "cen_accuracy": 0.703375
  },
  "46": {
    "cen_loss": 1.0564312893897294,
    "cen_accuracy": 0.701375
  },
  "47": {
    "cen_loss": 1.0377194923460484,
    "cen_accuracy": 0.69825
  },
  "48": {
    "cen_loss": 1.0052595299631357,
    "cen_accuracy": 0.70725
  },
  "49": {
    "cen_loss": 1.0286907196491957,
    "cen_accuracy": 0.705125
  },
  "50": {
    "cen_loss": 1.0506065686941146,
    "cen_accuracy": 0.708875
  },
  "51": {
    "cen_loss": 1.054215101465583,
    "cen_accuracy": 0.702875
  },
  "52": {
    "cen_loss": 1.0323397140651942,
    "cen_accuracy": 0.708
  },
  "53": {
    "cen_loss": 0.9835785428769886,
    "cen_accuracy": 0.7165
  },
  "54": {
    "cen_loss": 0.9687514671012759,
    "cen_accuracy": 0.721625
  },
  "55": {
    "cen_loss": 0.9663720681555569,
    "cen_accuracy": 0.716625
  },
  "56": {
    "cen_loss": 0.9916107724048198,
    "cen_accuracy": 0.722125
  },
  "57": {
    "cen_loss": 1.0393446434251965,
    "cen_accuracy": 0.707625
  },
  "58": {
    "cen_loss": 0.9504016559533774,
    "cen_accuracy": 0.725125
  },
  "59": {
    "cen_loss": 1.0410692291781307,
    "cen_accuracy": 0.710375
  },
  "60": {
    "cen_loss": 1.0783054237961769,
    "cen_accuracy": 0.71
  },
  "61": {
    "cen_loss": 0.9886746722012758,
    "cen_accuracy": 0.7165
  },
  "62": {
    "cen_loss": 0.9637457374110818,
    "cen_accuracy": 0.72425
  },
  "63": {
    "cen_loss": 0.9671929325088858,
    "cen_accuracy": 0.723375
  },
  "64": {
    "cen_loss": 0.9682081020213663,
    "cen_accuracy": 0.73225
  },
  "65": {
    "cen_loss": 0.9440969985760749,
    "cen_accuracy": 0.725875
  },
  "66": {
    "cen_loss": 0.9475530766621232,
    "cen_accuracy": 0.731125
  },
  "67": {
    "cen_loss": 0.9245038899369538,
    "cen_accuracy": 0.731
  },
  "68": {
    "cen_loss": 0.9362108999341726,
    "cen_accuracy": 0.733625
  },
  "69": {
    "cen_loss": 0.9623199447840453,
    "cen_accuracy": 0.731625
  },
  "70": {
    "cen_loss": 0.9735040793418884,
    "cen_accuracy": 0.7345
  },
  "71": {
    "cen_loss": 0.918035991847515,
    "cen_accuracy": 0.743125
  },
  "72": {
    "cen_loss": 0.9811451980248094,
    "cen_accuracy": 0.729625
  },
  "73": {
    "cen_loss": 0.9790639498531818,
    "cen_accuracy": 0.73075
  },
  "74": {
    "cen_loss": 0.9427384107485414,
    "cen_accuracy": 0.73375
  },
  "75": {
    "cen_loss": 0.9353209623806179,
    "cen_accuracy": 0.73125
  },
  "76": {
    "cen_loss": 0.9334145980626345,
    "cen_accuracy": 0.739
  },
  "77": {
    "cen_loss": 0.9482907561846078,
    "cen_accuracy": 0.730625
  },
  "78": {
    "cen_loss": 0.8955180137231946,
    "cen_accuracy": 0.743875
  },
  "79": {
    "cen_loss": 0.8895392072945834,
    "cen_accuracy": 0.7465
  },
  "80": {
    "cen_loss": 0.9261805777847767,
    "cen_accuracy": 0.740625
  },
  "81": {
    "cen_loss": 0.9059792587608099,
    "cen_accuracy": 0.74525
  },
  "82": {
    "cen_loss": 0.9497597112506628,
    "cen_accuracy": 0.734
  },
  "83": {
    "cen_loss": 0.8765987153351307,
    "cen_accuracy": 0.74675
  },
  "84": {
    "cen_loss": 0.8921475851908326,
    "cen_accuracy": 0.743625
  },
  "85": {
    "cen_loss": 0.8482174811065197,
    "cen_accuracy": 0.749375
  },
  "86": {
    "cen_loss": 0.8911648660600185,
    "cen_accuracy": 0.744375
  },
  "87": {
    "cen_loss": 0.9077455273792148,
    "cen_accuracy": 0.74675
  },
  "88": {
    "cen_loss": 0.8957020835056901,
    "cen_accuracy": 0.743
  },
  "89": {
    "cen_loss": 0.9015156298652292,
    "cen_accuracy": 0.74225
  },
  "90": {
    "cen_loss": 1.0040582160428166,
    "cen_accuracy": 0.732375
  },
  "91": {
    "cen_loss": 0.8998679787367583,
    "cen_accuracy": 0.745375
  },
  "92": {
    "cen_loss": 0.8788210537582636,
    "cen_accuracy": 0.74
  },
  "93": {
    "cen_loss": 0.8840728297308087,
    "cen_accuracy": 0.749875
  },
  "94": {
    "cen_loss": 0.9185900840312242,
    "cen_accuracy": 0.742625
  },
  "95": {
    "cen_loss": 0.90719411277771,
    "cen_accuracy": 0.743125
  },
  "96": {
    "cen_loss": 0.880899383995682,
    "cen_accuracy": 0.753375
  },
  "97": {
    "cen_loss": 0.90849991171062,
    "cen_accuracy": 0.746
  },
  "98": {
    "cen_loss": 0.9189520930312574,
    "cen_accuracy": 0.740125
  },
  "99": {
    "cen_loss": 0.8693892621845007,
    "cen_accuracy": 0.74925
  },
  "100": {
    "cen_loss": 0.9549821712970734,
    "cen_accuracy": 0.73625
  },