{
  "0": {
    "cen_loss": 2.3027670545578003,
    "cen_accuracy": 0.0985
  },
  "1": {
    "cen_loss": 2.3027670545578003,
    "cen_accuracy": 0.0985
  },
  "2": {
    "cen_loss": 3.430057515144348,
    "cen_accuracy": 0.099875
  },
  "3": {
    "cen_loss": 4.021103329658509,
    "cen_accuracy": 0.10175
  },
  "4": {
    "cen_loss": 4.512059925079345,
    "cen_accuracy": 0.099875
  },
  "5": {
    "cen_loss": 3.685875105857849,
    "cen_accuracy": 0.1025
  },
  "6": {
    "cen_loss": 3.9637329926490783,
    "cen_accuracy": 0.10575
  },
  "7": {
    "cen_loss": 3.562423057556152,
    "cen_accuracy": 0.149875
  },
  "8": {
    "cen_loss": 4.007688730716706,
    "cen_accuracy": 0.201375
  },
  "9": {
    "cen_loss": 3.5668118948936463,
    "cen_accuracy": 0.2075
  },
  "10": {
    "cen_loss": 4.167545993566513,
    "cen_accuracy": 0.249625
  },
  "11": {
    "cen_loss": 3.364203419446945,
    "cen_accuracy": 0.249375
  },
  "12": {
    "cen_loss": 3.467601723909378,
    "cen_accuracy": 0.191375
  },
  "13": {
    "cen_loss": 2.792451848983765,
    "cen_accuracy": 0.246875
  },
  "14": {
    "cen_loss": 3.0629020156860354,
    "cen_accuracy": 0.2735
  },
  "15": {
    "cen_loss": 3.1088385927677153,
    "cen_accuracy": 0.199875
  },
  "16": {
    "cen_loss": 4.1862610244750975,
    "cen_accuracy": 0.2635
  },
  "17": {
    "cen_loss": 2.879660351753235,
    "cen_accuracy": 0.284875
  },
  "18": {
    "cen_loss": 3.7082380039691927,
    "cen_accuracy": 0.2055
  },
  "19": {
    "cen_loss": 2.736103547334671,
    "cen_accuracy": 0.268
  },
  "20": {
    "cen_loss": 2.312136627435684,
    "cen_accuracy": 0.38575
  },
  "21": {
    "cen_loss": 2.7669244105815887,
    "cen_accuracy": 0.308375
  },
  "22": {
    "cen_loss": 3.378350040435791,
    "cen_accuracy": 0.317625
  },
  "23": {
    "cen_loss": 2.6051961448192595,
    "cen_accuracy": 0.345
  },
  "24": {
    "cen_loss": 2.6309971034526827,
    "cen_accuracy": 0.28
  },
  "25": {
    "cen_loss": 3.8611430509090425,
    "cen_accuracy": 0.2195
  },
  "26": {
    "cen_loss": 2.318266686439514,
    "cen_accuracy": 0.33525
  },
  "27": {
    "cen_loss": 3.369039999961853,
    "cen_accuracy": 0.293625
  },
  "28": {
    "cen_loss": 1.8300899757146836,
    "cen_accuracy": 0.434625
  },
  "29": {
    "cen_loss": 2.7910189146995545,
    "cen_accuracy": 0.3775
  },
  "30": {
    "cen_loss": 3.113403122663498,
    "cen_accuracy": 0.343125
  },
  "31": {
    "cen_loss": 3.4200716495513914,
    "cen_accuracy": 0.30575
  },
  "32": {
    "cen_loss": 3.2046761965751647,
    "cen_accuracy": 0.217875
  },
  "33": {
    "cen_loss": 2.068056456208229,
    "cen_accuracy": 0.365875
  },
  "34": {
    "cen_loss": 2.513674869418144,
    "cen_accuracy": 0.319375
  },
  "35": {
    "cen_loss": 2.2062875356674194,
    "cen_accuracy": 0.422
  },
  "36": {
    "cen_loss": 2.666269197702408,
    "cen_accuracy": 0.285625
  },
  "37": {
    "cen_loss": 1.63507668030262,
    "cen_accuracy": 0.44625
  },
  "38": {
    "cen_loss": 2.9139176681041716,
    "cen_accuracy": 0.300125
  },
  "39": {
    "cen_loss": 3.800261386871338,
    "cen_accuracy": 0.33525
  },
  "40": {
    "cen_loss": 5.183776062965393,
    "cen_accuracy": 0.2755
  },
  "41": {
    "cen_loss": 3.57286961889267,
    "cen_accuracy": 0.335125
  },
  "42": {
    "cen_loss": 1.876180447459221,
    "cen_accuracy": 0.41875
  },
  "43": {
    "cen_loss": 2.045663080096245,
    "cen_accuracy": 0.4015
  },
  "44": {
    "cen_loss": 2.7697368270158766,
    "cen_accuracy": 0.328
  },
  "45": {
    "cen_loss": 3.1817752196788787,
    "cen_accuracy": 0.299125
  },
  "46": {
    "cen_loss": 3.3910287525653837,
    "cen_accuracy": 0.29525
  },
  "47": {
    "cen_loss": 2.685249174833298,
    "cen_accuracy": 0.357625
  },
  "48": {
    "cen_loss": 2.692632894396782,
    "cen_accuracy": 0.372375
  },
  "49": {
    "cen_loss": 1.5820694192647935,
    "cen_accuracy": 0.468375
  },
  "50": {
    "cen_loss": 1.8620474865436554,
    "cen_accuracy": 0.441625
  },
  "51": {
    "cen_loss": 2.202825770735741,
    "cen_accuracy": 0.386875
  },
  "52": {
    "cen_loss": 4.001285474777221,
    "cen_accuracy": 0.291625
  },
  "53": {
    "cen_loss": 1.4125044988393785,
    "cen_accuracy": 0.527125
  },
  "54": {
    "cen_loss": 1.6055054163336755,
    "cen_accuracy": 0.508
  },
  "55": {
    "cen_loss": 1.6051470328569413,
    "cen_accuracy": 0.50425
  },
  "56": {
    "cen_loss": 2.829633432626724,
    "cen_accuracy": 0.326375
  },
  "57": {
    "cen_loss": 3.2161510560512543,
    "cen_accuracy": 0.358875
  },
  "58": {
    "cen_loss": 1.7928711832761766,
    "cen_accuracy": 0.453125
  },
  "59": {
    "cen_loss": 1.5056786625385283,
    "cen_accuracy": 0.495125
  },
  "60": {
    "cen_loss": 1.5951041911840438,
    "cen_accuracy": 0.48975
  },
  "61": {
    "cen_loss": 1.394231343269348,
    "cen_accuracy": 0.54475
  },
  "62": {
    "cen_loss": 2.2082214711904524,
    "cen_accuracy": 0.415625
  },
  "63": {
    "cen_loss": 1.6538418966531754,
    "cen_accuracy": 0.479375
  },
  "64": {
    "cen_loss": 2.9045303653478625,
    "cen_accuracy": 0.391
  },
  "65": {
    "cen_loss": 1.629132292866707,
    "cen_accuracy": 0.487875
  },
  "66": {
    "cen_loss": 1.734587380886078,
    "cen_accuracy": 0.457625
  },
  "67": {
    "cen_loss": 1.6979176851511002,
    "cen_accuracy": 0.546125
  },
  "68": {
    "cen_loss": 1.3172862755656243,
    "cen_accuracy": 0.586
  },
  "69": {
    "cen_loss": 1.5200310950875282,
    "cen_accuracy": 0.535375
  },
  "70": {
    "cen_loss": 1.7262859680056573,
    "cen_accuracy": 0.49325
  },
  "71": {
    "cen_loss": 1.5154895725846291,
    "cen_accuracy": 0.502375
  },
  "72": {
    "cen_loss": 1.4436773781776429,
    "cen_accuracy": 0.543125
  },
  "73": {
    "cen_loss": 2.8300843192338943,
    "cen_accuracy": 0.390875
  },
  "74": {
    "cen_loss": 3.5907347240448,
    "cen_accuracy": 0.332125
  },
  "75": {
    "cen_loss": 2.493283001065254,
    "cen_accuracy": 0.277625
  },
  "76": {
    "cen_loss": 1.5017047351002693,
    "cen_accuracy": 0.541125
  },
  "77": {
    "cen_loss": 1.205861903399229,
    "cen_accuracy": 0.617125
  },
  "78": {
    "cen_loss": 1.6516141613721849,
    "cen_accuracy": 0.547375
  },
  "79": {
    "cen_loss": 1.5824486382007599,
    "cen_accuracy": 0.53725
  },
  "80": {
    "cen_loss": 1.6767807493209839,
    "cen_accuracy": 0.5305
  },
  "81": {
    "cen_loss": 2.6145185734033585,
    "cen_accuracy": 0.401875
  },
  "82": {
    "cen_loss": 1.5185961124897003,
    "cen_accuracy": 0.510875
  },
  "83": {
    "cen_loss": 1.5707021397352219,
    "cen_accuracy": 0.520625
  },
  "84": {
    "cen_loss": 1.3845383338928223,
    "cen_accuracy": 0.5525
  },
  "85": {
    "cen_loss": 2.697024657845497,
    "cen_accuracy": 0.400125
  },
  "86": {
    "cen_loss": 2.0582771772146224,
    "cen_accuracy": 0.4215
  },
  "87": {
    "cen_loss": 1.4955287040472032,
    "cen_accuracy": 0.54225
  },
  "88": {
    "cen_loss": 1.409357985138893,
    "cen_accuracy": 0.555125
  },
  "89": {
    "cen_loss": 1.658463130235672,
    "cen_accuracy": 0.50725
  },
  "90": {
    "cen_loss": 1.8855627921819686,
    "cen_accuracy": 0.483375
  },
  "91": {
    "cen_loss": 2.350034457564354,
    "cen_accuracy": 0.438
  },
  "92": {
    "cen_loss": 2.607522601485252,
    "cen_accuracy": 0.375125
  },
  "93": {
    "cen_loss": 1.3148628719449043,
    "cen_accuracy": 0.572125
  },
  "94": {
    "cen_loss": 1.3409998866319657,
    "cen_accuracy": 0.57925
  },
  "95": {
    "cen_loss": 1.9779277573823928,
    "cen_accuracy": 0.456375
  },
  "96": {
    "cen_loss": 2.3188823722600937,
    "cen_accuracy": 0.419625
  },
  "97": {
    "cen_loss": 1.5500521867275239,
    "cen_accuracy": 0.571125
  },
  "98": {
    "cen_loss": 1.0964574498534203,
    "cen_accuracy": 0.622625
  },
  "99": {
    "cen_loss": 1.6854576523900031,
    "cen_accuracy": 0.49725
  },
  "100": {
    "cen_loss": 1.5833193908333778,
    "cen_accuracy": 0.5255
  },
  "101": {
    "cen_loss": 1.5238137896060944,