{
  "0": {
    "cen_loss": 2.3028162007331847,
    "cen_accuracy": 0.1005
  },
  "1": {
    "cen_loss": 2.3028162007331847,
    "cen_accuracy": 0.1005
  },
  "2": {
    "cen_loss": 2.7131081159114836,
    "cen_accuracy": 0.10075
  },
  "3": {
    "cen_loss": 4.43713570022583,
    "cen_accuracy": 0.0995
  },
  "4": {
    "cen_loss": 3.891632921695709,
    "cen_accuracy": 0.103
  },
  "5": {
    "cen_loss": 3.0283692445755004,
    "cen_accuracy": 0.169375
  },
  "6": {
    "cen_loss": 4.5800976910591125,
    "cen_accuracy": 0.118875
  },
  "7": {
    "cen_loss": 3.2777774121761323,
    "cen_accuracy": 0.181375
  },
  "8": {
    "cen_loss": 3.1921166672706605,
    "cen_accuracy": 0.225125
  },
  "9": {
    "cen_loss": 2.266770004272461,
    "cen_accuracy": 0.24025
  },
  "10": {
    "cen_loss": 2.2580675070285796,
    "cen_accuracy": 0.285375
  },
  "11": {
    "cen_loss": 3.226840807914734,
    "cen_accuracy": 0.279375
  },
  "12": {
    "cen_loss": 2.930485937356949,
    "cen_accuracy": 0.291875
  },
  "13": {
    "cen_loss": 3.6222198004722594,
    "cen_accuracy": 0.187875
  },
  "14": {
    "cen_loss": 2.4066078317165376,
    "cen_accuracy": 0.259625
  },
  "15": {
    "cen_loss": 2.3639304645061494,
    "cen_accuracy": 0.3415
  },
  "16": {
    "cen_loss": 1.900449544906616,
    "cen_accuracy": 0.379
  },
  "17": {
    "cen_loss": 2.867376803398132,
    "cen_accuracy": 0.29775
  },
  "18": {
    "cen_loss": 3.913552150249481,
    "cen_accuracy": 0.20875
  },
  "19": {
    "cen_loss": 4.488553262710571,
    "cen_accuracy": 0.211
  },
  "20": {
    "cen_loss": 6.298067862510681,
    "cen_accuracy": 0.174625
  },
  "21": {
    "cen_loss": 2.5706372697353363,
    "cen_accuracy": 0.254
  },
  "22": {
    "cen_loss": 2.2918011887073515,
    "cen_accuracy": 0.3205
  },
  "23": {
    "cen_loss": 2.54479075717926,
    "cen_accuracy": 0.3335
  },
  "24": {
    "cen_loss": 2.350481444835663,
    "cen_accuracy": 0.3965
  },
  "25": {
    "cen_loss": 2.065074605464935,
    "cen_accuracy": 0.402625
  },
  "26": {
    "cen_loss": 2.2584793485403063,
    "cen_accuracy": 0.418875
  },
  "27": {
    "cen_loss": 2.209567361474037,
    "cen_accuracy": 0.387
  },
  "28": {
    "cen_loss": 1.9670394233465194,
    "cen_accuracy": 0.470125
  },
  "29": {
    "cen_loss": 2.62177079641819,
    "cen_accuracy": 0.34975
  },
  "30": {
    "cen_loss": 3.109887456893921,
    "cen_accuracy": 0.327125
  },
  "31": {
    "cen_loss": 3.429638957977295,
    "cen_accuracy": 0.237875
  },
  "32": {
    "cen_loss": 2.653484186887741,
    "cen_accuracy": 0.306
  },
  "33": {
    "cen_loss": 2.114510376214981,
    "cen_accuracy": 0.336125
  },
  "34": {
    "cen_loss": 2.292112416267395,
    "cen_accuracy": 0.382375
  },
  "35": {
    "cen_loss": 2.042135326862335,
    "cen_accuracy": 0.433125
  },
  "36": {
    "cen_loss": 2.3218023806810377,
    "cen_accuracy": 0.389125
  },
  "37": {
    "cen_loss": 2.1989237554073333,
    "cen_accuracy": 0.439
  },
  "38": {
    "cen_loss": 1.9431584511995315,
    "cen_accuracy": 0.396625
  },
  "39": {
    "cen_loss": 1.666765298485756,
    "cen_accuracy": 0.440625
  },
  "40": {
    "cen_loss": 2.4864891448020936,
    "cen_accuracy": 0.311625
  },
  "41": {
    "cen_loss": 2.1990352430343627,
    "cen_accuracy": 0.431375
  },
  "42": {
    "cen_loss": 2.896087399482727,
    "cen_accuracy": 0.383375
  },
  "43": {
    "cen_loss": 2.6071286971569063,
    "cen_accuracy": 0.33625
  },
  "44": {
    "cen_loss": 2.0842851450443267,
    "cen_accuracy": 0.384375
  },
  "45": {
    "cen_loss": 1.7211602598428726,
    "cen_accuracy": 0.4165
  },
  "46": {
    "cen_loss": 1.6665281043052673,
    "cen_accuracy": 0.477375
  },
  "47": {
    "cen_loss": 2.739596453785896,
    "cen_accuracy": 0.38275
  },
  "48": {
    "cen_loss": 2.9690783693790435,
    "cen_accuracy": 0.27025
  },
  "49": {
    "cen_loss": 1.839901871085167,
    "cen_accuracy": 0.410375
  },
  "50": {
    "cen_loss": 1.9770757460594177,
    "cen_accuracy": 0.41675
  },
  "51": {
    "cen_loss": 1.832237347960472,
    "cen_accuracy": 0.478375
  },
  "52": {
    "cen_loss": 1.9329040383100509,
    "cen_accuracy": 0.452
  },
  "53": {
    "cen_loss": 1.6621566661596299,
    "cen_accuracy": 0.496125
  },
  "54": {
    "cen_loss": 2.8100060772895814,
    "cen_accuracy": 0.39025
  },
  "55": {
    "cen_loss": 2.2643302496671676,
    "cen_accuracy": 0.435375
  },
  "56": {
    "cen_loss": 1.913627935051918,
    "cen_accuracy": 0.47625
  },
  "57": {
    "cen_loss": 2.849395642518997,
    "cen_accuracy": 0.37825
  },
  "58": {
    "cen_loss": 1.4391429278850556,
    "cen_accuracy": 0.50975
  },
  "59": {
    "cen_loss": 1.7211197650432586,
    "cen_accuracy": 0.47975
  },
  "60": {
    "cen_loss": 2.1077530603408814,
    "cen_accuracy": 0.43675
  },
  "61": {
    "cen_loss": 1.6596426115036012,
    "cen_accuracy": 0.433125
  },
  "62": {
    "cen_loss": 1.2940953912734985,
    "cen_accuracy": 0.5485
  },
  "63": {
    "cen_loss": 1.9032256289720535,
    "cen_accuracy": 0.432625
  },
  "64": {
    "cen_loss": 2.1826252512931825,
    "cen_accuracy": 0.448375
  },
  "65": {
    "cen_loss": 2.7279282040596007,
    "cen_accuracy": 0.40925
  },
  "66": {
    "cen_loss": 2.156264004588127,
    "cen_accuracy": 0.447
  },
  "67": {
    "cen_loss": 1.9325301814079285,
    "cen_accuracy": 0.475
  },
  "68": {
    "cen_loss": 1.423809333384037,
    "cen_accuracy": 0.518625
  },
  "69": {
    "cen_loss": 1.9244533506631851,
    "cen_accuracy": 0.451375
  },
  "70": {
    "cen_loss": 2.0924883742332456,
    "cen_accuracy": 0.425625
  },
  "71": {
    "cen_loss": 1.5144006397128105,
    "cen_accuracy": 0.54975
  },
  "72": {
    "cen_loss": 1.439742575407028,
    "cen_accuracy": 0.525875
  },
  "73": {
    "cen_loss": 1.7006197408437729,
    "cen_accuracy": 0.47775
  },
  "74": {
    "cen_loss": 1.5743517916202545,
    "cen_accuracy": 0.463625
  },
  "75": {
    "cen_loss": 2.1414340339899063,
    "cen_accuracy": 0.457375
  },
  "76": {
    "cen_loss": 1.2653591848611832,
    "cen_accuracy": 0.5555
  },
  "77": {
    "cen_loss": 2.3765120174884795,
    "cen_accuracy": 0.401875
  },
  "78": {
    "cen_loss": 1.9366672657728194,
    "cen_accuracy": 0.409
  },
  "79": {
    "cen_loss": 1.9311230115890503,
    "cen_accuracy": 0.404875
  },
  "80": {
    "cen_loss": 2.3245675492286684,
    "cen_accuracy": 0.361625
  },
  "81": {
    "cen_loss": 2.034986315727234,
    "cen_accuracy": 0.492375
  },
  "82": {
    "cen_loss": 1.9390315113067627,
    "cen_accuracy": 0.487625
  },
  "83": {
    "cen_loss": 1.5383276475667953,
    "cen_accuracy": 0.482875
  },
  "84": {
    "cen_loss": 1.7816895600557328,
    "cen_accuracy": 0.474875
  },
  "85": {
    "cen_loss": 1.3416004446744918,
    "cen_accuracy": 0.552625
  },
  "86": {
    "cen_loss": 2.1361419837474824,
    "cen_accuracy": 0.469125
  },
  "87": {
    "cen_loss": 1.820275032043457,
    "cen_accuracy": 0.482375
  },
  "88": {
    "cen_loss": 1.5872066131830216,
    "cen_accuracy": 0.49225
  },
  "89": {
    "cen_loss": 3.052983541727066,
    "cen_accuracy": 0.344
  },
  "90": {
    "cen_loss": 4.129741063833237,
    "cen_accuracy": 0.273375
  },
  "91": {
    "cen_loss": 1.6815680228471757,
    "cen_accuracy": 0.47375
  },
  "92": {
    "cen_loss": 1.3485023117661477,
    "cen_accuracy": 0.564125
  },
  "93": {
    "cen_loss": 1.3248094148635865,
    "cen_accuracy": 0.54225
  },
  "94": {
    "cen_loss": 2.1198996294736863,
    "cen_accuracy": 0.425625
  },
  "95": {
    "cen_loss": 1.2146236687898635,
    "cen_accuracy": 0.572875
  },
  "96": {
    "cen_loss": 1.6337877221107482,
    "cen_accuracy": 0.51075
  },
  "97": {
    "cen_loss": 2.371517849087715,
    "cen_accuracy": 0.507875
  },
  "98": {
    "cen_loss": 2.890404533028603,
    "cen_accuracy": 0.310625
  },
  "99": {
    "cen_loss": 1.4811039797067642,
    "cen_accuracy": 0.504875
  },
  "100": {
    "cen_loss": 1.6118493161201477,
    "cen_accuracy": 0.494375
  },
  "101": {
    "cen_loss": 1.890357244372368,