{
  "0": {
    "cen_loss": 2.3040637059211733,
    "cen_accuracy": 0.097
  },
  "1": {
    "cen_loss": 2.3040637059211733,
    "cen_accuracy": 0.097
  },
  "2": {
    "cen_loss": 2.5105664463043214,
    "cen_accuracy": 0.099
  },
  "3": {
    "cen_loss": 3.1412749123573303,
    "cen_accuracy": 0.101125
  },
  "4": {
    "cen_loss": 4.144463609695435,
    "cen_accuracy": 0.101125
  },
  "5": {
    "cen_loss": 3.8728556561470033,
    "cen_accuracy": 0.101125
  },
  "6": {
    "cen_loss": 4.21768390417099,
    "cen_accuracy": 0.1335
  },
  "7": {
    "cen_loss": 3.800469302654266,
    "cen_accuracy": 0.13075
  },
  "8": {
    "cen_loss": 2.9059689750671387,
    "cen_accuracy": 0.22475
  },
  "9": {
    "cen_loss": 2.5884791884422302,
    "cen_accuracy": 0.25225
  },
  "10": {
    "cen_loss": 2.423543382525444,
    "cen_accuracy": 0.44875
  },
  "11": {
    "cen_loss": 2.242254566192627,
    "cen_accuracy": 0.2885
  },
  "12": {
    "cen_loss": 3.2319565064907074,
    "cen_accuracy": 0.261625
  },
  "13": {
    "cen_loss": 1.7137426869869232,
    "cen_accuracy": 0.4435
  },
  "14": {
    "cen_loss": 3.0410216262340546,
    "cen_accuracy": 0.321625
  },
  "15": {
    "cen_loss": 2.020731956362724,
    "cen_accuracy": 0.451125
  },
  "16": {
    "cen_loss": 3.1177695846557616,
    "cen_accuracy": 0.32975
  },
  "17": {
    "cen_loss": 1.6848197197318078,
    "cen_accuracy": 0.505
  },
  "18": {
    "cen_loss": 2.5407254972457887,
    "cen_accuracy": 0.42975
  },
  "19": {
    "cen_loss": 2.147682087063789,
    "cen_accuracy": 0.484625
  },
  "20": {
    "cen_loss": 2.210647432744503,
    "cen_accuracy": 0.5315
  },
  "21": {
    "cen_loss": 1.6428906778097152,
    "cen_accuracy": 0.542625
  },
  "22": {
    "cen_loss": 1.9198624346852302,
    "cen_accuracy": 0.497625
  },
  "23": {
    "cen_loss": 2.202430210471153,
    "cen_accuracy": 0.486125
  },
  "24": {
    "cen_loss": 1.7593968793153762,
    "cen_accuracy": 0.551375
  },
  "25": {
    "cen_loss": 1.8374011576473712,
    "cen_accuracy": 0.55775
  },
  "26": {
    "cen_loss": 1.4841966059803964,
    "cen_accuracy": 0.579375
  },
  "27": {
    "cen_loss": 1.698576583147049,
    "cen_accuracy": 0.5475
  },
  "28": {
    "cen_loss": 1.5749916662573815,
    "cen_accuracy": 0.598
  },
  "29": {
    "cen_loss": 1.533804811358452,
    "cen_accuracy": 0.567875
  },
  "30": {
    "cen_loss": 1.5369561807513237,
    "cen_accuracy": 0.58625
  },
  "31": {
    "cen_loss": 1.6876415423154831,
    "cen_accuracy": 0.554375
  },
  "32": {
    "cen_loss": 1.4244949083328247,
    "cen_accuracy": 0.61125
  },
  "33": {
    "cen_loss": 1.5062449440956116,
    "cen_accuracy": 0.60525
  },
  "34": {
    "cen_loss": 1.8086737804412842,
    "cen_accuracy": 0.57775
  },
  "35": {
    "cen_loss": 1.561069516181946,
    "cen_accuracy": 0.58225
  },
  "36": {
    "cen_loss": 2.9924400621652603,
    "cen_accuracy": 0.556375
  },
  "37": {
    "cen_loss": 1.9212413740605117,
    "cen_accuracy": 0.613125
  },
  "38": {
    "cen_loss": 1.3068759107887744,
    "cen_accuracy": 0.644375
  },
  "39": {
    "cen_loss": 1.6450066984593867,
    "cen_accuracy": 0.61925
  },
  "40": {
    "cen_loss": 2.586822443187237,
    "cen_accuracy": 0.601375
  },
  "41": {
    "cen_loss": 1.9997034493684769,
    "cen_accuracy": 0.55475
  },
  "42": {
    "cen_loss": 1.5233277078866958,
    "cen_accuracy": 0.59325
  },
  "43": {
    "cen_loss": 1.4124545988440513,
    "cen_accuracy": 0.639
  },
  "44": {
    "cen_loss": 1.3264416234791279,
    "cen_accuracy": 0.64625
  },
  "45": {
    "cen_loss": 1.7254700063467026,
    "cen_accuracy": 0.61475
  },
  "46": {
    "cen_loss": 1.5840230251550675,
    "cen_accuracy": 0.600875
  },
  "47": {
    "cen_loss": 1.432581715017557,
    "cen_accuracy": 0.63475
  },
  "48": {
    "cen_loss": 1.3112298416495323,
    "cen_accuracy": 0.6355
  },
  "49": {
    "cen_loss": 3.723392687216401,
    "cen_accuracy": 0.6115
  },
  "50": {
    "cen_loss": 2.740555053919554,
    "cen_accuracy": 0.589125
  },
  "51": {
    "cen_loss": 1.4881041978895664,
    "cen_accuracy": 0.63775
  },
  "52": {
    "cen_loss": 1.6606324657797813,
    "cen_accuracy": 0.645
  },
  "53": {
    "cen_loss": 2.075754042714834,
    "cen_accuracy": 0.63425
  },
  "54": {
    "cen_loss": 1.494969420030713,
    "cen_accuracy": 0.6525
  },
  "55": {
    "cen_loss": 1.6526575883626937,
    "cen_accuracy": 0.613
  },
  "56": {
    "cen_loss": 1.7031307297647,
    "cen_accuracy": 0.655375
  },
  "57": {
    "cen_loss": 2.164758957237005,
    "cen_accuracy": 0.6015
  },
  "58": {
    "cen_loss": 1.9682808672189713,
    "cen_accuracy": 0.623875
  },
  "59": {
    "cen_loss": 1.9857914283871652,
    "cen_accuracy": 0.628875
  },
  "60": {
    "cen_loss": 2.198264848291874,
    "cen_accuracy": 0.618
  },
  "61": {
    "cen_loss": 1.486002822071314,
    "cen_accuracy": 0.6725
  },
  "62": {
    "cen_loss": 1.5391248777806759,
    "cen_accuracy": 0.658875
  },
  "63": {
    "cen_loss": 1.5216260091364384,
    "cen_accuracy": 0.64925
  },
  "64": {
    "cen_loss": 2.3779909688830374,
    "cen_accuracy": 0.655125
  },
  "65": {
    "cen_loss": 1.8011897917687894,
    "cen_accuracy": 0.661625
  },
  "66": {
    "cen_loss": 1.7175369652807713,
    "cen_accuracy": 0.65225
  },
  "67": {
    "cen_loss": 1.2445444184094667,
    "cen_accuracy": 0.6975
  },
  "68": {
    "cen_loss": 2.360856587469578,
    "cen_accuracy": 0.659
  },
  "69": {
    "cen_loss": 1.3363602818846703,
    "cen_accuracy": 0.684
  },
  "70": {
    "cen_loss": 1.4478373259603978,
    "cen_accuracy": 0.69075
  },
  "71": {
    "cen_loss": 1.7817211952805518,
    "cen_accuracy": 0.686875
  },
  "72": {
    "cen_loss": 1.7211837101727725,
    "cen_accuracy": 0.63775
  },
  "73": {
    "cen_loss": 1.5733802901059388,
    "cen_accuracy": 0.686125
  },
  "74": {
    "cen_loss": 1.6068237623274326,
    "cen_accuracy": 0.679375
  },
  "75": {
    "cen_loss": 2.1358229983747004,
    "cen_accuracy": 0.650125
  },
  "76": {
    "cen_loss": 1.26689166238904,
    "cen_accuracy": 0.69075
  },
  "77": {
    "cen_loss": 1.6360353202223779,
    "cen_accuracy": 0.643125
  },
  "78": {
    "cen_loss": 1.0894870287179947,
    "cen_accuracy": 0.69625
  },
  "79": {
    "cen_loss": 1.4967431014478207,
    "cen_accuracy": 0.679125
  },
  "80": {
    "cen_loss": 2.0241375356018545,
    "cen_accuracy": 0.6395
  },
  "81": {
    "cen_loss": 1.29174724072963,
    "cen_accuracy": 0.685875
  },
  "82": {
    "cen_loss": 1.1460584088563919,
    "cen_accuracy": 0.704875
  },
  "83": {
    "cen_loss": 0.9868267844468355,
    "cen_accuracy": 0.727
  },
  "84": {
    "cen_loss": 1.3261402881741524,
    "cen_accuracy": 0.647125
  },
  "85": {
    "cen_loss": 1.378244376718998,
    "cen_accuracy": 0.64575
  },
  "86": {
    "cen_loss": 1.4900241056382657,
    "cen_accuracy": 0.667125
  },
  "87": {
    "cen_loss": 1.1444205373972653,
    "cen_accuracy": 0.69675
  },
  "88": {
    "cen_loss": 1.8663005195260047,
    "cen_accuracy": 0.68775
  },
  "89": {
    "cen_loss": 1.7323354444503785,
    "cen_accuracy": 0.675875
  },
  "90": {
    "cen_loss": 4.31980570268631,
    "cen_accuracy": 0.622
  },
  "91": {
    "cen_loss": 1.4309356574714185,
    "cen_accuracy": 0.681625
  },
  "92": {
    "cen_loss": 1.7857931992560625,
    "cen_accuracy": 0.703
  },
  "93": {
    "cen_loss": 1.2702416530549525,
    "cen_accuracy": 0.70475
  },
  "94": {
    "cen_loss": 1.3011498848646879,
    "cen_accuracy": 0.709375
  },
  "95": {
    "cen_loss": 1.4352128191664815,
    "cen_accuracy": 0.697375
  },
  "96": {
    "cen_loss": 2.0672870529592036,
    "cen_accuracy": 0.691875
  },
  "97": {
    "cen_loss": 2.0206602700054646,
    "cen_accuracy": 0.67025
  },
  "98": {
    "cen_loss": 1.4517217577695847,
    "cen_accuracy": 0.702
  },
  "99": {
    "cen_loss": 1.3361235371232032,
    "cen_accuracy": 0.71875
  },
  "100": {
    "cen_loss": 1.7093077851831913,
    "cen_accuracy": 0.69625
  },
  "101": {
    "cen_loss": 2.00520617300272,