{
  "0": {
    "cen_loss": 2.3028095273971556,
    "cen_accuracy": 0.10075
  },
  "1": {
    "cen_loss": 2.3028095273971556,
    "cen_accuracy": 0.10075
  },
  "2": {
    "cen_loss": 2.9241334643363954,
    "cen_accuracy": 0.10075
  },
  "3": {
    "cen_loss": 3.6069565353393553,
    "cen_accuracy": 0.098625
  },
  "4": {
    "cen_loss": 3.4562615308761595,
    "cen_accuracy": 0.101125
  },
  "5": {
    "cen_loss": 3.4059295649528503,
    "cen_accuracy": 0.101125
  },
  "6": {
    "cen_loss": 3.511355095386505,
    "cen_accuracy": 0.103875
  },
  "7": {
    "cen_loss": 3.4986154742240907,
    "cen_accuracy": 0.123875
  },
  "8": {
    "cen_loss": 3.2401316499710084,
    "cen_accuracy": 0.1545
  },
  "9": {
    "cen_loss": 2.803991429567337,
    "cen_accuracy": 0.182875
  },
  "10": {
    "cen_loss": 1.520953498840332,
    "cen_accuracy": 0.42925
  },
  "11": {
    "cen_loss": 2.53282799744606,
    "cen_accuracy": 0.2155
  },
  "12": {
    "cen_loss": 2.706770922899246,
    "cen_accuracy": 0.240625
  },
  "13": {
    "cen_loss": 2.2178441264629365,
    "cen_accuracy": 0.29775
  },
  "14": {
    "cen_loss": 1.813416841506958,
    "cen_accuracy": 0.356625
  },
  "15": {
    "cen_loss": 1.7389631239175796,
    "cen_accuracy": 0.388625
  },
  "16": {
    "cen_loss": 1.7408382951021195,
    "cen_accuracy": 0.38975
  },
  "17": {
    "cen_loss": 1.6183580211400985,
    "cen_accuracy": 0.422625
  },
  "18": {
    "cen_loss": 1.5821589674949645,
    "cen_accuracy": 0.440625
  },
  "19": {
    "cen_loss": 1.555282896757126,
    "cen_accuracy": 0.448125
  },
  "20": {
    "cen_loss": 1.2524712753891944,
    "cen_accuracy": 0.56225
  },
  "21": {
    "cen_loss": 1.6251985549926757,
    "cen_accuracy": 0.44
  },
  "22": {
    "cen_loss": 2.00213164126873,
    "cen_accuracy": 0.41475
  },
  "23": {
    "cen_loss": 1.9413187333345414,
    "cen_accuracy": 0.42775
  },
  "24": {
    "cen_loss": 1.3427403067350387,
    "cen_accuracy": 0.528625
  },
  "25": {
    "cen_loss": 1.3404098307490349,
    "cen_accuracy": 0.534375
  },
  "26": {
    "cen_loss": 1.3221890792250632,
    "cen_accuracy": 0.5425
  },
  "27": {
    "cen_loss": 1.5157408785820008,
    "cen_accuracy": 0.506875
  },
  "28": {
    "cen_loss": 1.7363496387004853,
    "cen_accuracy": 0.501
  },
  "29": {
    "cen_loss": 1.5177235582470894,
    "cen_accuracy": 0.533375
  },
  "30": {
    "cen_loss": 1.3213791238069534,
    "cen_accuracy": 0.60375
  },
  "31": {
    "cen_loss": 1.28369196921587,
    "cen_accuracy": 0.561875
  },
  "32": {
    "cen_loss": 1.6296052875518798,
    "cen_accuracy": 0.48925
  },
  "33": {
    "cen_loss": 1.9966840246915818,
    "cen_accuracy": 0.48375
  },
  "34": {
    "cen_loss": 2.6257047889232634,
    "cen_accuracy": 0.423375
  },
  "35": {
    "cen_loss": 1.6157237500548363,
    "cen_accuracy": 0.557875
  },
  "36": {
    "cen_loss": 1.4809309478402137,
    "cen_accuracy": 0.57625
  },
  "37": {
    "cen_loss": 1.1840208345651626,
    "cen_accuracy": 0.599
  },
  "38": {
    "cen_loss": 1.1088014605045318,
    "cen_accuracy": 0.625375
  },
  "39": {
    "cen_loss": 1.3000508010983467,
    "cen_accuracy": 0.592125
  },
  "40": {
    "cen_loss": 1.2022644392848014,
    "cen_accuracy": 0.6295
  },
  "41": {
    "cen_loss": 1.9040129886865615,
    "cen_accuracy": 0.49925
  },
  "42": {
    "cen_loss": 1.7782365154922009,
    "cen_accuracy": 0.5205
  },
  "43": {
    "cen_loss": 1.5889876556396485,
    "cen_accuracy": 0.57525
  },
  "44": {
    "cen_loss": 1.3698433218598365,
    "cen_accuracy": 0.598
  },
  "45": {
    "cen_loss": 1.1292093508541583,
    "cen_accuracy": 0.628375
  },
  "46": {
    "cen_loss": 1.0699877363443375,
    "cen_accuracy": 0.639
  },
  "47": {
    "cen_loss": 1.3054475549459457,
    "cen_accuracy": 0.61075
  },
  "48": {
    "cen_loss": 1.5078930566310882,
    "cen_accuracy": 0.58525
  },
  "49": {
    "cen_loss": 1.5282286598086356,
    "cen_accuracy": 0.586
  },
  "50": {
    "cen_loss": 1.4689055355191232,
    "cen_accuracy": 0.620375
  },
  "51": {
    "cen_loss": 1.7790800196528436,
    "cen_accuracy": 0.555875
  },
  "52": {
    "cen_loss": 1.782194367170334,
    "cen_accuracy": 0.54575
  },
  "53": {
    "cen_loss": 1.4760710385143756,
    "cen_accuracy": 0.601375
  },
  "54": {
    "cen_loss": 1.3390352053642274,
    "cen_accuracy": 0.61625
  },
  "55": {
    "cen_loss": 1.5493751254677772,
    "cen_accuracy": 0.591125
  },
  "56": {
    "cen_loss": 1.5716800276935101,
    "cen_accuracy": 0.613875
  },
  "57": {
    "cen_loss": 1.679593592464924,
    "cen_accuracy": 0.571
  },
  "58": {
    "cen_loss": 1.361750803589821,
    "cen_accuracy": 0.62375
  },
  "59": {
    "cen_loss": 1.1190126469135284,
    "cen_accuracy": 0.636125
  },
  "60": {
    "cen_loss": 1.0947252118587494,
    "cen_accuracy": 0.65075
  },
  "61": {
    "cen_loss": 1.0335333916544913,
    "cen_accuracy": 0.648375
  },
  "62": {
    "cen_loss": 1.165284726470709,
    "cen_accuracy": 0.63625
  },
  "63": {
    "cen_loss": 1.8613618674874306,
    "cen_accuracy": 0.57475
  },
  "64": {
    "cen_loss": 2.0190008699297906,
    "cen_accuracy": 0.5315
  },
  "65": {
    "cen_loss": 2.50355607175827,
    "cen_accuracy": 0.500125
  },
  "66": {
    "cen_loss": 1.7672222980856895,
    "cen_accuracy": 0.5685
  },
  "67": {
    "cen_loss": 1.4429420665800572,
    "cen_accuracy": 0.622
  },
  "68": {
    "cen_loss": 1.3580261180400848,
    "cen_accuracy": 0.6255
  },
  "69": {
    "cen_loss": 1.4708833472132683,
    "cen_accuracy": 0.631
  },
  "70": {
    "cen_loss": 1.4400806254446505,
    "cen_accuracy": 0.641625
  },
  "71": {
    "cen_loss": 1.6836088972091674,
    "cen_accuracy": 0.587625
  },
  "72": {
    "cen_loss": 1.7878062720894814,
    "cen_accuracy": 0.5965
  },
  "73": {
    "cen_loss": 1.7785387545824052,
    "cen_accuracy": 0.59125
  },
  "74": {
    "cen_loss": 1.7517920483350753,
    "cen_accuracy": 0.606
  },
  "75": {
    "cen_loss": 1.5384660148620606,
    "cen_accuracy": 0.6185
  },
  "76": {
    "cen_loss": 1.3283798091411592,
    "cen_accuracy": 0.638875
  },
  "77": {
    "cen_loss": 1.413954637825489,
    "cen_accuracy": 0.63225
  },
  "78": {
    "cen_loss": 1.8258935413360595,
    "cen_accuracy": 0.578125
  },
  "79": {
    "cen_loss": 1.5055745335817337,
    "cen_accuracy": 0.611875
  },
  "80": {
    "cen_loss": 1.4392580031156539,
    "cen_accuracy": 0.633
  },
  "81": {
    "cen_loss": 1.490136828839779,
    "cen_accuracy": 0.572625
  },
  "82": {
    "cen_loss": 1.6844660975933075,
    "cen_accuracy": 0.54525
  },
  "83": {
    "cen_loss": 1.8438092396259307,
    "cen_accuracy": 0.549875
  },
  "84": {
    "cen_loss": 1.268383370578289,
    "cen_accuracy": 0.632125
  },
  "85": {
    "cen_loss": 1.0552075402736665,
    "cen_accuracy": 0.65325
  },
  "86": {
    "cen_loss": 1.0279849148988724,
    "cen_accuracy": 0.658
  },
  "87": {
    "cen_loss": 1.1006750168204307,
    "cen_accuracy": 0.65575
  },
  "88": {
    "cen_loss": 1.2711322335600852,
    "cen_accuracy": 0.6285
  },
  "89": {
    "cen_loss": 1.582561923891306,
    "cen_accuracy": 0.601625
  },
  "90": {
    "cen_loss": 1.6631735619306565,
    "cen_accuracy": 0.601
  },
  "91": {
    "cen_loss": 1.4886244007349014,
    "cen_accuracy": 0.630125
  },
  "92": {
    "cen_loss": 1.5908078789114952,
    "cen_accuracy": 0.59575
  },
  "93": {
    "cen_loss": 1.593074198305607,
    "cen_accuracy": 0.613
  },
  "94": {
    "cen_loss": 1.6006817653179168,
    "cen_accuracy": 0.60975
  },
  "95": {
    "cen_loss": 1.7858712601959705,
    "cen_accuracy": 0.56925
  },
  "96": {
    "cen_loss": 1.7784639908671378,
    "cen_accuracy": 0.55775
  },
  "97": {
    "cen_loss": 1.544518440067768,
    "cen_accuracy": 0.61275
  },
  "98": {
    "cen_loss": 1.211367589533329,
    "cen_accuracy": 0.64925
  },
  "99": {
    "cen_loss": 1.3837308443188667,
    "cen_accuracy": 0.63475
  },
  "100": {
    "cen_loss": 1.3431841192245484,
    "cen_accuracy": 0.648625
  },
  "101": {
    "cen_loss": 1.6996878041028975,