{
  "0": {
    "cen_loss": 2.3027041506767274,
    "cen_accuracy": 0.101375
  },
  "1": {
    "cen_loss": 2.3027041506767274,
    "cen_accuracy": 0.101375
  },
  "2": {
    "cen_loss": 2.826500187397003,
    "cen_accuracy": 0.097875
  },
  "3": {
    "cen_loss": 2.631383359670639,
    "cen_accuracy": 0.10125
  },
  "4": {
    "cen_loss": 2.9914084396362304,
    "cen_accuracy": 0.10125
  },
  "5": {
    "cen_loss": 3.379546736240387,
    "cen_accuracy": 0.098625
  },
  "6": {
    "cen_loss": 3.25298640537262,
    "cen_accuracy": 0.098625
  },
  "7": {
    "cen_loss": 3.53673015499115,
    "cen_accuracy": 0.10075
  },
  "8": {
    "cen_loss": 3.6118640842437744,
    "cen_accuracy": 0.101125
  },
  "9": {
    "cen_loss": 4.225049019813538,
    "cen_accuracy": 0.10075
  },
  "10": {
    "cen_loss": 1.581312646150589,
    "cen_accuracy": 0.391375
  },
  "11": {
    "cen_loss": 3.5693019971847533,
    "cen_accuracy": 0.101125
  },
  "12": {
    "cen_loss": 4.6733392386436465,
    "cen_accuracy": 0.13175
  },
  "13": {
    "cen_loss": 3.878239812850952,
    "cen_accuracy": 0.102875
  },
  "14": {
    "cen_loss": 2.691763875246048,
    "cen_accuracy": 0.186375
  },
  "15": {
    "cen_loss": 1.995401228427887,
    "cen_accuracy": 0.340875
  },
  "16": {
    "cen_loss": 2.085733436584473,
    "cen_accuracy": 0.339375
  },
  "17": {
    "cen_loss": 1.5695306018590927,
    "cen_accuracy": 0.4645
  },
  "18": {
    "cen_loss": 1.4686527770757676,
    "cen_accuracy": 0.480375
  },
  "19": {
    "cen_loss": 1.315097282409668,
    "cen_accuracy": 0.538
  },
  "20": {
    "cen_loss": 1.0384610916972161,
    "cen_accuracy": 0.634125
  },
  "21": {
    "cen_loss": 1.2076210548877717,
    "cen_accuracy": 0.568875
  },
  "22": {
    "cen_loss": 1.426452350139618,
    "cen_accuracy": 0.516
  },
  "23": {
    "cen_loss": 1.222179381251335,
    "cen_accuracy": 0.56975
  },
  "24": {
    "cen_loss": 1.1451294676065444,
    "cen_accuracy": 0.603375
  },
  "25": {
    "cen_loss": 1.068541232407093,
    "cen_accuracy": 0.62525
  },
  "26": {
    "cen_loss": 1.0018810158967972,
    "cen_accuracy": 0.64475
  },
  "27": {
    "cen_loss": 1.0221495359539985,
    "cen_accuracy": 0.644375
  },
  "28": {
    "cen_loss": 2.1720102372169494,
    "cen_accuracy": 0.396875
  },
  "29": {
    "cen_loss": 1.5060148586034774,
    "cen_accuracy": 0.55925
  },
  "30": {
    "cen_loss": 1.9429889268279075,
    "cen_accuracy": 0.53675
  },
  "31": {
    "cen_loss": 1.7606647188663482,
    "cen_accuracy": 0.451125
  },
  "32": {
    "cen_loss": 1.4324362558722497,
    "cen_accuracy": 0.556625
  },
  "33": {
    "cen_loss": 1.7791877100467681,
    "cen_accuracy": 0.483375
  },
  "34": {
    "cen_loss": 3.084185701608658,
    "cen_accuracy": 0.415375
  },
  "35": {
    "cen_loss": 2.2403528983592986,
    "cen_accuracy": 0.437875
  },
  "36": {
    "cen_loss": 2.1724013028144835,
    "cen_accuracy": 0.4085
  },
  "37": {
    "cen_loss": 1.8167113007307052,
    "cen_accuracy": 0.503875
  },
  "38": {
    "cen_loss": 1.998479411482811,
    "cen_accuracy": 0.447375
  },
  "39": {
    "cen_loss": 2.254981784105301,
    "cen_accuracy": 0.467625
  },
  "40": {
    "cen_loss": 2.952976276397705,
    "cen_accuracy": 0.433125
  },
  "41": {
    "cen_loss": 3.0007503533363344,
    "cen_accuracy": 0.315375
  },
  "42": {
    "cen_loss": 1.8664517064094543,
    "cen_accuracy": 0.42775
  },
  "43": {
    "cen_loss": 1.797878827214241,
    "cen_accuracy": 0.458875
  },
  "44": {
    "cen_loss": 1.7064367105960847,
    "cen_accuracy": 0.446625
  },
  "45": {
    "cen_loss": 1.278718790769577,
    "cen_accuracy": 0.582125
  },
  "46": {
    "cen_loss": 0.9462730402946472,
    "cen_accuracy": 0.668
  },
  "47": {
    "cen_loss": 1.5831431843042374,
    "cen_accuracy": 0.537
  },
  "48": {
    "cen_loss": 1.1945865988731383,
    "cen_accuracy": 0.587125
  },
  "49": {
    "cen_loss": 1.9985621787309646,
    "cen_accuracy": 0.438875
  },
  "50": {
    "cen_loss": 2.470345323562622,
    "cen_accuracy": 0.376375
  },
  "51": {
    "cen_loss": 2.359668751001358,
    "cen_accuracy": 0.431875
  },
  "52": {
    "cen_loss": 1.310982673048973,
    "cen_accuracy": 0.51125
  },
  "53": {
    "cen_loss": 1.0052156649231911,
    "cen_accuracy": 0.644
  },
  "54": {
    "cen_loss": 1.061934435069561,
    "cen_accuracy": 0.647375
  },
  "55": {
    "cen_loss": 1.9571634573936463,
    "cen_accuracy": 0.394125
  },
  "56": {
    "cen_loss": 1.5855654796361924,
    "cen_accuracy": 0.49075
  },
  "57": {
    "cen_loss": 1.664987131357193,
    "cen_accuracy": 0.5135
  },
  "58": {
    "cen_loss": 1.8100157920122146,
    "cen_accuracy": 0.495
  },
  "59": {
    "cen_loss": 3.033929463505745,
    "cen_accuracy": 0.380875
  },
  "60": {
    "cen_loss": 3.887158689022064,
    "cen_accuracy": 0.348
  },
  "61": {
    "cen_loss": 1.7071741443872452,
    "cen_accuracy": 0.53925
  },
  "62": {
    "cen_loss": 1.2816817768216133,
    "cen_accuracy": 0.565125
  },
  "63": {
    "cen_loss": 2.1629770233631134,
    "cen_accuracy": 0.4845
  },
  "64": {
    "cen_loss": 1.668010405421257,
    "cen_accuracy": 0.537375
  },
  "65": {
    "cen_loss": 1.538577306985855,
    "cen_accuracy": 0.594875
  },
  "66": {
    "cen_loss": 0.8529022847414016,
    "cen_accuracy": 0.697125
  },
  "67": {
    "cen_loss": 1.2016910687685012,
    "cen_accuracy": 0.650625
  },
  "68": {
    "cen_loss": 1.2023896361589432,
    "cen_accuracy": 0.614875
  },
  "69": {
    "cen_loss": 1.210225710451603,
    "cen_accuracy": 0.607
  },
  "70": {
    "cen_loss": 1.3495775371193885,
    "cen_accuracy": 0.60175
  },
  "71": {
    "cen_loss": 1.1672333650588989,
    "cen_accuracy": 0.579125
  },
  "72": {
    "cen_loss": 1.287881121456623,
    "cen_accuracy": 0.584125
  },
  "73": {
    "cen_loss": 1.5803682582378387,
    "cen_accuracy": 0.47725
  },
  "74": {
    "cen_loss": 1.2723277897238732,
    "cen_accuracy": 0.630875
  },
  "75": {
    "cen_loss": 1.3522672019600868,
    "cen_accuracy": 0.564125
  },
  "76": {
    "cen_loss": 2.208125115931034,
    "cen_accuracy": 0.428375
  },
  "77": {
    "cen_loss": 1.2033949114680291,
    "cen_accuracy": 0.575625
  },
  "78": {
    "cen_loss": 0.774772929251194,
    "cen_accuracy": 0.73075
  },
  "79": {
    "cen_loss": 1.1152825478315354,
    "cen_accuracy": 0.65925
  },
  "80": {
    "cen_loss": 1.3667394269704818,
    "cen_accuracy": 0.61775
  },
  "81": {
    "cen_loss": 1.2328520061671733,
    "cen_accuracy": 0.654625
  },
  "82": {
    "cen_loss": 1.4003353407382966,
    "cen_accuracy": 0.5295
  },
  "83": {
    "cen_loss": 0.9340833479762077,
    "cen_accuracy": 0.67075
  },
  "84": {
    "cen_loss": 0.7211116813421249,
    "cen_accuracy": 0.75175
  },
  "85": {
    "cen_loss": 1.060745219886303,
    "cen_accuracy": 0.657125
  },
  "86": {
    "cen_loss": 1.0777281892895698,
    "cen_accuracy": 0.644625
  },
  "87": {
    "cen_loss": 0.8174469109773636,
    "cen_accuracy": 0.722375
  },
  "88": {
    "cen_loss": 0.89817009408772,
    "cen_accuracy": 0.704
  },
  "89": {
    "cen_loss": 0.8576799931824207,
    "cen_accuracy": 0.707
  },
  "90": {
    "cen_loss": 0.9729226111769677,
    "cen_accuracy": 0.6795
  },
  "91": {
    "cen_loss": 1.298743659645319,
    "cen_accuracy": 0.610375
  },
  "92": {
    "cen_loss": 1.1060713848173618,
    "cen_accuracy": 0.6215
  },
  "93": {
    "cen_loss": 1.0324537133574485,
    "cen_accuracy": 0.6485
  },
  "94": {
    "cen_loss": 0.9197279126942157,
    "cen_accuracy": 0.70625
  },
  "95": {
    "cen_loss": 0.7296347215175628,
    "cen_accuracy": 0.749375
  },
  "96": {
    "cen_loss": 1.4544294334053993,
    "cen_accuracy": 0.57125
  },
  "97": {
    "cen_loss": 1.2294785536527633,
    "cen_accuracy": 0.603
  },
  "98": {
    "cen_loss": 1.4222250212430954,
    "cen_accuracy": 0.56
  },
  "99": {
    "cen_loss": 1.1956660044789313,
    "cen_accuracy": 0.602375
  },
  "100": {
    "cen_loss": 1.212224214375019,
    "cen_accuracy": 0.59725
  },