{
  "0": {
    "cen_loss": 2.3028095273971556,
    "cen_accuracy": 0.10075
  },
  "1": {
    "cen_loss": 2.3028095273971556,
    "cen_accuracy": 0.10075
  },
  "2": {
    "cen_loss": 3.443880082607269,
    "cen_accuracy": 0.098625
  },
  "3": {
    "cen_loss": 4.339857587814331,
    "cen_accuracy": 0.101125
  },
  "4": {
    "cen_loss": 5.02552614402771,
    "cen_accuracy": 0.098625
  },
  "5": {
    "cen_loss": 4.557831167221069,
    "cen_accuracy": 0.150375
  },
  "6": {
    "cen_loss": 4.327492759227753,
    "cen_accuracy": 0.144375
  },
  "7": {
    "cen_loss": 4.38667027425766,
    "cen_accuracy": 0.161875
  },
  "8": {
    "cen_loss": 3.409503000974655,
    "cen_accuracy": 0.213625
  },
  "9": {
    "cen_loss": 3.213384378194809,
    "cen_accuracy": 0.17225
  },
  "10": {
    "cen_loss": 1.845616203188896,
    "cen_accuracy": 0.364875
  },
  "11": {
    "cen_loss": 2.7887489898204803,
    "cen_accuracy": 0.244875
  },
  "12": {
    "cen_loss": 2.900060288667679,
    "cen_accuracy": 0.28725
  },
  "13": {
    "cen_loss": 2.457537374973297,
    "cen_accuracy": 0.315125
  },
  "14": {
    "cen_loss": 2.705034047842026,
    "cen_accuracy": 0.322875
  },
  "15": {
    "cen_loss": 3.9420688371658326,
    "cen_accuracy": 0.26525
  },
  "16": {
    "cen_loss": 1.984682779431343,
    "cen_accuracy": 0.42275
  },
  "17": {
    "cen_loss": 2.2114257271289826,
    "cen_accuracy": 0.430375
  },
  "18": {
    "cen_loss": 1.909705944418907,
    "cen_accuracy": 0.47975
  },
  "19": {
    "cen_loss": 2.1155222771167757,
    "cen_accuracy": 0.449625
  },
  "20": {
    "cen_loss": 1.6685703114271164,
    "cen_accuracy": 0.516125
  },
  "21": {
    "cen_loss": 2.222847904086113,
    "cen_accuracy": 0.460125
  },
  "22": {
    "cen_loss": 1.8611252156496048,
    "cen_accuracy": 0.470375
  },
  "23": {
    "cen_loss": 2.291889937758446,
    "cen_accuracy": 0.46425
  },
  "24": {
    "cen_loss": 1.911467415034771,
    "cen_accuracy": 0.509625
  },
  "25": {
    "cen_loss": 1.7082318868637085,
    "cen_accuracy": 0.541125
  },
  "26": {
    "cen_loss": 1.7787115565538407,
    "cen_accuracy": 0.52475
  },
  "27": {
    "cen_loss": 1.6260206947922706,
    "cen_accuracy": 0.54825
  },
  "28": {
    "cen_loss": 2.132651181936264,
    "cen_accuracy": 0.468875
  },
  "29": {
    "cen_loss": 1.5216055783331395,
    "cen_accuracy": 0.566
  },
  "30": {
    "cen_loss": 1.6921053492426872,
    "cen_accuracy": 0.55375
  },
  "31": {
    "cen_loss": 1.8152389644980431,
    "cen_accuracy": 0.509375
  },
  "32": {
    "cen_loss": 1.5838971257209777,
    "cen_accuracy": 0.57325
  },
  "33": {
    "cen_loss": 1.759083895996213,
    "cen_accuracy": 0.556625
  },
  "34": {
    "cen_loss": 1.4210585586428641,
    "cen_accuracy": 0.596125
  },
  "35": {
    "cen_loss": 1.7158581728339195,
    "cen_accuracy": 0.566625
  },
  "36": {
    "cen_loss": 1.4242386459708214,
    "cen_accuracy": 0.591875
  },
  "37": {
    "cen_loss": 1.583259213089943,
    "cen_accuracy": 0.560875
  },
  "38": {
    "cen_loss": 1.2865600519776343,
    "cen_accuracy": 0.607
  },
  "39": {
    "cen_loss": 1.4683603358864785,
    "cen_accuracy": 0.59125
  },
  "40": {
    "cen_loss": 1.4978259064257144,
    "cen_accuracy": 0.583
  },
  "41": {
    "cen_loss": 1.333408216059208,
    "cen_accuracy": 0.624
  },
  "42": {
    "cen_loss": 1.3869708929657936,
    "cen_accuracy": 0.602125
  },
  "43": {
    "cen_loss": 1.1785346499681473,
    "cen_accuracy": 0.63925
  },
  "44": {
    "cen_loss": 1.2071801330298186,
    "cen_accuracy": 0.64075
  },
  "45": {
    "cen_loss": 1.2384643994271756,
    "cen_accuracy": 0.635875
  },
  "46": {
    "cen_loss": 1.591633514523506,
    "cen_accuracy": 0.581125
  },
  "47": {
    "cen_loss": 1.2031527928709984,
    "cen_accuracy": 0.617625
  },
  "48": {
    "cen_loss": 1.3812353159785271,
    "cen_accuracy": 0.606875
  },
  "49": {
    "cen_loss": 1.6457473705112935,
    "cen_accuracy": 0.599
  },
  "50": {
    "cen_loss": 1.5407952151596547,
    "cen_accuracy": 0.597375
  },
  "51": {
    "cen_loss": 1.1619519075155258,
    "cen_accuracy": 0.6535
  },
  "52": {
    "cen_loss": 1.358067282050848,
    "cen_accuracy": 0.625125
  },
  "53": {
    "cen_loss": 1.5738601078689098,
    "cen_accuracy": 0.5785
  },
  "54": {
    "cen_loss": 1.0316995950192214,
    "cen_accuracy": 0.675625
  },
  "55": {
    "cen_loss": 1.2765545729398728,
    "cen_accuracy": 0.642875
  },
  "56": {
    "cen_loss": 1.1751076457500458,
    "cen_accuracy": 0.657
  },
  "57": {
    "cen_loss": 1.0918922201395034,
    "cen_accuracy": 0.672875
  },
  "58": {
    "cen_loss": 1.3503912463188172,
    "cen_accuracy": 0.624375
  },
  "59": {
    "cen_loss": 1.2315222929120064,
    "cen_accuracy": 0.644375
  },
  "60": {
    "cen_loss": 1.3676229228973389,
    "cen_accuracy": 0.620375
  },
  "61": {
    "cen_loss": 1.12085430175066,
    "cen_accuracy": 0.64825
  },
  "62": {
    "cen_loss": 1.3265107303857804,
    "cen_accuracy": 0.628875
  },
  "63": {
    "cen_loss": 1.2126818683147431,
    "cen_accuracy": 0.644125
  },
  "64": {
    "cen_loss": 1.1673401354849338,
    "cen_accuracy": 0.657625
  },
  "65": {
    "cen_loss": 1.1751437252163888,
    "cen_accuracy": 0.657
  },
  "66": {
    "cen_loss": 1.5099707032442093,
    "cen_accuracy": 0.60175
  },
  "67": {
    "cen_loss": 1.0598408871591092,
    "cen_accuracy": 0.68
  },
  "68": {
    "cen_loss": 1.0520505767166615,
    "cen_accuracy": 0.674
  },
  "69": {
    "cen_loss": 1.3663370882868766,
    "cen_accuracy": 0.624
  },
  "70": {
    "cen_loss": 1.4472610203623772,
    "cen_accuracy": 0.616875
  },
  "71": {
    "cen_loss": 1.494770608663559,
    "cen_accuracy": 0.594125
  },
  "72": {
    "cen_loss": 1.2615771936774254,
    "cen_accuracy": 0.63125
  },
  "73": {
    "cen_loss": 1.2165283614397049,
    "cen_accuracy": 0.65225
  },
  "74": {
    "cen_loss": 1.105416213184595,
    "cen_accuracy": 0.676625
  },
  "75": {
    "cen_loss": 0.9819848389923572,
    "cen_accuracy": 0.701375
  },
  "76": {
    "cen_loss": 1.4067938596606255,
    "cen_accuracy": 0.624875
  },
  "77": {
    "cen_loss": 0.965112187385559,
    "cen_accuracy": 0.695375
  },
  "78": {
    "cen_loss": 1.1276968033909798,
    "cen_accuracy": 0.668
  },
  "79": {
    "cen_loss": 1.2104718098044396,
    "cen_accuracy": 0.645875
  },
  "80": {
    "cen_loss": 1.414338180989027,
    "cen_accuracy": 0.615
  },
  "81": {
    "cen_loss": 1.0684740790724754,
    "cen_accuracy": 0.685625
  },
  "82": {
    "cen_loss": 1.1588082538247109,
    "cen_accuracy": 0.67375
  },
  "83": {
    "cen_loss": 1.0367009279727937,
    "cen_accuracy": 0.67725
  },
  "84": {
    "cen_loss": 1.0503396613448859,
    "cen_accuracy": 0.676125
  },
  "85": {
    "cen_loss": 1.0998045608699323,
    "cen_accuracy": 0.674
  },
  "86": {
    "cen_loss": 1.1653722544908525,
    "cen_accuracy": 0.678875
  },
  "87": {
    "cen_loss": 1.1130514274835586,
    "cen_accuracy": 0.675125
  },
  "88": {
    "cen_loss": 1.1020949583500623,
    "cen_accuracy": 0.693625
  },
  "89": {
    "cen_loss": 1.3040975482463837,
    "cen_accuracy": 0.637375
  },
  "90": {
    "cen_loss": 1.279835218578577,
    "cen_accuracy": 0.653375
  },
  "91": {
    "cen_loss": 1.143138023465872,
    "cen_accuracy": 0.681125
  },
  "92": {
    "cen_loss": 1.0492554638385774,
    "cen_accuracy": 0.699875
  },
  "93": {
    "cen_loss": 1.1362569697499276,
    "cen_accuracy": 0.661375
  },
  "94": {
    "cen_loss": 1.150807562828064,
    "cen_accuracy": 0.671125
  },
  "95": {
    "cen_loss": 1.1057129402160644,
    "cen_accuracy": 0.69125
  },
  "96": {
    "cen_loss": 1.2732753085792066,
    "cen_accuracy": 0.64725
  },
  "97": {
    "cen_loss": 0.9977652273476124,
    "cen_accuracy": 0.70675
  },
  "98": {
    "cen_loss": 0.9878419514000416,
    "cen_accuracy": 0.701625
  },
  "99": {
    "cen_loss": 1.2412496217787266,
    "cen_accuracy": 0.666875
  },
  "100": {
    "cen_loss": 1.2799187661111355,
    "cen_accuracy": 0.666625
  },