{
  "0": {
    "cen_loss": 2.3027777171134947,
    "cen_accuracy": 0.097625
  },
  "1": {
    "cen_loss": 2.3027777171134947,
    "cen_accuracy": 0.097625
  },
  "2": {
    "cen_loss": 2.5474050140380857,
    "cen_accuracy": 0.101375
  },
  "3": {
    "cen_loss": 4.453049480438232,
    "cen_accuracy": 0.100375
  },
  "4": {
    "cen_loss": 3.832567515850067,
    "cen_accuracy": 0.101375
  },
  "5": {
    "cen_loss": 6.235283402442932,
    "cen_accuracy": 0.099875
  },
  "6": {
    "cen_loss": 4.001390542030334,
    "cen_accuracy": 0.099875
  },
  "7": {
    "cen_loss": 3.8667502326965333,
    "cen_accuracy": 0.102
  },
  "8": {
    "cen_loss": 3.115463670492172,
    "cen_accuracy": 0.15825
  },
  "9": {
    "cen_loss": 4.37458388376236,
    "cen_accuracy": 0.13375
  },
  "10": {
    "cen_loss": 3.232729062318802,
    "cen_accuracy": 0.243125
  },
  "11": {
    "cen_loss": 2.6755487866401673,
    "cen_accuracy": 0.214875
  },
  "12": {
    "cen_loss": 2.0805999019145966,
    "cen_accuracy": 0.32475
  },
  "13": {
    "cen_loss": 4.750941565513611,
    "cen_accuracy": 0.220875
  },
  "14": {
    "cen_loss": 2.6053349895477296,
    "cen_accuracy": 0.27925
  },
  "15": {
    "cen_loss": 2.6431058416366575,
    "cen_accuracy": 0.293625
  },
  "16": {
    "cen_loss": 1.901695315718651,
    "cen_accuracy": 0.392375
  },
  "17": {
    "cen_loss": 3.92377249622345,
    "cen_accuracy": 0.226375
  },
  "18": {
    "cen_loss": 2.7112078312635424,
    "cen_accuracy": 0.4215
  },
  "19": {
    "cen_loss": 2.0385266420841215,
    "cen_accuracy": 0.497125
  },
  "20": {
    "cen_loss": 1.9956494657993316,
    "cen_accuracy": 0.569875
  },
  "21": {
    "cen_loss": 2.389931090593338,
    "cen_accuracy": 0.352875
  },
  "22": {
    "cen_loss": 2.0918861362934114,
    "cen_accuracy": 0.39925
  },
  "23": {
    "cen_loss": 2.190504585266113,
    "cen_accuracy": 0.3995
  },
  "24": {
    "cen_loss": 2.3402509479522706,
    "cen_accuracy": 0.3715
  },
  "25": {
    "cen_loss": 2.582000433087349,
    "cen_accuracy": 0.397
  },
  "26": {
    "cen_loss": 2.983347764015198,
    "cen_accuracy": 0.36925
  },
  "27": {
    "cen_loss": 2.82614749789238,
    "cen_accuracy": 0.314
  },
  "28": {
    "cen_loss": 2.359235058069229,
    "cen_accuracy": 0.4225
  },
  "29": {
    "cen_loss": 2.975570079565048,
    "cen_accuracy": 0.35275
  },
  "30": {
    "cen_loss": 3.213105097532272,
    "cen_accuracy": 0.35775
  },
  "31": {
    "cen_loss": 2.8621346528530123,
    "cen_accuracy": 0.319
  },
  "32": {
    "cen_loss": 1.413726996064186,
    "cen_accuracy": 0.51175
  },
  "33": {
    "cen_loss": 1.5004623299837112,
    "cen_accuracy": 0.539375
  },
  "34": {
    "cen_loss": 1.8255544902086258,
    "cen_accuracy": 0.459125
  },
  "35": {
    "cen_loss": 2.9328392424583436,
    "cen_accuracy": 0.344125
  },
  "36": {
    "cen_loss": 1.7492074843645096,
    "cen_accuracy": 0.472125
  },
  "37": {
    "cen_loss": 2.1479332351684572,
    "cen_accuracy": 0.3605
  },
  "38": {
    "cen_loss": 1.2396304157972335,
    "cen_accuracy": 0.561625
  },
  "39": {
    "cen_loss": 1.163630547106266,
    "cen_accuracy": 0.614125
  },
  "40": {
    "cen_loss": 1.344183243215084,
    "cen_accuracy": 0.613
  },
  "41": {
    "cen_loss": 1.3701135662198067,
    "cen_accuracy": 0.56075
  },
  "42": {
    "cen_loss": 2.136281775712967,
    "cen_accuracy": 0.45675
  },
  "43": {
    "cen_loss": 2.24999618768692,
    "cen_accuracy": 0.404
  },
  "44": {
    "cen_loss": 1.609600654900074,
    "cen_accuracy": 0.526625
  },
  "45": {
    "cen_loss": 1.3140229799151422,
    "cen_accuracy": 0.578375
  },
  "46": {
    "cen_loss": 1.3098307754397391,
    "cen_accuracy": 0.54625
  },
  "47": {
    "cen_loss": 1.2770656614303588,
    "cen_accuracy": 0.625875
  },
  "48": {
    "cen_loss": 1.513580849468708,
    "cen_accuracy": 0.56125
  },
  "49": {
    "cen_loss": 1.897473208963871,
    "cen_accuracy": 0.430875
  },
  "50": {
    "cen_loss": 2.2052255617380143,
    "cen_accuracy": 0.4225
  },
  "51": {
    "cen_loss": 1.0322736890316009,
    "cen_accuracy": 0.6535
  },
  "52": {
    "cen_loss": 1.3560508299469949,
    "cen_accuracy": 0.598375
  },
  "53": {
    "cen_loss": 1.6313979595899581,
    "cen_accuracy": 0.5325
  },
  "54": {
    "cen_loss": 1.3421914471387864,
    "cen_accuracy": 0.642375
  },
  "55": {
    "cen_loss": 1.2728143154978753,
    "cen_accuracy": 0.636875
  },
  "56": {
    "cen_loss": 1.301521423459053,
    "cen_accuracy": 0.5855
  },
  "57": {
    "cen_loss": 1.5470710415244102,
    "cen_accuracy": 0.566
  },
  "58": {
    "cen_loss": 3.1841211171150205,
    "cen_accuracy": 0.355625
  },
  "59": {
    "cen_loss": 1.8467640907168388,
    "cen_accuracy": 0.5015
  },
  "60": {
    "cen_loss": 2.657324411869049,
    "cen_accuracy": 0.42775
  },
  "61": {
    "cen_loss": 1.3561443617045879,
    "cen_accuracy": 0.595625
  },
  "62": {
    "cen_loss": 1.1768170058131218,
    "cen_accuracy": 0.62575
  },
  "63": {
    "cen_loss": 2.092057050228119,
    "cen_accuracy": 0.443625
  },
  "64": {
    "cen_loss": 1.285582840681076,
    "cen_accuracy": 0.599875
  },
  "65": {
    "cen_loss": 2.7994079399108887,
    "cen_accuracy": 0.35225
  },
  "66": {
    "cen_loss": 0.9142866774797439,
    "cen_accuracy": 0.68775
  },
  "67": {
    "cen_loss": 1.4839864991903304,
    "cen_accuracy": 0.584125
  },
  "68": {
    "cen_loss": 1.7458930957317351,
    "cen_accuracy": 0.477
  },
  "69": {
    "cen_loss": 2.9794651997089385,
    "cen_accuracy": 0.37025
  },
  "70": {
    "cen_loss": 5.660399457931518,
    "cen_accuracy": 0.323
  },
  "71": {
    "cen_loss": 1.1365333769917487,
    "cen_accuracy": 0.60375
  },
  "72": {
    "cen_loss": 0.9463444621860981,
    "cen_accuracy": 0.67875
  },
  "73": {
    "cen_loss": 1.0814601459503175,
    "cen_accuracy": 0.640125
  },
  "74": {
    "cen_loss": 1.59017693990469,
    "cen_accuracy": 0.547375
  },
  "75": {
    "cen_loss": 1.624367959022522,
    "cen_accuracy": 0.579
  },
  "76": {
    "cen_loss": 0.9310207020938397,
    "cen_accuracy": 0.677625
  },
  "77": {
    "cen_loss": 0.89833040574193,
    "cen_accuracy": 0.704375
  },
  "78": {
    "cen_loss": 1.7168807227611542,
    "cen_accuracy": 0.536875
  },
  "79": {
    "cen_loss": 1.0502118507027627,
    "cen_accuracy": 0.643375
  },
  "80": {
    "cen_loss": 1.4068909003734589,
    "cen_accuracy": 0.6025
  },
  "81": {
    "cen_loss": 1.5584894118905068,
    "cen_accuracy": 0.533125
  },
  "82": {
    "cen_loss": 1.0980615961253644,
    "cen_accuracy": 0.61925
  },
  "83": {
    "cen_loss": 1.3205271132588388,
    "cen_accuracy": 0.590875
  },
  "84": {
    "cen_loss": 1.1016905671656132,
    "cen_accuracy": 0.654125
  },
  "85": {
    "cen_loss": 0.9002692510485649,
    "cen_accuracy": 0.7005
  },
  "86": {
    "cen_loss": 0.8405181494951248,
    "cen_accuracy": 0.719125
  },
  "87": {
    "cen_loss": 0.9048211486935616,
    "cen_accuracy": 0.700375
  },
  "88": {
    "cen_loss": 0.8156021527647972,
    "cen_accuracy": 0.73525
  },
  "89": {
    "cen_loss": 0.7659096223190427,
    "cen_accuracy": 0.753375
  },
  "90": {
    "cen_loss": 0.8749168035537005,
    "cen_accuracy": 0.74
  },
  "91": {
    "cen_loss": 1.060563216149807,
    "cen_accuracy": 0.664
  },
  "92": {
    "cen_loss": 1.4610688363313675,
    "cen_accuracy": 0.556875
  },
  "93": {
    "cen_loss": 1.1694427146315574,
    "cen_accuracy": 0.629125
  },
  "94": {
    "cen_loss": 1.0381378054618835,
    "cen_accuracy": 0.662875
  },
  "95": {
    "cen_loss": 0.9431679034233094,
    "cen_accuracy": 0.702125
  },
  "96": {
    "cen_loss": 0.9153127815127373,
    "cen_accuracy": 0.687875
  },
  "97": {
    "cen_loss": 1.061160389214754,
    "cen_accuracy": 0.66225
  },
  "98": {
    "cen_loss": 0.7493453979939222,
    "cen_accuracy": 0.74875
  },
  "99": {
    "cen_loss": 1.0019470689594745,
    "cen_accuracy": 0.6805
  },
  "100": {
    "cen_loss": 1.0184542260468006,
    "cen_accuracy": 0.6855
  },
  "101": {
    "cen_loss": 1.7827326056957244,