{
  "0": {
    "cen_loss": 2.3027425665855406,
    "cen_accuracy": 0.099
  },
  "1": {
    "cen_loss": 2.3027425665855406,
    "cen_accuracy": 0.099
  },
  "2": {
    "cen_loss": 2.463388032436371,
    "cen_accuracy": 0.1
  },
  "3": {
    "cen_loss": 5.743124099254608,
    "cen_accuracy": 0.0995
  },
  "4": {
    "cen_loss": 5.022322565555572,
    "cen_accuracy": 0.099
  },
  "5": {
    "cen_loss": 5.766170421600342,
    "cen_accuracy": 0.1
  },
  "6": {
    "cen_loss": 5.109641994953155,
    "cen_accuracy": 0.098625
  },
  "7": {
    "cen_loss": 6.163956671714783,
    "cen_accuracy": 0.1
  },
  "8": {
    "cen_loss": 4.448826676368713,
    "cen_accuracy": 0.09975
  },
  "9": {
    "cen_loss": 4.751701158046722,
    "cen_accuracy": 0.113625
  },
  "10": {
    "cen_loss": 3.2896795427799224,
    "cen_accuracy": 0.286375
  },
  "11": {
    "cen_loss": 3.191883415937424,
    "cen_accuracy": 0.195875
  },
  "12": {
    "cen_loss": 4.317762855052948,
    "cen_accuracy": 0.161
  },
  "13": {
    "cen_loss": 3.8088728404045105,
    "cen_accuracy": 0.187375
  },
  "14": {
    "cen_loss": 2.1707734141349793,
    "cen_accuracy": 0.341875
  },
  "15": {
    "cen_loss": 2.8643162548542023,
    "cen_accuracy": 0.264125
  },
  "16": {
    "cen_loss": 3.115880556702614,
    "cen_accuracy": 0.303625
  },
  "17": {
    "cen_loss": 2.868177324295044,
    "cen_accuracy": 0.178
  },
  "18": {
    "cen_loss": 2.864239019870758,
    "cen_accuracy": 0.26175
  },
  "19": {
    "cen_loss": 1.8694474407434463,
    "cen_accuracy": 0.414
  },
  "20": {
    "cen_loss": 2.4789190526008604,
    "cen_accuracy": 0.35425
  },
  "21": {
    "cen_loss": 2.598996720314026,
    "cen_accuracy": 0.358125
  },
  "22": {
    "cen_loss": 2.081061027884483,
    "cen_accuracy": 0.40375
  },
  "23": {
    "cen_loss": 2.6119701623916627,
    "cen_accuracy": 0.3425
  },
  "24": {
    "cen_loss": 3.242824179649353,
    "cen_accuracy": 0.2225
  },
  "25": {
    "cen_loss": 2.772678309202194,
    "cen_accuracy": 0.329125
  },
  "26": {
    "cen_loss": 2.5689418885707855,
    "cen_accuracy": 0.322875
  },
  "27": {
    "cen_loss": 3.064322180509567,
    "cen_accuracy": 0.3685
  },
  "28": {
    "cen_loss": 2.5460590183734895,
    "cen_accuracy": 0.359875
  },
  "29": {
    "cen_loss": 2.1237642903327942,
    "cen_accuracy": 0.382
  },
  "30": {
    "cen_loss": 3.188126569747925,
    "cen_accuracy": 0.2975
  },
  "31": {
    "cen_loss": 1.9998692619800567,
    "cen_accuracy": 0.4355
  },
  "32": {
    "cen_loss": 2.013096217274666,
    "cen_accuracy": 0.38825
  },
  "33": {
    "cen_loss": 3.6101191470623015,
    "cen_accuracy": 0.273375
  },
  "34": {
    "cen_loss": 2.451341969490051,
    "cen_accuracy": 0.348
  },
  "35": {
    "cen_loss": 1.6707807944417,
    "cen_accuracy": 0.495125
  },
  "36": {
    "cen_loss": 2.6006886842250823,
    "cen_accuracy": 0.36375
  },
  "37": {
    "cen_loss": 1.3760001493692398,
    "cen_accuracy": 0.517125
  },
  "38": {
    "cen_loss": 1.5166313044428825,
    "cen_accuracy": 0.513875
  },
  "39": {
    "cen_loss": 1.9955463531613349,
    "cen_accuracy": 0.415875
  },
  "40": {
    "cen_loss": 2.1753149596452714,
    "cen_accuracy": 0.392375
  },
  "41": {
    "cen_loss": 1.6839070817232131,
    "cen_accuracy": 0.441375
  },
  "42": {
    "cen_loss": 1.9116734063625336,
    "cen_accuracy": 0.456375
  },
  "43": {
    "cen_loss": 1.465564982354641,
    "cen_accuracy": 0.537875
  },
  "44": {
    "cen_loss": 2.1669566813707353,
    "cen_accuracy": 0.437375
  },
  "45": {
    "cen_loss": 2.9519400172233583,
    "cen_accuracy": 0.30275
  },
  "46": {
    "cen_loss": 1.8206877650022506,
    "cen_accuracy": 0.434375
  },
  "47": {
    "cen_loss": 1.9586127063035965,
    "cen_accuracy": 0.438375
  },
  "48": {
    "cen_loss": 1.6281936246156692,
    "cen_accuracy": 0.522375
  },
  "49": {
    "cen_loss": 1.5119348462224007,
    "cen_accuracy": 0.537875
  },
  "50": {
    "cen_loss": 2.4373080084323884,
    "cen_accuracy": 0.41175
  },
  "51": {
    "cen_loss": 1.0759103083014487,
    "cen_accuracy": 0.64275
  },
  "52": {
    "cen_loss": 1.7793532693386078,
    "cen_accuracy": 0.449625
  },
  "53": {
    "cen_loss": 1.2635217695236205,
    "cen_accuracy": 0.5725
  },
  "54": {
    "cen_loss": 2.30415158367157,
    "cen_accuracy": 0.411
  },
  "55": {
    "cen_loss": 2.1612634370326997,
    "cen_accuracy": 0.4395
  },
  "56": {
    "cen_loss": 1.4109706609249115,
    "cen_accuracy": 0.562625
  },
  "57": {
    "cen_loss": 1.4523706619739531,
    "cen_accuracy": 0.564375
  },
  "58": {
    "cen_loss": 1.249017925441265,
    "cen_accuracy": 0.618125
  },
  "59": {
    "cen_loss": 1.8068194521069527,
    "cen_accuracy": 0.483375
  },
  "60": {
    "cen_loss": 2.02165185880661,
    "cen_accuracy": 0.466125
  },
  "61": {
    "cen_loss": 1.175295682311058,
    "cen_accuracy": 0.604125
  },
  "62": {
    "cen_loss": 2.3895375903844833,
    "cen_accuracy": 0.41775
  },
  "63": {
    "cen_loss": 1.212833821952343,
    "cen_accuracy": 0.581125
  },
  "64": {
    "cen_loss": 2.466136483192444,
    "cen_accuracy": 0.29775
  },
  "65": {
    "cen_loss": 1.3823968334197998,
    "cen_accuracy": 0.558
  },
  "66": {
    "cen_loss": 0.9700057044923306,
    "cen_accuracy": 0.68325
  },
  "67": {
    "cen_loss": 1.6612011740803718,
    "cen_accuracy": 0.5385
  },
  "68": {
    "cen_loss": 1.4034204664826393,
    "cen_accuracy": 0.566875
  },
  "69": {
    "cen_loss": 1.234250042438507,
    "cen_accuracy": 0.5905
  },
  "70": {
    "cen_loss": 1.2561537690162659,
    "cen_accuracy": 0.614125
  },
  "71": {
    "cen_loss": 2.2229489586353304,
    "cen_accuracy": 0.42125
  },
  "72": {
    "cen_loss": 1.0654215796589852,
    "cen_accuracy": 0.621375
  },
  "73": {
    "cen_loss": 1.8498577976226807,
    "cen_accuracy": 0.43825
  },
  "74": {
    "cen_loss": 1.0235020545125009,
    "cen_accuracy": 0.659625
  },
  "75": {
    "cen_loss": 1.2965041600465774,
    "cen_accuracy": 0.614875
  },
  "76": {
    "cen_loss": 1.2713479791879654,
    "cen_accuracy": 0.594625
  },
  "77": {
    "cen_loss": 1.3783618558049202,
    "cen_accuracy": 0.59025
  },
  "78": {
    "cen_loss": 1.7294622033834457,
    "cen_accuracy": 0.53725
  },
  "79": {
    "cen_loss": 2.108020462989807,
    "cen_accuracy": 0.359875
  },
  "80": {
    "cen_loss": 2.9543369925022125,
    "cen_accuracy": 0.266875
  },
  "81": {
    "cen_loss": 1.2855680121779443,
    "cen_accuracy": 0.59875
  },
  "82": {
    "cen_loss": 1.1530101265311241,
    "cen_accuracy": 0.640375
  },
  "83": {
    "cen_loss": 1.677708675146103,
    "cen_accuracy": 0.498875
  },
  "84": {
    "cen_loss": 1.1290679515600204,
    "cen_accuracy": 0.6195
  },
  "85": {
    "cen_loss": 0.9575562417507172,
    "cen_accuracy": 0.682
  },
  "86": {
    "cen_loss": 0.8395625201463699,
    "cen_accuracy": 0.72225
  },
  "87": {
    "cen_loss": 0.9705789529085159,
    "cen_accuracy": 0.670875
  },
  "88": {
    "cen_loss": 1.165103419661522,
    "cen_accuracy": 0.6505
  },
  "89": {
    "cen_loss": 1.133132133424282,
    "cen_accuracy": 0.6525
  },
  "90": {
    "cen_loss": 1.3568225202560424,
    "cen_accuracy": 0.603875
  },
  "91": {
    "cen_loss": 1.482716490507126,
    "cen_accuracy": 0.595375
  },
  "92": {
    "cen_loss": 1.8869431462287902,
    "cen_accuracy": 0.5455
  },
  "93": {
    "cen_loss": 1.148827379822731,
    "cen_accuracy": 0.63325
  },
  "94": {
    "cen_loss": 1.2629469062685967,
    "cen_accuracy": 0.58975
  },
  "95": {
    "cen_loss": 1.0144851221442222,
    "cen_accuracy": 0.639
  },
  "96": {
    "cen_loss": 1.6472947384119034,
    "cen_accuracy": 0.55
  },
  "97": {
    "cen_loss": 1.1313054988384246,
    "cen_accuracy": 0.624625
  },
  "98": {
    "cen_loss": 1.4385927628278732,
    "cen_accuracy": 0.508375
  },
  "99": {
    "cen_loss": 1.0125155971050261,
    "cen_accuracy": 0.648
  },
  "100": {
    "cen_loss": 1.1209669026732445,
    "cen_accuracy": 0.625125
  },
  "101": {
    "cen_loss": 1.3498627740144729,