{
  "0": {
    "cen_loss": 2.302809526920319,
    "cen_accuracy": 0.10075
  },
  "1": {
    "cen_loss": 2.302809526920319,
    "cen_accuracy": 0.10075
  },
  "2": {
    "cen_loss": 6.460372535705567,
    "cen_accuracy": 0.101125
  },
  "3": {
    "cen_loss": 4.75467026758194,
    "cen_accuracy": 0.098625
  },
  "4": {
    "cen_loss": 7.890288764953613,
    "cen_accuracy": 0.101125
  },
  "5": {
    "cen_loss": 6.621583795547485,
    "cen_accuracy": 0.10075
  },
  "6": {
    "cen_loss": 5.923858643054962,
    "cen_accuracy": 0.098625
  },
  "7": {
    "cen_loss": 5.48750642824173,
    "cen_accuracy": 0.107375
  },
  "8": {
    "cen_loss": 3.8075587096214294,
    "cen_accuracy": 0.14225
  },
  "9": {
    "cen_loss": 4.364044748783112,
    "cen_accuracy": 0.119625
  },
  "10": {
    "cen_loss": 2.5915847413539885,
    "cen_accuracy": 0.2405
  },
  "11": {
    "cen_loss": 4.799181233406067,
    "cen_accuracy": 0.144625
  },
  "12": {
    "cen_loss": 3.447682750701904,
    "cen_accuracy": 0.187875
  },
  "13": {
    "cen_loss": 2.7268927628993986,
    "cen_accuracy": 0.191875
  },
  "14": {
    "cen_loss": 4.392171116352081,
    "cen_accuracy": 0.147625
  },
  "15": {
    "cen_loss": 3.2142912683486937,
    "cen_accuracy": 0.209
  },
  "16": {
    "cen_loss": 2.6417683250904083,
    "cen_accuracy": 0.2475
  },
  "17": {
    "cen_loss": 3.0812483062744143,
    "cen_accuracy": 0.258
  },
  "18": {
    "cen_loss": 3.372289715766907,
    "cen_accuracy": 0.1845
  },
  "19": {
    "cen_loss": 2.8377836396694183,
    "cen_accuracy": 0.268
  },
  "20": {
    "cen_loss": 2.3821741878986358,
    "cen_accuracy": 0.323625
  },
  "21": {
    "cen_loss": 2.629250678539276,
    "cen_accuracy": 0.285375
  },
  "22": {
    "cen_loss": 3.145010865211487,
    "cen_accuracy": 0.212875
  },
  "23": {
    "cen_loss": 2.994804268360138,
    "cen_accuracy": 0.23175
  },
  "24": {
    "cen_loss": 2.9188085556030274,
    "cen_accuracy": 0.222375
  },
  "25": {
    "cen_loss": 2.963622190952301,
    "cen_accuracy": 0.284375
  },
  "26": {
    "cen_loss": 3.013322590589523,
    "cen_accuracy": 0.2415
  },
  "27": {
    "cen_loss": 3.1763942511081695,
    "cen_accuracy": 0.2755
  },
  "28": {
    "cen_loss": 2.648855293035507,
    "cen_accuracy": 0.319375
  },
  "29": {
    "cen_loss": 2.904044474363327,
    "cen_accuracy": 0.29725
  },
  "30": {
    "cen_loss": 3.131348539352417,
    "cen_accuracy": 0.28225
  },
  "31": {
    "cen_loss": 2.599401826739311,
    "cen_accuracy": 0.296375
  },
  "32": {
    "cen_loss": 2.953565157651901,
    "cen_accuracy": 0.292875
  },
  "33": {
    "cen_loss": 2.2579376282691954,
    "cen_accuracy": 0.287125
  },
  "34": {
    "cen_loss": 2.555907872200012,
    "cen_accuracy": 0.290125
  },
  "35": {
    "cen_loss": 2.4508267250061033,
    "cen_accuracy": 0.346125
  },
  "36": {
    "cen_loss": 3.4188032901287078,
    "cen_accuracy": 0.30275
  },
  "37": {
    "cen_loss": 2.8100844106674194,
    "cen_accuracy": 0.315625
  },
  "38": {
    "cen_loss": 3.6218672142028807,
    "cen_accuracy": 0.320625
  },
  "39": {
    "cen_loss": 2.9265895547866823,
    "cen_accuracy": 0.261
  },
  "40": {
    "cen_loss": 2.6288058726787566,
    "cen_accuracy": 0.2795
  },
  "41": {
    "cen_loss": 2.8229839870929716,
    "cen_accuracy": 0.2705
  },
  "42": {
    "cen_loss": 2.788770030140877,
    "cen_accuracy": 0.36425
  },
  "43": {
    "cen_loss": 2.2780614924430846,
    "cen_accuracy": 0.38
  },
  "44": {
    "cen_loss": 1.8977611693143845,
    "cen_accuracy": 0.427
  },
  "45": {
    "cen_loss": 2.065263598561287,
    "cen_accuracy": 0.386625
  },
  "46": {
    "cen_loss": 3.5812049837112427,
    "cen_accuracy": 0.377375
  },
  "47": {
    "cen_loss": 2.457498223185539,
    "cen_accuracy": 0.372125
  },
  "48": {
    "cen_loss": 2.450765735626221,
    "cen_accuracy": 0.392375
  },
  "49": {
    "cen_loss": 1.9738521400690079,
    "cen_accuracy": 0.411375
  },
  "50": {
    "cen_loss": 1.9959225863218308,
    "cen_accuracy": 0.415375
  },
  "51": {
    "cen_loss": 2.474026275753975,
    "cen_accuracy": 0.364125
  },
  "52": {
    "cen_loss": 2.4172700474262236,
    "cen_accuracy": 0.34875
  },
  "53": {
    "cen_loss": 2.5340850025415422,
    "cen_accuracy": 0.365875
  },
  "54": {
    "cen_loss": 2.2782686331272126,
    "cen_accuracy": 0.410625
  },
  "55": {
    "cen_loss": 2.234259044647217,
    "cen_accuracy": 0.392875
  },
  "56": {
    "cen_loss": 1.9800237448215485,
    "cen_accuracy": 0.4
  },
  "57": {
    "cen_loss": 2.0045412088632584,
    "cen_accuracy": 0.394125
  },
  "58": {
    "cen_loss": 1.9334754921197892,
    "cen_accuracy": 0.44875
  },
  "59": {
    "cen_loss": 2.599125750422478,
    "cen_accuracy": 0.411625
  },
  "60": {
    "cen_loss": 2.60030216050148,
    "cen_accuracy": 0.41475
  },
  "61": {
    "cen_loss": 3.031538515090942,
    "cen_accuracy": 0.2855
  },
  "62": {
    "cen_loss": 2.677932965993881,
    "cen_accuracy": 0.34175
  },
  "63": {
    "cen_loss": 1.9124351338148118,
    "cen_accuracy": 0.37225
  },
  "64": {
    "cen_loss": 2.5579604103565217,
    "cen_accuracy": 0.416375
  },
  "65": {
    "cen_loss": 1.7004991390705109,
    "cen_accuracy": 0.438625
  },
  "66": {
    "cen_loss": 1.8027632627487182,
    "cen_accuracy": 0.425875
  },
  "67": {
    "cen_loss": 2.251802716255188,
    "cen_accuracy": 0.412375
  },
  "68": {
    "cen_loss": 2.0849357146024703,
    "cen_accuracy": 0.426875
  },
  "69": {
    "cen_loss": 2.0900612292289735,
    "cen_accuracy": 0.42825
  },
  "70": {
    "cen_loss": 2.781821662187576,
    "cen_accuracy": 0.34525
  },
  "71": {
    "cen_loss": 1.8579216953516007,
    "cen_accuracy": 0.46275
  },
  "72": {
    "cen_loss": 2.260894010424614,
    "cen_accuracy": 0.391375
  },
  "73": {
    "cen_loss": 1.740268487215042,
    "cen_accuracy": 0.443875
  },
  "74": {
    "cen_loss": 1.806977456331253,
    "cen_accuracy": 0.477875
  },
  "75": {
    "cen_loss": 2.2026278612613677,
    "cen_accuracy": 0.4335
  },
  "76": {
    "cen_loss": 2.0741922319531443,
    "cen_accuracy": 0.45775
  },
  "77": {
    "cen_loss": 1.6595079200267793,
    "cen_accuracy": 0.46375
  },
  "78": {
    "cen_loss": 1.8986756945848464,
    "cen_accuracy": 0.4255
  },
  "79": {
    "cen_loss": 2.079883613586426,
    "cen_accuracy": 0.47475
  },
  "80": {
    "cen_loss": 2.2184126750826834,
    "cen_accuracy": 0.4575
  },
  "81": {
    "cen_loss": 2.0086777712106705,
    "cen_accuracy": 0.39075
  },
  "82": {
    "cen_loss": 2.4341194405555724,
    "cen_accuracy": 0.41275
  },
  "83": {
    "cen_loss": 1.9922300131917,
    "cen_accuracy": 0.501625
  },
  "84": {
    "cen_loss": 2.282044669389725,
    "cen_accuracy": 0.36125
  },
  "85": {
    "cen_loss": 1.7148643072843552,
    "cen_accuracy": 0.4865
  },
  "86": {
    "cen_loss": 1.8616520290374756,
    "cen_accuracy": 0.427875
  },
  "87": {
    "cen_loss": 3.4811063849925996,
    "cen_accuracy": 0.2935
  },
  "88": {
    "cen_loss": 1.5736624331474305,
    "cen_accuracy": 0.473125
  },
  "89": {
    "cen_loss": 1.5502943489551544,
    "cen_accuracy": 0.48125
  },
  "90": {
    "cen_loss": 2.0370770343542097,
    "cen_accuracy": 0.398625
  },
  "91": {
    "cen_loss": 1.8341612728834151,
    "cen_accuracy": 0.427375
  },
  "92": {
    "cen_loss": 1.3613466162085532,
    "cen_accuracy": 0.546
  },
  "93": {
    "cen_loss": 1.757851138830185,
    "cen_accuracy": 0.448875
  },
  "94": {
    "cen_loss": 1.8530214689970017,
    "cen_accuracy": 0.4905
  },
  "95": {
    "cen_loss": 1.7041386269330978,
    "cen_accuracy": 0.495
  },
  "96": {
    "cen_loss": 1.9985368105173111,
    "cen_accuracy": 0.483625
  },
  "97": {
    "cen_loss": 1.5481351675391197,
    "cen_accuracy": 0.5255
  },
  "98": {
    "cen_loss": 2.178806158542633,
    "cen_accuracy": 0.439125
  },
  "99": {
    "cen_loss": 2.132910300850868,
    "cen_accuracy": 0.433875
  },
  "100": {
    "cen_loss": 2.135945267558098,
    "cen_accuracy": 0.429875
  },
  "101": {
    "cen_loss": 1.6067660940885544,