{
  "0": {
    "cen_loss": 2.3026313900947573,
    "cen_accuracy": 0.10175
  },
  "1": {
    "cen_loss": 2.3026313900947573,
    "cen_accuracy": 0.10175
  },
  "2": {
    "cen_loss": 3.0680010652542116,
    "cen_accuracy": 0.09975
  },
  "3": {
    "cen_loss": 3.872733232498169,
    "cen_accuracy": 0.09975
  },
  "4": {
    "cen_loss": 3.9368702430725095,
    "cen_accuracy": 0.1
  },
  "5": {
    "cen_loss": 4.645244938850403,
    "cen_accuracy": 0.11725
  },
  "6": {
    "cen_loss": 2.867224125146866,
    "cen_accuracy": 0.14875
  },
  "7": {
    "cen_loss": 2.6437558023929597,
    "cen_accuracy": 0.200125
  },
  "8": {
    "cen_loss": 2.483941377878189,
    "cen_accuracy": 0.262
  },
  "9": {
    "cen_loss": 3.9804296779632566,
    "cen_accuracy": 0.184125
  },
  "10": {
    "cen_loss": 3.5141741926670074,
    "cen_accuracy": 0.261625
  },
  "11": {
    "cen_loss": 3.576375839471817,
    "cen_accuracy": 0.17025
  },
  "12": {
    "cen_loss": 2.683247335910797,
    "cen_accuracy": 0.253
  },
  "13": {
    "cen_loss": 2.273293318748474,
    "cen_accuracy": 0.248
  },
  "14": {
    "cen_loss": 3.5078350174427033,
    "cen_accuracy": 0.217
  },
  "15": {
    "cen_loss": 2.2645056619644164,
    "cen_accuracy": 0.30125
  },
  "16": {
    "cen_loss": 2.4016254200935365,
    "cen_accuracy": 0.286
  },
  "17": {
    "cen_loss": 2.919782653093338,
    "cen_accuracy": 0.24375
  },
  "18": {
    "cen_loss": 2.051005175471306,
    "cen_accuracy": 0.384375
  },
  "19": {
    "cen_loss": 1.8224067888259887,
    "cen_accuracy": 0.374625
  },
  "20": {
    "cen_loss": 1.9140508135557175,
    "cen_accuracy": 0.403
  },
  "21": {
    "cen_loss": 3.255297396183014,
    "cen_accuracy": 0.206125
  },
  "22": {
    "cen_loss": 3.4006434993743895,
    "cen_accuracy": 0.247875
  },
  "23": {
    "cen_loss": 2.724954037189484,
    "cen_accuracy": 0.289625
  },
  "24": {
    "cen_loss": 4.133817263126374,
    "cen_accuracy": 0.249
  },
  "25": {
    "cen_loss": 2.512763636112213,
    "cen_accuracy": 0.29825
  },
  "26": {
    "cen_loss": 1.8094654204845428,
    "cen_accuracy": 0.414625
  },
  "27": {
    "cen_loss": 4.238424820899963,
    "cen_accuracy": 0.25275
  },
  "28": {
    "cen_loss": 2.412574126124382,
    "cen_accuracy": 0.338125
  },
  "29": {
    "cen_loss": 1.8561522626876832,
    "cen_accuracy": 0.4075
  },
  "30": {
    "cen_loss": 1.7750619941949843,
    "cen_accuracy": 0.412
  },
  "31": {
    "cen_loss": 3.098626145362854,
    "cen_accuracy": 0.304625
  },
  "32": {
    "cen_loss": 2.998187606573105,
    "cen_accuracy": 0.276875
  },
  "33": {
    "cen_loss": 3.513351528167725,
    "cen_accuracy": 0.3315
  },
  "34": {
    "cen_loss": 2.4948768624067306,
    "cen_accuracy": 0.348625
  },
  "35": {
    "cen_loss": 2.2644042484760285,
    "cen_accuracy": 0.406625
  },
  "36": {
    "cen_loss": 1.6678423441648482,
    "cen_accuracy": 0.4645
  },
  "37": {
    "cen_loss": 2.050702203631401,
    "cen_accuracy": 0.443
  },
  "38": {
    "cen_loss": 3.329102304458618,
    "cen_accuracy": 0.342375
  },
  "39": {
    "cen_loss": 4.047702389240265,
    "cen_accuracy": 0.248875
  },
  "40": {
    "cen_loss": 6.151266918659211,
    "cen_accuracy": 0.185625
  },
  "41": {
    "cen_loss": 1.8984180315732957,
    "cen_accuracy": 0.4525
  },
  "42": {
    "cen_loss": 1.5627048144340514,
    "cen_accuracy": 0.466625
  },
  "43": {
    "cen_loss": 1.8818519690036775,
    "cen_accuracy": 0.43875
  },
  "44": {
    "cen_loss": 2.419343198418617,
    "cen_accuracy": 0.3955
  },
  "45": {
    "cen_loss": 1.7400381445884705,
    "cen_accuracy": 0.464
  },
  "46": {
    "cen_loss": 2.0216924616098404,
    "cen_accuracy": 0.405125
  },
  "47": {
    "cen_loss": 1.8893087117671967,
    "cen_accuracy": 0.4755
  },
  "48": {
    "cen_loss": 1.5685801141262055,
    "cen_accuracy": 0.50375
  },
  "49": {
    "cen_loss": 2.5424849185943605,
    "cen_accuracy": 0.389625
  },
  "50": {
    "cen_loss": 2.1453158423900605,
    "cen_accuracy": 0.439125
  },
  "51": {
    "cen_loss": 2.785210695028305,
    "cen_accuracy": 0.384625
  },
  "52": {
    "cen_loss": 1.7074449928998947,
    "cen_accuracy": 0.491375
  },
  "53": {
    "cen_loss": 2.361149620294571,
    "cen_accuracy": 0.411625
  },
  "54": {
    "cen_loss": 2.4937956483364103,
    "cen_accuracy": 0.410125
  },
  "55": {
    "cen_loss": 1.6726746348142625,
    "cen_accuracy": 0.488625
  },
  "56": {
    "cen_loss": 2.483690697669983,
    "cen_accuracy": 0.409
  },
  "57": {
    "cen_loss": 1.964778951883316,
    "cen_accuracy": 0.424375
  },
  "58": {
    "cen_loss": 1.8086457281112671,
    "cen_accuracy": 0.449375
  },
  "59": {
    "cen_loss": 1.7329997761249543,
    "cen_accuracy": 0.471375
  },
  "60": {
    "cen_loss": 2.0463043384552,
    "cen_accuracy": 0.415
  },
  "61": {
    "cen_loss": 1.5619675680398941,
    "cen_accuracy": 0.5385
  },
  "62": {
    "cen_loss": 2.198728440642357,
    "cen_accuracy": 0.428125
  },
  "63": {
    "cen_loss": 1.9540594564080238,
    "cen_accuracy": 0.475125
  },
  "64": {
    "cen_loss": 1.9360501102209091,
    "cen_accuracy": 0.467375
  },
  "65": {
    "cen_loss": 1.9910387347936631,
    "cen_accuracy": 0.451125
  },
  "66": {
    "cen_loss": 2.3457211353778837,
    "cen_accuracy": 0.42175
  },
  "67": {
    "cen_loss": 2.180323393702507,
    "cen_accuracy": 0.436875
  },
  "68": {
    "cen_loss": 2.6584749395847322,
    "cen_accuracy": 0.388
  },
  "69": {
    "cen_loss": 1.8550719937086106,
    "cen_accuracy": 0.470125
  },
  "70": {
    "cen_loss": 2.2222892651557924,
    "cen_accuracy": 0.399625
  },
  "71": {
    "cen_loss": 2.2530907561779023,
    "cen_accuracy": 0.40275
  },
  "72": {
    "cen_loss": 1.6826637879014015,
    "cen_accuracy": 0.500875
  },
  "73": {
    "cen_loss": 1.223697466492653,
    "cen_accuracy": 0.601
  },
  "74": {
    "cen_loss": 1.7503030063509941,
    "cen_accuracy": 0.524375
  },
  "75": {
    "cen_loss": 1.410198361337185,
    "cen_accuracy": 0.587
  },
  "76": {
    "cen_loss": 1.2796734908223153,
    "cen_accuracy": 0.589375
  },
  "77": {
    "cen_loss": 1.5574944829940796,
    "cen_accuracy": 0.52175
  },
  "78": {
    "cen_loss": 1.88268006670475,
    "cen_accuracy": 0.478875
  },
  "79": {
    "cen_loss": 2.0239882822036743,
    "cen_accuracy": 0.490375
  },
  "80": {
    "cen_loss": 2.2862871410846712,
    "cen_accuracy": 0.44675
  },
  "81": {
    "cen_loss": 2.785086270570755,
    "cen_accuracy": 0.365
  },
  "82": {
    "cen_loss": 2.0986158791780474,
    "cen_accuracy": 0.456625
  },
  "83": {
    "cen_loss": 1.2040050386190415,
    "cen_accuracy": 0.595875
  },
  "84": {
    "cen_loss": 2.465647781729698,
    "cen_accuracy": 0.3775
  },
  "85": {
    "cen_loss": 1.6434446882009506,
    "cen_accuracy": 0.516
  },
  "86": {
    "cen_loss": 1.3988566902577877,
    "cen_accuracy": 0.58625
  },
  "87": {
    "cen_loss": 1.9986522409915923,
    "cen_accuracy": 0.47725
  },
  "88": {
    "cen_loss": 1.9268008976578712,
    "cen_accuracy": 0.492375
  },
  "89": {
    "cen_loss": 2.1520284419059754,
    "cen_accuracy": 0.418375
  },
  "90": {
    "cen_loss": 2.022044423341751,
    "cen_accuracy": 0.426625
  },
  "91": {
    "cen_loss": 1.5536156054735184,
    "cen_accuracy": 0.528875
  },
  "92": {
    "cen_loss": 1.5065040909051894,
    "cen_accuracy": 0.522125
  },
  "93": {
    "cen_loss": 1.4508666060566902,
    "cen_accuracy": 0.546
  },
  "94": {
    "cen_loss": 1.7938586500883102,
    "cen_accuracy": 0.497375
  },
  "95": {
    "cen_loss": 2.253624455690384,
    "cen_accuracy": 0.46625
  },
  "96": {
    "cen_loss": 1.6500843076705933,
    "cen_accuracy": 0.537375
  },
  "97": {
    "cen_loss": 2.7160057545900345,
    "cen_accuracy": 0.41375
  },
  "98": {
    "cen_loss": 1.8184247705936432,
    "cen_accuracy": 0.4735
  },
  "99": {
    "cen_loss": 2.1299417330026627,
    "cen_accuracy": 0.45325
  },
  "100": {
    "cen_loss": 2.1534461690187454,
    "cen_accuracy": 0.447125
  },
  "101": {
    "cen_loss": 2.4856829742193223,