{
  "0": {
    "cen_loss": 4.372942581988252,
    "cen_accuracy": 0.002265500463695444
  },
  "1": {
    "cen_loss": 4.372942581988252,
    "cen_accuracy": 0.002265500463695444
  },
  "2": {
    "cen_loss": 2.7189113993811103,
    "cen_accuracy": 0.2506360187192482
  },
  "3": {
    "cen_loss": 2.465605452302325,
    "cen_accuracy": 0.3206843882851126
  },
  "4": {
    "cen_loss": 2.3786849636111143,
    "cen_accuracy": 0.35197996169006573
  },
  "5": {
    "cen_loss": 2.3615546999300996,
    "cen_accuracy": 0.3512894781015511
  },
  "6": {
    "cen_loss": 2.219788828606823,
    "cen_accuracy": 0.3831338669104788
  },
  "7": {
    "cen_loss": 2.1857707216325055,
    "cen_accuracy": 0.3875041518301982
  },
  "8": {
    "cen_loss": 2.1082983381659863,
    "cen_accuracy": 0.4039698044383809
  },
  "9": {
    "cen_loss": 2.066794870552544,
    "cen_accuracy": 0.41356276436295153
  },
  "10": {
    "cen_loss": 2.0667452598060003,
    "cen_accuracy": 0.41357228827451725
  },
  "11": {
    "cen_loss": 1.9728577629650943,
    "cen_accuracy": 0.4381070749567555
  },
  "12": {
    "cen_loss": 1.958831400756443,
    "cen_accuracy": 0.4401570969212765
  },
  "13": {
    "cen_loss": 1.955948689574773,
    "cen_accuracy": 0.4450131013308476
  },
  "14": {
    "cen_loss": 1.9332935413271195,
    "cen_accuracy": 0.45277985121269154
  },
  "15": {
    "cen_loss": 1.9346840486729135,
    "cen_accuracy": 0.45247984799837143
  },
  "16": {
    "cen_loss": 1.9020743067982253,
    "cen_accuracy": 0.45991326097541524
  },
  "17": {
    "cen_loss": 1.8973067156948709,
    "cen_accuracy": 0.45990254657490376
  },
  "18": {
    "cen_loss": 1.8672111759674657,
    "cen_accuracy": 0.4645930730210205
  },
  "19": {
    "cen_loss": 1.8464873866075233,
    "cen_accuracy": 0.47649915296711515
  },
  "20": {
    "cen_loss": 1.8464873817357847,
    "cen_accuracy": 0.47649915296711515
  },
  "21": {
    "cen_loss": 1.7999748750758642,
    "cen_accuracy": 0.48518853178188814
  },
  "22": {
    "cen_loss": 1.8189603549682622,
    "cen_accuracy": 0.4847397174493536
  },
  "23": {
    "cen_loss": 1.8387812285650795,
    "cen_accuracy": 0.47745630607946987
  },
  "24": {
    "cen_loss": 1.8280734007089456,
    "cen_accuracy": 0.4849147193243737
  },
  "25": {
    "cen_loss": 1.851527205776512,
    "cen_accuracy": 0.4807527699701544
  },
  "26": {
    "cen_loss": 1.849627810453635,
    "cen_accuracy": 0.4830599375469499
  },
  "27": {
    "cen_loss": 1.795427421122712,
    "cen_accuracy": 0.4909945463701397
  },
  "28": {
    "cen_loss": 1.7806080728587825,
    "cen_accuracy": 0.49453267951680435
  },
  "29": {
    "cen_loss": 1.7867581579807263,
    "cen_accuracy": 0.49270170751829484
  },
  "30": {
    "cen_loss": 1.786758157361399,
    "cen_accuracy": 0.49270170751829484
  },
  "31": {
    "cen_loss": 1.8062786241630504,
    "cen_accuracy": 0.48750998522603217
  },
  "32": {
    "cen_loss": 1.829185479814743,
    "cen_accuracy": 0.4843051889841677
  },
  "33": {
    "cen_loss": 1.7647146927856414,
    "cen_accuracy": 0.498622009045335
  },
  "34": {
    "cen_loss": 1.752661777408558,
    "cen_accuracy": 0.501854186532951
  },
  "35": {
    "cen_loss": 1.7689927662319849,
    "cen_accuracy": 0.4984601025487178
  },
  "36": {
    "cen_loss": 1.77798676784212,
    "cen_accuracy": 0.49955178091193836
  },
  "37": {
    "cen_loss": 1.7687665657378764,
    "cen_accuracy": 0.49818390911331195
  },
  "38": {
    "cen_loss": 1.8245754168249941,
    "cen_accuracy": 0.4880088000942867
  },
  "39": {
    "cen_loss": 1.7911292077446566,
    "cen_accuracy": 0.4978541436753489
  },
  "40": {
    "cen_loss": 1.7911292110050656,
    "cen_accuracy": 0.4978541436753489
  },
  "41": {
    "cen_loss": 1.8205978263876865,
    "cen_accuracy": 0.49457196565201295
  },
  "42": {
    "cen_loss": 1.756048038471542,
    "cen_accuracy": 0.5023375250449112
  },
  "43": {
    "cen_loss": 1.7232741455577034,
    "cen_accuracy": 0.5097447472651493
  },
  "44": {
    "cen_loss": 1.7500456837380225,
    "cen_accuracy": 0.5083280654197485
  },
  "45": {
    "cen_loss": 1.8014012349275315,
    "cen_accuracy": 0.4977434282033974
  },
  "46": {
    "cen_loss": 1.7946847784279085,
    "cen_accuracy": 0.49993035639667566
  },
  "47": {
    "cen_loss": 1.7441839732953035,
    "cen_accuracy": 0.5021279989904653
  },
  "48": {
    "cen_loss": 1.6928456357392505,
    "cen_accuracy": 0.5105483273035069
  },
  "49": {
    "cen_loss": 1.7348884028456917,
    "cen_accuracy": 0.507762583170534
  },
  "50": {
    "cen_loss": 1.734888406404269,
    "cen_accuracy": 0.507762583170534
  },
  "51": {
    "cen_loss": 1.8132485610494253,
    "cen_accuracy": 0.49116121482253977
  },
  "52": {
    "cen_loss": 1.7321358093123724,
    "cen_accuracy": 0.5087661653517717
  },
  "53": {
    "cen_loss": 1.7604278534211675,
    "cen_accuracy": 0.5031208667711916
  },
  "54": {
    "cen_loss": 1.7276353999433394,
    "cen_accuracy": 0.5099995118995323
  },
  "55": {
    "cen_loss": 1.6951535299731386,
    "cen_accuracy": 0.5172888757141445
  },
  "56": {
    "cen_loss": 1.7060169063286579,
    "cen_accuracy": 0.5164543429631984
  },
  "57": {
    "cen_loss": 1.7173335805665757,
    "cen_accuracy": 0.5113316690297872
  },
  "58": {
    "cen_loss": 1.737562279113065,
    "cen_accuracy": 0.5047161219584495
  },
  "59": {
    "cen_loss": 1.757018264473368,
    "cen_accuracy": 0.5057756571201358
  },
  "60": {
    "cen_loss": 1.7570182645836379,
    "cen_accuracy": 0.5057756571201358
  },
  "61": {
    "cen_loss": 1.7312307821240451,
    "cen_accuracy": 0.5127662082093737
  },
  "62": {
    "cen_loss": 1.6752903410828706,
    "cen_accuracy": 0.5211448694093151
  },
  "63": {
    "cen_loss": 1.6879525421006034,
    "cen_accuracy": 0.5184210307015195
  },
  "64": {
    "cen_loss": 1.7469718283001427,
    "cen_accuracy": 0.5128257326566594
  },
  "65": {
    "cen_loss": 1.7852240810043853,
    "cen_accuracy": 0.5038530174728063
  },
  "66": {
    "cen_loss": 1.7709287130036417,
    "cen_accuracy": 0.509061406610309
  },
  "67": {
    "cen_loss": 1.7432911899762216,
    "cen_accuracy": 0.5112388108920215
  },
  "68": {
    "cen_loss": 1.7221911813344972,
    "cen_accuracy": 0.5168722045831443
  },
  "69": {
    "cen_loss": 1.742169412351283,
    "cen_accuracy": 0.5112042867125958
  },
  "70": {
    "cen_loss": 1.74216941490764,
    "cen_accuracy": 0.5112042867125958
  },
  "71": {
    "cen_loss": 1.7299880563172332,
    "cen_accuracy": 0.5119697711046904
  },
  "72": {
    "cen_loss": 1.7075893333378123,
    "cen_accuracy": 0.5200829532697374
  },
  "73": {
    "cen_loss": 1.6793150824205385,
    "cen_accuracy": 0.5249961011487028
  },
  "74": {
    "cen_loss": 1.7207506157264014,
    "cen_accuracy": 0.5171019689496673
  },
  "75": {
    "cen_loss": 1.6922975894093333,
    "cen_accuracy": 0.5237734690014536
  },
  "76": {
    "cen_loss": 1.7274986821048859,
    "cen_accuracy": 0.5157888596425438
  },
  "77": {
    "cen_loss": 1.7131312727390722,
    "cen_accuracy": 0.5191769911820484
  },
  "78": {
    "cen_loss": 1.6967794242826353,
    "cen_accuracy": 0.5226865525940159
  },
  "79": {
    "cen_loss": 1.6856435111468442,
    "cen_accuracy": 0.5211889175003066
  },
  "80": {
    "cen_loss": 1.6856435097482487,
    "cen_accuracy": 0.5211889175003066
  },
  "81": {
    "cen_loss": 1.7571163312158438,
    "cen_accuracy": 0.506042326643976
  },
  "82": {
    "cen_loss": 1.737562698593762,
    "cen_accuracy": 0.5103816588511068
  },
  "83": {
    "cen_loss": 1.6471962900817094,
    "cen_accuracy": 0.5271818388530354
  },
  "84": {
    "cen_loss": 1.6586180832011779,
    "cen_accuracy": 0.5241734732872138
  },
  "85": {
    "cen_loss": 1.6094672619347832,
    "cen_accuracy": 0.5297854381773138
  },
  "86": {
    "cen_loss": 1.667094624817479,
    "cen_accuracy": 0.5266223090485493
  },
  "87": {
    "cen_loss": 1.6337037893556545,
    "cen_accuracy": 0.5320723674420321
  },
  "88": {
    "cen_loss": 1.6388905126493019,
    "cen_accuracy": 0.5309187836536344
  },