{
  "0": {
    "cen_loss": 2.3028162007331847,
    "cen_accuracy": 0.1005
  },
  "1": {
    "cen_loss": 2.3028162007331847,
    "cen_accuracy": 0.1005
  },
  "2": {
    "cen_loss": 2.7131080882549288,
    "cen_accuracy": 0.10075
  },
  "3": {
    "cen_loss": 3.9535481090545654,
    "cen_accuracy": 0.0995
  },
  "4": {
    "cen_loss": 4.270310575962067,
    "cen_accuracy": 0.149875
  },
  "5": {
    "cen_loss": 4.839870132923126,
    "cen_accuracy": 0.101625
  },
  "6": {
    "cen_loss": 5.255778282642365,
    "cen_accuracy": 0.103125
  },
  "7": {
    "cen_loss": 3.6058040680885317,
    "cen_accuracy": 0.177875
  },
  "8": {
    "cen_loss": 3.774170379638672,
    "cen_accuracy": 0.179875
  },
  "9": {
    "cen_loss": 4.138909796237946,
    "cen_accuracy": 0.188
  },
  "10": {
    "cen_loss": 2.9078987011909483,
    "cen_accuracy": 0.31225
  },
  "11": {
    "cen_loss": 3.053008943080902,
    "cen_accuracy": 0.25275
  },
  "12": {
    "cen_loss": 2.8010628707408904,
    "cen_accuracy": 0.210875
  },
  "13": {
    "cen_loss": 2.336994174718857,
    "cen_accuracy": 0.306125
  },
  "14": {
    "cen_loss": 2.3292270896434784,
    "cen_accuracy": 0.31
  },
  "15": {
    "cen_loss": 2.9757718780040743,
    "cen_accuracy": 0.273875
  },
  "16": {
    "cen_loss": 3.3053986871242524,
    "cen_accuracy": 0.24525
  },
  "17": {
    "cen_loss": 2.1179217480421064,
    "cen_accuracy": 0.40125
  },
  "18": {
    "cen_loss": 1.7864053477048873,
    "cen_accuracy": 0.410375
  },
  "19": {
    "cen_loss": 3.5098872401714325,
    "cen_accuracy": 0.366875
  },
  "20": {
    "cen_loss": 3.89013196849823,
    "cen_accuracy": 0.364125
  },
  "21": {
    "cen_loss": 2.2041624927520753,
    "cen_accuracy": 0.28625
  },
  "22": {
    "cen_loss": 2.645596443891525,
    "cen_accuracy": 0.263625
  },
  "23": {
    "cen_loss": 2.182754467010498,
    "cen_accuracy": 0.419
  },
  "24": {
    "cen_loss": 2.5926138069629667,
    "cen_accuracy": 0.32525
  },
  "25": {
    "cen_loss": 2.600887507557869,
    "cen_accuracy": 0.3915
  },
  "26": {
    "cen_loss": 1.7696351158618926,
    "cen_accuracy": 0.493875
  },
  "27": {
    "cen_loss": 2.756601828098297,
    "cen_accuracy": 0.376125
  },
  "28": {
    "cen_loss": 2.2585112892389296,
    "cen_accuracy": 0.41375
  },
  "29": {
    "cen_loss": 2.144760496854782,
    "cen_accuracy": 0.352625
  },
  "30": {
    "cen_loss": 2.614799696445465,
    "cen_accuracy": 0.3195
  },
  "31": {
    "cen_loss": 2.1297930260896685,
    "cen_accuracy": 0.410125
  },
  "32": {
    "cen_loss": 1.5211527229547501,
    "cen_accuracy": 0.51375
  },
  "33": {
    "cen_loss": 2.241628999352455,
    "cen_accuracy": 0.386625
  },
  "34": {
    "cen_loss": 2.019853227376938,
    "cen_accuracy": 0.406625
  },
  "35": {
    "cen_loss": 1.9569951981306075,
    "cen_accuracy": 0.36875
  },
  "36": {
    "cen_loss": 1.5988148589134217,
    "cen_accuracy": 0.475125
  },
  "37": {
    "cen_loss": 1.6324074057340623,
    "cen_accuracy": 0.48825
  },
  "38": {
    "cen_loss": 1.8167348026037216,
    "cen_accuracy": 0.462125
  },
  "39": {
    "cen_loss": 1.4223037254810333,
    "cen_accuracy": 0.53675
  },
  "40": {
    "cen_loss": 1.7335563107728957,
    "cen_accuracy": 0.509
  },
  "41": {
    "cen_loss": 1.758086671233177,
    "cen_accuracy": 0.4345
  },
  "42": {
    "cen_loss": 1.640314826965332,
    "cen_accuracy": 0.487
  },
  "43": {
    "cen_loss": 1.8566614849567413,
    "cen_accuracy": 0.4295
  },
  "44": {
    "cen_loss": 2.169448195576668,
    "cen_accuracy": 0.444375
  },
  "45": {
    "cen_loss": 2.627492982149124,
    "cen_accuracy": 0.404875
  },
  "46": {
    "cen_loss": 2.888312649011612,
    "cen_accuracy": 0.30375
  },
  "47": {
    "cen_loss": 1.9002505116462707,
    "cen_accuracy": 0.41775
  },
  "48": {
    "cen_loss": 2.3358466137647627,
    "cen_accuracy": 0.446125
  },
  "49": {
    "cen_loss": 1.7023968490362167,
    "cen_accuracy": 0.459
  },
  "50": {
    "cen_loss": 1.9123910549879075,
    "cen_accuracy": 0.42875
  },
  "51": {
    "cen_loss": 1.4582767139673234,
    "cen_accuracy": 0.515125
  },
  "52": {
    "cen_loss": 1.571714018702507,
    "cen_accuracy": 0.4925
  },
  "53": {
    "cen_loss": 2.3650449532270432,
    "cen_accuracy": 0.429
  },
  "54": {
    "cen_loss": 2.803180376768112,
    "cen_accuracy": 0.265625
  },
  "55": {
    "cen_loss": 1.5236114149093627,
    "cen_accuracy": 0.518125
  },
  "56": {
    "cen_loss": 1.548582464337349,
    "cen_accuracy": 0.514625
  },
  "57": {
    "cen_loss": 2.483600205898285,
    "cen_accuracy": 0.40875
  },
  "58": {
    "cen_loss": 1.8271989665031434,
    "cen_accuracy": 0.45375
  },
  "59": {
    "cen_loss": 1.538197918534279,
    "cen_accuracy": 0.516
  },
  "60": {
    "cen_loss": 2.204398626923561,
    "cen_accuracy": 0.421875
  },
  "61": {
    "cen_loss": 2.724673800468445,
    "cen_accuracy": 0.319875
  },
  "62": {
    "cen_loss": 1.6644584348201752,
    "cen_accuracy": 0.48325
  },
  "63": {
    "cen_loss": 2.2361276210546492,
    "cen_accuracy": 0.462875
  },
  "64": {
    "cen_loss": 2.4016636497974395,
    "cen_accuracy": 0.336
  },
  "65": {
    "cen_loss": 1.875334347486496,
    "cen_accuracy": 0.43975
  },
  "66": {
    "cen_loss": 1.6175252262353896,
    "cen_accuracy": 0.4705
  },
  "67": {
    "cen_loss": 1.6918671585321425,
    "cen_accuracy": 0.469875
  },
  "68": {
    "cen_loss": 1.721251061320305,
    "cen_accuracy": 0.46725
  },
  "69": {
    "cen_loss": 1.361027790248394,
    "cen_accuracy": 0.557125
  },
  "70": {
    "cen_loss": 1.5909717708230018,
    "cen_accuracy": 0.53525
  },
  "71": {
    "cen_loss": 1.373218525350094,
    "cen_accuracy": 0.554375
  },
  "72": {
    "cen_loss": 1.8486449719667435,
    "cen_accuracy": 0.46275
  },
  "73": {
    "cen_loss": 2.2586315298080444,
    "cen_accuracy": 0.427125
  },
  "74": {
    "cen_loss": 1.8867827713489533,
    "cen_accuracy": 0.477375
  },
  "75": {
    "cen_loss": 2.7157611236572268,
    "cen_accuracy": 0.37625
  },
  "76": {
    "cen_loss": 1.6443186870813369,
    "cen_accuracy": 0.497875
  },
  "77": {
    "cen_loss": 1.4340176394581794,
    "cen_accuracy": 0.52175
  },
  "78": {
    "cen_loss": 1.6745960050225257,
    "cen_accuracy": 0.486125
  },
  "79": {
    "cen_loss": 2.027269114136696,
    "cen_accuracy": 0.47175
  },
  "80": {
    "cen_loss": 3.232356305599213,
    "cen_accuracy": 0.3865
  },
  "81": {
    "cen_loss": 1.9322822985649108,
    "cen_accuracy": 0.40925
  },
  "82": {
    "cen_loss": 1.402199699163437,
    "cen_accuracy": 0.533625
  },
  "83": {
    "cen_loss": 1.1124366952180862,
    "cen_accuracy": 0.614625
  },
  "84": {
    "cen_loss": 1.9225548665523529,
    "cen_accuracy": 0.449125
  },
  "85": {
    "cen_loss": 1.6029544640779496,
    "cen_accuracy": 0.46
  },
  "86": {
    "cen_loss": 1.6013831148147584,
    "cen_accuracy": 0.481875
  },
  "87": {
    "cen_loss": 1.5563331122398376,
    "cen_accuracy": 0.497125
  },
  "88": {
    "cen_loss": 1.6259573191404342,
    "cen_accuracy": 0.5155
  },
  "89": {
    "cen_loss": 1.5119533139467238,
    "cen_accuracy": 0.489625
  },
  "90": {
    "cen_loss": 2.0402720868587494,
    "cen_accuracy": 0.424625
  },
  "91": {
    "cen_loss": 1.4701238235235214,
    "cen_accuracy": 0.526625
  },
  "92": {
    "cen_loss": 2.2753821033239365,
    "cen_accuracy": 0.44475
  },
  "93": {
    "cen_loss": 1.9780338113307954,
    "cen_accuracy": 0.451875
  },
  "94": {
    "cen_loss": 1.6180444438457489,
    "cen_accuracy": 0.487625
  },
  "95": {
    "cen_loss": 1.6898504219055175,
    "cen_accuracy": 0.5365
  },
  "96": {
    "cen_loss": 2.93615775346756,
    "cen_accuracy": 0.4005
  },
  "97": {
    "cen_loss": 2.17287413585186,
    "cen_accuracy": 0.446875
  },
  "98": {
    "cen_loss": 1.1917120739221574,
    "cen_accuracy": 0.593625
  },
  "99": {
    "cen_loss": 2.880421903014183,
    "cen_accuracy": 0.337875
  },
  "100": {
    "cen_loss": 3.886426168680191,
    "cen_accuracy": 0.2855
  },
  "101": {
    "cen_loss": 1.4383783972263335,