{
  "0": {
    "cen_loss": 2.3028161997795107,
    "cen_accuracy": 0.1005
  },
  "1": {
    "cen_loss": 2.3028161997795107,
    "cen_accuracy": 0.1005
  },
  "2": {
    "cen_loss": 3.635855917930603,
    "cen_accuracy": 0.0995
  },
  "3": {
    "cen_loss": 4.659762099742889,
    "cen_accuracy": 0.0995
  },
  "4": {
    "cen_loss": 5.4547211766242985,
    "cen_accuracy": 0.0995
  },
  "5": {
    "cen_loss": 6.156265140533447,
    "cen_accuracy": 0.0995
  },
  "6": {
    "cen_loss": 8.430649743080139,
    "cen_accuracy": 0.0995
  },
  "7": {
    "cen_loss": 5.507263747692108,
    "cen_accuracy": 0.142125
  },
  "8": {
    "cen_loss": 2.9083603184223175,
    "cen_accuracy": 0.240875
  },
  "9": {
    "cen_loss": 2.310893650531769,
    "cen_accuracy": 0.329625
  },
  "10": {
    "cen_loss": 1.719957130908966,
    "cen_accuracy": 0.488625
  },
  "11": {
    "cen_loss": 2.115389856219292,
    "cen_accuracy": 0.387
  },
  "12": {
    "cen_loss": 2.115336177229881,
    "cen_accuracy": 0.39875
  },
  "13": {
    "cen_loss": 1.8999281659126281,
    "cen_accuracy": 0.4435
  },
  "14": {
    "cen_loss": 1.7573283787965774,
    "cen_accuracy": 0.496375
  },
  "15": {
    "cen_loss": 1.6477466195821762,
    "cen_accuracy": 0.528375
  },
  "16": {
    "cen_loss": 1.7707933550477029,
    "cen_accuracy": 0.51225
  },
  "17": {
    "cen_loss": 1.793712744653225,
    "cen_accuracy": 0.51875
  },
  "18": {
    "cen_loss": 1.558821183681488,
    "cen_accuracy": 0.560375
  },
  "19": {
    "cen_loss": 1.502319861650467,
    "cen_accuracy": 0.574125
  },
  "20": {
    "cen_loss": 1.5648948499560356,
    "cen_accuracy": 0.586125
  },
  "21": {
    "cen_loss": 1.4562429941892623,
    "cen_accuracy": 0.585375
  },
  "22": {
    "cen_loss": 1.4064990704059601,
    "cen_accuracy": 0.598375
  },
  "23": {
    "cen_loss": 1.5668563247919083,
    "cen_accuracy": 0.57925
  },
  "24": {
    "cen_loss": 1.4415940437912942,
    "cen_accuracy": 0.5995
  },
  "25": {
    "cen_loss": 1.3663084788322448,
    "cen_accuracy": 0.611375
  },
  "26": {
    "cen_loss": 1.3739581535458565,
    "cen_accuracy": 0.618875
  },
  "27": {
    "cen_loss": 1.385139395415783,
    "cen_accuracy": 0.615875
  },
  "28": {
    "cen_loss": 1.5111185027360916,
    "cen_accuracy": 0.602
  },
  "29": {
    "cen_loss": 1.4293695192337037,
    "cen_accuracy": 0.6175
  },
  "30": {
    "cen_loss": 1.5368044095039368,
    "cen_accuracy": 0.619
  },
  "31": {
    "cen_loss": 1.483780568957329,
    "cen_accuracy": 0.605625
  },
  "32": {
    "cen_loss": 1.2600266068577766,
    "cen_accuracy": 0.6365
  },
  "33": {
    "cen_loss": 1.2944715559780597,
    "cen_accuracy": 0.63125
  },
  "34": {
    "cen_loss": 1.2407079433202743,
    "cen_accuracy": 0.642375
  },
  "35": {
    "cen_loss": 1.3233631055355073,
    "cen_accuracy": 0.6325
  },
  "36": {
    "cen_loss": 1.3166386204957963,
    "cen_accuracy": 0.63475
  },
  "37": {
    "cen_loss": 1.2672856033444404,
    "cen_accuracy": 0.642625
  },
  "38": {
    "cen_loss": 1.3326145371198654,
    "cen_accuracy": 0.640125
  },
  "39": {
    "cen_loss": 1.2333755708634853,
    "cen_accuracy": 0.6545
  },
  "40": {
    "cen_loss": 1.362628008544445,
    "cen_accuracy": 0.6425
  },
  "41": {
    "cen_loss": 1.2157285479307174,
    "cen_accuracy": 0.65875
  },
  "42": {
    "cen_loss": 1.2272198086977004,
    "cen_accuracy": 0.660625
  },
  "43": {
    "cen_loss": 1.1769014278054237,
    "cen_accuracy": 0.66925
  },
  "44": {
    "cen_loss": 1.2078647920787335,
    "cen_accuracy": 0.666375
  },
  "45": {
    "cen_loss": 1.207453741312027,
    "cen_accuracy": 0.664
  },
  "46": {
    "cen_loss": 1.2352040176689625,
    "cen_accuracy": 0.66425
  },
  "47": {
    "cen_loss": 1.1980335586071014,
    "cen_accuracy": 0.669375
  },
  "48": {
    "cen_loss": 1.144638681858778,
    "cen_accuracy": 0.680375
  },
  "49": {
    "cen_loss": 1.1216581638753413,
    "cen_accuracy": 0.680375
  },
  "50": {
    "cen_loss": 1.1811732244193553,
    "cen_accuracy": 0.677375
  },
  "51": {
    "cen_loss": 1.164798319786787,
    "cen_accuracy": 0.677875
  },
  "52": {
    "cen_loss": 1.164412960410118,
    "cen_accuracy": 0.673875
  },
  "53": {
    "cen_loss": 1.1698791280686855,
    "cen_accuracy": 0.670625
  },
  "54": {
    "cen_loss": 1.1397384255230427,
    "cen_accuracy": 0.678875
  },
  "55": {
    "cen_loss": 1.1668623413145542,
    "cen_accuracy": 0.683
  },
  "56": {
    "cen_loss": 1.0987959412932395,
    "cen_accuracy": 0.686625
  },
  "57": {
    "cen_loss": 1.1444400763064624,
    "cen_accuracy": 0.689375
  },
  "58": {
    "cen_loss": 1.1722189471423625,
    "cen_accuracy": 0.6835
  },
  "59": {
    "cen_loss": 1.131208519488573,
    "cen_accuracy": 0.68825
  },
  "60": {
    "cen_loss": 1.1980090877115726,
    "cen_accuracy": 0.690625
  },
  "61": {
    "cen_loss": 1.1173396207690238,
    "cen_accuracy": 0.693625
  },
  "62": {
    "cen_loss": 1.1367133466899395,
    "cen_accuracy": 0.686375
  },
  "63": {
    "cen_loss": 1.039481697678566,
    "cen_accuracy": 0.70075
  },
  "64": {
    "cen_loss": 1.0248645575791597,
    "cen_accuracy": 0.7085
  },
  "65": {
    "cen_loss": 1.0221820075809955,
    "cen_accuracy": 0.7065
  },
  "66": {
    "cen_loss": 1.0706093537956476,
    "cen_accuracy": 0.69975
  },
  "67": {
    "cen_loss": 1.050861743554473,
    "cen_accuracy": 0.707875
  },
  "68": {
    "cen_loss": 1.0794785841703416,
    "cen_accuracy": 0.706625
  },
  "69": {
    "cen_loss": 1.0609670815765857,
    "cen_accuracy": 0.710375
  },
  "70": {
    "cen_loss": 1.0867635085582734,
    "cen_accuracy": 0.71225
  },
  "71": {
    "cen_loss": 1.0707806837558747,
    "cen_accuracy": 0.704875
  },
  "72": {
    "cen_loss": 1.0347336902320385,
    "cen_accuracy": 0.707375
  },
  "73": {
    "cen_loss": 1.0256643593013286,
    "cen_accuracy": 0.719
  },
  "74": {
    "cen_loss": 1.0507155211567878,
    "cen_accuracy": 0.71075
  },
  "75": {
    "cen_loss": 0.98358141733706,
    "cen_accuracy": 0.717125
  },
  "76": {
    "cen_loss": 0.9692244687825441,
    "cen_accuracy": 0.724
  },
  "77": {
    "cen_loss": 0.9904013448357583,
    "cen_accuracy": 0.720625
  },
  "78": {
    "cen_loss": 0.9771204825341702,
    "cen_accuracy": 0.724125
  },
  "79": {
    "cen_loss": 1.0071701531410218,
    "cen_accuracy": 0.7225
  },
  "80": {
    "cen_loss": 1.0556293052732943,
    "cen_accuracy": 0.721625
  },
  "81": {
    "cen_loss": 1.0712796898037196,
    "cen_accuracy": 0.7065
  },
  "82": {
    "cen_loss": 1.005166057050228,
    "cen_accuracy": 0.716375
  },
  "83": {
    "cen_loss": 1.0119563232660294,
    "cen_accuracy": 0.717375
  },
  "84": {
    "cen_loss": 0.9423698755651713,
    "cen_accuracy": 0.7245
  },
  "85": {
    "cen_loss": 0.9996679105609655,
    "cen_accuracy": 0.720875
  },
  "86": {
    "cen_loss": 0.9691693505495786,
    "cen_accuracy": 0.729
  },
  "87": {
    "cen_loss": 1.0115224047601223,
    "cen_accuracy": 0.72775
  },
  "88": {
    "cen_loss": 1.0640331272035837,
    "cen_accuracy": 0.72075
  },
  "89": {
    "cen_loss": 0.9558461247086525,
    "cen_accuracy": 0.728375
  },
  "90": {
    "cen_loss": 0.9852093419134617,
    "cen_accuracy": 0.730125
  },
  "91": {
    "cen_loss": 0.9888861547410488,
    "cen_accuracy": 0.72575
  },
  "92": {
    "cen_loss": 0.9443065082579851,
    "cen_accuracy": 0.729
  },
  "93": {
    "cen_loss": 0.9550530038401485,
    "cen_accuracy": 0.728125
  },
  "94": {
    "cen_loss": 0.9690269052386283,
    "cen_accuracy": 0.732
  },
  "95": {
    "cen_loss": 0.9897695205360652,
    "cen_accuracy": 0.7245
  },
  "96": {
    "cen_loss": 1.041908683218062,
    "cen_accuracy": 0.7165
  },
  "97": {
    "cen_loss": 1.0035885616093874,
    "cen_accuracy": 0.725625
  },
  "98": {
    "cen_loss": 0.9487171390652657,
    "cen_accuracy": 0.737875
  },
  "99": {
    "cen_loss": 0.9531549506336451,
    "cen_accuracy": 0.736875
  },
  "100": {
    "cen_loss": 1.0066048004925252,
    "cen_accuracy": 0.732625
  },