{
  "0": {
    "cen_loss": 4.373662099831569,
    "cen_accuracy": 0.1197601587848679
  },
  "1": {
    "cen_loss": 4.373662099831569,
    "cen_accuracy": 0.1197601587848679
  },
  "2": {
    "cen_loss": 2.997194624718457,
    "cen_accuracy": 0.19883644920904694
  },
  "3": {
    "cen_loss": 2.6001036657526675,
    "cen_accuracy": 0.2794221466858413
  },
  "4": {
    "cen_loss": 2.3551227459612663,
    "cen_accuracy": 0.34836639370565375
  },
  "5": {
    "cen_loss": 2.2942516066765966,
    "cen_accuracy": 0.36669202153579195
  },
  "6": {
    "cen_loss": 2.1638080584506874,
    "cen_accuracy": 0.38779876157311116
  },
  "7": {
    "cen_loss": 2.0811855193420703,
    "cen_accuracy": 0.40831243537479645
  },
  "8": {
    "cen_loss": 2.0233455047003406,
    "cen_accuracy": 0.42622446190232827
  },
  "9": {
    "cen_loss": 1.978173479308296,
    "cen_accuracy": 0.4369329324094653
  },
  "10": {
    "cen_loss": 1.9781075414498048,
    "cen_accuracy": 0.4369495715423288
  },
  "11": {
    "cen_loss": 1.9346332858304989,
    "cen_accuracy": 0.4472420637278789
  },
  "12": {
    "cen_loss": 1.9371333340094194,
    "cen_accuracy": 0.44671198849522814
  },
  "13": {
    "cen_loss": 1.9955351798968137,
    "cen_accuracy": 0.43285753336740396
  },
  "14": {
    "cen_loss": 1.880233211216913,
    "cen_accuracy": 0.46015640784891665
  },
  "15": {
    "cen_loss": 1.8482589062637451,
    "cen_accuracy": 0.4709789752671175
  },
  "16": {
    "cen_loss": 1.8486922926278182,
    "cen_accuracy": 0.4692496939588063
  },
  "17": {
    "cen_loss": 1.8711179317237518,
    "cen_accuracy": 0.46825491151546844
  },
  "18": {
    "cen_loss": 1.9095865415457667,
    "cen_accuracy": 0.4569735794340318
  },
  "19": {
    "cen_loss": 1.87572727959976,
    "cen_accuracy": 0.47193572540676737
  },
  "20": {
    "cen_loss": 1.8757272755264205,
    "cen_accuracy": 0.47192859434982587
  },
  "21": {
    "cen_loss": 1.8659628599183282,
    "cen_accuracy": 0.47194523348268935
  },
  "22": {
    "cen_loss": 1.887639974266991,
    "cen_accuracy": 0.468563923982933
  },
  "23": {
    "cen_loss": 1.8410614296170362,
    "cen_accuracy": 0.4750924066128668
  },
  "24": {
    "cen_loss": 1.8480992517197132,
    "cen_accuracy": 0.47702373453452024
  },
  "25": {
    "cen_loss": 1.8550164871796486,
    "cen_accuracy": 0.47642353724194486
  },
  "26": {
    "cen_loss": 1.864084562077201,
    "cen_accuracy": 0.4808115142799415
  },
  "27": {
    "cen_loss": 1.8223034586298508,
    "cen_accuracy": 0.4849118720212981
  },
  "28": {
    "cen_loss": 1.82060296401093,
    "cen_accuracy": 0.48685151950938327
  },
  "29": {
    "cen_loss": 1.7931739761374323,
    "cen_accuracy": 0.4927821818657222
  },
  "30": {
    "cen_loss": 1.7931740199132926,
    "cen_accuracy": 0.4927798048467417
  },
  "31": {
    "cen_loss": 1.7925509209269546,
    "cen_accuracy": 0.49400515813118767
  },
  "32": {
    "cen_loss": 1.8340559291760825,
    "cen_accuracy": 0.48723897360320423
  },
  "33": {
    "cen_loss": 2.0079818312128523,
    "cen_accuracy": 0.4559894935761062
  },
  "34": {
    "cen_loss": 1.8044334300956608,
    "cen_accuracy": 0.4906083980080581
  },
  "35": {
    "cen_loss": 1.7727730462058604,
    "cen_accuracy": 0.4957261198730672
  },
  "36": {
    "cen_loss": 1.8604058046332101,
    "cen_accuracy": 0.4861633725145295
  },
  "37": {
    "cen_loss": 1.7330456594756691,
    "cen_accuracy": 0.5077027300062991
  },
  "38": {
    "cen_loss": 1.7866167498447572,
    "cen_accuracy": 0.4993748440081294
  },
  "39": {
    "cen_loss": 1.7869582977887037,
    "cen_accuracy": 0.4994021797264051
  },
  "40": {
    "cen_loss": 1.7869576587311917,
    "cen_accuracy": 0.49939029463150264
  },
  "41": {
    "cen_loss": 1.7750518423273312,
    "cen_accuracy": 0.5033468427245391
  },
  "42": {
    "cen_loss": 1.7975197697840777,
    "cen_accuracy": 0.4920274783394145
  },
  "43": {
    "cen_loss": 1.8143284329233005,
    "cen_accuracy": 0.48715934346735756
  },
  "44": {
    "cen_loss": 1.7568583145915635,
    "cen_accuracy": 0.5005336407611215
  },
  "45": {
    "cen_loss": 1.7204170437008406,
    "cen_accuracy": 0.5021928000095081
  },
  "46": {
    "cen_loss": 1.7272532752015888,
    "cen_accuracy": 0.5068957320624206
  },
  "47": {
    "cen_loss": 1.7267891553392465,
    "cen_accuracy": 0.5112539963631609
  },
  "48": {
    "cen_loss": 1.719883544269438,
    "cen_accuracy": 0.5114441578816007
  },
  "49": {
    "cen_loss": 1.735968268250726,
    "cen_accuracy": 0.5088769773826644
  },
  "50": {
    "cen_loss": 1.735968234968355,
    "cen_accuracy": 0.5088769773826644
  },
  "51": {
    "cen_loss": 1.7549628197769238,
    "cen_accuracy": 0.5068945435529303
  },
  "52": {
    "cen_loss": 1.8302307748144522,
    "cen_accuracy": 0.4988946861740691
  },
  "53": {
    "cen_loss": 1.7970936744363484,
    "cen_accuracy": 0.5040920381749249
  },
  "54": {
    "cen_loss": 1.7551357933330698,
    "cen_accuracy": 0.5066913084300978
  },
  "55": {
    "cen_loss": 1.7456450053100332,
    "cen_accuracy": 0.5133291339331345
  },
  "56": {
    "cen_loss": 1.7710428558863018,
    "cen_accuracy": 0.5054457504843176
  },
  "57": {
    "cen_loss": 1.7641154161140142,
    "cen_accuracy": 0.5078679328254436
  },
  "58": {
    "cen_loss": 1.7389197695194214,
    "cen_accuracy": 0.5116212457956477
  },
  "59": {
    "cen_loss": 1.6854546463295854,
    "cen_accuracy": 0.5194321301655593
  },
  "60": {
    "cen_loss": 1.685454481451289,
    "cen_accuracy": 0.5194428267509716
  },
  "61": {
    "cen_loss": 1.683374419725398,
    "cen_accuracy": 0.5160436896088615
  },
  "62": {
    "cen_loss": 1.694312076017803,
    "cen_accuracy": 0.5177480122178776
  },
  "63": {
    "cen_loss": 1.7310565609581652,
    "cen_accuracy": 0.5132815935535245
  },
  "64": {
    "cen_loss": 1.7737861946762317,
    "cen_accuracy": 0.5031756973579434
  },
  "65": {
    "cen_loss": 1.6827719566277684,
    "cen_accuracy": 0.5206325247507101
  },
  "66": {
    "cen_loss": 1.7149394047648634,
    "cen_accuracy": 0.5177242420280725
  },
  "67": {
    "cen_loss": 1.7158350192737848,
    "cen_accuracy": 0.5157406196888482
  },
  "68": {
    "cen_loss": 1.7445862546547033,
    "cen_accuracy": 0.5101011421576201
  },
  "69": {
    "cen_loss": 1.6968581618076426,
    "cen_accuracy": 0.5203247007927359
  },
  "70": {
    "cen_loss": 1.6968583919534463,
    "cen_accuracy": 0.5203247007927359
  },
  "71": {
    "cen_loss": 1.6687340205792422,
    "cen_accuracy": 0.5228526604784939
  },
  "72": {
    "cen_loss": 1.6728671137259317,
    "cen_accuracy": 0.5241398162564328
  },
  "73": {
    "cen_loss": 1.7241640870150259,
    "cen_accuracy": 0.5133231913856832
  },
  "74": {
    "cen_loss": 1.7469336195752838,
    "cen_accuracy": 0.5087569379241493
  },
  "75": {
    "cen_loss": 1.6918865341367695,
    "cen_accuracy": 0.5178549780719999
  },
  "76": {
    "cen_loss": 1.7200070451019134,
    "cen_accuracy": 0.5142110079748987
  },
  "77": {
    "cen_loss": 1.7433241233701968,
    "cen_accuracy": 0.5118007107286752
  },
  "78": {
    "cen_loss": 1.6918700578441157,
    "cen_accuracy": 0.5207668263231082
  },
  "79": {
    "cen_loss": 1.7059367364669868,
    "cen_accuracy": 0.5214347686566277
  },
  "80": {
    "cen_loss": 1.7059363316600715,
    "cen_accuracy": 0.5214442767325497
  },
  "81": {
    "cen_loss": 1.7710027973936298,
    "cen_accuracy": 0.5132471267783073
  },
  "82": {
    "cen_loss": 1.6492671210455925,
    "cen_accuracy": 0.525399636316096
  },
  "83": {
    "cen_loss": 1.6838662618493523,
    "cen_accuracy": 0.5207454331522837
  },
  "84": {
    "cen_loss": 1.6978451635407439,
    "cen_accuracy": 0.5203924458336799
  },
  "85": {
    "cen_loss": 1.6870661927660275,
    "cen_accuracy": 0.5240863333293716
  },
  "86": {
    "cen_loss": 1.64155217501411,
    "cen_accuracy": 0.531799759921083
  },
  "87": {
    "cen_loss": 1.6880801509409056,
    "cen_accuracy": 0.5242764948478114
  },
  "88": {
    "cen_loss": 1.7037091447466612,
    "cen_accuracy": 0.5242253889397307
  },