{
  "0": {
    "cen_loss": 4.372942588409728,
    "cen_accuracy": 0.002266690952641159
  },
  "1": {
    "cen_loss": 4.372942588409728,
    "cen_accuracy": 0.002266690952641159
  },
  "2": {
    "cen_loss": 3.052857155014444,
    "cen_accuracy": 0.18795201377157614
  },
  "3": {
    "cen_loss": 2.3882540452660423,
    "cen_accuracy": 0.34045364771765413
  },
  "4": {
    "cen_loss": 2.1392697953757045,
    "cen_accuracy": 0.40135072875780814
  },
  "5": {
    "cen_loss": 2.0701507613302894,
    "cen_accuracy": 0.4185401986449855
  },
  "6": {
    "cen_loss": 2.038952907815585,
    "cen_accuracy": 0.4227057194660419
  },
  "7": {
    "cen_loss": 2.003059114311337,
    "cen_accuracy": 0.430943902970389
  },
  "8": {
    "cen_loss": 1.9883317588095561,
    "cen_accuracy": 0.4361308633068688
  },
  "9": {
    "cen_loss": 1.9432368093199106,
    "cen_accuracy": 0.4432476062243524
  },
  "10": {
    "cen_loss": 1.9432213666188882,
    "cen_accuracy": 0.4432547491580267
  },
  "11": {
    "cen_loss": 1.930786351448937,
    "cen_accuracy": 0.4455035827764821
  },
  "12": {
    "cen_loss": 1.9241432347888028,
    "cen_accuracy": 0.45435486808787234
  },
  "13": {
    "cen_loss": 1.8682658657789075,
    "cen_accuracy": 0.46958241219251157
  },
  "14": {
    "cen_loss": 1.85642349662028,
    "cen_accuracy": 0.4707764726050636
  },
  "15": {
    "cen_loss": 1.874332411493681,
    "cen_accuracy": 0.4698086050921974
  },
  "16": {
    "cen_loss": 1.7945454383688293,
    "cen_accuracy": 0.4826992193963983
  },
  "17": {
    "cen_loss": 1.834352926939547,
    "cen_accuracy": 0.47979561685779964
  },
  "18": {
    "cen_loss": 1.7837041038789407,
    "cen_accuracy": 0.48510043559990523
  },
  "19": {
    "cen_loss": 1.792539252240176,
    "cen_accuracy": 0.48587187243672847
  },
  "20": {
    "cen_loss": 1.7925391674329272,
    "cen_accuracy": 0.4858742534146199
  },
  "21": {
    "cen_loss": 1.8001899794670186,
    "cen_accuracy": 0.48738022193094926
  },
  "22": {
    "cen_loss": 1.833198595842103,
    "cen_accuracy": 0.48187421055701785
  },
  "23": {
    "cen_loss": 1.8192469751882512,
    "cen_accuracy": 0.4828194587799155
  },
  "24": {
    "cen_loss": 1.799451839309768,
    "cen_accuracy": 0.4921897972716374
  },
  "25": {
    "cen_loss": 1.8582682258274368,
    "cen_accuracy": 0.4836075624619788
  },
  "26": {
    "cen_loss": 1.7469938524231254,
    "cen_accuracy": 0.4979339064347118
  },
  "27": {
    "cen_loss": 1.7798662505695388,
    "cen_accuracy": 0.4919219372588516
  },
  "28": {
    "cen_loss": 1.7751065814861844,
    "cen_accuracy": 0.49503506585189605
  },
  "29": {
    "cen_loss": 1.7811097586115385,
    "cen_accuracy": 0.49616126839454233
  },
  "30": {
    "cen_loss": 1.7811098519982582,
    "cen_accuracy": 0.4961684113282166
  },
  "31": {
    "cen_loss": 1.717946843546589,
    "cen_accuracy": 0.5066780477409877
  },
  "32": {
    "cen_loss": 1.7487326210659309,
    "cen_accuracy": 0.5006994122556075
  },
  "33": {
    "cen_loss": 1.7509054480253283,
    "cen_accuracy": 0.49799343088199755
  },
  "34": {
    "cen_loss": 1.7932259315938552,
    "cen_accuracy": 0.4957898358434793
  },
  "35": {
    "cen_loss": 1.7665877630739237,
    "cen_accuracy": 0.49971963985328416
  },
  "36": {
    "cen_loss": 1.8040158425327653,
    "cen_accuracy": 0.4896135791931104
  },
  "37": {
    "cen_loss": 1.7787057673156068,
    "cen_accuracy": 0.500726793501359
  },
  "38": {
    "cen_loss": 1.8089988465334352,
    "cen_accuracy": 0.4935588595592096
  },
  "39": {
    "cen_loss": 1.7791241792245855,
    "cen_accuracy": 0.4995243996661869
  },
  "40": {
    "cen_loss": 1.7791239718104042,
    "cen_accuracy": 0.4995315425998612
  },
  "41": {
    "cen_loss": 1.7570290839240759,
    "cen_accuracy": 0.5058839916141958
  },
  "42": {
    "cen_loss": 1.7056167952922476,
    "cen_accuracy": 0.5141686041874258
  },
  "43": {
    "cen_loss": 1.7363272974186739,
    "cen_accuracy": 0.5073840076857966
  },
  "44": {
    "cen_loss": 1.7344863952858196,
    "cen_accuracy": 0.509424505738752
  },
  "45": {
    "cen_loss": 1.7730749641167916,
    "cen_accuracy": 0.49931249263384964
  },
  "46": {
    "cen_loss": 1.7590468066351799,
    "cen_accuracy": 0.5039173038758749
  },
  "47": {
    "cen_loss": 1.797746052168698,
    "cen_accuracy": 0.5002113117878644
  },
  "48": {
    "cen_loss": 1.7252253745989306,
    "cen_accuracy": 0.5115447665510702
  },
  "49": {
    "cen_loss": 1.7526840094793312,
    "cen_accuracy": 0.5029220551172572
  },
  "50": {
    "cen_loss": 1.7526840565728978,
    "cen_accuracy": 0.5029196741393658
  },
  "51": {
    "cen_loss": 1.7466756216241968,
    "cen_accuracy": 0.5060482790887045
  },
  "52": {
    "cen_loss": 1.7316744295923143,
    "cen_accuracy": 0.5091852174606633
  },
  "53": {
    "cen_loss": 1.7385760709392508,
    "cen_accuracy": 0.506685190674662
  },
  "54": {
    "cen_loss": 1.7164672285417042,
    "cen_accuracy": 0.509111407146029
  },
  "55": {
    "cen_loss": 1.7273067306268117,
    "cen_accuracy": 0.5074637704451596
  },
  "56": {
    "cen_loss": 1.726032263683492,
    "cen_accuracy": 0.5094423630729377
  },
  "57": {
    "cen_loss": 1.7420564542000312,
    "cen_accuracy": 0.5077006777453568
  },
  "58": {
    "cen_loss": 1.7305314665016585,
    "cen_accuracy": 0.5105364224140497
  },
  "59": {
    "cen_loss": 1.7551441317233216,
    "cen_accuracy": 0.5078732986424854
  },
  "60": {
    "cen_loss": 1.7551438935082522,
    "cen_accuracy": 0.5078780605982683
  },
  "61": {
    "cen_loss": 1.7488801811795163,
    "cen_accuracy": 0.5108614258962298
  },
  "62": {
    "cen_loss": 1.7046857314650898,
    "cen_accuracy": 0.5145221794043031
  },
  "63": {
    "cen_loss": 1.6581583884607474,
    "cen_accuracy": 0.5200520005571488
  },
  "64": {
    "cen_loss": 1.6769781361530052,
    "cen_accuracy": 0.518953179260254
  },
  "65": {
    "cen_loss": 1.6808893870006616,
    "cen_accuracy": 0.5204543858208005
  },
  "66": {
    "cen_loss": 1.6543913492439144,
    "cen_accuracy": 0.5259711115952432
  },
  "67": {
    "cen_loss": 1.6481168707513103,
    "cen_accuracy": 0.5258520627006718
  },
  "68": {
    "cen_loss": 1.6828072511610994,
    "cen_accuracy": 0.5206877216541606
  },
  "69": {
    "cen_loss": 1.6902174367184586,
    "cen_accuracy": 0.5219567828702927
  },
  "70": {
    "cen_loss": 1.6902174002038362,
    "cen_accuracy": 0.5219520209145098
  },
  "71": {
    "cen_loss": 1.6902225780151796,
    "cen_accuracy": 0.5238460888271422
  },
  "72": {
    "cen_loss": 1.6851774570098768,
    "cen_accuracy": 0.5232615587547962
  },
  "73": {
    "cen_loss": 1.6787966697029506,
    "cen_accuracy": 0.5255461070416231
  },
  "74": {
    "cen_loss": 1.664105149891541,
    "cen_accuracy": 0.5278020835937528
  },
  "75": {
    "cen_loss": 1.686608251093571,
    "cen_accuracy": 0.5241960925771824
  },
  "76": {
    "cen_loss": 1.6728937543375686,
    "cen_accuracy": 0.5264889742866292
  },
  "77": {
    "cen_loss": 1.6907732010971093,
    "cen_accuracy": 0.5234163223177392
  },
  "78": {
    "cen_loss": 1.7336747581987884,
    "cen_accuracy": 0.5143900351313287
  },
  "79": {
    "cen_loss": 1.6949428653100438,
    "cen_accuracy": 0.5182103141581279
  },
  "80": {
    "cen_loss": 1.6949426854122158,
    "cen_accuracy": 0.518205552202345
  },
  "81": {
    "cen_loss": 1.6996195949646378,
    "cen_accuracy": 0.521454396535201
  },
  "82": {
    "cen_loss": 1.7198591896762474,
    "cen_accuracy": 0.5140745555607144
  },
  "83": {
    "cen_loss": 1.708672760751547,
    "cen_accuracy": 0.5145828943405346
  },
  "84": {
    "cen_loss": 1.6289698134281632,
    "cen_accuracy": 0.5312973591383717
  },
  "85": {
    "cen_loss": 1.69302006684543,
    "cen_accuracy": 0.519416279460137
  },
  "86": {
    "cen_loss": 1.6872915677575686,
    "cen_accuracy": 0.5247413365143198
  },
  "87": {
    "cen_loss": 1.6467044855392816,
    "cen_accuracy": 0.5312021200227145
  },
  "88": {
    "cen_loss": 1.6993293281501773,
    "cen_accuracy": 0.5228841737590045
  },