{
  "0": {
    "cen_loss": 2.3033384165763855,
    "cen_accuracy": 0.0765
  },
  "1": {
    "cen_loss": 2.3033384165763855,
    "cen_accuracy": 0.0765
  },
  "2": {
    "cen_loss": 2.416145140171051,
    "cen_accuracy": 0.098625
  },
  "3": {
    "cen_loss": 3.639244252681732,
    "cen_accuracy": 0.09975
  },
  "4": {
    "cen_loss": 3.7206896603107453,
    "cen_accuracy": 0.130125
  },
  "5": {
    "cen_loss": 4.414654550552368,
    "cen_accuracy": 0.09975
  },
  "6": {
    "cen_loss": 3.5957864320278166,
    "cen_accuracy": 0.138875
  },
  "7": {
    "cen_loss": 3.867936912059784,
    "cen_accuracy": 0.151875
  },
  "8": {
    "cen_loss": 2.691886862277985,
    "cen_accuracy": 0.249875
  },
  "9": {
    "cen_loss": 2.503472528219223,
    "cen_accuracy": 0.300375
  },
  "10": {
    "cen_loss": 2.2850022513866426,
    "cen_accuracy": 0.4835
  },
  "11": {
    "cen_loss": 2.4235848348140716,
    "cen_accuracy": 0.363625
  },
  "12": {
    "cen_loss": 2.0380591554641723,
    "cen_accuracy": 0.460375
  },
  "13": {
    "cen_loss": 2.180395919561386,
    "cen_accuracy": 0.460625
  },
  "14": {
    "cen_loss": 2.022736147880554,
    "cen_accuracy": 0.5015
  },
  "15": {
    "cen_loss": 2.0721919181346893,
    "cen_accuracy": 0.50275
  },
  "16": {
    "cen_loss": 2.1676802604198455,
    "cen_accuracy": 0.505125
  },
  "17": {
    "cen_loss": 1.948884254693985,
    "cen_accuracy": 0.53425
  },
  "18": {
    "cen_loss": 1.7397738265395164,
    "cen_accuracy": 0.567625
  },
  "19": {
    "cen_loss": 1.6698784633278847,
    "cen_accuracy": 0.59075
  },
  "20": {
    "cen_loss": 1.7526302072703839,
    "cen_accuracy": 0.633875
  },
  "21": {
    "cen_loss": 1.7577913976311683,
    "cen_accuracy": 0.585
  },
  "22": {
    "cen_loss": 1.7168716529607773,
    "cen_accuracy": 0.60275
  },
  "23": {
    "cen_loss": 1.6600793759822845,
    "cen_accuracy": 0.611
  },
  "24": {
    "cen_loss": 1.615959098547697,
    "cen_accuracy": 0.6245
  },
  "25": {
    "cen_loss": 1.5363128238022328,
    "cen_accuracy": 0.64575
  },
  "26": {
    "cen_loss": 1.5415654927492142,
    "cen_accuracy": 0.640625
  },
  "27": {
    "cen_loss": 1.486057951271534,
    "cen_accuracy": 0.63925
  },
  "28": {
    "cen_loss": 1.5419823613762855,
    "cen_accuracy": 0.653875
  },
  "29": {
    "cen_loss": 1.366980538904667,
    "cen_accuracy": 0.65725
  },
  "30": {
    "cen_loss": 2.399837139517069,
    "cen_accuracy": 0.652
  },
  "31": {
    "cen_loss": 1.4710793090462684,
    "cen_accuracy": 0.664875
  },
  "32": {
    "cen_loss": 1.8844376609921456,
    "cen_accuracy": 0.63125
  },
  "33": {
    "cen_loss": 1.355649170100689,
    "cen_accuracy": 0.681125
  },
  "34": {
    "cen_loss": 1.4781893582940102,
    "cen_accuracy": 0.6745
  },
  "35": {
    "cen_loss": 1.5513452601730824,
    "cen_accuracy": 0.6765
  },
  "36": {
    "cen_loss": 1.4089553388953209,
    "cen_accuracy": 0.69125
  },
  "37": {
    "cen_loss": 1.460708144903183,
    "cen_accuracy": 0.656625
  },
  "38": {
    "cen_loss": 1.6846173268854618,
    "cen_accuracy": 0.656375
  },
  "39": {
    "cen_loss": 1.5933824425041676,
    "cen_accuracy": 0.672125
  },
  "40": {
    "cen_loss": 1.445686953663826,
    "cen_accuracy": 0.689
  },
  "41": {
    "cen_loss": 1.9424477154910564,
    "cen_accuracy": 0.6725
  },
  "42": {
    "cen_loss": 1.6054394709765911,
    "cen_accuracy": 0.675625
  },
  "43": {
    "cen_loss": 1.2831189287006854,
    "cen_accuracy": 0.6895
  },
  "44": {
    "cen_loss": 1.4237973538041115,
    "cen_accuracy": 0.684625
  },
  "45": {
    "cen_loss": 1.2385533035248517,
    "cen_accuracy": 0.704
  },
  "46": {
    "cen_loss": 1.2742934026122092,
    "cen_accuracy": 0.700625
  },
  "47": {
    "cen_loss": 1.2688102745711805,
    "cen_accuracy": 0.70575
  },
  "48": {
    "cen_loss": 1.1677254711687566,
    "cen_accuracy": 0.7235
  },
  "49": {
    "cen_loss": 1.1803678284883499,
    "cen_accuracy": 0.71475
  },
  "50": {
    "cen_loss": 1.6289729919433593,
    "cen_accuracy": 0.719
  },
  "51": {
    "cen_loss": 1.154120205461979,
    "cen_accuracy": 0.721375
  },
  "52": {
    "cen_loss": 1.4666717628538608,
    "cen_accuracy": 0.692625
  },
  "53": {
    "cen_loss": 1.1482647861540318,
    "cen_accuracy": 0.7325
  },
  "54": {
    "cen_loss": 1.2553631308972835,
    "cen_accuracy": 0.716875
  },
  "55": {
    "cen_loss": 1.6694004071205855,
    "cen_accuracy": 0.71475
  },
  "56": {
    "cen_loss": 1.3868740182220936,
    "cen_accuracy": 0.7305
  },
  "57": {
    "cen_loss": 1.188485839933157,
    "cen_accuracy": 0.72175
  },
  "58": {
    "cen_loss": 1.6116533336937429,
    "cen_accuracy": 0.704375
  },
  "59": {
    "cen_loss": 1.3232416105121374,
    "cen_accuracy": 0.71875
  },
  "60": {
    "cen_loss": 1.571475503951311,
    "cen_accuracy": 0.71625
  },
  "61": {
    "cen_loss": 1.513728533640504,
    "cen_accuracy": 0.725
  },
  "62": {
    "cen_loss": 1.1713416912704706,
    "cen_accuracy": 0.74225
  },
  "63": {
    "cen_loss": 1.689530523329973,
    "cen_accuracy": 0.72275
  },
  "64": {
    "cen_loss": 1.1981655782610179,
    "cen_accuracy": 0.74725
  },
  "65": {
    "cen_loss": 2.0899160704910753,
    "cen_accuracy": 0.73325
  },
  "66": {
    "cen_loss": 1.8708657322078943,
    "cen_accuracy": 0.735375
  },
  "67": {
    "cen_loss": 1.5816604722440242,
    "cen_accuracy": 0.7335
  },
  "68": {
    "cen_loss": 1.7646401526778936,
    "cen_accuracy": 0.745375
  },
  "69": {
    "cen_loss": 1.6109448760449887,
    "cen_accuracy": 0.738125
  },
  "70": {
    "cen_loss": 1.7746483861207962,
    "cen_accuracy": 0.741625
  },
  "71": {
    "cen_loss": 1.66354072342813,
    "cen_accuracy": 0.73575
  },
  "72": {
    "cen_loss": 1.7678926497399807,
    "cen_accuracy": 0.732
  },
  "73": {
    "cen_loss": 2.0494936995506285,
    "cen_accuracy": 0.733625
  },
  "74": {
    "cen_loss": 1.8660075245201588,
    "cen_accuracy": 0.754875
  },
  "75": {
    "cen_loss": 1.4096555577516556,
    "cen_accuracy": 0.741625
  },
  "76": {
    "cen_loss": 1.2621075637340546,
    "cen_accuracy": 0.743125
  },
  "77": {
    "cen_loss": 1.5389737387001514,
    "cen_accuracy": 0.751125
  },
  "78": {
    "cen_loss": 2.2212935417070985,
    "cen_accuracy": 0.745125
  },
  "79": {
    "cen_loss": 1.5413013220652938,
    "cen_accuracy": 0.754125
  },
  "80": {
    "cen_loss": 2.3760648491829635,
    "cen_accuracy": 0.750875
  },
  "81": {
    "cen_loss": 1.4741466121599078,
    "cen_accuracy": 0.758375
  },
  "82": {
    "cen_loss": 1.0235365163981915,
    "cen_accuracy": 0.7655
  },
  "83": {
    "cen_loss": 1.1769388492032886,
    "cen_accuracy": 0.7615
  },
  "84": {
    "cen_loss": 1.3921593006029724,
    "cen_accuracy": 0.75775
  },
  "85": {
    "cen_loss": 1.6465063694119453,
    "cen_accuracy": 0.757125
  },
  "86": {
    "cen_loss": 1.460430236428976,
    "cen_accuracy": 0.7485
  },
  "87": {
    "cen_loss": 1.5412757562026382,
    "cen_accuracy": 0.758625
  },
  "88": {
    "cen_loss": 1.3152146975398065,
    "cen_accuracy": 0.76075
  },
  "89": {
    "cen_loss": 1.3825862871780992,
    "cen_accuracy": 0.761
  },
  "90": {
    "cen_loss": 1.4157843819223344,
    "cen_accuracy": 0.765625
  },
  "91": {
    "cen_loss": 1.5535235217809678,
    "cen_accuracy": 0.753375
  },
  "92": {
    "cen_loss": 1.5379648631513119,
    "cen_accuracy": 0.756
  },
  "93": {
    "cen_loss": 1.2236676475293935,
    "cen_accuracy": 0.77275
  },
  "94": {
    "cen_loss": 1.2441251851022244,
    "cen_accuracy": 0.75925
  },
  "95": {
    "cen_loss": 1.0532890089862048,
    "cen_accuracy": 0.77025
  },
  "96": {
    "cen_loss": 1.3174155229516327,
    "cen_accuracy": 0.7585
  },
  "97": {
    "cen_loss": 1.4318524326905608,
    "cen_accuracy": 0.7665
  },
  "98": {
    "cen_loss": 1.0438025210052728,
    "cen_accuracy": 0.779875
  },
  "99": {
    "cen_loss": 1.4327146029695867,
    "cen_accuracy": 0.760875
  },
  "100": {
    "cen_loss": 1.7903683361522853,
    "cen_accuracy": 0.76125
  },