{
  "0": {
    "cen_loss": 2.3028162007331847,
    "cen_accuracy": 0.1005
  },
  "1": {
    "cen_loss": 2.3028162007331847,
    "cen_accuracy": 0.1005
  },
  "2": {
    "cen_loss": 3.0694946513175965,
    "cen_accuracy": 0.1005
  },
  "3": {
    "cen_loss": 3.173740759849548,
    "cen_accuracy": 0.1005
  },
  "4": {
    "cen_loss": 3.47085547208786,
    "cen_accuracy": 0.1015
  },
  "5": {
    "cen_loss": 4.190274725437164,
    "cen_accuracy": 0.099625
  },
  "6": {
    "cen_loss": 5.400261452674866,
    "cen_accuracy": 0.10475
  },
  "7": {
    "cen_loss": 3.526984606266022,
    "cen_accuracy": 0.196625
  },
  "8": {
    "cen_loss": 3.6733651638031004,
    "cen_accuracy": 0.17725
  },
  "9": {
    "cen_loss": 2.3907408843040465,
    "cen_accuracy": 0.270375
  },
  "10": {
    "cen_loss": 1.9217262055873872,
    "cen_accuracy": 0.401625
  },
  "11": {
    "cen_loss": 2.6160263533592225,
    "cen_accuracy": 0.27225
  },
  "12": {
    "cen_loss": 2.800711230993271,
    "cen_accuracy": 0.252
  },
  "13": {
    "cen_loss": 2.5778128662109374,
    "cen_accuracy": 0.29975
  },
  "14": {
    "cen_loss": 2.7358848526477813,
    "cen_accuracy": 0.32675
  },
  "15": {
    "cen_loss": 2.5993067944049835,
    "cen_accuracy": 0.351875
  },
  "16": {
    "cen_loss": 1.8504252693653107,
    "cen_accuracy": 0.45025
  },
  "17": {
    "cen_loss": 2.797069864988327,
    "cen_accuracy": 0.359625
  },
  "18": {
    "cen_loss": 2.0089850803613665,
    "cen_accuracy": 0.455875
  },
  "19": {
    "cen_loss": 1.5616271513104438,
    "cen_accuracy": 0.536625
  },
  "20": {
    "cen_loss": 1.5645962604284287,
    "cen_accuracy": 0.544
  },
  "21": {
    "cen_loss": 1.9151375151276588,
    "cen_accuracy": 0.451
  },
  "22": {
    "cen_loss": 2.329434731245041,
    "cen_accuracy": 0.4375
  },
  "23": {
    "cen_loss": 1.9322781316637994,
    "cen_accuracy": 0.4795
  },
  "24": {
    "cen_loss": 2.1929400931596756,
    "cen_accuracy": 0.4765
  },
  "25": {
    "cen_loss": 1.784128142952919,
    "cen_accuracy": 0.485
  },
  "26": {
    "cen_loss": 1.6537993354797362,
    "cen_accuracy": 0.51875
  },
  "27": {
    "cen_loss": 1.8529272038936615,
    "cen_accuracy": 0.5035
  },
  "28": {
    "cen_loss": 1.5339896540641784,
    "cen_accuracy": 0.54775
  },
  "29": {
    "cen_loss": 2.1345276201963426,
    "cen_accuracy": 0.47875
  },
  "30": {
    "cen_loss": 2.3587889857292175,
    "cen_accuracy": 0.445875
  },
  "31": {
    "cen_loss": 1.7970229169726373,
    "cen_accuracy": 0.5195
  },
  "32": {
    "cen_loss": 1.9629481475949286,
    "cen_accuracy": 0.512375
  },
  "33": {
    "cen_loss": 1.555186702132225,
    "cen_accuracy": 0.554625
  },
  "34": {
    "cen_loss": 1.5712340700626373,
    "cen_accuracy": 0.560875
  },
  "35": {
    "cen_loss": 1.6986567188501358,
    "cen_accuracy": 0.548125
  },
  "36": {
    "cen_loss": 1.7674453718662262,
    "cen_accuracy": 0.531625
  },
  "37": {
    "cen_loss": 1.6064848914146423,
    "cen_accuracy": 0.555125
  },
  "38": {
    "cen_loss": 1.7960894174575806,
    "cen_accuracy": 0.538625
  },
  "39": {
    "cen_loss": 1.4871747994422913,
    "cen_accuracy": 0.562375
  },
  "40": {
    "cen_loss": 1.7337458302378654,
    "cen_accuracy": 0.51825
  },
  "41": {
    "cen_loss": 1.392790173947811,
    "cen_accuracy": 0.5795
  },
  "42": {
    "cen_loss": 1.6251499242186547,
    "cen_accuracy": 0.559625
  },
  "43": {
    "cen_loss": 1.2452410519719124,
    "cen_accuracy": 0.617125
  },
  "44": {
    "cen_loss": 1.740589919269085,
    "cen_accuracy": 0.56025
  },
  "45": {
    "cen_loss": 1.6668439047336578,
    "cen_accuracy": 0.582125
  },
  "46": {
    "cen_loss": 1.4237608777880668,
    "cen_accuracy": 0.58025
  },
  "47": {
    "cen_loss": 1.495474021077156,
    "cen_accuracy": 0.587875
  },
  "48": {
    "cen_loss": 1.306370743483305,
    "cen_accuracy": 0.620625
  },
  "49": {
    "cen_loss": 1.548367369890213,
    "cen_accuracy": 0.58225
  },
  "50": {
    "cen_loss": 1.5458152141571044,
    "cen_accuracy": 0.584625
  },
  "51": {
    "cen_loss": 1.4071012147665023,
    "cen_accuracy": 0.623
  },
  "52": {
    "cen_loss": 1.28088970297575,
    "cen_accuracy": 0.626
  },
  "53": {
    "cen_loss": 1.321410120487213,
    "cen_accuracy": 0.638375
  },
  "54": {
    "cen_loss": 1.3597488133907318,
    "cen_accuracy": 0.605125
  },
  "55": {
    "cen_loss": 1.5141724337339402,
    "cen_accuracy": 0.606
  },
  "56": {
    "cen_loss": 1.208937594205141,
    "cen_accuracy": 0.63675
  },
  "57": {
    "cen_loss": 1.2646834189891816,
    "cen_accuracy": 0.62775
  },
  "58": {
    "cen_loss": 1.1716652027964591,
    "cen_accuracy": 0.641125
  },
  "59": {
    "cen_loss": 1.3196325869560241,
    "cen_accuracy": 0.656
  },
  "60": {
    "cen_loss": 1.3039757860153913,
    "cen_accuracy": 0.65275
  },
  "61": {
    "cen_loss": 1.321161729067564,
    "cen_accuracy": 0.618875
  },
  "62": {
    "cen_loss": 1.32758110460639,
    "cen_accuracy": 0.62775
  },
  "63": {
    "cen_loss": 1.6297073230445385,
    "cen_accuracy": 0.616375
  },
  "64": {
    "cen_loss": 1.6100375213027,
    "cen_accuracy": 0.581875
  },
  "65": {
    "cen_loss": 1.3468816196322442,
    "cen_accuracy": 0.591125
  },
  "66": {
    "cen_loss": 1.1673456684947014,
    "cen_accuracy": 0.66075
  },
  "67": {
    "cen_loss": 1.358282675459981,
    "cen_accuracy": 0.630375
  },
  "68": {
    "cen_loss": 1.148428681522608,
    "cen_accuracy": 0.66425
  },
  "69": {
    "cen_loss": 1.2831331000030042,
    "cen_accuracy": 0.649125
  },
  "70": {
    "cen_loss": 1.2426118877232075,
    "cen_accuracy": 0.652875
  },
  "71": {
    "cen_loss": 1.1927150557786226,
    "cen_accuracy": 0.6595
  },
  "72": {
    "cen_loss": 1.192581258520484,
    "cen_accuracy": 0.661625
  },
  "73": {
    "cen_loss": 1.4190107591748238,
    "cen_accuracy": 0.631625
  },
  "74": {
    "cen_loss": 1.2066777488589286,
    "cen_accuracy": 0.65325
  },
  "75": {
    "cen_loss": 1.3335073046982289,
    "cen_accuracy": 0.653625
  },
  "76": {
    "cen_loss": 1.3264374293088912,
    "cen_accuracy": 0.6515
  },
  "77": {
    "cen_loss": 1.1120356931388378,
    "cen_accuracy": 0.663375
  },
  "78": {
    "cen_loss": 1.3823966964185237,
    "cen_accuracy": 0.638
  },
  "79": {
    "cen_loss": 1.2092354894429445,
    "cen_accuracy": 0.65675
  },
  "80": {
    "cen_loss": 1.4712513306438924,
    "cen_accuracy": 0.607375
  },
  "81": {
    "cen_loss": 1.2252565631568433,
    "cen_accuracy": 0.675375
  },
  "82": {
    "cen_loss": 1.0311467302441597,
    "cen_accuracy": 0.70475
  },
  "83": {
    "cen_loss": 1.0716652509570121,
    "cen_accuracy": 0.68525
  },
  "84": {
    "cen_loss": 1.1334461637735367,
    "cen_accuracy": 0.69425
  },
  "85": {
    "cen_loss": 1.2273780687749385,
    "cen_accuracy": 0.659625
  },
  "86": {
    "cen_loss": 1.1645516085326673,
    "cen_accuracy": 0.66475
  },
  "87": {
    "cen_loss": 1.2055976654291154,
    "cen_accuracy": 0.659875
  },
  "88": {
    "cen_loss": 1.1675757798105477,
    "cen_accuracy": 0.679875
  },
  "89": {
    "cen_loss": 1.1748947776257992,
    "cen_accuracy": 0.6705
  },
  "90": {
    "cen_loss": 1.1962838580310344,
    "cen_accuracy": 0.6675
  },
  "91": {
    "cen_loss": 1.4998067782223226,
    "cen_accuracy": 0.63375
  },
  "92": {
    "cen_loss": 1.141090583115816,
    "cen_accuracy": 0.673875
  },
  "93": {
    "cen_loss": 1.2055950519442558,
    "cen_accuracy": 0.66525
  },
  "94": {
    "cen_loss": 1.1390854244828224,
    "cen_accuracy": 0.66375
  },
  "95": {
    "cen_loss": 1.0664442758858204,
    "cen_accuracy": 0.702
  },
  "96": {
    "cen_loss": 1.0221597463190555,
    "cen_accuracy": 0.69925
  },
  "97": {
    "cen_loss": 1.0016417864859104,
    "cen_accuracy": 0.705875
  },
  "98": {
    "cen_loss": 1.1716811181157827,
    "cen_accuracy": 0.679
  },
  "99": {
    "cen_loss": 1.2556825010478496,
    "cen_accuracy": 0.6505
  },
  "100": {
    "cen_loss": 1.4893270621597767,
    "cen_accuracy": 0.630625
  },
  "101": {
    "cen_loss": 1.1526825475245714,