{
  "0": {
    "cen_loss": 2.302711468219757,
    "cen_accuracy": 0.099125
  },
  "1": {
    "cen_loss": 2.302711468219757,
    "cen_accuracy": 0.099125
  },
  "2": {
    "cen_loss": 2.775499764919281,
    "cen_accuracy": 0.10075
  },
  "3": {
    "cen_loss": 3.7197953510284423,
    "cen_accuracy": 0.10075
  },
  "4": {
    "cen_loss": 4.6710180311203,
    "cen_accuracy": 0.1005
  },
  "5": {
    "cen_loss": 5.865914659023285,
    "cen_accuracy": 0.0995
  },
  "6": {
    "cen_loss": 5.714140928268432,
    "cen_accuracy": 0.0995
  },
  "7": {
    "cen_loss": 6.319548331260681,
    "cen_accuracy": 0.0995
  },
  "8": {
    "cen_loss": 7.040491333007813,
    "cen_accuracy": 0.0995
  },
  "9": {
    "cen_loss": 5.902069597244263,
    "cen_accuracy": 0.111625
  },
  "10": {
    "cen_loss": 1.3315828664898872,
    "cen_accuracy": 0.579875
  },
  "11": {
    "cen_loss": 2.948335235595703,
    "cen_accuracy": 0.2855
  },
  "12": {
    "cen_loss": 2.079942258477211,
    "cen_accuracy": 0.420375
  },
  "13": {
    "cen_loss": 1.7371061273813249,
    "cen_accuracy": 0.486625
  },
  "14": {
    "cen_loss": 1.3456300507187844,
    "cen_accuracy": 0.592125
  },
  "15": {
    "cen_loss": 1.3871518304347992,
    "cen_accuracy": 0.58575
  },
  "16": {
    "cen_loss": 1.2716437034606933,
    "cen_accuracy": 0.63025
  },
  "17": {
    "cen_loss": 1.3523021270930766,
    "cen_accuracy": 0.611125
  },
  "18": {
    "cen_loss": 1.2024757968485356,
    "cen_accuracy": 0.652875
  },
  "19": {
    "cen_loss": 1.2271052811443806,
    "cen_accuracy": 0.65875
  },
  "20": {
    "cen_loss": 1.2238203393518925,
    "cen_accuracy": 0.672875
  },
  "21": {
    "cen_loss": 1.2063719308674334,
    "cen_accuracy": 0.663875
  },
  "22": {
    "cen_loss": 1.1595481939315795,
    "cen_accuracy": 0.679875
  },
  "23": {
    "cen_loss": 1.1283708446323872,
    "cen_accuracy": 0.688125
  },
  "24": {
    "cen_loss": 1.048844045996666,
    "cen_accuracy": 0.7045
  },
  "25": {
    "cen_loss": 1.0865397664308547,
    "cen_accuracy": 0.69825
  },
  "26": {
    "cen_loss": 1.1080541531145573,
    "cen_accuracy": 0.6915
  },
  "27": {
    "cen_loss": 1.055185103625059,
    "cen_accuracy": 0.705375
  },
  "28": {
    "cen_loss": 1.032132550701499,
    "cen_accuracy": 0.706875
  },
  "29": {
    "cen_loss": 0.9944973312914371,
    "cen_accuracy": 0.714375
  },
  "30": {
    "cen_loss": 1.04708110627532,
    "cen_accuracy": 0.71275
  },
  "31": {
    "cen_loss": 1.098804863512516,
    "cen_accuracy": 0.701625
  },
  "32": {
    "cen_loss": 0.9889435882866383,
    "cen_accuracy": 0.721
  },
  "33": {
    "cen_loss": 0.9514728243649005,
    "cen_accuracy": 0.732625
  },
  "34": {
    "cen_loss": 0.9471956317573785,
    "cen_accuracy": 0.730125
  },
  "35": {
    "cen_loss": 0.9553403955772519,
    "cen_accuracy": 0.741
  },
  "36": {
    "cen_loss": 1.0080811471492053,
    "cen_accuracy": 0.72525
  },
  "37": {
    "cen_loss": 1.0192895531877875,
    "cen_accuracy": 0.724125
  },
  "38": {
    "cen_loss": 0.9665238617956639,
    "cen_accuracy": 0.741125
  },
  "39": {
    "cen_loss": 1.0154575535207986,
    "cen_accuracy": 0.73175
  },
  "40": {
    "cen_loss": 1.0691538380980492,
    "cen_accuracy": 0.729125
  },
  "41": {
    "cen_loss": 0.998687849085778,
    "cen_accuracy": 0.733
  },
  "42": {
    "cen_loss": 0.917829245749861,
    "cen_accuracy": 0.745
  },
  "43": {
    "cen_loss": 0.9020775643736124,
    "cen_accuracy": 0.745375
  },
  "44": {
    "cen_loss": 1.056963463254273,
    "cen_accuracy": 0.728
  },
  "45": {
    "cen_loss": 0.9274930907860398,
    "cen_accuracy": 0.75425
  },
  "46": {
    "cen_loss": 0.8561923656389118,
    "cen_accuracy": 0.758
  },
  "47": {
    "cen_loss": 0.8121288044303656,
    "cen_accuracy": 0.7645
  },
  "48": {
    "cen_loss": 0.8783608533591032,
    "cen_accuracy": 0.753125
  },
  "49": {
    "cen_loss": 0.8672599407881498,
    "cen_accuracy": 0.7615
  },
  "50": {
    "cen_loss": 0.8697484615072608,
    "cen_accuracy": 0.758875
  },
  "51": {
    "cen_loss": 0.8243492207527161,
    "cen_accuracy": 0.776375
  },
  "52": {
    "cen_loss": 0.8304818178154528,
    "cen_accuracy": 0.771875
  },
  "53": {
    "cen_loss": 0.986837752789259,
    "cen_accuracy": 0.736125
  },
  "54": {
    "cen_loss": 0.9187761152163147,
    "cen_accuracy": 0.76275
  },
  "55": {
    "cen_loss": 0.880374056853354,
    "cen_accuracy": 0.766875
  },
  "56": {
    "cen_loss": 0.8425674355253577,
    "cen_accuracy": 0.775
  },
  "57": {
    "cen_loss": 0.856529765509069,
    "cen_accuracy": 0.76475
  },
  "58": {
    "cen_loss": 0.8724299966655672,
    "cen_accuracy": 0.77025
  },
  "59": {
    "cen_loss": 0.8948478096351028,
    "cen_accuracy": 0.758125
  },
  "60": {
    "cen_loss": 0.9569807848930358,
    "cen_accuracy": 0.749875
  },
  "61": {
    "cen_loss": 0.7839003634303808,
    "cen_accuracy": 0.78425
  },
  "62": {
    "cen_loss": 0.8091369209364057,
    "cen_accuracy": 0.78475
  },
  "63": {
    "cen_loss": 0.8952372801974415,
    "cen_accuracy": 0.767375
  },
  "64": {
    "cen_loss": 0.8433169780746103,
    "cen_accuracy": 0.78225
  },
  "65": {
    "cen_loss": 0.7968062211126089,
    "cen_accuracy": 0.786625
  },
  "66": {
    "cen_loss": 0.7642990262918175,
    "cen_accuracy": 0.795
  },
  "67": {
    "cen_loss": 0.7519976275488734,
    "cen_accuracy": 0.793125
  },
  "68": {
    "cen_loss": 0.779161462970078,
    "cen_accuracy": 0.78025
  },
  "69": {
    "cen_loss": 0.8009066011235118,
    "cen_accuracy": 0.784875
  },
  "70": {
    "cen_loss": 0.8349009321480989,
    "cen_accuracy": 0.7845
  },
  "71": {
    "cen_loss": 0.7374216244630516,
    "cen_accuracy": 0.7895
  },
  "72": {
    "cen_loss": 0.7617701765112579,
    "cen_accuracy": 0.796125
  },
  "73": {
    "cen_loss": 0.8286645744107664,
    "cen_accuracy": 0.78
  },
  "74": {
    "cen_loss": 0.8273649071566761,
    "cen_accuracy": 0.778375
  },
  "75": {
    "cen_loss": 0.7334116913080215,
    "cen_accuracy": 0.802875
  },
  "76": {
    "cen_loss": 0.7364979185648263,
    "cen_accuracy": 0.79675
  },
  "77": {
    "cen_loss": 0.7416116172745824,
    "cen_accuracy": 0.7955
  },
  "78": {
    "cen_loss": 0.7292513181604445,
    "cen_accuracy": 0.799125
  },
  "79": {
    "cen_loss": 0.7460488021709025,
    "cen_accuracy": 0.796125
  },
  "80": {
    "cen_loss": 0.7314957423955202,
    "cen_accuracy": 0.799
  },
  "81": {
    "cen_loss": 0.733892510117963,
    "cen_accuracy": 0.794625
  },
  "82": {
    "cen_loss": 0.7377004253864289,
    "cen_accuracy": 0.79575
  },
  "83": {
    "cen_loss": 0.7263805683664978,
    "cen_accuracy": 0.80475
  },
  "84": {
    "cen_loss": 0.7120760659016668,
    "cen_accuracy": 0.802
  },
  "85": {
    "cen_loss": 0.7205635659843683,
    "cen_accuracy": 0.8065
  },
  "86": {
    "cen_loss": 0.6891007500421256,
    "cen_accuracy": 0.810625
  },
  "87": {
    "cen_loss": 0.7804337394721806,
    "cen_accuracy": 0.7945
  },
  "88": {
    "cen_loss": 0.7660729486141353,
    "cen_accuracy": 0.799
  },
  "89": {
    "cen_loss": 0.6865063514672219,
    "cen_accuracy": 0.812875
  },
  "90": {
    "cen_loss": 0.7073747454620898,
    "cen_accuracy": 0.812125
  },
  "91": {
    "cen_loss": 0.7017395018469542,
    "cen_accuracy": 0.8105
  },
  "92": {
    "cen_loss": 0.6599160636942834,
    "cen_accuracy": 0.809875
  },
  "93": {
    "cen_loss": 0.7467761781364679,
    "cen_accuracy": 0.804875
  },
  "94": {
    "cen_loss": 0.7043280257321894,
    "cen_accuracy": 0.811625
  },
  "95": {
    "cen_loss": 0.7109431101754308,
    "cen_accuracy": 0.8165
  },
  "96": {
    "cen_loss": 0.7382424745745957,
    "cen_accuracy": 0.805125
  },
  "97": {
    "cen_loss": 0.7022748915553093,
    "cen_accuracy": 0.814625
  },
  "98": {
    "cen_loss": 0.7134149645734579,
    "cen_accuracy": 0.8155
  },
  "99": {
    "cen_loss": 0.7396239972896874,
    "cen_accuracy": 0.802
  },
  "100": {
    "cen_loss": 0.7919273915905506,
    "cen_accuracy": 0.7935
  },
  "101": {
    "cen_loss": 0.6743230952173471,