{
  "0": {
    "cen_loss": 2.3026313900947573,
    "cen_accuracy": 0.10175
  },
  "1": {
    "cen_loss": 2.3026313900947573,
    "cen_accuracy": 0.10175
  },
  "2": {
    "cen_loss": 3.1708509273529053,
    "cen_accuracy": 0.09975
  },
  "3": {
    "cen_loss": 3.538111732006073,
    "cen_accuracy": 0.09975
  },
  "4": {
    "cen_loss": 3.2204649105072023,
    "cen_accuracy": 0.10175
  },
  "5": {
    "cen_loss": 4.110324496746063,
    "cen_accuracy": 0.10175
  },
  "6": {
    "cen_loss": 4.379487538337708,
    "cen_accuracy": 0.10475
  },
  "7": {
    "cen_loss": 3.9157700729370117,
    "cen_accuracy": 0.133375
  },
  "8": {
    "cen_loss": 4.064118319034576,
    "cen_accuracy": 0.1455
  },
  "9": {
    "cen_loss": 3.733976052045822,
    "cen_accuracy": 0.207625
  },
  "10": {
    "cen_loss": 3.2919297080039978,
    "cen_accuracy": 0.272375
  },
  "11": {
    "cen_loss": 2.926819218635559,
    "cen_accuracy": 0.24575
  },
  "12": {
    "cen_loss": 3.036228549718857,
    "cen_accuracy": 0.232875
  },
  "13": {
    "cen_loss": 2.596301962852478,
    "cen_accuracy": 0.248125
  },
  "14": {
    "cen_loss": 2.7364722821712495,
    "cen_accuracy": 0.259125
  },
  "15": {
    "cen_loss": 1.9228819192647935,
    "cen_accuracy": 0.375875
  },
  "16": {
    "cen_loss": 2.613244654417038,
    "cen_accuracy": 0.27525
  },
  "17": {
    "cen_loss": 3.2706888756752015,
    "cen_accuracy": 0.25075
  },
  "18": {
    "cen_loss": 2.643415573358536,
    "cen_accuracy": 0.283125
  },
  "19": {
    "cen_loss": 3.2992757749557495,
    "cen_accuracy": 0.277875
  },
  "20": {
    "cen_loss": 3.4429811193943025,
    "cen_accuracy": 0.296625
  },
  "21": {
    "cen_loss": 2.372091680049896,
    "cen_accuracy": 0.345625
  },
  "22": {
    "cen_loss": 3.3849186556339266,
    "cen_accuracy": 0.2525
  },
  "23": {
    "cen_loss": 3.0304293348789213,
    "cen_accuracy": 0.268125
  },
  "24": {
    "cen_loss": 2.223051905632019,
    "cen_accuracy": 0.3505
  },
  "25": {
    "cen_loss": 2.632374511003494,
    "cen_accuracy": 0.369125
  },
  "26": {
    "cen_loss": 1.9747350882291794,
    "cen_accuracy": 0.36425
  },
  "27": {
    "cen_loss": 2.0088067359924318,
    "cen_accuracy": 0.348875
  },
  "28": {
    "cen_loss": 2.095568056464195,
    "cen_accuracy": 0.377125
  },
  "29": {
    "cen_loss": 2.9082930917739866,
    "cen_accuracy": 0.29325
  },
  "30": {
    "cen_loss": 3.4531553666591646,
    "cen_accuracy": 0.28875
  },
  "31": {
    "cen_loss": 4.3702032775878905,
    "cen_accuracy": 0.32575
  },
  "32": {
    "cen_loss": 2.088161640405655,
    "cen_accuracy": 0.372
  },
  "33": {
    "cen_loss": 2.3388971939086916,
    "cen_accuracy": 0.35125
  },
  "34": {
    "cen_loss": 2.91193585062027,
    "cen_accuracy": 0.339
  },
  "35": {
    "cen_loss": 2.202116969585419,
    "cen_accuracy": 0.394125
  },
  "36": {
    "cen_loss": 2.236043077707291,
    "cen_accuracy": 0.330875
  },
  "37": {
    "cen_loss": 2.7604452202320098,
    "cen_accuracy": 0.36125
  },
  "38": {
    "cen_loss": 1.7143690128326416,
    "cen_accuracy": 0.47975
  },
  "39": {
    "cen_loss": 2.3098773944377897,
    "cen_accuracy": 0.377125
  },
  "40": {
    "cen_loss": 3.264070408821106,
    "cen_accuracy": 0.30975
  },
  "41": {
    "cen_loss": 2.2073984130620956,
    "cen_accuracy": 0.3955
  },
  "42": {
    "cen_loss": 3.3016982221603395,
    "cen_accuracy": 0.33075
  },
  "43": {
    "cen_loss": 3.0865100564956665,
    "cen_accuracy": 0.283
  },
  "44": {
    "cen_loss": 2.4865471820831297,
    "cen_accuracy": 0.438875
  },
  "45": {
    "cen_loss": 2.4415745235681534,
    "cen_accuracy": 0.4235
  },
  "46": {
    "cen_loss": 2.5012538590431213,
    "cen_accuracy": 0.364125
  },
  "47": {
    "cen_loss": 2.106672332763672,
    "cen_accuracy": 0.34725
  },
  "48": {
    "cen_loss": 2.5097932292222978,
    "cen_accuracy": 0.376125
  },
  "49": {
    "cen_loss": 2.2704388788938523,
    "cen_accuracy": 0.41775
  },
  "50": {
    "cen_loss": 2.9234447593688966,
    "cen_accuracy": 0.35875
  },
  "51": {
    "cen_loss": 2.341795344233513,
    "cen_accuracy": 0.392875
  },
  "52": {
    "cen_loss": 1.6858334978818894,
    "cen_accuracy": 0.458625
  },
  "53": {
    "cen_loss": 1.681314978480339,
    "cen_accuracy": 0.467125
  },
  "54": {
    "cen_loss": 2.1669805693626403,
    "cen_accuracy": 0.382125
  },
  "55": {
    "cen_loss": 2.5032523194551466,
    "cen_accuracy": 0.336375
  },
  "56": {
    "cen_loss": 2.618965715646744,
    "cen_accuracy": 0.31225
  },
  "57": {
    "cen_loss": 1.9218199795484543,
    "cen_accuracy": 0.407
  },
  "58": {
    "cen_loss": 1.7776227515935898,
    "cen_accuracy": 0.44775
  },
  "59": {
    "cen_loss": 2.0455419108867647,
    "cen_accuracy": 0.407
  },
  "60": {
    "cen_loss": 2.0516683160066607,
    "cen_accuracy": 0.405125
  },
  "61": {
    "cen_loss": 1.8384787837266923,
    "cen_accuracy": 0.48775
  },
  "62": {
    "cen_loss": 1.949219841837883,
    "cen_accuracy": 0.446125
  },
  "63": {
    "cen_loss": 1.7053056244850158,
    "cen_accuracy": 0.512375
  },
  "64": {
    "cen_loss": 2.543442331314087,
    "cen_accuracy": 0.36075
  },
  "65": {
    "cen_loss": 1.4792601799964904,
    "cen_accuracy": 0.499625
  },
  "66": {
    "cen_loss": 1.8211056308746338,
    "cen_accuracy": 0.505625
  },
  "67": {
    "cen_loss": 2.2627742077112196,
    "cen_accuracy": 0.378
  },
  "68": {
    "cen_loss": 1.9057248933315276,
    "cen_accuracy": 0.4475
  },
  "69": {
    "cen_loss": 1.9253757573366166,
    "cen_accuracy": 0.457625
  },
  "70": {
    "cen_loss": 1.762132003068924,
    "cen_accuracy": 0.48675
  },
  "71": {
    "cen_loss": 2.256244620323181,
    "cen_accuracy": 0.40125
  },
  "72": {
    "cen_loss": 2.0087544639110564,
    "cen_accuracy": 0.385875
  },
  "73": {
    "cen_loss": 2.171949683666229,
    "cen_accuracy": 0.332
  },
  "74": {
    "cen_loss": 1.9062321585416795,
    "cen_accuracy": 0.46325
  },
  "75": {
    "cen_loss": 2.116065857410431,
    "cen_accuracy": 0.379625
  },
  "76": {
    "cen_loss": 2.8216428943872454,
    "cen_accuracy": 0.424875
  },
  "77": {
    "cen_loss": 1.590238913297653,
    "cen_accuracy": 0.491125
  },
  "78": {
    "cen_loss": 3.8096254711151123,
    "cen_accuracy": 0.29475
  },
  "79": {
    "cen_loss": 1.5694993804693222,
    "cen_accuracy": 0.48225
  },
  "80": {
    "cen_loss": 1.5342552847862243,
    "cen_accuracy": 0.504
  },
  "81": {
    "cen_loss": 1.8020835123062133,
    "cen_accuracy": 0.45725
  },
  "82": {
    "cen_loss": 1.8181640191078186,
    "cen_accuracy": 0.50675
  },
  "83": {
    "cen_loss": 2.864662531375885,
    "cen_accuracy": 0.371875
  },
  "84": {
    "cen_loss": 2.2858543779850007,
    "cen_accuracy": 0.411875
  },
  "85": {
    "cen_loss": 2.369930223226547,
    "cen_accuracy": 0.412
  },
  "86": {
    "cen_loss": 1.4047329135537148,
    "cen_accuracy": 0.53325
  },
  "87": {
    "cen_loss": 1.5048675563335419,
    "cen_accuracy": 0.52275
  },
  "88": {
    "cen_loss": 2.035652094721794,
    "cen_accuracy": 0.414125
  },
  "89": {
    "cen_loss": 1.431222806453705,
    "cen_accuracy": 0.51025
  },
  "90": {
    "cen_loss": 1.9936515474319458,
    "cen_accuracy": 0.416375
  },
  "91": {
    "cen_loss": 2.49989325606823,
    "cen_accuracy": 0.41375
  },
  "92": {
    "cen_loss": 2.090955456018448,
    "cen_accuracy": 0.39225
  },
  "93": {
    "cen_loss": 1.6654281787872314,
    "cen_accuracy": 0.466375
  },
  "94": {
    "cen_loss": 1.4048475154638291,
    "cen_accuracy": 0.529875
  },
  "95": {
    "cen_loss": 1.4951960141062737,
    "cen_accuracy": 0.5165
  },
  "96": {
    "cen_loss": 2.92128232550621,
    "cen_accuracy": 0.330375
  },
  "97": {
    "cen_loss": 2.486661058664322,
    "cen_accuracy": 0.384
  },
  "98": {
    "cen_loss": 3.2120544002056124,
    "cen_accuracy": 0.367375
  },
  "99": {
    "cen_loss": 2.1940499588251114,
    "cen_accuracy": 0.417
  },
  "100": {
    "cen_loss": 2.964692628860474,
    "cen_accuracy": 0.3455
  },
  "101": {
    "cen_loss": 1.6449934476613999,