{
  "0": {
    "cen_loss": 2.3027777171134947,
    "cen_accuracy": 0.097625
  },
  "1": {
    "cen_loss": 2.3027777171134947,
    "cen_accuracy": 0.097625
  },
  "2": {
    "cen_loss": 5.444548033714295,
    "cen_accuracy": 0.099875
  },
  "3": {
    "cen_loss": 6.103015346050262,
    "cen_accuracy": 0.101375
  },
  "4": {
    "cen_loss": 6.818453955173492,
    "cen_accuracy": 0.10075
  },
  "5": {
    "cen_loss": 2.727053071498871,
    "cen_accuracy": 0.16725
  },
  "6": {
    "cen_loss": 17.353228180885313,
    "cen_accuracy": 0.1
  },
  "7": {
    "cen_loss": 2.7316369352340697,
    "cen_accuracy": 0.112875
  },
  "8": {
    "cen_loss": 5.5839458527565,
    "cen_accuracy": 0.1495
  },
  "9": {
    "cen_loss": 4.071041669845581,
    "cen_accuracy": 0.2615
  },
  "10": {
    "cen_loss": 6.0276851463317875,
    "cen_accuracy": 0.19675
  },
  "11": {
    "cen_loss": 2.9236131372451784,
    "cen_accuracy": 0.18375
  },
  "12": {
    "cen_loss": 3.1275267453193663,
    "cen_accuracy": 0.258125
  },
  "13": {
    "cen_loss": 3.0099037306308745,
    "cen_accuracy": 0.247125
  },
  "14": {
    "cen_loss": 2.690966763496399,
    "cen_accuracy": 0.376375
  },
  "15": {
    "cen_loss": 2.6584654223918913,
    "cen_accuracy": 0.28425
  },
  "16": {
    "cen_loss": 3.4919463963508606,
    "cen_accuracy": 0.289625
  },
  "17": {
    "cen_loss": 4.518814828872681,
    "cen_accuracy": 0.28075
  },
  "18": {
    "cen_loss": 2.143989884138107,
    "cen_accuracy": 0.375875
  },
  "19": {
    "cen_loss": 4.432629714488983,
    "cen_accuracy": 0.234375
  },
  "20": {
    "cen_loss": 4.3313375120162965,
    "cen_accuracy": 0.26825
  },
  "21": {
    "cen_loss": 2.7317389523983002,
    "cen_accuracy": 0.366875
  },
  "22": {
    "cen_loss": 4.6613124017715455,
    "cen_accuracy": 0.196625
  },
  "23": {
    "cen_loss": 3.0451385803222655,
    "cen_accuracy": 0.3825
  },
  "24": {
    "cen_loss": 2.01625643992424,
    "cen_accuracy": 0.4195
  },
  "25": {
    "cen_loss": 3.0088414870500566,
    "cen_accuracy": 0.4015
  },
  "26": {
    "cen_loss": 1.8420683674812317,
    "cen_accuracy": 0.432
  },
  "27": {
    "cen_loss": 2.622042459130287,
    "cen_accuracy": 0.385125
  },
  "28": {
    "cen_loss": 2.054311460733414,
    "cen_accuracy": 0.38975
  },
  "29": {
    "cen_loss": 1.7049775344133378,
    "cen_accuracy": 0.4745
  },
  "30": {
    "cen_loss": 1.8809269810914993,
    "cen_accuracy": 0.4825
  },
  "31": {
    "cen_loss": 2.5403407328128815,
    "cen_accuracy": 0.421125
  },
  "32": {
    "cen_loss": 3.102637323617935,
    "cen_accuracy": 0.274375
  },
  "33": {
    "cen_loss": 1.5002316046357156,
    "cen_accuracy": 0.504125
  },
  "34": {
    "cen_loss": 2.9724541219472886,
    "cen_accuracy": 0.282875
  },
  "35": {
    "cen_loss": 2.367086040854454,
    "cen_accuracy": 0.37625
  },
  "36": {
    "cen_loss": 1.6353627730607987,
    "cen_accuracy": 0.42425
  },
  "37": {
    "cen_loss": 2.0617145733833313,
    "cen_accuracy": 0.436625
  },
  "38": {
    "cen_loss": 2.7121246091127396,
    "cen_accuracy": 0.368625
  },
  "39": {
    "cen_loss": 1.5021370670199394,
    "cen_accuracy": 0.52875
  },
  "40": {
    "cen_loss": 2.074373169064522,
    "cen_accuracy": 0.467
  },
  "41": {
    "cen_loss": 1.4913450524806977,
    "cen_accuracy": 0.483875
  },
  "42": {
    "cen_loss": 4.144088952541352,
    "cen_accuracy": 0.22275
  },
  "43": {
    "cen_loss": 2.6128930926322935,
    "cen_accuracy": 0.37625
  },
  "44": {
    "cen_loss": 3.2028682534694672,
    "cen_accuracy": 0.3505
  },
  "45": {
    "cen_loss": 1.4474912917017937,
    "cen_accuracy": 0.523375
  },
  "46": {
    "cen_loss": 1.894569090127945,
    "cen_accuracy": 0.435375
  },
  "47": {
    "cen_loss": 1.9018912060260773,
    "cen_accuracy": 0.53
  },
  "48": {
    "cen_loss": 1.422574183344841,
    "cen_accuracy": 0.57675
  },
  "49": {
    "cen_loss": 2.000738846182823,
    "cen_accuracy": 0.4795
  },
  "50": {
    "cen_loss": 2.9473112144470215,
    "cen_accuracy": 0.40975
  },
  "51": {
    "cen_loss": 2.380588612794876,
    "cen_accuracy": 0.432125
  },
  "52": {
    "cen_loss": 2.1529696983098985,
    "cen_accuracy": 0.45025
  },
  "53": {
    "cen_loss": 2.9388549416065217,
    "cen_accuracy": 0.2825
  },
  "54": {
    "cen_loss": 1.352849243402481,
    "cen_accuracy": 0.582
  },
  "55": {
    "cen_loss": 2.250029570102692,
    "cen_accuracy": 0.427375
  },
  "56": {
    "cen_loss": 1.9489081302881242,
    "cen_accuracy": 0.415875
  },
  "57": {
    "cen_loss": 1.5149818825721741,
    "cen_accuracy": 0.520125
  },
  "58": {
    "cen_loss": 1.929957511305809,
    "cen_accuracy": 0.481375
  },
  "59": {
    "cen_loss": 1.4277264358997346,
    "cen_accuracy": 0.5235
  },
  "60": {
    "cen_loss": 1.9840548695325853,
    "cen_accuracy": 0.43525
  },
  "61": {
    "cen_loss": 1.9493626327514648,
    "cen_accuracy": 0.454
  },
  "62": {
    "cen_loss": 2.4445847179889677,
    "cen_accuracy": 0.398875
  },
  "63": {
    "cen_loss": 1.4559311089515685,
    "cen_accuracy": 0.531
  },
  "64": {
    "cen_loss": 1.4903616108447313,
    "cen_accuracy": 0.600375
  },
  "65": {
    "cen_loss": 1.4775615015625954,
    "cen_accuracy": 0.549375
  },
  "66": {
    "cen_loss": 1.8754035439491272,
    "cen_accuracy": 0.484
  },
  "67": {
    "cen_loss": 1.733493769645691,
    "cen_accuracy": 0.544625
  },
  "68": {
    "cen_loss": 1.7795010319948197,
    "cen_accuracy": 0.538125
  },
  "69": {
    "cen_loss": 1.2092063693404198,
    "cen_accuracy": 0.60225
  },
  "70": {
    "cen_loss": 1.914812132358551,
    "cen_accuracy": 0.495
  },
  "71": {
    "cen_loss": 1.3087424479722978,
    "cen_accuracy": 0.579125
  },
  "72": {
    "cen_loss": 1.9672588797211648,
    "cen_accuracy": 0.511875
  },
  "73": {
    "cen_loss": 1.6780971061587333,
    "cen_accuracy": 0.568
  },
  "74": {
    "cen_loss": 1.4014111594557763,
    "cen_accuracy": 0.613375
  },
  "75": {
    "cen_loss": 3.080293645858765,
    "cen_accuracy": 0.369375
  },
  "76": {
    "cen_loss": 3.300805799484253,
    "cen_accuracy": 0.329
  },
  "77": {
    "cen_loss": 2.1820902515649796,
    "cen_accuracy": 0.35375
  },
  "78": {
    "cen_loss": 1.6433769214153289,
    "cen_accuracy": 0.495375
  },
  "79": {
    "cen_loss": 3.8926083278656005,
    "cen_accuracy": 0.324875
  },
  "80": {
    "cen_loss": 7.482112876415252,
    "cen_accuracy": 0.267
  },
  "81": {
    "cen_loss": 1.9736422140598298,
    "cen_accuracy": 0.336625
  },
  "82": {
    "cen_loss": 1.1688571944236756,
    "cen_accuracy": 0.622875
  },
  "83": {
    "cen_loss": 1.0926933092027902,
    "cen_accuracy": 0.671375
  },
  "84": {
    "cen_loss": 2.102394120812416,
    "cen_accuracy": 0.43125
  },
  "85": {
    "cen_loss": 1.6884534046053887,
    "cen_accuracy": 0.554375
  },
  "86": {
    "cen_loss": 2.157194183468819,
    "cen_accuracy": 0.482625
  },
  "87": {
    "cen_loss": 2.5614153332710266,
    "cen_accuracy": 0.411875
  },
  "88": {
    "cen_loss": 1.4490225182175636,
    "cen_accuracy": 0.595625
  },
  "89": {
    "cen_loss": 1.325062493622303,
    "cen_accuracy": 0.56425
  },
  "90": {
    "cen_loss": 1.7425284363031388,
    "cen_accuracy": 0.470625
  },
  "91": {
    "cen_loss": 1.6447159820795059,
    "cen_accuracy": 0.5065
  },
  "92": {
    "cen_loss": 1.4520921670794487,
    "cen_accuracy": 0.5905
  },
  "93": {
    "cen_loss": 1.3643236735463142,
    "cen_accuracy": 0.56
  },
  "94": {
    "cen_loss": 1.804490259408951,
    "cen_accuracy": 0.529
  },
  "95": {
    "cen_loss": 1.0687273678183555,
    "cen_accuracy": 0.675
  },
  "96": {
    "cen_loss": 1.4994534525871277,
    "cen_accuracy": 0.577
  },
  "97": {
    "cen_loss": 1.2376555683016777,
    "cen_accuracy": 0.577625
  },
  "98": {
    "cen_loss": 1.2901661998033525,
    "cen_accuracy": 0.582
  },
  "99": {
    "cen_loss": 1.3684078742861747,
    "cen_accuracy": 0.549
  },
  "100": {
    "cen_loss": 1.5723440746665,
    "cen_accuracy": 0.535
  },
  "101": {
    "cen_loss": 1.032319203466177,