{
  "0": {
    "cen_loss": 2.3027670545578003,
    "cen_accuracy": 0.0985
  },
  "1": {
    "cen_loss": 2.3027670545578003,
    "cen_accuracy": 0.0985
  },
  "2": {
    "cen_loss": 4.1341140666008,
    "cen_accuracy": 0.097625
  },
  "3": {
    "cen_loss": 2.8918032999038696,
    "cen_accuracy": 0.1265
  },
  "4": {
    "cen_loss": 4.519484132289887,
    "cen_accuracy": 0.10175
  },
  "5": {
    "cen_loss": 4.2233297953605655,
    "cen_accuracy": 0.130375
  },
  "6": {
    "cen_loss": 3.2959033086299896,
    "cen_accuracy": 0.179125
  },
  "7": {
    "cen_loss": 3.0285909008979797,
    "cen_accuracy": 0.29975
  },
  "8": {
    "cen_loss": 7.2156277022361754,
    "cen_accuracy": 0.208
  },
  "9": {
    "cen_loss": 3.950880417585373,
    "cen_accuracy": 0.25775
  },
  "10": {
    "cen_loss": 4.4290179889202115,
    "cen_accuracy": 0.2625
  },
  "11": {
    "cen_loss": 3.273057639360428,
    "cen_accuracy": 0.25225
  },
  "12": {
    "cen_loss": 1.7967907770872116,
    "cen_accuracy": 0.412875
  },
  "13": {
    "cen_loss": 2.455011463403702,
    "cen_accuracy": 0.311625
  },
  "14": {
    "cen_loss": 3.3988211762905123,
    "cen_accuracy": 0.226125
  },
  "15": {
    "cen_loss": 3.5960493359565735,
    "cen_accuracy": 0.26575
  },
  "16": {
    "cen_loss": 3.654177451848984,
    "cen_accuracy": 0.273625
  },
  "17": {
    "cen_loss": 2.67717959856987,
    "cen_accuracy": 0.28225
  },
  "18": {
    "cen_loss": 2.235551590681076,
    "cen_accuracy": 0.369375
  },
  "19": {
    "cen_loss": 2.223958914637566,
    "cen_accuracy": 0.3895
  },
  "20": {
    "cen_loss": 1.9404224224090576,
    "cen_accuracy": 0.45125
  },
  "21": {
    "cen_loss": 2.0486008203029633,
    "cen_accuracy": 0.400125
  },
  "22": {
    "cen_loss": 2.4152023730278014,
    "cen_accuracy": 0.388
  },
  "23": {
    "cen_loss": 2.1548566690683364,
    "cen_accuracy": 0.404125
  },
  "24": {
    "cen_loss": 2.2878138934373857,
    "cen_accuracy": 0.419625
  },
  "25": {
    "cen_loss": 2.14222833609581,
    "cen_accuracy": 0.4
  },
  "26": {
    "cen_loss": 1.921498891711235,
    "cen_accuracy": 0.443625
  },
  "27": {
    "cen_loss": 1.9233744266033173,
    "cen_accuracy": 0.4495
  },
  "28": {
    "cen_loss": 2.2113988171815873,
    "cen_accuracy": 0.422375
  },
  "29": {
    "cen_loss": 1.9357871296405793,
    "cen_accuracy": 0.4495
  },
  "30": {
    "cen_loss": 1.767711703658104,
    "cen_accuracy": 0.50175
  },
  "31": {
    "cen_loss": 2.291268127679825,
    "cen_accuracy": 0.415875
  },
  "32": {
    "cen_loss": 2.425207472920418,
    "cen_accuracy": 0.410625
  },
  "33": {
    "cen_loss": 1.9931149405241013,
    "cen_accuracy": 0.45775
  },
  "34": {
    "cen_loss": 1.9759350740909576,
    "cen_accuracy": 0.46
  },
  "35": {
    "cen_loss": 1.979765086054802,
    "cen_accuracy": 0.46125
  },
  "36": {
    "cen_loss": 1.9453716745376588,
    "cen_accuracy": 0.463625
  },
  "37": {
    "cen_loss": 1.9745359815359116,
    "cen_accuracy": 0.46775
  },
  "38": {
    "cen_loss": 1.802401846408844,
    "cen_accuracy": 0.486
  },
  "39": {
    "cen_loss": 2.359003242135048,
    "cen_accuracy": 0.444625
  },
  "40": {
    "cen_loss": 2.4418074700832366,
    "cen_accuracy": 0.440875
  },
  "41": {
    "cen_loss": 1.8506669914722442,
    "cen_accuracy": 0.501625
  },
  "42": {
    "cen_loss": 1.592259982585907,
    "cen_accuracy": 0.505625
  },
  "43": {
    "cen_loss": 2.033853177905083,
    "cen_accuracy": 0.46725
  },
  "44": {
    "cen_loss": 1.5952974050045012,
    "cen_accuracy": 0.52675
  },
  "45": {
    "cen_loss": 1.7204255785942077,
    "cen_accuracy": 0.50725
  },
  "46": {
    "cen_loss": 1.6390677230358124,
    "cen_accuracy": 0.5185
  },
  "47": {
    "cen_loss": 1.5831933010816575,
    "cen_accuracy": 0.5335
  },
  "48": {
    "cen_loss": 1.6276947391033172,
    "cen_accuracy": 0.517125
  },
  "49": {
    "cen_loss": 2.4765049015283584,
    "cen_accuracy": 0.418
  },
  "50": {
    "cen_loss": 2.7374247010946275,
    "cen_accuracy": 0.40875
  },
  "51": {
    "cen_loss": 1.850789987564087,
    "cen_accuracy": 0.505625
  },
  "52": {
    "cen_loss": 1.8010544484853745,
    "cen_accuracy": 0.516375
  },
  "53": {
    "cen_loss": 1.7655186833143235,
    "cen_accuracy": 0.52425
  },
  "54": {
    "cen_loss": 1.4699680196642875,
    "cen_accuracy": 0.558875
  },
  "55": {
    "cen_loss": 1.421733380317688,
    "cen_accuracy": 0.566875
  },
  "56": {
    "cen_loss": 1.5339695296287537,
    "cen_accuracy": 0.547375
  },
  "57": {
    "cen_loss": 2.1575330421924592,
    "cen_accuracy": 0.46125
  },
  "58": {
    "cen_loss": 2.270597422361374,
    "cen_accuracy": 0.460875
  },
  "59": {
    "cen_loss": 1.8563890738487243,
    "cen_accuracy": 0.517375
  },
  "60": {
    "cen_loss": 1.8146406943798066,
    "cen_accuracy": 0.536625
  },
  "61": {
    "cen_loss": 1.7226333171129227,
    "cen_accuracy": 0.5265
  },
  "62": {
    "cen_loss": 1.6623107221722604,
    "cen_accuracy": 0.528
  },
  "63": {
    "cen_loss": 1.4365188454389572,
    "cen_accuracy": 0.581875
  },
  "64": {
    "cen_loss": 1.5571816589534282,
    "cen_accuracy": 0.559875
  },
  "65": {
    "cen_loss": 1.6137703428268433,
    "cen_accuracy": 0.546
  },
  "66": {
    "cen_loss": 1.699219268977642,
    "cen_accuracy": 0.541
  },
  "67": {
    "cen_loss": 1.9497602908313274,
    "cen_accuracy": 0.51425
  },
  "68": {
    "cen_loss": 1.8789719791412354,
    "cen_accuracy": 0.523625
  },
  "69": {
    "cen_loss": 1.964547344684601,
    "cen_accuracy": 0.524875
  },
  "70": {
    "cen_loss": 2.099100612223148,
    "cen_accuracy": 0.534375
  },
  "71": {
    "cen_loss": 1.675369082927704,
    "cen_accuracy": 0.539625
  },
  "72": {
    "cen_loss": 1.8703222551345826,
    "cen_accuracy": 0.518125
  },
  "73": {
    "cen_loss": 1.7024430183768273,
    "cen_accuracy": 0.53925
  },
  "74": {
    "cen_loss": 1.4795941033363342,
    "cen_accuracy": 0.579625
  },
  "75": {
    "cen_loss": 1.6953034662604332,
    "cen_accuracy": 0.558125
  },
  "76": {
    "cen_loss": 1.5677611976861954,
    "cen_accuracy": 0.571
  },
  "77": {
    "cen_loss": 1.900907853245735,
    "cen_accuracy": 0.525625
  },
  "78": {
    "cen_loss": 1.9257615478038788,
    "cen_accuracy": 0.539125
  },
  "79": {
    "cen_loss": 1.9333288534879685,
    "cen_accuracy": 0.546
  },
  "80": {
    "cen_loss": 2.0099129140973093,
    "cen_accuracy": 0.5675
  },
  "81": {
    "cen_loss": 1.9991410539746284,
    "cen_accuracy": 0.538125
  },
  "82": {
    "cen_loss": 2.1018514695167543,
    "cen_accuracy": 0.538
  },
  "83": {
    "cen_loss": 2.01409802377224,
    "cen_accuracy": 0.5485
  },
  "84": {
    "cen_loss": 1.7578702144026757,
    "cen_accuracy": 0.541875
  },
  "85": {
    "cen_loss": 1.6193881193995476,
    "cen_accuracy": 0.579625
  },
  "86": {
    "cen_loss": 1.486117275774479,
    "cen_accuracy": 0.564375
  },
  "87": {
    "cen_loss": 1.615592308819294,
    "cen_accuracy": 0.573875
  },
  "88": {
    "cen_loss": 1.774351557791233,
    "cen_accuracy": 0.55125
  },
  "89": {
    "cen_loss": 1.50614030995965,
    "cen_accuracy": 0.601625
  },
  "90": {
    "cen_loss": 1.5797947049438954,
    "cen_accuracy": 0.60975
  },
  "91": {
    "cen_loss": 1.5556275739967822,
    "cen_accuracy": 0.58775
  },
  "92": {
    "cen_loss": 1.5426584043502807,
    "cen_accuracy": 0.591375
  },
  "93": {
    "cen_loss": 1.5621215565800666,
    "cen_accuracy": 0.59025
  },
  "94": {
    "cen_loss": 1.584347598016262,
    "cen_accuracy": 0.586875
  },
  "95": {
    "cen_loss": 1.7219633651971817,
    "cen_accuracy": 0.577375
  },
  "96": {
    "cen_loss": 1.5463980090618135,
    "cen_accuracy": 0.595125
  },
  "97": {
    "cen_loss": 1.8676434336304664,
    "cen_accuracy": 0.564875
  },
  "98": {
    "cen_loss": 1.8565442930459977,
    "cen_accuracy": 0.527125
  },
  "99": {
    "cen_loss": 1.4529833716750145,
    "cen_accuracy": 0.586125
  },
  "100": {
    "cen_loss": 1.6431907692849637,
    "cen_accuracy": 0.579875
  },
  "101": {
    "cen_loss": 1.6318644334077834,