{
  "0": {
    "cen_loss": 2.3028161997795107,
    "cen_accuracy": 0.1005
  },
  "1": {
    "cen_loss": 2.3028161997795107,
    "cen_accuracy": 0.1005
  },
  "2": {
    "cen_loss": 3.6358534874916075,
    "cen_accuracy": 0.0995
  },
  "3": {
    "cen_loss": 4.6396959376335145,
    "cen_accuracy": 0.0995
  },
  "4": {
    "cen_loss": 5.03083670425415,
    "cen_accuracy": 0.0995
  },
  "5": {
    "cen_loss": 6.408972010135651,
    "cen_accuracy": 0.0995
  },
  "6": {
    "cen_loss": 6.843040072441101,
    "cen_accuracy": 0.099625
  },
  "7": {
    "cen_loss": 5.194750961303711,
    "cen_accuracy": 0.14175
  },
  "8": {
    "cen_loss": 3.671003268957138,
    "cen_accuracy": 0.207375
  },
  "9": {
    "cen_loss": 2.571786851644516,
    "cen_accuracy": 0.284375
  },
  "10": {
    "cen_loss": 1.6169905828237534,
    "cen_accuracy": 0.512625
  },
  "11": {
    "cen_loss": 2.0575931890010835,
    "cen_accuracy": 0.405875
  },
  "12": {
    "cen_loss": 1.7800711545944214,
    "cen_accuracy": 0.45925
  },
  "13": {
    "cen_loss": 1.7624347435235976,
    "cen_accuracy": 0.48425
  },
  "14": {
    "cen_loss": 1.731213672876358,
    "cen_accuracy": 0.513
  },
  "15": {
    "cen_loss": 1.8012920144200324,
    "cen_accuracy": 0.506875
  },
  "16": {
    "cen_loss": 1.6749961129426956,
    "cen_accuracy": 0.54625
  },
  "17": {
    "cen_loss": 1.4619189707636833,
    "cen_accuracy": 0.562125
  },
  "18": {
    "cen_loss": 1.510599543094635,
    "cen_accuracy": 0.5595
  },
  "19": {
    "cen_loss": 1.5822588037252425,
    "cen_accuracy": 0.5565
  },
  "20": {
    "cen_loss": 1.5146757735013963,
    "cen_accuracy": 0.58175
  },
  "21": {
    "cen_loss": 1.765265509545803,
    "cen_accuracy": 0.5355
  },
  "22": {
    "cen_loss": 1.5742907437086104,
    "cen_accuracy": 0.564125
  },
  "23": {
    "cen_loss": 1.4142944066524505,
    "cen_accuracy": 0.592625
  },
  "24": {
    "cen_loss": 1.500114967405796,
    "cen_accuracy": 0.5915
  },
  "25": {
    "cen_loss": 1.5098203104138375,
    "cen_accuracy": 0.589625
  },
  "26": {
    "cen_loss": 1.3676137312054635,
    "cen_accuracy": 0.617875
  },
  "27": {
    "cen_loss": 1.3810796126127243,
    "cen_accuracy": 0.610375
  },
  "28": {
    "cen_loss": 1.336170455276966,
    "cen_accuracy": 0.624625
  },
  "29": {
    "cen_loss": 1.4135645632147789,
    "cen_accuracy": 0.6045
  },
  "30": {
    "cen_loss": 1.612475430071354,
    "cen_accuracy": 0.58875
  },
  "31": {
    "cen_loss": 1.2827603429555894,
    "cen_accuracy": 0.627625
  },
  "32": {
    "cen_loss": 1.3649760748147965,
    "cen_accuracy": 0.619375
  },
  "33": {
    "cen_loss": 1.2946169995516539,
    "cen_accuracy": 0.63925
  },
  "34": {
    "cen_loss": 1.2830702117681503,
    "cen_accuracy": 0.631375
  },
  "35": {
    "cen_loss": 1.2111538016200065,
    "cen_accuracy": 0.650125
  },
  "36": {
    "cen_loss": 1.3449633029103278,
    "cen_accuracy": 0.633
  },
  "37": {
    "cen_loss": 1.2230939149856568,
    "cen_accuracy": 0.659125
  },
  "38": {
    "cen_loss": 1.2415615360140801,
    "cen_accuracy": 0.6425
  },
  "39": {
    "cen_loss": 1.24054712164402,
    "cen_accuracy": 0.6505
  },
  "40": {
    "cen_loss": 1.3180040922164917,
    "cen_accuracy": 0.642375
  },
  "41": {
    "cen_loss": 1.194679293781519,
    "cen_accuracy": 0.6625
  },
  "42": {
    "cen_loss": 1.1657619910538197,
    "cen_accuracy": 0.662625
  },
  "43": {
    "cen_loss": 1.1286419975310564,
    "cen_accuracy": 0.67225
  },
  "44": {
    "cen_loss": 1.2678387302458287,
    "cen_accuracy": 0.64725
  },
  "45": {
    "cen_loss": 1.2247940351366997,
    "cen_accuracy": 0.660625
  },
  "46": {
    "cen_loss": 1.1649118604660034,
    "cen_accuracy": 0.673
  },
  "47": {
    "cen_loss": 1.178128830999136,
    "cen_accuracy": 0.669
  },
  "48": {
    "cen_loss": 1.1928215706050396,
    "cen_accuracy": 0.658375
  },
  "49": {
    "cen_loss": 1.1853823126852512,
    "cen_accuracy": 0.6695
  },
  "50": {
    "cen_loss": 1.2267959649264812,
    "cen_accuracy": 0.672
  },
  "51": {
    "cen_loss": 1.100310900479555,
    "cen_accuracy": 0.695125
  },
  "52": {
    "cen_loss": 1.107902310281992,
    "cen_accuracy": 0.68225
  },
  "53": {
    "cen_loss": 1.0878111713826657,
    "cen_accuracy": 0.68925
  },
  "54": {
    "cen_loss": 1.141617846801877,
    "cen_accuracy": 0.680375
  },
  "55": {
    "cen_loss": 1.032279528707266,
    "cen_accuracy": 0.702875
  },
  "56": {
    "cen_loss": 1.063222197920084,
    "cen_accuracy": 0.69625
  },
  "57": {
    "cen_loss": 1.0797303884625435,
    "cen_accuracy": 0.695125
  },
  "58": {
    "cen_loss": 1.086980666667223,
    "cen_accuracy": 0.68975
  },
  "59": {
    "cen_loss": 0.9839367254376411,
    "cen_accuracy": 0.706125
  },
  "60": {
    "cen_loss": 1.021933893084526,
    "cen_accuracy": 0.70375
  },
  "61": {
    "cen_loss": 1.0198127479851247,
    "cen_accuracy": 0.700875
  },
  "62": {
    "cen_loss": 1.0664294323921204,
    "cen_accuracy": 0.69975
  },
  "63": {
    "cen_loss": 1.005703352600336,
    "cen_accuracy": 0.70975
  },
  "64": {
    "cen_loss": 1.0220979705750943,
    "cen_accuracy": 0.697125
  },
  "65": {
    "cen_loss": 1.0474130334556102,
    "cen_accuracy": 0.703375
  },
  "66": {
    "cen_loss": 0.9799211698174477,
    "cen_accuracy": 0.712
  },
  "67": {
    "cen_loss": 0.9457892631888389,
    "cen_accuracy": 0.722
  },
  "68": {
    "cen_loss": 0.9700932051539422,
    "cen_accuracy": 0.720125
  },
  "69": {
    "cen_loss": 0.99143046143651,
    "cen_accuracy": 0.71325
  },
  "70": {
    "cen_loss": 0.994046123072505,
    "cen_accuracy": 0.718
  },
  "71": {
    "cen_loss": 0.9623701986968517,
    "cen_accuracy": 0.72175
  },
  "72": {
    "cen_loss": 0.9515263823866844,
    "cen_accuracy": 0.723875
  },
  "73": {
    "cen_loss": 0.9563619268983603,
    "cen_accuracy": 0.723375
  },
  "74": {
    "cen_loss": 1.0471092975139618,
    "cen_accuracy": 0.70775
  },
  "75": {
    "cen_loss": 0.9454941098168492,
    "cen_accuracy": 0.7215
  },
  "76": {
    "cen_loss": 0.9874963292628527,
    "cen_accuracy": 0.71775
  },
  "77": {
    "cen_loss": 0.9303698299974204,
    "cen_accuracy": 0.728125
  },
  "78": {
    "cen_loss": 0.9926537088900804,
    "cen_accuracy": 0.716
  },
  "79": {
    "cen_loss": 0.9967648740112781,
    "cen_accuracy": 0.719
  },
  "80": {
    "cen_loss": 1.1088096778988838,
    "cen_accuracy": 0.70275
  },
  "81": {
    "cen_loss": 0.8987857497930527,
    "cen_accuracy": 0.73475
  },
  "82": {
    "cen_loss": 0.93366978469491,
    "cen_accuracy": 0.73575
  },
  "83": {
    "cen_loss": 0.9389786934703589,
    "cen_accuracy": 0.72825
  },
  "84": {
    "cen_loss": 0.910707106128335,
    "cen_accuracy": 0.731375
  },
  "85": {
    "cen_loss": 0.9056053505539894,
    "cen_accuracy": 0.737125
  },
  "86": {
    "cen_loss": 0.9355370000749826,
    "cen_accuracy": 0.72625
  },
  "87": {
    "cen_loss": 0.9572395532280207,
    "cen_accuracy": 0.731125
  },
  "88": {
    "cen_loss": 0.879327208980918,
    "cen_accuracy": 0.74125
  },
  "89": {
    "cen_loss": 0.9777112792730331,
    "cen_accuracy": 0.724625
  },
  "90": {
    "cen_loss": 1.0315723664462566,
    "cen_accuracy": 0.7225
  },
  "91": {
    "cen_loss": 0.9973899195492267,
    "cen_accuracy": 0.71525
  },
  "92": {
    "cen_loss": 0.9006007911115885,
    "cen_accuracy": 0.739375
  },
  "93": {
    "cen_loss": 0.8825937962681055,
    "cen_accuracy": 0.734625
  },
  "94": {
    "cen_loss": 0.8398941973000765,
    "cen_accuracy": 0.751875
  },
  "95": {
    "cen_loss": 0.9192621214538813,
    "cen_accuracy": 0.7335
  },
  "96": {
    "cen_loss": 0.9068528745472432,
    "cen_accuracy": 0.7385
  },
  "97": {
    "cen_loss": 0.9248381570726633,
    "cen_accuracy": 0.735125
  },
  "98": {
    "cen_loss": 0.9272388313934207,
    "cen_accuracy": 0.729
  },
  "99": {
    "cen_loss": 0.8763191906958818,
    "cen_accuracy": 0.7435
  },
  "100": {
    "cen_loss": 0.9210556793957949,
    "cen_accuracy": 0.740875
  },
  "101": {
    "cen_loss": 0.9291976123377681,