{
  "0": {
    "cen_loss": 2.3028161997795107,
    "cen_accuracy": 0.1005
  },
  "1": {
    "cen_loss": 2.3028161997795107,
    "cen_accuracy": 0.1005
  },
  "2": {
    "cen_loss": 2.627018721580505,
    "cen_accuracy": 0.1005
  },
  "3": {
    "cen_loss": 3.2804217557907105,
    "cen_accuracy": 0.0995
  },
  "4": {
    "cen_loss": 4.053476215839386,
    "cen_accuracy": 0.098875
  },
  "5": {
    "cen_loss": 6.74283754825592,
    "cen_accuracy": 0.0995
  },
  "6": {
    "cen_loss": 5.148538100719452,
    "cen_accuracy": 0.098875
  },
  "7": {
    "cen_loss": 4.1958047275543215,
    "cen_accuracy": 0.13925
  },
  "8": {
    "cen_loss": 4.099361788272858,
    "cen_accuracy": 0.147875
  },
  "9": {
    "cen_loss": 4.969542862415314,
    "cen_accuracy": 0.13075
  },
  "10": {
    "cen_loss": 7.231828147888184,
    "cen_accuracy": 0.151625
  },
  "11": {
    "cen_loss": 2.8795172333717347,
    "cen_accuracy": 0.183625
  },
  "12": {
    "cen_loss": 2.1503849394321444,
    "cen_accuracy": 0.243875
  },
  "13": {
    "cen_loss": 1.9842671008110047,
    "cen_accuracy": 0.295
  },
  "14": {
    "cen_loss": 2.2908854262828826,
    "cen_accuracy": 0.292
  },
  "15": {
    "cen_loss": 2.343200295329094,
    "cen_accuracy": 0.271125
  },
  "16": {
    "cen_loss": 2.147362396001816,
    "cen_accuracy": 0.340375
  },
  "17": {
    "cen_loss": 2.4496240117549894,
    "cen_accuracy": 0.304
  },
  "18": {
    "cen_loss": 1.9277974466085435,
    "cen_accuracy": 0.348125
  },
  "19": {
    "cen_loss": 2.123240259170532,
    "cen_accuracy": 0.34975
  },
  "20": {
    "cen_loss": 2.497253916501999,
    "cen_accuracy": 0.335875
  },
  "21": {
    "cen_loss": 2.273329508304596,
    "cen_accuracy": 0.292375
  },
  "22": {
    "cen_loss": 2.1518756878376006,
    "cen_accuracy": 0.371375
  },
  "23": {
    "cen_loss": 1.6584935500621796,
    "cen_accuracy": 0.4055
  },
  "24": {
    "cen_loss": 1.7522463871240617,
    "cen_accuracy": 0.402
  },
  "25": {
    "cen_loss": 1.6666732246875764,
    "cen_accuracy": 0.4205
  },
  "26": {
    "cen_loss": 1.6317791576385499,
    "cen_accuracy": 0.439375
  },
  "27": {
    "cen_loss": 1.8164266595840455,
    "cen_accuracy": 0.415375
  },
  "28": {
    "cen_loss": 1.966373479604721,
    "cen_accuracy": 0.42675
  },
  "29": {
    "cen_loss": 1.8220207802057267,
    "cen_accuracy": 0.437625
  },
  "30": {
    "cen_loss": 1.9617495366334916,
    "cen_accuracy": 0.428625
  },
  "31": {
    "cen_loss": 1.8525835270881652,
    "cen_accuracy": 0.445875
  },
  "32": {
    "cen_loss": 1.6003274427652359,
    "cen_accuracy": 0.473875
  },
  "33": {
    "cen_loss": 1.7530433052778245,
    "cen_accuracy": 0.42675
  },
  "34": {
    "cen_loss": 1.9614046972990036,
    "cen_accuracy": 0.413125
  },
  "35": {
    "cen_loss": 1.8357239309549331,
    "cen_accuracy": 0.47925
  },
  "36": {
    "cen_loss": 1.8545484410524369,
    "cen_accuracy": 0.440125
  },
  "37": {
    "cen_loss": 1.9764419417381287,
    "cen_accuracy": 0.403625
  },
  "38": {
    "cen_loss": 1.5887356830835342,
    "cen_accuracy": 0.467375
  },
  "39": {
    "cen_loss": 1.5482477838993072,
    "cen_accuracy": 0.506875
  },
  "40": {
    "cen_loss": 1.69659610581398,
    "cen_accuracy": 0.47975
  },
  "41": {
    "cen_loss": 1.8296474002599716,
    "cen_accuracy": 0.4615
  },
  "42": {
    "cen_loss": 1.481955588698387,
    "cen_accuracy": 0.494375
  },
  "43": {
    "cen_loss": 1.7058221652507781,
    "cen_accuracy": 0.46425
  },
  "44": {
    "cen_loss": 1.5306598054170608,
    "cen_accuracy": 0.50725
  },
  "45": {
    "cen_loss": 1.3704598512649535,
    "cen_accuracy": 0.521125
  },
  "46": {
    "cen_loss": 1.6034410774111747,
    "cen_accuracy": 0.492125
  },
  "47": {
    "cen_loss": 1.5215999006032943,
    "cen_accuracy": 0.51125
  },
  "48": {
    "cen_loss": 1.5739815620183946,
    "cen_accuracy": 0.475125
  },
  "49": {
    "cen_loss": 1.4482549970149994,
    "cen_accuracy": 0.52275
  },
  "50": {
    "cen_loss": 1.5597145246267319,
    "cen_accuracy": 0.497375
  },
  "51": {
    "cen_loss": 1.5861425193548202,
    "cen_accuracy": 0.494
  },
  "52": {
    "cen_loss": 1.5593361237049104,
    "cen_accuracy": 0.494625
  },
  "53": {
    "cen_loss": 1.595667500257492,
    "cen_accuracy": 0.48925
  },
  "54": {
    "cen_loss": 1.4398879557847977,
    "cen_accuracy": 0.53225
  },
  "55": {
    "cen_loss": 1.316917208969593,
    "cen_accuracy": 0.55175
  },
  "56": {
    "cen_loss": 1.3448744852542878,
    "cen_accuracy": 0.556375
  },
  "57": {
    "cen_loss": 1.6835338456630706,
    "cen_accuracy": 0.486375
  },
  "58": {
    "cen_loss": 1.329637921333313,
    "cen_accuracy": 0.555375
  },
  "59": {
    "cen_loss": 1.3402071192264557,
    "cen_accuracy": 0.5465
  },
  "60": {
    "cen_loss": 1.4974892271757125,
    "cen_accuracy": 0.524625
  },
  "61": {
    "cen_loss": 1.2439295997619628,
    "cen_accuracy": 0.574375
  },
  "62": {
    "cen_loss": 1.3897416323423386,
    "cen_accuracy": 0.532875
  },
  "63": {
    "cen_loss": 1.3843819090723992,
    "cen_accuracy": 0.54225
  },
  "64": {
    "cen_loss": 1.4775878034234047,
    "cen_accuracy": 0.514125
  },
  "65": {
    "cen_loss": 1.4096202291250228,
    "cen_accuracy": 0.529625
  },
  "66": {
    "cen_loss": 1.3802266879081726,
    "cen_accuracy": 0.552625
  },
  "67": {
    "cen_loss": 1.3631049476265906,
    "cen_accuracy": 0.565625
  },
  "68": {
    "cen_loss": 1.2596072844862938,
    "cen_accuracy": 0.57925
  },
  "69": {
    "cen_loss": 1.2626076513528823,
    "cen_accuracy": 0.583875
  },
  "70": {
    "cen_loss": 1.3645639168024064,
    "cen_accuracy": 0.563375
  },
  "71": {
    "cen_loss": 1.6013822773694992,
    "cen_accuracy": 0.48725
  },
  "72": {
    "cen_loss": 1.25519340801239,
    "cen_accuracy": 0.568
  },
  "73": {
    "cen_loss": 1.327733394742012,
    "cen_accuracy": 0.561
  },
  "74": {
    "cen_loss": 1.4509461876153946,
    "cen_accuracy": 0.544625
  },
  "75": {
    "cen_loss": 1.311566827893257,
    "cen_accuracy": 0.574375
  },
  "76": {
    "cen_loss": 1.280235775232315,
    "cen_accuracy": 0.583375
  },
  "77": {
    "cen_loss": 1.3044530793428422,
    "cen_accuracy": 0.584125
  },
  "78": {
    "cen_loss": 1.2895135467052459,
    "cen_accuracy": 0.58525
  },
  "79": {
    "cen_loss": 1.2660066370368004,
    "cen_accuracy": 0.583875
  },
  "80": {
    "cen_loss": 1.5163572986125946,
    "cen_accuracy": 0.54825
  },
  "81": {
    "cen_loss": 1.4401725407242776,
    "cen_accuracy": 0.5445
  },
  "82": {
    "cen_loss": 1.3837748277187347,
    "cen_accuracy": 0.5765
  },
  "83": {
    "cen_loss": 1.3491022718548775,
    "cen_accuracy": 0.556
  },
  "84": {
    "cen_loss": 1.4048342883586884,
    "cen_accuracy": 0.567
  },
  "85": {
    "cen_loss": 1.443354330778122,
    "cen_accuracy": 0.52975
  },
  "86": {
    "cen_loss": 1.2739205208420754,
    "cen_accuracy": 0.581
  },
  "87": {
    "cen_loss": 1.1907742944955826,
    "cen_accuracy": 0.603125
  },
  "88": {
    "cen_loss": 1.1730365645885468,
    "cen_accuracy": 0.611125
  },
  "89": {
    "cen_loss": 1.469027170598507,
    "cen_accuracy": 0.5345
  },
  "90": {
    "cen_loss": 1.878469300031662,
    "cen_accuracy": 0.47475
  },
  "91": {
    "cen_loss": 1.580728850364685,
    "cen_accuracy": 0.54325
  },
  "92": {
    "cen_loss": 1.1258038514852524,
    "cen_accuracy": 0.620875
  },
  "93": {
    "cen_loss": 1.137007761478424,
    "cen_accuracy": 0.614875
  },
  "94": {
    "cen_loss": 1.2824298174977302,
    "cen_accuracy": 0.57675
  },
  "95": {
    "cen_loss": 1.1575331769585608,
    "cen_accuracy": 0.613375
  },
  "96": {
    "cen_loss": 1.3005120511054993,
    "cen_accuracy": 0.580875
  },
  "97": {
    "cen_loss": 1.2726057539582252,
    "cen_accuracy": 0.58725
  },
  "98": {
    "cen_loss": 1.2413705009818077,
    "cen_accuracy": 0.595125
  },
  "99": {
    "cen_loss": 1.1310185581147671,
    "cen_accuracy": 0.62575
  },
  "100": {
    "cen_loss": 1.19555700725317,
    "cen_accuracy": 0.61775
  },