{
  "0": {
    "cen_loss": 2.3026313900947573,
    "cen_accuracy": 0.10175
  },
  "1": {
    "cen_loss": 2.3026313900947573,
    "cen_accuracy": 0.10175
  },
  "2": {
    "cen_loss": 2.851927353858948,
    "cen_accuracy": 0.10175
  },
  "3": {
    "cen_loss": 3.020343631505966,
    "cen_accuracy": 0.0995
  },
  "4": {
    "cen_loss": 3.8678715071678162,
    "cen_accuracy": 0.10175
  },
  "5": {
    "cen_loss": 7.395866352081299,
    "cen_accuracy": 0.1
  },
  "6": {
    "cen_loss": 4.05928475856781,
    "cen_accuracy": 0.1
  },
  "7": {
    "cen_loss": 4.076559378623962,
    "cen_accuracy": 0.15025
  },
  "8": {
    "cen_loss": 4.51717764043808,
    "cen_accuracy": 0.163125
  },
  "9": {
    "cen_loss": 3.1358576600551604,
    "cen_accuracy": 0.201375
  },
  "10": {
    "cen_loss": 2.8970581765174868,
    "cen_accuracy": 0.273625
  },
  "11": {
    "cen_loss": 3.471460042476654,
    "cen_accuracy": 0.208625
  },
  "12": {
    "cen_loss": 3.61190345454216,
    "cen_accuracy": 0.231125
  },
  "13": {
    "cen_loss": 2.1087038519382477,
    "cen_accuracy": 0.304
  },
  "14": {
    "cen_loss": 2.793139129400253,
    "cen_accuracy": 0.25025
  },
  "15": {
    "cen_loss": 3.362492521047592,
    "cen_accuracy": 0.2795
  },
  "16": {
    "cen_loss": 2.82087269115448,
    "cen_accuracy": 0.28925
  },
  "17": {
    "cen_loss": 2.563909474849701,
    "cen_accuracy": 0.3195
  },
  "18": {
    "cen_loss": 2.6951835980415346,
    "cen_accuracy": 0.324125
  },
  "19": {
    "cen_loss": 3.866201649427414,
    "cen_accuracy": 0.270375
  },
  "20": {
    "cen_loss": 2.959679821252823,
    "cen_accuracy": 0.311125
  },
  "21": {
    "cen_loss": 2.5826253457069397,
    "cen_accuracy": 0.346375
  },
  "22": {
    "cen_loss": 2.5095354413986204,
    "cen_accuracy": 0.3285
  },
  "23": {
    "cen_loss": 2.640707713365555,
    "cen_accuracy": 0.352125
  },
  "24": {
    "cen_loss": 3.0584382672309873,
    "cen_accuracy": 0.3295
  },
  "25": {
    "cen_loss": 3.1482871205806733,
    "cen_accuracy": 0.343625
  },
  "26": {
    "cen_loss": 2.522596003770828,
    "cen_accuracy": 0.367625
  },
  "27": {
    "cen_loss": 2.3246897686719894,
    "cen_accuracy": 0.3715
  },
  "28": {
    "cen_loss": 1.904242558002472,
    "cen_accuracy": 0.425
  },
  "29": {
    "cen_loss": 2.0562826390266418,
    "cen_accuracy": 0.41725
  },
  "30": {
    "cen_loss": 2.2816697795391083,
    "cen_accuracy": 0.412875
  },
  "31": {
    "cen_loss": 2.593322243332863,
    "cen_accuracy": 0.3685
  },
  "32": {
    "cen_loss": 3.060628169059753,
    "cen_accuracy": 0.36475
  },
  "33": {
    "cen_loss": 2.9592714149951935,
    "cen_accuracy": 0.380875
  },
  "34": {
    "cen_loss": 2.7921439371109007,
    "cen_accuracy": 0.38525
  },
  "35": {
    "cen_loss": 2.466114567756653,
    "cen_accuracy": 0.405375
  },
  "36": {
    "cen_loss": 3.3268590421676634,
    "cen_accuracy": 0.366375
  },
  "37": {
    "cen_loss": 2.2353806680440904,
    "cen_accuracy": 0.431625
  },
  "38": {
    "cen_loss": 1.8003566572666168,
    "cen_accuracy": 0.47625
  },
  "39": {
    "cen_loss": 2.1152088606357573,
    "cen_accuracy": 0.453125
  },
  "40": {
    "cen_loss": 2.1950721321105955,
    "cen_accuracy": 0.455
  },
  "41": {
    "cen_loss": 2.119502428293228,
    "cen_accuracy": 0.429125
  },
  "42": {
    "cen_loss": 2.198564940929413,
    "cen_accuracy": 0.425875
  },
  "43": {
    "cen_loss": 2.372950325012207,
    "cen_accuracy": 0.418625
  },
  "44": {
    "cen_loss": 1.6744914547204972,
    "cen_accuracy": 0.509875
  },
  "45": {
    "cen_loss": 3.349616963148117,
    "cen_accuracy": 0.346375
  },
  "46": {
    "cen_loss": 2.5345201861858366,
    "cen_accuracy": 0.38225
  },
  "47": {
    "cen_loss": 1.838347898721695,
    "cen_accuracy": 0.481
  },
  "48": {
    "cen_loss": 2.085264966011047,
    "cen_accuracy": 0.469125
  },
  "49": {
    "cen_loss": 1.8837173014879227,
    "cen_accuracy": 0.494125
  },
  "50": {
    "cen_loss": 1.8421788193583488,
    "cen_accuracy": 0.5045
  },
  "51": {
    "cen_loss": 2.210883558034897,
    "cen_accuracy": 0.4495
  },
  "52": {
    "cen_loss": 2.285375514626503,
    "cen_accuracy": 0.46375
  },
  "53": {
    "cen_loss": 2.544138364434242,
    "cen_accuracy": 0.431375
  },
  "54": {
    "cen_loss": 2.4626322758197783,
    "cen_accuracy": 0.44075
  },
  "55": {
    "cen_loss": 2.6773531116247176,
    "cen_accuracy": 0.41425
  },
  "56": {
    "cen_loss": 1.941157420516014,
    "cen_accuracy": 0.477125
  },
  "57": {
    "cen_loss": 2.0134492826461794,
    "cen_accuracy": 0.47425
  },
  "58": {
    "cen_loss": 2.2670030653476716,
    "cen_accuracy": 0.433125
  },
  "59": {
    "cen_loss": 1.7819831144213676,
    "cen_accuracy": 0.515875
  },
  "60": {
    "cen_loss": 1.8119616823196412,
    "cen_accuracy": 0.518625
  },
  "61": {
    "cen_loss": 1.8594850125312805,
    "cen_accuracy": 0.490625
  },
  "62": {
    "cen_loss": 2.0240111874341964,
    "cen_accuracy": 0.485625
  },
  "63": {
    "cen_loss": 2.0859969640374185,
    "cen_accuracy": 0.48575
  },
  "64": {
    "cen_loss": 2.1509468795061113,
    "cen_accuracy": 0.47475
  },
  "65": {
    "cen_loss": 2.1225121490955354,
    "cen_accuracy": 0.47925
  },
  "66": {
    "cen_loss": 2.2322428888082504,
    "cen_accuracy": 0.47125
  },
  "67": {
    "cen_loss": 1.7600948411226272,
    "cen_accuracy": 0.535
  },
  "68": {
    "cen_loss": 1.9802690875530242,
    "cen_accuracy": 0.47475
  },
  "69": {
    "cen_loss": 2.575646186470985,
    "cen_accuracy": 0.4445
  },
  "70": {
    "cen_loss": 2.630764031291008,
    "cen_accuracy": 0.44675
  },
  "71": {
    "cen_loss": 1.7644204832315444,
    "cen_accuracy": 0.50825
  },
  "72": {
    "cen_loss": 1.6807791529297829,
    "cen_accuracy": 0.517875
  },
  "73": {
    "cen_loss": 1.7940417120456695,
    "cen_accuracy": 0.51375
  },
  "74": {
    "cen_loss": 1.8621850247979164,
    "cen_accuracy": 0.506125
  },
  "75": {
    "cen_loss": 1.9902658976316452,
    "cen_accuracy": 0.487
  },
  "76": {
    "cen_loss": 1.7254024394750596,
    "cen_accuracy": 0.522
  },
  "77": {
    "cen_loss": 2.4936380618810654,
    "cen_accuracy": 0.437125
  },
  "78": {
    "cen_loss": 2.3610557347536085,
    "cen_accuracy": 0.4665
  },
  "79": {
    "cen_loss": 1.6960599422454834,
    "cen_accuracy": 0.5305
  },
  "80": {
    "cen_loss": 1.7998228744268416,
    "cen_accuracy": 0.521375
  },
  "81": {
    "cen_loss": 1.7303300174474716,
    "cen_accuracy": 0.523
  },
  "82": {
    "cen_loss": 1.7731175874471665,
    "cen_accuracy": 0.529375
  },
  "83": {
    "cen_loss": 1.7490552185773849,
    "cen_accuracy": 0.537375
  },
  "84": {
    "cen_loss": 1.4818118189573288,
    "cen_accuracy": 0.550125
  },
  "85": {
    "cen_loss": 1.7568444911241532,
    "cen_accuracy": 0.516375
  },
  "86": {
    "cen_loss": 1.8977178738117217,
    "cen_accuracy": 0.497625
  },
  "87": {
    "cen_loss": 1.7930859736204148,
    "cen_accuracy": 0.5115
  },
  "88": {
    "cen_loss": 1.653234090924263,
    "cen_accuracy": 0.528875
  },
  "89": {
    "cen_loss": 1.675414340734482,
    "cen_accuracy": 0.532
  },
  "90": {
    "cen_loss": 2.102587741136551,
    "cen_accuracy": 0.489875
  },
  "91": {
    "cen_loss": 1.5920498732328414,
    "cen_accuracy": 0.536125
  },
  "92": {
    "cen_loss": 1.542972262918949,
    "cen_accuracy": 0.554375
  },
  "93": {
    "cen_loss": 1.5049055407047272,
    "cen_accuracy": 0.567
  },
  "94": {
    "cen_loss": 1.4652027788162232,
    "cen_accuracy": 0.57375
  },
  "95": {
    "cen_loss": 1.590948837161064,
    "cen_accuracy": 0.559125
  },
  "96": {
    "cen_loss": 1.8143651337623596,
    "cen_accuracy": 0.542625
  },
  "97": {
    "cen_loss": 1.4744913716316224,
    "cen_accuracy": 0.582625
  },
  "98": {
    "cen_loss": 1.9541887574195862,
    "cen_accuracy": 0.508875
  },
  "99": {
    "cen_loss": 1.8217622275948524,
    "cen_accuracy": 0.539375
  },
  "100": {
    "cen_loss": 2.0821729993224145,
    "cen_accuracy": 0.526625
  },
  "101": {
    "cen_loss": 1.8804472836256028,