{
  "0": {
    "cen_loss": 2.3028095273971556,
    "cen_accuracy": 0.10075
  },
  "1": {
    "cen_loss": 2.3028095273971556,
    "cen_accuracy": 0.10075
  },
  "2": {
    "cen_loss": 4.17774206161499,
    "cen_accuracy": 0.098625
  },
  "3": {
    "cen_loss": 4.768174491405487,
    "cen_accuracy": 0.101125
  },
  "4": {
    "cen_loss": 5.7709885802268985,
    "cen_accuracy": 0.101125
  },
  "5": {
    "cen_loss": 5.770671074390411,
    "cen_accuracy": 0.101125
  },
  "6": {
    "cen_loss": 5.28616836309433,
    "cen_accuracy": 0.107875
  },
  "7": {
    "cen_loss": 5.245225730895996,
    "cen_accuracy": 0.15825
  },
  "8": {
    "cen_loss": 3.6905678653717042,
    "cen_accuracy": 0.211125
  },
  "9": {
    "cen_loss": 3.5390546095371245,
    "cen_accuracy": 0.2185
  },
  "10": {
    "cen_loss": 1.6326971957087517,
    "cen_accuracy": 0.482875
  },
  "11": {
    "cen_loss": 2.286308662891388,
    "cen_accuracy": 0.337625
  },
  "12": {
    "cen_loss": 2.328471059560776,
    "cen_accuracy": 0.356625
  },
  "13": {
    "cen_loss": 2.3125736482143404,
    "cen_accuracy": 0.362125
  },
  "14": {
    "cen_loss": 1.8907659871578217,
    "cen_accuracy": 0.451875
  },
  "15": {
    "cen_loss": 1.5702396256923676,
    "cen_accuracy": 0.54075
  },
  "16": {
    "cen_loss": 1.6150832077264785,
    "cen_accuracy": 0.5415
  },
  "17": {
    "cen_loss": 1.6610702388882637,
    "cen_accuracy": 0.532
  },
  "18": {
    "cen_loss": 1.8793938725590706,
    "cen_accuracy": 0.5105
  },
  "19": {
    "cen_loss": 1.6907313051223756,
    "cen_accuracy": 0.531125
  },
  "20": {
    "cen_loss": 1.6053795444071293,
    "cen_accuracy": 0.563625
  },
  "21": {
    "cen_loss": 1.4949944863319398,
    "cen_accuracy": 0.574375
  },
  "22": {
    "cen_loss": 1.4928083042800426,
    "cen_accuracy": 0.585375
  },
  "23": {
    "cen_loss": 1.4430144340991975,
    "cen_accuracy": 0.58725
  },
  "24": {
    "cen_loss": 1.6087351723909378,
    "cen_accuracy": 0.566375
  },
  "25": {
    "cen_loss": 1.4729895660877228,
    "cen_accuracy": 0.5955
  },
  "26": {
    "cen_loss": 1.5946734052300453,
    "cen_accuracy": 0.569125
  },
  "27": {
    "cen_loss": 1.3071927376091481,
    "cen_accuracy": 0.62325
  },
  "28": {
    "cen_loss": 1.3596460459828377,
    "cen_accuracy": 0.61825
  },
  "29": {
    "cen_loss": 1.364525444984436,
    "cen_accuracy": 0.6215
  },
  "30": {
    "cen_loss": 1.5193160209655763,
    "cen_accuracy": 0.606625
  },
  "31": {
    "cen_loss": 1.3083742845058441,
    "cen_accuracy": 0.626875
  },
  "32": {
    "cen_loss": 1.3657556587010622,
    "cen_accuracy": 0.623
  },
  "33": {
    "cen_loss": 1.4069015366137028,
    "cen_accuracy": 0.615125
  },
  "34": {
    "cen_loss": 1.2767813337147236,
    "cen_accuracy": 0.641375
  },
  "35": {
    "cen_loss": 1.1997598486095666,
    "cen_accuracy": 0.65675
  },
  "36": {
    "cen_loss": 1.3268908203840255,
    "cen_accuracy": 0.6385
  },
  "37": {
    "cen_loss": 1.1920983470231294,
    "cen_accuracy": 0.665375
  },
  "38": {
    "cen_loss": 1.2179968919232487,
    "cen_accuracy": 0.65925
  },
  "39": {
    "cen_loss": 1.3181937223374844,
    "cen_accuracy": 0.64625
  },
  "40": {
    "cen_loss": 1.4537120437324047,
    "cen_accuracy": 0.63375
  },
  "41": {
    "cen_loss": 1.2086161564588547,
    "cen_accuracy": 0.656
  },
  "42": {
    "cen_loss": 1.142796403646469,
    "cen_accuracy": 0.671125
  },
  "43": {
    "cen_loss": 1.1559200306236743,
    "cen_accuracy": 0.674
  },
  "44": {
    "cen_loss": 1.246054215967655,
    "cen_accuracy": 0.661625
  },
  "45": {
    "cen_loss": 1.187701212465763,
    "cen_accuracy": 0.667625
  },
  "46": {
    "cen_loss": 1.185323011673987,
    "cen_accuracy": 0.666375
  },
  "47": {
    "cen_loss": 1.2372901754379273,
    "cen_accuracy": 0.674125
  },
  "48": {
    "cen_loss": 1.0831881657242775,
    "cen_accuracy": 0.68
  },
  "49": {
    "cen_loss": 1.1114063863530754,
    "cen_accuracy": 0.680875
  },
  "50": {
    "cen_loss": 1.152072073802352,
    "cen_accuracy": 0.679875
  },
  "51": {
    "cen_loss": 1.2131144865751267,
    "cen_accuracy": 0.67275
  },
  "52": {
    "cen_loss": 1.1502322120070458,
    "cen_accuracy": 0.68125
  },
  "53": {
    "cen_loss": 1.099593791425228,
    "cen_accuracy": 0.679
  },
  "54": {
    "cen_loss": 1.094784356176853,
    "cen_accuracy": 0.692375
  },
  "55": {
    "cen_loss": 1.0495878947526216,
    "cen_accuracy": 0.703125
  },
  "56": {
    "cen_loss": 1.074468342848122,
    "cen_accuracy": 0.695375
  },
  "57": {
    "cen_loss": 1.175994286507368,
    "cen_accuracy": 0.6765
  },
  "58": {
    "cen_loss": 1.0830818601623178,
    "cen_accuracy": 0.702125
  },
  "59": {
    "cen_loss": 1.0642681468911468,
    "cen_accuracy": 0.698375
  },
  "60": {
    "cen_loss": 1.1484020994752646,
    "cen_accuracy": 0.690875
  },
  "61": {
    "cen_loss": 1.082765904776752,
    "cen_accuracy": 0.699125
  },
  "62": {
    "cen_loss": 1.0714524480998515,
    "cen_accuracy": 0.7
  },
  "63": {
    "cen_loss": 1.0538355006165803,
    "cen_accuracy": 0.702
  },
  "64": {
    "cen_loss": 0.9961922170817852,
    "cen_accuracy": 0.715125
  },
  "65": {
    "cen_loss": 1.1005135911107062,
    "cen_accuracy": 0.6915
  },
  "66": {
    "cen_loss": 1.0509430971443654,
    "cen_accuracy": 0.69975
  },
  "67": {
    "cen_loss": 1.038215870372951,
    "cen_accuracy": 0.715125
  },
  "68": {
    "cen_loss": 1.0501878608316184,
    "cen_accuracy": 0.712
  },
  "69": {
    "cen_loss": 1.03528312112391,
    "cen_accuracy": 0.713375
  },
  "70": {
    "cen_loss": 1.0526228773221373,
    "cen_accuracy": 0.72
  },
  "71": {
    "cen_loss": 1.049333400797099,
    "cen_accuracy": 0.713
  },
  "72": {
    "cen_loss": 1.0192265078499914,
    "cen_accuracy": 0.708875
  },
  "73": {
    "cen_loss": 1.0408246579691767,
    "cen_accuracy": 0.70275
  },
  "74": {
    "cen_loss": 0.9681563803479075,
    "cen_accuracy": 0.71875
  },
  "75": {
    "cen_loss": 0.9790810252390801,
    "cen_accuracy": 0.724625
  },
  "76": {
    "cen_loss": 1.0755862320661544,
    "cen_accuracy": 0.7065
  },
  "77": {
    "cen_loss": 0.9533125259652734,
    "cen_accuracy": 0.7255
  },
  "78": {
    "cen_loss": 1.0204524321854114,
    "cen_accuracy": 0.716625
  },
  "79": {
    "cen_loss": 1.039517050176859,
    "cen_accuracy": 0.71375
  },
  "80": {
    "cen_loss": 1.1694615508019923,
    "cen_accuracy": 0.701
  },
  "81": {
    "cen_loss": 0.9982021407932044,
    "cen_accuracy": 0.72425
  },
  "82": {
    "cen_loss": 0.9839503559730947,
    "cen_accuracy": 0.71725
  },
  "83": {
    "cen_loss": 1.042566737767309,
    "cen_accuracy": 0.7105
  },
  "84": {
    "cen_loss": 0.9458175872042776,
    "cen_accuracy": 0.724125
  },
  "85": {
    "cen_loss": 0.944535677909851,
    "cen_accuracy": 0.733
  },
  "86": {
    "cen_loss": 0.977012211561203,
    "cen_accuracy": 0.730625
  },
  "87": {
    "cen_loss": 0.9798225003927946,
    "cen_accuracy": 0.723
  },
  "88": {
    "cen_loss": 0.943170724850148,
    "cen_accuracy": 0.72975
  },
  "89": {
    "cen_loss": 0.990259477108717,
    "cen_accuracy": 0.723375
  },
  "90": {
    "cen_loss": 1.0483021483570338,
    "cen_accuracy": 0.716875
  },
  "91": {
    "cen_loss": 1.0327241930738091,
    "cen_accuracy": 0.712625
  },
  "92": {
    "cen_loss": 0.9193913798108697,
    "cen_accuracy": 0.729875
  },
  "93": {
    "cen_loss": 0.9523284291476011,
    "cen_accuracy": 0.7265
  },
  "94": {
    "cen_loss": 0.9373840751796961,
    "cen_accuracy": 0.728875
  },
  "95": {
    "cen_loss": 0.910932402998209,
    "cen_accuracy": 0.73975
  },
  "96": {
    "cen_loss": 0.9158683192133904,
    "cen_accuracy": 0.73975
  },
  "97": {
    "cen_loss": 0.9296856356710196,
    "cen_accuracy": 0.739875
  },
  "98": {
    "cen_loss": 0.9900393033027649,
    "cen_accuracy": 0.72625
  },
  "99": {
    "cen_loss": 0.9589509916901588,
    "cen_accuracy": 0.73325
  },
  "100": {
    "cen_loss": 1.1131934517025948,
    "cen_accuracy": 0.71875
  },
  "101": {
    "cen_loss": 0.936525258757174,