{
  "0": {
    "cen_loss": 2.3027670545578003,
    "cen_accuracy": 0.0985
  },
  "1": {
    "cen_loss": 2.3027670545578003,
    "cen_accuracy": 0.0985
  },
  "2": {
    "cen_loss": 2.6918237462043764,
    "cen_accuracy": 0.099875
  },
  "3": {
    "cen_loss": 4.603765929222107,
    "cen_accuracy": 0.10175
  },
  "4": {
    "cen_loss": 3.146854971408844,
    "cen_accuracy": 0.125375
  },
  "5": {
    "cen_loss": 2.8288094613552093,
    "cen_accuracy": 0.2525
  },
  "6": {
    "cen_loss": 3.1552245626449587,
    "cen_accuracy": 0.199375
  },
  "7": {
    "cen_loss": 4.412516974925995,
    "cen_accuracy": 0.222
  },
  "8": {
    "cen_loss": 3.195549157857895,
    "cen_accuracy": 0.19025
  },
  "9": {
    "cen_loss": 2.629863307952881,
    "cen_accuracy": 0.2025
  },
  "10": {
    "cen_loss": 2.6540618860721588,
    "cen_accuracy": 0.21675
  },
  "11": {
    "cen_loss": 2.777706430196762,
    "cen_accuracy": 0.249
  },
  "12": {
    "cen_loss": 2.873165985584259,
    "cen_accuracy": 0.228875
  },
  "13": {
    "cen_loss": 1.9715932302474977,
    "cen_accuracy": 0.3495
  },
  "14": {
    "cen_loss": 4.174602194786072,
    "cen_accuracy": 0.2335
  },
  "15": {
    "cen_loss": 3.265593010187149,
    "cen_accuracy": 0.260625
  },
  "16": {
    "cen_loss": 2.7650604894161224,
    "cen_accuracy": 0.292
  },
  "17": {
    "cen_loss": 2.8448711540699003,
    "cen_accuracy": 0.26025
  },
  "18": {
    "cen_loss": 2.0016528526544572,
    "cen_accuracy": 0.367625
  },
  "19": {
    "cen_loss": 3.3232356934547425,
    "cen_accuracy": 0.29975
  },
  "20": {
    "cen_loss": 3.656271138191223,
    "cen_accuracy": 0.316125
  },
  "21": {
    "cen_loss": 3.0292315466403963,
    "cen_accuracy": 0.2935
  },
  "22": {
    "cen_loss": 2.6134939234256747,
    "cen_accuracy": 0.302875
  },
  "23": {
    "cen_loss": 3.253298215389252,
    "cen_accuracy": 0.228125
  },
  "24": {
    "cen_loss": 2.8452813136577606,
    "cen_accuracy": 0.261125
  },
  "25": {
    "cen_loss": 3.5277755634784698,
    "cen_accuracy": 0.264
  },
  "26": {
    "cen_loss": 2.3351968833208083,
    "cen_accuracy": 0.394
  },
  "27": {
    "cen_loss": 2.2120866869688034,
    "cen_accuracy": 0.376
  },
  "28": {
    "cen_loss": 2.5586669764518737,
    "cen_accuracy": 0.29425
  },
  "29": {
    "cen_loss": 3.682348297357559,
    "cen_accuracy": 0.255125
  },
  "30": {
    "cen_loss": 5.189108857154846,
    "cen_accuracy": 0.200375
  },
  "31": {
    "cen_loss": 2.129900033950806,
    "cen_accuracy": 0.354875
  },
  "32": {
    "cen_loss": 3.7370615999698638,
    "cen_accuracy": 0.279375
  },
  "33": {
    "cen_loss": 3.291872518539429,
    "cen_accuracy": 0.25725
  },
  "34": {
    "cen_loss": 2.81006968331337,
    "cen_accuracy": 0.340875
  },
  "35": {
    "cen_loss": 2.178894505023956,
    "cen_accuracy": 0.370125
  },
  "36": {
    "cen_loss": 2.1207500298023225,
    "cen_accuracy": 0.383125
  },
  "37": {
    "cen_loss": 2.349533004760742,
    "cen_accuracy": 0.370375
  },
  "38": {
    "cen_loss": 2.209174142360687,
    "cen_accuracy": 0.349375
  },
  "39": {
    "cen_loss": 2.671595346927643,
    "cen_accuracy": 0.328125
  },
  "40": {
    "cen_loss": 2.445536323070526,
    "cen_accuracy": 0.373625
  },
  "41": {
    "cen_loss": 2.004420303940773,
    "cen_accuracy": 0.371375
  },
  "42": {
    "cen_loss": 3.0139054157733915,
    "cen_accuracy": 0.349875
  },
  "43": {
    "cen_loss": 1.754387362599373,
    "cen_accuracy": 0.402375
  },
  "44": {
    "cen_loss": 2.204862016201019,
    "cen_accuracy": 0.374375
  },
  "45": {
    "cen_loss": 2.366580788254738,
    "cen_accuracy": 0.35
  },
  "46": {
    "cen_loss": 4.113299563884735,
    "cen_accuracy": 0.281
  },
  "47": {
    "cen_loss": 2.4325409185886384,
    "cen_accuracy": 0.335
  },
  "48": {
    "cen_loss": 3.7359372209310533,
    "cen_accuracy": 0.313875
  },
  "49": {
    "cen_loss": 2.2010144329071046,
    "cen_accuracy": 0.378875
  },
  "50": {
    "cen_loss": 2.5949649906158445,
    "cen_accuracy": 0.372375
  },
  "51": {
    "cen_loss": 2.4102731231451036,
    "cen_accuracy": 0.37075
  },
  "52": {
    "cen_loss": 1.9114686230421065,
    "cen_accuracy": 0.421
  },
  "53": {
    "cen_loss": 3.183011876344681,
    "cen_accuracy": 0.36175
  },
  "54": {
    "cen_loss": 2.8995753293037416,
    "cen_accuracy": 0.33025
  },
  "55": {
    "cen_loss": 1.9585400264263153,
    "cen_accuracy": 0.42475
  },
  "56": {
    "cen_loss": 2.4513416018486023,
    "cen_accuracy": 0.400125
  },
  "57": {
    "cen_loss": 2.355616371154785,
    "cen_accuracy": 0.3855
  },
  "58": {
    "cen_loss": 2.8413553240299225,
    "cen_accuracy": 0.245875
  },
  "59": {
    "cen_loss": 2.3278371262550355,
    "cen_accuracy": 0.319125
  },
  "60": {
    "cen_loss": 2.795737288236618,
    "cen_accuracy": 0.305375
  },
  "61": {
    "cen_loss": 2.104148756146431,
    "cen_accuracy": 0.429625
  },
  "62": {
    "cen_loss": 2.031030132293701,
    "cen_accuracy": 0.44525
  },
  "63": {
    "cen_loss": 1.6849168313741685,
    "cen_accuracy": 0.505125
  },
  "64": {
    "cen_loss": 2.491993175983429,
    "cen_accuracy": 0.386125
  },
  "65": {
    "cen_loss": 2.464346433162689,
    "cen_accuracy": 0.327
  },
  "66": {
    "cen_loss": 4.005459805250168,
    "cen_accuracy": 0.289125
  },
  "67": {
    "cen_loss": 2.1073433686494827,
    "cen_accuracy": 0.399375
  },
  "68": {
    "cen_loss": 3.599969872713089,
    "cen_accuracy": 0.31575
  },
  "69": {
    "cen_loss": 2.111700076699257,
    "cen_accuracy": 0.45375
  },
  "70": {
    "cen_loss": 2.2763185371160506,
    "cen_accuracy": 0.455
  },
  "71": {
    "cen_loss": 2.568181414723396,
    "cen_accuracy": 0.413
  },
  "72": {
    "cen_loss": 3.9416879830360414,
    "cen_accuracy": 0.3235
  },
  "73": {
    "cen_loss": 1.8858275812864305,
    "cen_accuracy": 0.438125
  },
  "74": {
    "cen_loss": 3.0291786460876464,
    "cen_accuracy": 0.34725
  },
  "75": {
    "cen_loss": 1.6236927326917647,
    "cen_accuracy": 0.43225
  },
  "76": {
    "cen_loss": 1.7033975853919983,
    "cen_accuracy": 0.47075
  },
  "77": {
    "cen_loss": 1.497128645181656,
    "cen_accuracy": 0.496
  },
  "78": {
    "cen_loss": 2.0061099334955217,
    "cen_accuracy": 0.41375
  },
  "79": {
    "cen_loss": 2.165706103205681,
    "cen_accuracy": 0.413625
  },
  "80": {
    "cen_loss": 2.9199061906337738,
    "cen_accuracy": 0.350625
  },
  "81": {
    "cen_loss": 2.068521127104759,
    "cen_accuracy": 0.462875
  },
  "82": {
    "cen_loss": 2.2502482025623323,
    "cen_accuracy": 0.3265
  },
  "83": {
    "cen_loss": 1.856550568461418,
    "cen_accuracy": 0.467625
  },
  "84": {
    "cen_loss": 2.444785120368004,
    "cen_accuracy": 0.386625
  },
  "85": {
    "cen_loss": 1.7864486459493638,
    "cen_accuracy": 0.4935
  },
  "86": {
    "cen_loss": 1.5292904205918312,
    "cen_accuracy": 0.517375
  },
  "87": {
    "cen_loss": 1.305410084605217,
    "cen_accuracy": 0.55025
  },
  "88": {
    "cen_loss": 3.205954264163971,
    "cen_accuracy": 0.341125
  },
  "89": {
    "cen_loss": 1.4503084765672685,
    "cen_accuracy": 0.54575
  },
  "90": {
    "cen_loss": 1.6707604393959046,
    "cen_accuracy": 0.51425
  },
  "91": {
    "cen_loss": 2.1441528346538545,
    "cen_accuracy": 0.443875
  },
  "92": {
    "cen_loss": 2.4178081530332567,
    "cen_accuracy": 0.419875
  },
  "93": {
    "cen_loss": 3.7814844479560854,
    "cen_accuracy": 0.219
  },
  "94": {
    "cen_loss": 2.0258127973079683,
    "cen_accuracy": 0.41675
  },
  "95": {
    "cen_loss": 1.3951613154411315,
    "cen_accuracy": 0.5635
  },
  "96": {
    "cen_loss": 1.3932234201431275,
    "cen_accuracy": 0.52
  },
  "97": {
    "cen_loss": 1.7995193984508515,
    "cen_accuracy": 0.47675
  },
  "98": {
    "cen_loss": 2.293443757414818,
    "cen_accuracy": 0.39375
  },
  "99": {
    "cen_loss": 1.5581021128296852,
    "cen_accuracy": 0.50275
  },
  "100": {
    "cen_loss": 2.1591751112937927,
    "cen_accuracy": 0.424625
  },
  "101": {
    "cen_loss": 1.4427826583385468,