{
  "0": {
    "max_battery_mJ": 432000000.0,
    "initial_battery_mJ": 210000000.0,
    "final_battery_mJ": 0.0
  },
  "1": {
    "max_battery_mJ": 432000000.0,
    "initial_battery_mJ": 420000000.0,
    "final_battery_mJ": 73712081.49468917
  },
  "2": {
    "max_battery_mJ": 432000000.0,
    "initial_battery_mJ": 210000000.0,
    "final_battery_mJ": 0.0
  },
  "3": {
    "max_battery_mJ": 432000000.0,
    "initial_battery_mJ": 420000000.0,
    "final_battery_mJ": 74017342.01697719
  },
  "4": {
    "max_battery_mJ": 432000000.0,
    "initial_battery_mJ": 210000000.0,
    "final_battery_mJ": 0.0
  },
  "5": {
    "max_battery_mJ": 432000000.0,
    "initial_battery_mJ": 420000000.0,
    "final_battery_mJ": 178625652.02396312
  },
  "6": {
    "max_battery_mJ": 432000000.0,
    "initial_battery_mJ": 600000000.0,
    "final_battery_mJ": 131987760.44753012
  },
  "7": {
    "max_battery_mJ": 432000000.0,
    "initial_battery_mJ": 210000000.0,
    "final_battery_mJ": 0.0
  },
  "8": {
    "max_battery_mJ": 432000000.0,
    "initial_battery_mJ": 210000000.0,
    "final_battery_mJ": 52398708.76199433
  },
  "9": {
    "max_battery_mJ": 432000000.0,
    "initial_battery_mJ": 600000000.0,
    "final_battery_mJ": 258646020.76620635
  },
  "10": {
    "max_battery_mJ": 432000000.0,
    "initial_battery_mJ": 210000000.0,
    "final_battery_mJ": 0.0
  },
  "11": {
    "max_battery_mJ": 432000000.0,
    "initial_battery_mJ": 600000000.0,
    "final_battery_mJ": 344577392.5964925
  },
  "12": {
    "max_battery_mJ": 432000000.0,
    "initial_battery_mJ": 600000000.0,
    "final_battery_mJ": 249445234.50078875
  },
  "13": {
    "max_battery_mJ": 432000000.0,
    "initial_battery_mJ": 210000000.0,
    "final_battery_mJ": 0.0
  },
  "14": {
    "max_battery_mJ": 432000000.0,
    "initial_battery_mJ": 420000000.0,
    "final_battery_mJ": 262430942.87271345
  },
  "15": {
    "max_battery_mJ": 432000000.0,
    "initial_battery_mJ": 600000000.0,
    "final_battery_mJ": 366321920.6243559
  },
  "16": {
    "max_battery_mJ": 432000000.0,
    "initial_battery_mJ": 600000000.0,
    "final_battery_mJ": 251109319.9034424
  },
  "17": {
    "max_battery_mJ": 432000000.0,
    "initial_battery_mJ": 420000000.0,
    "final_battery_mJ": 94211307.77077022
  },
  "18": {
    "max_battery_mJ": 432000000.0,
    "initial_battery_mJ": 210000000.0,
    "final_battery_mJ": 0.0
  },
  "19": {
    "max_battery_mJ": 432000000.0,
    "initial_battery_mJ": 600000000.0,
    "final_battery_mJ": 438063650.0497143
  },
  "20": {
    "max_battery_mJ": 432000000.0,
    "initial_battery_mJ": 420000000.0,
    "final_battery_mJ": 262578996.5187598
  },
  "21": {
    "max_battery_mJ": 432000000.0,
    "initial_battery_mJ": 210000000.0,
    "final_battery_mJ": 0.0
  },
  "22": {
    "max_battery_mJ": 432000000.0,
    "initial_battery_mJ": 600000000.0,
    "final_battery_mJ": 354465572.2141871
  },
  "23": {
    "max_battery_mJ": 432000000.0,
    "initial_battery_mJ": 600000000.0,
    "final_battery_mJ": 441636608.2956672
  },
  "24": {
    "max_battery_mJ": 432000000.0,
    "initial_battery_mJ": 210000000.0,
    "final_battery_mJ": 0.0
  },
  "25": {
    "max_battery_mJ": 432000000.0,
    "initial_battery_mJ": 210000000.0,
    "final_battery_mJ": 0.0
  },
  "26": {
    "max_battery_mJ": 432000000.0,
    "initial_battery_mJ": 210000000.0,
    "final_battery_mJ": 52246042.7249583
  },
  "27": {
    "max_battery_mJ": 432000000.0,
    "initial_battery_mJ": 210000000.0,
    "final_battery_mJ": 0.0
  },
  "28": {
    "max_battery_mJ": 432000000.0,
    "initial_battery_mJ": 210000000.0,
    "final_battery_mJ": 52559922.40578106
  },
  "29": {
    "max_battery_mJ": 432000000.0,
    "initial_battery_mJ": 420000000.0,
    "final_battery_mJ": 262448189.49933732
  },
  "30": {
    "max_battery_mJ": 432000000.0,
    "initial_battery_mJ": 600000000.0,
    "final_battery_mJ": 356804335.80276424
  },
  "31": {
    "max_battery_mJ": 432000000.0,
    "initial_battery_mJ": 600000000.0,
    "final_battery_mJ": 240515110.5274732
  },
  "32": {
    "max_battery_mJ": 432000000.0,
    "initial_battery_mJ": 600000000.0,
    "final_battery_mJ": 421332850.85922205
  },
  "33": {
    "max_battery_mJ": 432000000.0,
    "initial_battery_mJ": 210000000.0,
    "final_battery_mJ": 0.0
  },
  "34": {
    "max_battery_mJ": 432000000.0,
    "initial_battery_mJ": 600000000.0,
    "final_battery_mJ": 253896893.26577237
  },
  "35": {
    "max_battery_mJ": 432000000.0,
    "initial_battery_mJ": 600000000.0,
    "final_battery_mJ": 358468321.83627546
  },
  "36": {
    "max_battery_mJ": 432000000.0,
    "initial_battery_mJ": 600000000.0,
    "final_battery_mJ": 265616904.67384192
  },
  "37": {
    "max_battery_mJ": 432000000.0,
    "initial_battery_mJ": 210000000.0,
    "final_battery_mJ": 0.0
  },
  "38": {
    "max_battery_mJ": 432000000.0,
    "initial_battery_mJ": 210000000.0,
    "final_battery_mJ": 0.0
  },
  "39": {
    "max_battery_mJ": 432000000.0,
    "initial_battery_mJ": 420000000.0,
    "final_battery_mJ": 178548382.8046359
  },
  "40": {
    "max_battery_mJ": 432000000.0,
    "initial_battery_mJ": 420000000.0,
    "final_battery_mJ": 262492904.0924399
  },
  "41": {
    "max_battery_mJ": 432000000.0,
    "initial_battery_mJ": 600000000.0,
    "final_battery_mJ": 355791594.7128294
  },
  "42": {
    "max_battery_mJ": 432000000.0,
    "initial_battery_mJ": 420000000.0,
    "final_battery_mJ": 260079072.54602087
  },
  "43": {
    "max_battery_mJ": 432000000.0,
    "initial_battery_mJ": 420000000.0,
    "final_battery_mJ": 74059035.03347647
  },
  "44": {
    "max_battery_mJ": 432000000.0,
    "initial_battery_mJ": 600000000.0,
    "final_battery_mJ": 273889261.2001195
  },
  "45": {
    "max_battery_mJ": 432000000.0,
    "initial_battery_mJ": 210000000.0,
    "final_battery_mJ": 0.0
  },
  "46": {
    "max_battery_mJ": 432000000.0,
    "initial_battery_mJ": 210000000.0,
    "final_battery_mJ": 52468455.84332776
  },
  "47": {
    "max_battery_mJ": 432000000.0,
    "initial_battery_mJ": 600000000.0,
    "final_battery_mJ": 442082530.03112715
  },
  "48": {
    "max_battery_mJ": 432000000.0,
    "initial_battery_mJ": 600000000.0,
    "final_battery_mJ": 270790825.5532649
  },
  "49": {
    "max_battery_mJ": 432000000.0,
    "initial_battery_mJ": 600000000.0,
    "final_battery_mJ": 253653567.16364157
  },
  "50": {
    "max_battery_mJ": 432000000.0,
    "initial_battery_mJ": 420000000.0,
    "final_battery_mJ": 262172279.36814114
  },
  "51": {
    "max_battery_mJ": 432000000.0,
    "initial_battery_mJ": 420000000.0,
    "final_battery_mJ": 262379939.81514716
  },
  "52": {
    "max_battery_mJ": 432000000.0,
    "initial_battery_mJ": 210000000.0,
    "final_battery_mJ": 0.0
  },
  "53": {
    "max_battery_mJ": 432000000.0,
    "initial_battery_mJ": 600000000.0,
    "final_battery_mJ": 437613332.5875982
  },
  "54": {
    "max_battery_mJ": 432000000.0,
    "initial_battery_mJ": 600000000.0,
    "final_battery_mJ": 355416811.37697774
  },
  "55": {
    "max_battery_mJ": 432000000.0,
    "initial_battery_mJ": 210000000.0,
    "final_battery_mJ": 0.0
  },
  "56": {
    "max_battery_mJ": 432000000.0,
    "initial_battery_mJ": 210000000.0,
    "final_battery_mJ": 0.0
  },
  "57": {
    "max_battery_mJ": 432000000.0,
    "initial_battery_mJ": 600000000.0,
    "final_battery_mJ": 429483186.5977484
  },
  "58": {
    "max_battery_mJ": 432000000.0,
    "initial_battery_mJ": 600000000.0,
    "final_battery_mJ": 245232400.04166755
  },
  "59": {
    "max_battery_mJ": 432000000.0,
    "initial_battery_mJ": 210000000.0,
    "final_battery_mJ": 52388651.881471545
  },
  "60": {
    "max_battery_mJ": 432000000.0,
    "initial_battery_mJ": 600000000.0,
    "final_battery_mJ": 271580044.0057593
  },
  "61": {
    "max_battery_mJ": 432000000.0,
    "initial_battery_mJ": 600000000.0,
    "final_battery_mJ": 246145001.6660084
  },
  "62": {
    "max_battery_mJ": 432000000.0,
    "initial_battery_mJ": 600000000.0,