{
  "0": {
    "cen_loss": 2.302711468219757,
    "cen_accuracy": 0.099125
  },
  "1": {
    "cen_loss": 2.302711468219757,
    "cen_accuracy": 0.099125
  },
  "2": {
    "cen_loss": 2.592633800506592,
    "cen_accuracy": 0.10075
  },
  "3": {
    "cen_loss": 3.652814465045929,
    "cen_accuracy": 0.0995
  },
  "4": {
    "cen_loss": 4.2915891480445865,
    "cen_accuracy": 0.0995
  },
  "5": {
    "cen_loss": 5.071116683483123,
    "cen_accuracy": 0.0995
  },
  "6": {
    "cen_loss": 5.017207041740417,
    "cen_accuracy": 0.0995
  },
  "7": {
    "cen_loss": 6.202933223247528,
    "cen_accuracy": 0.0995
  },
  "8": {
    "cen_loss": 5.211631619930268,
    "cen_accuracy": 0.142
  },
  "9": {
    "cen_loss": 3.594134541988373,
    "cen_accuracy": 0.204125
  },
  "10": {
    "cen_loss": 1.3468015833497047,
    "cen_accuracy": 0.581125
  },
  "11": {
    "cen_loss": 2.191968331694603,
    "cen_accuracy": 0.392625
  },
  "12": {
    "cen_loss": 1.9711253113746643,
    "cen_accuracy": 0.439625
  },
  "13": {
    "cen_loss": 1.6729897358417511,
    "cen_accuracy": 0.520625
  },
  "14": {
    "cen_loss": 1.3567752395868302,
    "cen_accuracy": 0.595
  },
  "15": {
    "cen_loss": 1.2629978402256965,
    "cen_accuracy": 0.62275
  },
  "16": {
    "cen_loss": 1.1999598557651043,
    "cen_accuracy": 0.64025
  },
  "17": {
    "cen_loss": 1.2137371543347835,
    "cen_accuracy": 0.646
  },
  "18": {
    "cen_loss": 1.2554010633826256,
    "cen_accuracy": 0.635875
  },
  "19": {
    "cen_loss": 1.1500943691432477,
    "cen_accuracy": 0.6575
  },
  "20": {
    "cen_loss": 1.0713291837871075,
    "cen_accuracy": 0.69075
  },
  "21": {
    "cen_loss": 1.3027830592691898,
    "cen_accuracy": 0.64125
  },
  "22": {
    "cen_loss": 1.089912782713771,
    "cen_accuracy": 0.6825
  },
  "23": {
    "cen_loss": 1.1269847819209098,
    "cen_accuracy": 0.68275
  },
  "24": {
    "cen_loss": 1.054368078917265,
    "cen_accuracy": 0.696
  },
  "25": {
    "cen_loss": 1.1023668179214001,
    "cen_accuracy": 0.68925
  },
  "26": {
    "cen_loss": 1.0453320775330066,
    "cen_accuracy": 0.699
  },
  "27": {
    "cen_loss": 0.9613939018920064,
    "cen_accuracy": 0.71825
  },
  "28": {
    "cen_loss": 0.9547094340771437,
    "cen_accuracy": 0.7215
  },
  "29": {
    "cen_loss": 0.8987274445295333,
    "cen_accuracy": 0.734375
  },
  "30": {
    "cen_loss": 0.9778719149827957,
    "cen_accuracy": 0.732625
  },
  "31": {
    "cen_loss": 0.9413891022056341,
    "cen_accuracy": 0.734
  },
  "32": {
    "cen_loss": 0.9621712601482868,
    "cen_accuracy": 0.7225
  },
  "33": {
    "cen_loss": 0.9594397605061531,
    "cen_accuracy": 0.722
  },
  "34": {
    "cen_loss": 0.8553247758075595,
    "cen_accuracy": 0.7455
  },
  "35": {
    "cen_loss": 0.8394355814903974,
    "cen_accuracy": 0.753
  },
  "36": {
    "cen_loss": 0.8468460234329105,
    "cen_accuracy": 0.75875
  },
  "37": {
    "cen_loss": 0.8604076130017638,
    "cen_accuracy": 0.754875
  },
  "38": {
    "cen_loss": 0.8811004525572061,
    "cen_accuracy": 0.754375
  },
  "39": {
    "cen_loss": 0.8427533083334565,
    "cen_accuracy": 0.75675
  },
  "40": {
    "cen_loss": 0.8900090552195906,
    "cen_accuracy": 0.76175
  },
  "41": {
    "cen_loss": 0.8075182119309903,
    "cen_accuracy": 0.7635
  },
  "42": {
    "cen_loss": 0.7614163853377104,
    "cen_accuracy": 0.769125
  },
  "43": {
    "cen_loss": 0.8062889866828918,
    "cen_accuracy": 0.769625
  },
  "44": {
    "cen_loss": 0.8340311218202114,
    "cen_accuracy": 0.76025
  },
  "45": {
    "cen_loss": 0.7487537745013833,
    "cen_accuracy": 0.775125
  },
  "46": {
    "cen_loss": 0.8052311998642981,
    "cen_accuracy": 0.7685
  },
  "47": {
    "cen_loss": 0.8146691825687885,
    "cen_accuracy": 0.7685
  },
  "48": {
    "cen_loss": 0.7478272436112166,
    "cen_accuracy": 0.782625
  },
  "49": {
    "cen_loss": 0.8079260028153658,
    "cen_accuracy": 0.771625
  },
  "50": {
    "cen_loss": 0.8945137592852116,
    "cen_accuracy": 0.761375
  },
  "51": {
    "cen_loss": 0.8376746954247355,
    "cen_accuracy": 0.76975
  },
  "52": {
    "cen_loss": 0.721292022228241,
    "cen_accuracy": 0.79125
  },
  "53": {
    "cen_loss": 0.7221638324931264,
    "cen_accuracy": 0.787875
  },
  "54": {
    "cen_loss": 0.743180285140872,
    "cen_accuracy": 0.78925
  },
  "55": {
    "cen_loss": 0.7209222255647183,
    "cen_accuracy": 0.789
  },
  "56": {
    "cen_loss": 0.7936245171576738,
    "cen_accuracy": 0.78175
  },
  "57": {
    "cen_loss": 0.7341819775551558,
    "cen_accuracy": 0.788375
  },
  "58": {
    "cen_loss": 0.7044617346897721,
    "cen_accuracy": 0.79825
  },
  "59": {
    "cen_loss": 0.7246631643623114,
    "cen_accuracy": 0.791125
  },
  "60": {
    "cen_loss": 0.7414224187247455,
    "cen_accuracy": 0.79175
  },
  "61": {
    "cen_loss": 0.7461308003440499,
    "cen_accuracy": 0.79575
  },
  "62": {
    "cen_loss": 0.6962165701761842,
    "cen_accuracy": 0.789125
  },
  "63": {
    "cen_loss": 0.768721214428544,
    "cen_accuracy": 0.78575
  },
  "64": {
    "cen_loss": 0.6941156882494688,
    "cen_accuracy": 0.7995
  },
  "65": {
    "cen_loss": 0.6910024966038764,
    "cen_accuracy": 0.799125
  },
  "66": {
    "cen_loss": 0.7515789960660041,
    "cen_accuracy": 0.793875
  },
  "67": {
    "cen_loss": 0.7058592723160982,
    "cen_accuracy": 0.798625
  },
  "68": {
    "cen_loss": 0.6836484211310744,
    "cen_accuracy": 0.79875
  },
  "69": {
    "cen_loss": 0.6843882383182645,
    "cen_accuracy": 0.801375
  },
  "70": {
    "cen_loss": 0.7534693775475025,
    "cen_accuracy": 0.792125
  },
  "71": {
    "cen_loss": 0.7202915395274758,
    "cen_accuracy": 0.798125
  },
  "72": {
    "cen_loss": 0.7342374622114003,
    "cen_accuracy": 0.79025
  },
  "73": {
    "cen_loss": 0.6639134200401604,
    "cen_accuracy": 0.80325
  },
  "74": {
    "cen_loss": 0.7064974398389459,
    "cen_accuracy": 0.796875
  },
  "75": {
    "cen_loss": 0.6896069794595242,
    "cen_accuracy": 0.804
  },
  "76": {
    "cen_loss": 0.6578282667472959,
    "cen_accuracy": 0.80975
  },
  "77": {
    "cen_loss": 0.6760595527552068,
    "cen_accuracy": 0.80775
  },
  "78": {
    "cen_loss": 0.6607352481577545,
    "cen_accuracy": 0.809625
  },
  "79": {
    "cen_loss": 0.6740970099270344,
    "cen_accuracy": 0.804625
  },
  "80": {
    "cen_loss": 0.7686644522473216,
    "cen_accuracy": 0.794875
  },
  "81": {
    "cen_loss": 0.6533246609196067,
    "cen_accuracy": 0.807875
  },
  "82": {
    "cen_loss": 0.6277809277400375,
    "cen_accuracy": 0.8085
  },
  "83": {
    "cen_loss": 0.7232053700359539,
    "cen_accuracy": 0.7975
  },
  "84": {
    "cen_loss": 0.6242384297996759,
    "cen_accuracy": 0.817625
  },
  "85": {
    "cen_loss": 0.6404552098000422,
    "cen_accuracy": 0.815625
  },
  "86": {
    "cen_loss": 0.6242326960396022,
    "cen_accuracy": 0.81875
  },
  "87": {
    "cen_loss": 0.637952806411311,
    "cen_accuracy": 0.81625
  },
  "88": {
    "cen_loss": 0.6234225389398634,
    "cen_accuracy": 0.821125
  },
  "89": {
    "cen_loss": 0.6656788588669151,
    "cen_accuracy": 0.816
  },
  "90": {
    "cen_loss": 0.7245410293024034,
    "cen_accuracy": 0.81225
  },
  "91": {
    "cen_loss": 0.6832711438499391,
    "cen_accuracy": 0.804125
  },
  "92": {
    "cen_loss": 0.6126266142427921,
    "cen_accuracy": 0.82025
  },
  "93": {
    "cen_loss": 0.6674971307385713,
    "cen_accuracy": 0.814375
  },
  "94": {
    "cen_loss": 0.6008128468152135,
    "cen_accuracy": 0.826125
  },
  "95": {
    "cen_loss": 0.6422091808840632,
    "cen_accuracy": 0.821375
  },
  "96": {
    "cen_loss": 0.6537264043949544,
    "cen_accuracy": 0.812125
  },
  "97": {
    "cen_loss": 0.6365203618519009,
    "cen_accuracy": 0.819375
  },
  "98": {
    "cen_loss": 0.6619075789609924,
    "cen_accuracy": 0.814875
  },
  "99": {
    "cen_loss": 0.6217576866582968,
    "cen_accuracy": 0.825375
  },
  "100": {
    "cen_loss": 0.7104121036953293,
    "cen_accuracy": 0.81275
  },