{
  "0": {
    "cen_loss": 2.302809526920319,
    "cen_accuracy": 0.10075
  },
  "1": {
    "cen_loss": 2.302809526920319,
    "cen_accuracy": 0.10075
  },
  "2": {
    "cen_loss": 4.491402478694916,
    "cen_accuracy": 0.101125
  },
  "3": {
    "cen_loss": 5.599129215240478,
    "cen_accuracy": 0.101125
  },
  "4": {
    "cen_loss": 6.3052598361969,
    "cen_accuracy": 0.101125
  },
  "5": {
    "cen_loss": 5.7442621946334835,
    "cen_accuracy": 0.101125
  },
  "6": {
    "cen_loss": 5.2072351765632625,
    "cen_accuracy": 0.141125
  },
  "7": {
    "cen_loss": 5.24222837972641,
    "cen_accuracy": 0.168375
  },
  "8": {
    "cen_loss": 3.677444119691849,
    "cen_accuracy": 0.204625
  },
  "9": {
    "cen_loss": 2.710318624973297,
    "cen_accuracy": 0.2875
  },
  "10": {
    "cen_loss": 1.6265390110611915,
    "cen_accuracy": 0.508125
  },
  "11": {
    "cen_loss": 2.6422387778759004,
    "cen_accuracy": 0.29825
  },
  "12": {
    "cen_loss": 2.262675610780716,
    "cen_accuracy": 0.373125
  },
  "13": {
    "cen_loss": 2.049263741135597,
    "cen_accuracy": 0.432375
  },
  "14": {
    "cen_loss": 2.1137509372234344,
    "cen_accuracy": 0.431625
  },
  "15": {
    "cen_loss": 2.165502264022827,
    "cen_accuracy": 0.456
  },
  "16": {
    "cen_loss": 1.8008683280944824,
    "cen_accuracy": 0.511625
  },
  "17": {
    "cen_loss": 1.6901609816551209,
    "cen_accuracy": 0.53225
  },
  "18": {
    "cen_loss": 1.8253823845088482,
    "cen_accuracy": 0.528625
  },
  "19": {
    "cen_loss": 1.5982351882755756,
    "cen_accuracy": 0.56075
  },
  "20": {
    "cen_loss": 1.5590935306847096,
    "cen_accuracy": 0.585875
  },
  "21": {
    "cen_loss": 1.5674840873777867,
    "cen_accuracy": 0.57
  },
  "22": {
    "cen_loss": 1.4596071744561194,
    "cen_accuracy": 0.595375
  },
  "23": {
    "cen_loss": 1.4229531705975533,
    "cen_accuracy": 0.59975
  },
  "24": {
    "cen_loss": 1.5235137178897857,
    "cen_accuracy": 0.586625
  },
  "25": {
    "cen_loss": 1.47776286226511,
    "cen_accuracy": 0.601625
  },
  "26": {
    "cen_loss": 1.4721464345455169,
    "cen_accuracy": 0.60175
  },
  "27": {
    "cen_loss": 1.3758992965221406,
    "cen_accuracy": 0.61775
  },
  "28": {
    "cen_loss": 1.3747766152471304,
    "cen_accuracy": 0.621375
  },
  "29": {
    "cen_loss": 1.4572568567991258,
    "cen_accuracy": 0.60875
  },
  "30": {
    "cen_loss": 1.4436409427970647,
    "cen_accuracy": 0.6235
  },
  "31": {
    "cen_loss": 1.3771787862181664,
    "cen_accuracy": 0.62275
  },
  "32": {
    "cen_loss": 1.4378671834170818,
    "cen_accuracy": 0.618125
  },
  "33": {
    "cen_loss": 1.4443489254415036,
    "cen_accuracy": 0.61775
  },
  "34": {
    "cen_loss": 1.324881245583296,
    "cen_accuracy": 0.638625
  },
  "35": {
    "cen_loss": 1.4405430383682252,
    "cen_accuracy": 0.618875
  },
  "36": {
    "cen_loss": 1.3921671384871006,
    "cen_accuracy": 0.631625
  },
  "37": {
    "cen_loss": 1.383124141126871,
    "cen_accuracy": 0.630375
  },
  "38": {
    "cen_loss": 1.3173738182634116,
    "cen_accuracy": 0.638125
  },
  "39": {
    "cen_loss": 1.2817659917622806,
    "cen_accuracy": 0.64475
  },
  "40": {
    "cen_loss": 1.3527053319215774,
    "cen_accuracy": 0.65125
  },
  "41": {
    "cen_loss": 1.2797612218260765,
    "cen_accuracy": 0.64825
  },
  "42": {
    "cen_loss": 1.2210051721483468,
    "cen_accuracy": 0.656375
  },
  "43": {
    "cen_loss": 1.2356941344290973,
    "cen_accuracy": 0.655375
  },
  "44": {
    "cen_loss": 1.2271661555618048,
    "cen_accuracy": 0.65925
  },
  "45": {
    "cen_loss": 1.2440781262218952,
    "cen_accuracy": 0.661125
  },
  "46": {
    "cen_loss": 1.2086901397705079,
    "cen_accuracy": 0.66625
  },
  "47": {
    "cen_loss": 1.2916025318205357,
    "cen_accuracy": 0.657125
  },
  "48": {
    "cen_loss": 1.2852447003722192,
    "cen_accuracy": 0.660375
  },
  "49": {
    "cen_loss": 1.3148473216295242,
    "cen_accuracy": 0.65775
  },
  "50": {
    "cen_loss": 1.3575433294177055,
    "cen_accuracy": 0.6605
  },
  "51": {
    "cen_loss": 1.1695129571557046,
    "cen_accuracy": 0.67675
  },
  "52": {
    "cen_loss": 1.1697440996170043,
    "cen_accuracy": 0.675
  },
  "53": {
    "cen_loss": 1.1286189450472592,
    "cen_accuracy": 0.683125
  },
  "54": {
    "cen_loss": 1.1466821249127388,
    "cen_accuracy": 0.678625
  },
  "55": {
    "cen_loss": 1.2150840094834565,
    "cen_accuracy": 0.665125
  },
  "56": {
    "cen_loss": 1.1761169780939817,
    "cen_accuracy": 0.676
  },
  "57": {
    "cen_loss": 1.1446648178696632,
    "cen_accuracy": 0.682875
  },
  "58": {
    "cen_loss": 1.1708726597726344,
    "cen_accuracy": 0.684125
  },
  "59": {
    "cen_loss": 1.2279676336050034,
    "cen_accuracy": 0.666875
  },
  "60": {
    "cen_loss": 1.2754998340383172,
    "cen_accuracy": 0.67125
  },
  "61": {
    "cen_loss": 1.1404595993459226,
    "cen_accuracy": 0.685
  },
  "62": {
    "cen_loss": 1.1114496186077594,
    "cen_accuracy": 0.690375
  },
  "63": {
    "cen_loss": 1.2103243039548397,
    "cen_accuracy": 0.675625
  },
  "64": {
    "cen_loss": 1.151427805289626,
    "cen_accuracy": 0.68675
  },
  "65": {
    "cen_loss": 1.0946342165470124,
    "cen_accuracy": 0.694375
  },
  "66": {
    "cen_loss": 1.0434327565133572,
    "cen_accuracy": 0.70125
  },
  "67": {
    "cen_loss": 1.1134459288716316,
    "cen_accuracy": 0.70075
  },
  "68": {
    "cen_loss": 1.1260000770539045,
    "cen_accuracy": 0.6965
  },
  "69": {
    "cen_loss": 1.087776658937335,
    "cen_accuracy": 0.697
  },
  "70": {
    "cen_loss": 1.1416881356984376,
    "cen_accuracy": 0.698125
  },
  "71": {
    "cen_loss": 1.07996895840019,
    "cen_accuracy": 0.698125
  },
  "72": {
    "cen_loss": 1.105539979018271,
    "cen_accuracy": 0.694
  },
  "73": {
    "cen_loss": 1.0892745730131865,
    "cen_accuracy": 0.694625
  },
  "74": {
    "cen_loss": 1.0445671395808458,
    "cen_accuracy": 0.70925
  },
  "75": {
    "cen_loss": 1.0316775890439749,
    "cen_accuracy": 0.7135
  },
  "76": {
    "cen_loss": 1.0326078748293221,
    "cen_accuracy": 0.715875
  },
  "77": {
    "cen_loss": 1.0358505468070507,
    "cen_accuracy": 0.711625
  },
  "78": {
    "cen_loss": 1.0432896507754923,
    "cen_accuracy": 0.70475
  },
  "79": {
    "cen_loss": 1.0115855626538397,
    "cen_accuracy": 0.720375
  },
  "80": {
    "cen_loss": 1.0564568317830563,
    "cen_accuracy": 0.723125
  },
  "81": {
    "cen_loss": 1.0916352891474963,
    "cen_accuracy": 0.705625
  },
  "82": {
    "cen_loss": 1.0046487953588366,
    "cen_accuracy": 0.72025
  },
  "83": {
    "cen_loss": 0.9880492645949125,
    "cen_accuracy": 0.720125
  },
  "84": {
    "cen_loss": 1.0382620749473572,
    "cen_accuracy": 0.706
  },
  "85": {
    "cen_loss": 1.0428493239060044,
    "cen_accuracy": 0.706
  },
  "86": {
    "cen_loss": 1.0022959525212645,
    "cen_accuracy": 0.7185
  },
  "87": {
    "cen_loss": 1.019694568041712,
    "cen_accuracy": 0.712375
  },
  "88": {
    "cen_loss": 0.9978134371526539,
    "cen_accuracy": 0.721
  },
  "89": {
    "cen_loss": 0.9781538374982774,
    "cen_accuracy": 0.7255
  },
  "90": {
    "cen_loss": 1.021151517175138,
    "cen_accuracy": 0.724
  },
  "91": {
    "cen_loss": 0.938336534395814,
    "cen_accuracy": 0.72925
  },
  "92": {
    "cen_loss": 1.0200493197292089,
    "cen_accuracy": 0.715625
  },
  "93": {
    "cen_loss": 0.9920068045854569,
    "cen_accuracy": 0.733125
  },
  "94": {
    "cen_loss": 1.0060771235823631,
    "cen_accuracy": 0.729875
  },
  "95": {
    "cen_loss": 0.9814763362258673,
    "cen_accuracy": 0.730625
  },
  "96": {
    "cen_loss": 1.0113374980688095,
    "cen_accuracy": 0.724125
  },
  "97": {
    "cen_loss": 1.0335076268166303,
    "cen_accuracy": 0.72525
  },
  "98": {
    "cen_loss": 1.0186940950900316,
    "cen_accuracy": 0.725375
  },
  "99": {
    "cen_loss": 1.0074236706495285,
    "cen_accuracy": 0.72925
  },
  "100": {
    "cen_loss": 1.062108206063509,
    "cen_accuracy": 0.72825
  },