{
  "0": {
    "cen_loss": 2.3027670545578003,
    "cen_accuracy": 0.0985
  },
  "1": {
    "cen_loss": 2.3027670545578003,
    "cen_accuracy": 0.0985
  },
  "2": {
    "cen_loss": 3.3138744435310366,
    "cen_accuracy": 0.099875
  },
  "3": {
    "cen_loss": 3.5756736168861387,
    "cen_accuracy": 0.133
  },
  "4": {
    "cen_loss": 3.1441246800422666,
    "cen_accuracy": 0.12525
  },
  "5": {
    "cen_loss": 2.8493761677742,
    "cen_accuracy": 0.2395
  },
  "6": {
    "cen_loss": 3.311021416425705,
    "cen_accuracy": 0.20175
  },
  "7": {
    "cen_loss": 4.576608935117721,
    "cen_accuracy": 0.215375
  },
  "8": {
    "cen_loss": 3.0951732552051543,
    "cen_accuracy": 0.20175
  },
  "9": {
    "cen_loss": 2.6185576367378234,
    "cen_accuracy": 0.18825
  },
  "10": {
    "cen_loss": 2.798300850868225,
    "cen_accuracy": 0.219125
  },
  "11": {
    "cen_loss": 2.546991872549057,
    "cen_accuracy": 0.295375
  },
  "12": {
    "cen_loss": 2.669695138454437,
    "cen_accuracy": 0.34375
  },
  "13": {
    "cen_loss": 5.589422508716583,
    "cen_accuracy": 0.18775
  },
  "14": {
    "cen_loss": 2.6962027525901795,
    "cen_accuracy": 0.2765
  },
  "15": {
    "cen_loss": 3.8777890825271606,
    "cen_accuracy": 0.26125
  },
  "16": {
    "cen_loss": 3.838110701084137,
    "cen_accuracy": 0.22675
  },
  "17": {
    "cen_loss": 3.878886109828949,
    "cen_accuracy": 0.22825
  },
  "18": {
    "cen_loss": 3.169957834482193,
    "cen_accuracy": 0.302
  },
  "19": {
    "cen_loss": 3.688164075136185,
    "cen_accuracy": 0.308
  },
  "20": {
    "cen_loss": 6.356334722995758,
    "cen_accuracy": 0.2625
  },
  "21": {
    "cen_loss": 4.984752119064331,
    "cen_accuracy": 0.248375
  },
  "22": {
    "cen_loss": 3.55955428814888,
    "cen_accuracy": 0.33225
  },
  "23": {
    "cen_loss": 2.615047832489014,
    "cen_accuracy": 0.313
  },
  "24": {
    "cen_loss": 2.8799368875026703,
    "cen_accuracy": 0.34825
  },
  "25": {
    "cen_loss": 2.395490615606308,
    "cen_accuracy": 0.356625
  },
  "26": {
    "cen_loss": 2.0866773447990417,
    "cen_accuracy": 0.4385
  },
  "27": {
    "cen_loss": 2.436537879705429,
    "cen_accuracy": 0.39875
  },
  "28": {
    "cen_loss": 2.9328475096225737,
    "cen_accuracy": 0.277625
  },
  "29": {
    "cen_loss": 4.070091522455216,
    "cen_accuracy": 0.232625
  },
  "30": {
    "cen_loss": 5.220400135278702,
    "cen_accuracy": 0.214
  },
  "31": {
    "cen_loss": 1.9444959392547607,
    "cen_accuracy": 0.403125
  },
  "32": {
    "cen_loss": 2.6450326058864593,
    "cen_accuracy": 0.29
  },
  "33": {
    "cen_loss": 3.3334652774333953,
    "cen_accuracy": 0.30875
  },
  "34": {
    "cen_loss": 2.7393520810604097,
    "cen_accuracy": 0.37325
  },
  "35": {
    "cen_loss": 3.2585874538421633,
    "cen_accuracy": 0.3035
  },
  "36": {
    "cen_loss": 1.843612839579582,
    "cen_accuracy": 0.472625
  },
  "37": {
    "cen_loss": 1.873426259636879,
    "cen_accuracy": 0.404
  },
  "38": {
    "cen_loss": 1.853291507601738,
    "cen_accuracy": 0.4425
  },
  "39": {
    "cen_loss": 2.5052773653268816,
    "cen_accuracy": 0.425375
  },
  "40": {
    "cen_loss": 3.6885493549108506,
    "cen_accuracy": 0.3605
  },
  "41": {
    "cen_loss": 1.7406272723674774,
    "cen_accuracy": 0.431375
  },
  "42": {
    "cen_loss": 2.824803492069244,
    "cen_accuracy": 0.363125
  },
  "43": {
    "cen_loss": 2.3037729308605193,
    "cen_accuracy": 0.373625
  },
  "44": {
    "cen_loss": 2.847132439136505,
    "cen_accuracy": 0.404375
  },
  "45": {
    "cen_loss": 4.341214962482453,
    "cen_accuracy": 0.2465
  },
  "46": {
    "cen_loss": 3.6745902700424193,
    "cen_accuracy": 0.354375
  },
  "47": {
    "cen_loss": 1.3479675629138947,
    "cen_accuracy": 0.5085
  },
  "48": {
    "cen_loss": 1.880144765496254,
    "cen_accuracy": 0.39875
  },
  "49": {
    "cen_loss": 1.8340469164848328,
    "cen_accuracy": 0.444875
  },
  "50": {
    "cen_loss": 2.503741362810135,
    "cen_accuracy": 0.37175
  },
  "51": {
    "cen_loss": 1.542921906709671,
    "cen_accuracy": 0.4805
  },
  "52": {
    "cen_loss": 3.4639442176818847,
    "cen_accuracy": 0.311
  },
  "53": {
    "cen_loss": 2.4018201080560684,
    "cen_accuracy": 0.393875
  },
  "54": {
    "cen_loss": 3.8957947549819947,
    "cen_accuracy": 0.281
  },
  "55": {
    "cen_loss": 2.681790774822235,
    "cen_accuracy": 0.332875
  },
  "56": {
    "cen_loss": 1.489018704891205,
    "cen_accuracy": 0.51775
  },
  "57": {
    "cen_loss": 1.802337237238884,
    "cen_accuracy": 0.4845
  },
  "58": {
    "cen_loss": 2.254182767868042,
    "cen_accuracy": 0.394375
  },
  "59": {
    "cen_loss": 2.6804644343852995,
    "cen_accuracy": 0.2865
  },
  "60": {
    "cen_loss": 3.24739381480217,
    "cen_accuracy": 0.262875
  },
  "61": {
    "cen_loss": 2.764616631388664,
    "cen_accuracy": 0.371375
  },
  "62": {
    "cen_loss": 1.9830572048425674,
    "cen_accuracy": 0.450375
  },
  "63": {
    "cen_loss": 2.1364493211507796,
    "cen_accuracy": 0.373875
  },
  "64": {
    "cen_loss": 1.8401455718278885,
    "cen_accuracy": 0.489125
  },
  "65": {
    "cen_loss": 2.912361199617386,
    "cen_accuracy": 0.3275
  },
  "66": {
    "cen_loss": 1.7734194866418838,
    "cen_accuracy": 0.47
  },
  "67": {
    "cen_loss": 1.5934343708753587,
    "cen_accuracy": 0.506
  },
  "68": {
    "cen_loss": 1.2903196567296982,
    "cen_accuracy": 0.54375
  },
  "69": {
    "cen_loss": 1.5045894758701324,
    "cen_accuracy": 0.520125
  },
  "70": {
    "cen_loss": 2.104574136137962,
    "cen_accuracy": 0.436875
  },
  "71": {
    "cen_loss": 1.3844026127457618,
    "cen_accuracy": 0.587
  },
  "72": {
    "cen_loss": 1.9580067224502564,
    "cen_accuracy": 0.415875
  },
  "73": {
    "cen_loss": 1.7020277929306031,
    "cen_accuracy": 0.44725
  },
  "74": {
    "cen_loss": 2.069494598865509,
    "cen_accuracy": 0.41075
  },
  "75": {
    "cen_loss": 2.039879204750061,
    "cen_accuracy": 0.446125
  },
  "76": {
    "cen_loss": 1.8426966260671616,
    "cen_accuracy": 0.4475
  },
  "77": {
    "cen_loss": 1.2477852287888527,
    "cen_accuracy": 0.582875
  },
  "78": {
    "cen_loss": 1.6328756638765336,
    "cen_accuracy": 0.464625
  },
  "79": {
    "cen_loss": 3.1951835470199583,
    "cen_accuracy": 0.32675
  },
  "80": {
    "cen_loss": 4.675945594787597,
    "cen_accuracy": 0.274125
  },
  "81": {
    "cen_loss": 1.7019530754089356,
    "cen_accuracy": 0.45725
  },
  "82": {
    "cen_loss": 2.060026819348335,
    "cen_accuracy": 0.455
  },
  "83": {
    "cen_loss": 1.862760022521019,
    "cen_accuracy": 0.4085
  },
  "84": {
    "cen_loss": 1.946201261162758,
    "cen_accuracy": 0.415
  },
  "85": {
    "cen_loss": 1.7030184594392777,
    "cen_accuracy": 0.45375
  },
  "86": {
    "cen_loss": 1.3022201725244522,
    "cen_accuracy": 0.5605
  },
  "87": {
    "cen_loss": 3.023969446659088,
    "cen_accuracy": 0.342
  },
  "88": {
    "cen_loss": 2.00219411611557,
    "cen_accuracy": 0.42675
  },
  "89": {
    "cen_loss": 1.8026606599092483,
    "cen_accuracy": 0.4685
  },
  "90": {
    "cen_loss": 1.8997484209537505,
    "cen_accuracy": 0.4725
  },
  "91": {
    "cen_loss": 1.2238668318986892,
    "cen_accuracy": 0.595125
  },
  "92": {
    "cen_loss": 1.4756813212633133,
    "cen_accuracy": 0.52375
  },
  "93": {
    "cen_loss": 2.17495078086853,
    "cen_accuracy": 0.40425
  },
  "94": {
    "cen_loss": 1.6089616161584854,
    "cen_accuracy": 0.529
  },
  "95": {
    "cen_loss": 1.77852681016922,
    "cen_accuracy": 0.496375
  },
  "96": {
    "cen_loss": 3.513972564458847,
    "cen_accuracy": 0.262875
  },
  "97": {
    "cen_loss": 1.6285643527507783,
    "cen_accuracy": 0.47625
  },
  "98": {
    "cen_loss": 1.9107357184886933,
    "cen_accuracy": 0.510625
  },
  "99": {
    "cen_loss": 1.7098190833926201,
    "cen_accuracy": 0.503
  },
  "100": {
    "cen_loss": 2.8754649016857146,
    "cen_accuracy": 0.353375
  },
  "101": {
    "cen_loss": 2.409815538883209,
    "cen_accuracy": 0.41325
  },