{
  "0": {
    "cen_loss": 4.3818189758393284,
    "cen_accuracy": 0.029523831924076534
  },
  "1": {
    "cen_loss": 4.3818189758393284,
    "cen_accuracy": 0.029523831924076534
  },
  "2": {
    "cen_loss": 2.822031621342047,
    "cen_accuracy": 0.24841414509660956
  },
  "3": {
    "cen_loss": 2.5009484001692757,
    "cen_accuracy": 0.30687732997777334
  },
  "4": {
    "cen_loss": 2.2626263614970052,
    "cen_accuracy": 0.36931661825408957
  },
  "5": {
    "cen_loss": 2.101953643998439,
    "cen_accuracy": 0.4027977373490292
  },
  "6": {
    "cen_loss": 2.007034025595116,
    "cen_accuracy": 0.42538308656639184
  },
  "7": {
    "cen_loss": 1.958276704855702,
    "cen_accuracy": 0.43732198087801205
  },
  "8": {
    "cen_loss": 1.9085478508085374,
    "cen_accuracy": 0.4493643644232239
  },
  "9": {
    "cen_loss": 1.8676592157141447,
    "cen_accuracy": 0.4595016052591347
  },
  "10": {
    "cen_loss": 1.8676383651734385,
    "cen_accuracy": 0.4595133653993156
  },
  "11": {
    "cen_loss": 1.840528187743022,
    "cen_accuracy": 0.468376983053638
  },
  "12": {
    "cen_loss": 1.8275753853699117,
    "cen_accuracy": 0.4738007597050557
  },
  "13": {
    "cen_loss": 1.7951407005817934,
    "cen_accuracy": 0.4831006785600884
  },
  "14": {
    "cen_loss": 1.7620458796675569,
    "cen_accuracy": 0.4901367704303035
  },
  "15": {
    "cen_loss": 1.7309666302610325,
    "cen_accuracy": 0.49780790987028567
  },
  "16": {
    "cen_loss": 1.7131923947685834,
    "cen_accuracy": 0.5026907200733832
  },
  "17": {
    "cen_loss": 1.7073390034165783,
    "cen_accuracy": 0.5061787776510296
  },
  "18": {
    "cen_loss": 1.7005058298665223,
    "cen_accuracy": 0.5081050886126562
  },
  "19": {
    "cen_loss": 1.692474474928567,
    "cen_accuracy": 0.5118459892041913
  },
  "20": {
    "cen_loss": 1.692474203752773,
    "cen_accuracy": 0.5118483412322274
  },
  "21": {
    "cen_loss": 1.6904791513953539,
    "cen_accuracy": 0.5123516752319688
  },
  "22": {
    "cen_loss": 1.7220000355548712,
    "cen_accuracy": 0.5071936777486388
  },
  "23": {
    "cen_loss": 1.699021567253126,
    "cen_accuracy": 0.512274058306775
  },
  "24": {
    "cen_loss": 1.6742543882776248,
    "cen_accuracy": 0.5181506003551563
  },
  "25": {
    "cen_loss": 1.6575864811267054,
    "cen_accuracy": 0.5200134065598062
  },
  "26": {
    "cen_loss": 1.6624735498067211,
    "cen_accuracy": 0.5210941634424282
  },
  "27": {
    "cen_loss": 1.6514171685711592,
    "cen_accuracy": 0.5236672821140028
  },
  "28": {
    "cen_loss": 1.658507822095663,
    "cen_accuracy": 0.523440311408512
  },
  "29": {
    "cen_loss": 1.6558223342907565,
    "cen_accuracy": 0.525317229781379
  },
  "30": {
    "cen_loss": 1.6558223117295505,
    "cen_accuracy": 0.5253089976832523
  },
  "31": {
    "cen_loss": 1.6585718812740404,
    "cen_accuracy": 0.5243999388472711
  },
  "32": {
    "cen_loss": 1.6789848943769847,
    "cen_accuracy": 0.5194783201815766
  },
  "33": {
    "cen_loss": 1.6925867362978677,
    "cen_accuracy": 0.517675490691849
  },
  "34": {
    "cen_loss": 1.7691797497563164,
    "cen_accuracy": 0.5066574153563911
  },
  "35": {
    "cen_loss": 1.7154309549632292,
    "cen_accuracy": 0.5130114190961156
  },
  "36": {
    "cen_loss": 1.8034146565727491,
    "cen_accuracy": 0.5011242694012913
  },
  "37": {
    "cen_loss": 1.7309638444094848,
    "cen_accuracy": 0.5130596356708572
  },
  "38": {
    "cen_loss": 1.6901823862400334,
    "cen_accuracy": 0.5208236802182682
  },
  "39": {
    "cen_loss": 1.6587317960562842,
    "cen_accuracy": 0.5282537367845425
  },
  "40": {
    "cen_loss": 1.658731845798296,
    "cen_accuracy": 0.5282525607705244
  },
  "41": {
    "cen_loss": 1.6490063079804016,
    "cen_accuracy": 0.5295250079380946
  },
  "42": {
    "cen_loss": 1.670042287717794,
    "cen_accuracy": 0.52695188926652
  },
  "43": {
    "cen_loss": 1.6343661712826019,
    "cen_accuracy": 0.532095774581633
  },
  "44": {
    "cen_loss": 1.6195966472316805,
    "cen_accuracy": 0.5354415344630908
  },
  "45": {
    "cen_loss": 1.6297534528954611,
    "cen_accuracy": 0.533311773076335
  },
  "46": {
    "cen_loss": 1.6510971183742256,
    "cen_accuracy": 0.5312349323203932
  },
  "47": {
    "cen_loss": 1.6386626822657726,
    "cen_accuracy": 0.5348993920007526
  },
  "48": {
    "cen_loss": 1.6281935402882783,
    "cen_accuracy": 0.5366210765232322
  },
  "49": {
    "cen_loss": 1.6459819066189867,
    "cen_accuracy": 0.5328107911046299
  },
  "50": {
    "cen_loss": 1.6459823032838217,
    "cen_accuracy": 0.5328084390765938
  },
  "51": {
    "cen_loss": 1.7223136152364895,
    "cen_accuracy": 0.5173661990050922
  },
  "52": {
    "cen_loss": 1.7471361771236968,
    "cen_accuracy": 0.5121682170451471
  },
  "53": {
    "cen_loss": 1.6685865066123065,
    "cen_accuracy": 0.5279585572660026
  },
  "54": {
    "cen_loss": 1.6459818392827645,
    "cen_accuracy": 0.5300071736855103
  },
  "55": {
    "cen_loss": 1.6795900558301857,
    "cen_accuracy": 0.5262027683369985
  },
  "56": {
    "cen_loss": 1.713179190811605,
    "cen_accuracy": 0.5225241964884222
  },
  "57": {
    "cen_loss": 1.7168877987005173,
    "cen_accuracy": 0.5228417202733057
  },
  "58": {
    "cen_loss": 1.6612716117761,
    "cen_accuracy": 0.5294027024802136
  },
  "59": {
    "cen_loss": 1.6998396890462564,
    "cen_accuracy": 0.5253383980337045
  },
  "60": {
    "cen_loss": 1.699839843547709,
    "cen_accuracy": 0.5253395740477227
  },
  "61": {
    "cen_loss": 1.8089563069959234,
    "cen_accuracy": 0.502741288676161
  },
  "62": {
    "cen_loss": 1.8239274576267615,
    "cen_accuracy": 0.5018145896299084
  },
  "63": {
    "cen_loss": 1.782280128714313,
    "cen_accuracy": 0.5040055037456046
  },
  "64": {
    "cen_loss": 1.735750948651822,
    "cen_accuracy": 0.5183399386120683
  },
  "65": {
    "cen_loss": 1.762472570623386,
    "cen_accuracy": 0.5162007691131678
  },
  "66": {
    "cen_loss": 1.7439698063072384,
    "cen_accuracy": 0.514259169969306
  },
  "67": {
    "cen_loss": 1.7536991602114185,
    "cen_accuracy": 0.5118259969658838
  },
  "68": {
    "cen_loss": 1.728211682124281,
    "cen_accuracy": 0.5148824573988922
  },
  "69": {
    "cen_loss": 1.676960972888211,
    "cen_accuracy": 0.5266896381404866
  },
  "70": {
    "cen_loss": 1.676960734276728,
    "cen_accuracy": 0.5266966942245952
  },
  "71": {
    "cen_loss": 1.633366994652379,
    "cen_accuracy": 0.5342537603048229
  },
  "72": {
    "cen_loss": 1.675961939383017,
    "cen_accuracy": 0.5275304881634189
  },
  "73": {
    "cen_loss": 1.6890330113381093,
    "cen_accuracy": 0.5277139463502405
  },
  "74": {
    "cen_loss": 1.7203933601531756,
    "cen_accuracy": 0.5245057801088989
  },
  "75": {
    "cen_loss": 1.782175502435256,
    "cen_accuracy": 0.5149436101278327
  },
  "76": {
    "cen_loss": 1.735471467578676,
    "cen_accuracy": 0.5204285395081909
  },
  "77": {
    "cen_loss": 1.7290425337080255,
    "cen_accuracy": 0.5203838509755037
  },
  "78": {
    "cen_loss": 1.7479542946563986,
    "cen_accuracy": 0.519998118377571
  },
  "79": {
    "cen_loss": 1.7196917233391622,
    "cen_accuracy": 0.520592005456705
  },
  "80": {
    "cen_loss": 1.7196923761896432,
    "cen_accuracy": 0.5205967095127774
  },
  "81": {
    "cen_loss": 1.7015852768710276,
    "cen_accuracy": 0.5198687568355814
  },
  "82": {
    "cen_loss": 1.7282506096775652,
    "cen_accuracy": 0.5139863347171099
  },
  "83": {
    "cen_loss": 1.6448047909821815,
    "cen_accuracy": 0.5292274763915186
  },
  "84": {
    "cen_loss": 1.6399565834920184,
    "cen_accuracy": 0.533594016440676
  },
  "85": {
    "cen_loss": 1.6599065289428625,
    "cen_accuracy": 0.5323838980160643
  },
  "86": {
    "cen_loss": 1.7100913139868499,
    "cen_accuracy": 0.5247715592769866
  },
  "87": {
    "cen_loss": 1.6783882127164198,
    "cen_accuracy": 0.5266978702386133
  },
  "88": {
    "cen_loss": 1.6275419816383365,
    "cen_accuracy": 0.536174191196359
  },