{
  "0": {
    "cen_loss": 2.3027041506767274,
    "cen_accuracy": 0.101375
  },
  "1": {
    "cen_loss": 2.3027041506767274,
    "cen_accuracy": 0.101375
  },
  "2": {
    "cen_loss": 3.15861466050148,
    "cen_accuracy": 0.098625
  },
  "3": {
    "cen_loss": 4.198062700271606,
    "cen_accuracy": 0.10125
  },
  "4": {
    "cen_loss": 4.5386281566619875,
    "cen_accuracy": 0.098625
  },
  "5": {
    "cen_loss": 4.636266053199768,
    "cen_accuracy": 0.101125
  },
  "6": {
    "cen_loss": 5.402421786308288,
    "cen_accuracy": 0.101125
  },
  "7": {
    "cen_loss": 5.044963071346283,
    "cen_accuracy": 0.101125
  },
  "8": {
    "cen_loss": 5.3627839579582215,
    "cen_accuracy": 0.125375
  },
  "9": {
    "cen_loss": 4.089283769607544,
    "cen_accuracy": 0.19
  },
  "10": {
    "cen_loss": 1.4845817958116532,
    "cen_accuracy": 0.553125
  },
  "11": {
    "cen_loss": 2.7994780085086823,
    "cen_accuracy": 0.3145
  },
  "12": {
    "cen_loss": 1.9790323592424393,
    "cen_accuracy": 0.467625
  },
  "13": {
    "cen_loss": 1.787796111881733,
    "cen_accuracy": 0.518
  },
  "14": {
    "cen_loss": 2.1646380242109298,
    "cen_accuracy": 0.48325
  },
  "15": {
    "cen_loss": 1.6414174289107322,
    "cen_accuracy": 0.554125
  },
  "16": {
    "cen_loss": 1.4184996571838855,
    "cen_accuracy": 0.6
  },
  "17": {
    "cen_loss": 1.5625912930369377,
    "cen_accuracy": 0.592125
  },
  "18": {
    "cen_loss": 1.5277159240841867,
    "cen_accuracy": 0.5855
  },
  "19": {
    "cen_loss": 1.334953871577978,
    "cen_accuracy": 0.62925
  },
  "20": {
    "cen_loss": 1.3176157437860965,
    "cen_accuracy": 0.659375
  },
  "21": {
    "cen_loss": 1.4453910781145096,
    "cen_accuracy": 0.609
  },
  "22": {
    "cen_loss": 1.4577384687662125,
    "cen_accuracy": 0.611875
  },
  "23": {
    "cen_loss": 1.3167557502090932,
    "cen_accuracy": 0.649
  },
  "24": {
    "cen_loss": 1.3281241128742696,
    "cen_accuracy": 0.647375
  },
  "25": {
    "cen_loss": 1.3269553641676903,
    "cen_accuracy": 0.65
  },
  "26": {
    "cen_loss": 1.1646551014482975,
    "cen_accuracy": 0.670625
  },
  "27": {
    "cen_loss": 1.2370888210088014,
    "cen_accuracy": 0.671
  },
  "28": {
    "cen_loss": 1.2549957312643527,
    "cen_accuracy": 0.673625
  },
  "29": {
    "cen_loss": 1.2205565931349993,
    "cen_accuracy": 0.67175
  },
  "30": {
    "cen_loss": 1.2239597202986479,
    "cen_accuracy": 0.681
  },
  "31": {
    "cen_loss": 1.1132043251991273,
    "cen_accuracy": 0.688875
  },
  "32": {
    "cen_loss": 1.225042632341385,
    "cen_accuracy": 0.667125
  },
  "33": {
    "cen_loss": 1.1324187459796666,
    "cen_accuracy": 0.69475
  },
  "34": {
    "cen_loss": 1.0432094336003066,
    "cen_accuracy": 0.708375
  },
  "35": {
    "cen_loss": 1.0252948991656303,
    "cen_accuracy": 0.71
  },
  "36": {
    "cen_loss": 0.9944039259254932,
    "cen_accuracy": 0.719375
  },
  "37": {
    "cen_loss": 1.0238719919323922,
    "cen_accuracy": 0.719
  },
  "38": {
    "cen_loss": 1.0300887113064527,
    "cen_accuracy": 0.71775
  },
  "39": {
    "cen_loss": 1.041804470181465,
    "cen_accuracy": 0.711875
  },
  "40": {
    "cen_loss": 1.1174983341097833,
    "cen_accuracy": 0.70675
  },
  "41": {
    "cen_loss": 0.9267030114978552,
    "cen_accuracy": 0.73125
  },
  "42": {
    "cen_loss": 0.9294844126999379,
    "cen_accuracy": 0.728375
  },
  "43": {
    "cen_loss": 1.088365919843316,
    "cen_accuracy": 0.716625
  },
  "44": {
    "cen_loss": 1.0709021525606512,
    "cen_accuracy": 0.71375
  },
  "45": {
    "cen_loss": 1.0365341859459878,
    "cen_accuracy": 0.72075
  },
  "46": {
    "cen_loss": 1.045263669680804,
    "cen_accuracy": 0.72625
  },
  "47": {
    "cen_loss": 0.972458271227777,
    "cen_accuracy": 0.729375
  },
  "48": {
    "cen_loss": 0.915424978069961,
    "cen_accuracy": 0.744875
  },
  "49": {
    "cen_loss": 0.9355317332446575,
    "cen_accuracy": 0.743125
  },
  "50": {
    "cen_loss": 1.0290033831745387,
    "cen_accuracy": 0.73725
  },
  "51": {
    "cen_loss": 0.9917445874884725,
    "cen_accuracy": 0.73425
  },
  "52": {
    "cen_loss": 0.9115252429693937,
    "cen_accuracy": 0.744875
  },
  "53": {
    "cen_loss": 0.9064824983105063,
    "cen_accuracy": 0.750375
  },
  "54": {
    "cen_loss": 0.9688074649050832,
    "cen_accuracy": 0.742875
  },
  "55": {
    "cen_loss": 0.907109091617167,
    "cen_accuracy": 0.75025
  },
  "56": {
    "cen_loss": 0.8826402065455914,
    "cen_accuracy": 0.75075
  },
  "57": {
    "cen_loss": 0.8661884116381406,
    "cen_accuracy": 0.75525
  },
  "58": {
    "cen_loss": 0.8912824321873486,
    "cen_accuracy": 0.756625
  },
  "59": {
    "cen_loss": 0.878989825591445,
    "cen_accuracy": 0.754375
  },
  "60": {
    "cen_loss": 0.9260591302588582,
    "cen_accuracy": 0.755875
  },
  "61": {
    "cen_loss": 0.8850569265410304,
    "cen_accuracy": 0.75925
  },
  "62": {
    "cen_loss": 1.0809168053045868,
    "cen_accuracy": 0.7185
  },
  "63": {
    "cen_loss": 0.9338996691927314,
    "cen_accuracy": 0.75025
  },
  "64": {
    "cen_loss": 0.7997725328728557,
    "cen_accuracy": 0.7745
  },
  "65": {
    "cen_loss": 0.9077052240595221,
    "cen_accuracy": 0.7545
  },
  "66": {
    "cen_loss": 0.8278800223246217,
    "cen_accuracy": 0.7665
  },
  "67": {
    "cen_loss": 0.9040561279654503,
    "cen_accuracy": 0.75775
  },
  "68": {
    "cen_loss": 0.9108261974602938,
    "cen_accuracy": 0.751
  },
  "69": {
    "cen_loss": 0.8009146185517311,
    "cen_accuracy": 0.76975
  },
  "70": {
    "cen_loss": 0.8585433473028242,
    "cen_accuracy": 0.766875
  },
  "71": {
    "cen_loss": 0.9038781029209495,
    "cen_accuracy": 0.7545
  },
  "72": {
    "cen_loss": 0.8322034839019179,
    "cen_accuracy": 0.769
  },
  "73": {
    "cen_loss": 0.8372654806021601,
    "cen_accuracy": 0.7735
  },
  "74": {
    "cen_loss": 0.8283222289830446,
    "cen_accuracy": 0.77075
  },
  "75": {
    "cen_loss": 0.846048195451498,
    "cen_accuracy": 0.771375
  },
  "76": {
    "cen_loss": 0.858155516576022,
    "cen_accuracy": 0.761625
  },
  "77": {
    "cen_loss": 0.831814292576164,
    "cen_accuracy": 0.77125
  },
  "78": {
    "cen_loss": 0.8621287564262747,
    "cen_accuracy": 0.762875
  },
  "79": {
    "cen_loss": 0.9010791167318821,
    "cen_accuracy": 0.764375
  },
  "80": {
    "cen_loss": 0.9451744796931744,
    "cen_accuracy": 0.761375
  },
  "81": {
    "cen_loss": 0.8141539902687073,
    "cen_accuracy": 0.77475
  },
  "82": {
    "cen_loss": 0.79820921792835,
    "cen_accuracy": 0.774125
  },
  "83": {
    "cen_loss": 0.7673324723951519,
    "cen_accuracy": 0.78975
  },
  "84": {
    "cen_loss": 0.7541566104535014,
    "cen_accuracy": 0.778375
  },
  "85": {
    "cen_loss": 0.7705385720767081,
    "cen_accuracy": 0.784125
  },
  "86": {
    "cen_loss": 0.7601801524348557,
    "cen_accuracy": 0.783375
  },
  "87": {
    "cen_loss": 0.8276011946275831,
    "cen_accuracy": 0.77525
  },
  "88": {
    "cen_loss": 0.846478651933372,
    "cen_accuracy": 0.774625
  },
  "89": {
    "cen_loss": 0.819223736025393,
    "cen_accuracy": 0.773875
  },
  "90": {
    "cen_loss": 0.8881884148716926,
    "cen_accuracy": 0.775125
  },
  "91": {
    "cen_loss": 0.7182741652280092,
    "cen_accuracy": 0.79525
  },
  "92": {
    "cen_loss": 0.779935594636947,
    "cen_accuracy": 0.78375
  },
  "93": {
    "cen_loss": 0.7556975065805018,
    "cen_accuracy": 0.790875
  },
  "94": {
    "cen_loss": 0.7520251016654074,
    "cen_accuracy": 0.788875
  },
  "95": {
    "cen_loss": 0.7913022703006863,
    "cen_accuracy": 0.777875
  },
  "96": {
    "cen_loss": 0.7965250571742654,
    "cen_accuracy": 0.779625
  },
  "97": {
    "cen_loss": 0.8028132968060673,
    "cen_accuracy": 0.780875
  },
  "98": {
    "cen_loss": 0.7992583675086499,
    "cen_accuracy": 0.782125
  },
  "99": {
    "cen_loss": 0.74177103395015,
    "cen_accuracy": 0.798125
  },
  "100": {
    "cen_loss": 0.7891423438061028,
    "cen_accuracy": 0.795875
  },