{
  "0": {
    "cen_loss": 2.3027569942474364,
    "cen_accuracy": 0.100375
  },
  "1": {
    "cen_loss": 2.3027569942474364,
    "cen_accuracy": 0.100375
  },
  "2": {
    "cen_loss": 3.502176257610321,
    "cen_accuracy": 0.100625
  },
  "3": {
    "cen_loss": 4.001403658390045,
    "cen_accuracy": 0.099125
  },
  "4": {
    "cen_loss": 4.7854760532379155,
    "cen_accuracy": 0.099125
  },
  "5": {
    "cen_loss": 4.765685585021973,
    "cen_accuracy": 0.152875
  },
  "6": {
    "cen_loss": 5.238769248485565,
    "cen_accuracy": 0.109375
  },
  "7": {
    "cen_loss": 5.403382318019867,
    "cen_accuracy": 0.1285
  },
  "8": {
    "cen_loss": 3.7720250046253203,
    "cen_accuracy": 0.1945
  },
  "9": {
    "cen_loss": 2.4180143265724183,
    "cen_accuracy": 0.284875
  },
  "10": {
    "cen_loss": 1.6315890875458718,
    "cen_accuracy": 0.496625
  },
  "11": {
    "cen_loss": 2.5275603914260865,
    "cen_accuracy": 0.316875
  },
  "12": {
    "cen_loss": 2.0655371413230896,
    "cen_accuracy": 0.4175
  },
  "13": {
    "cen_loss": 1.9883292438983917,
    "cen_accuracy": 0.434875
  },
  "14": {
    "cen_loss": 1.99019474285841,
    "cen_accuracy": 0.45225
  },
  "15": {
    "cen_loss": 1.7721102082729339,
    "cen_accuracy": 0.5065
  },
  "16": {
    "cen_loss": 1.6143689296245576,
    "cen_accuracy": 0.523125
  },
  "17": {
    "cen_loss": 1.5456025084257126,
    "cen_accuracy": 0.55425
  },
  "18": {
    "cen_loss": 1.601065276682377,
    "cen_accuracy": 0.552
  },
  "19": {
    "cen_loss": 1.6315519463419914,
    "cen_accuracy": 0.544875
  },
  "20": {
    "cen_loss": 1.5936073727011681,
    "cen_accuracy": 0.577625
  },
  "21": {
    "cen_loss": 1.6070102899670602,
    "cen_accuracy": 0.547375
  },
  "22": {
    "cen_loss": 1.510649015903473,
    "cen_accuracy": 0.566
  },
  "23": {
    "cen_loss": 1.4644951076507569,
    "cen_accuracy": 0.583875
  },
  "24": {
    "cen_loss": 1.5167547991275787,
    "cen_accuracy": 0.588
  },
  "25": {
    "cen_loss": 1.4714398752450943,
    "cen_accuracy": 0.589875
  },
  "26": {
    "cen_loss": 1.5663905234336852,
    "cen_accuracy": 0.581125
  },
  "27": {
    "cen_loss": 1.3848081488013269,
    "cen_accuracy": 0.602875
  },
  "28": {
    "cen_loss": 1.3417461746335029,
    "cen_accuracy": 0.623375
  },
  "29": {
    "cen_loss": 1.5147283413112163,
    "cen_accuracy": 0.58325
  },
  "30": {
    "cen_loss": 1.4952301724553108,
    "cen_accuracy": 0.604625
  },
  "31": {
    "cen_loss": 1.5314889647066594,
    "cen_accuracy": 0.593375
  },
  "32": {
    "cen_loss": 1.3459549738764762,
    "cen_accuracy": 0.62975
  },
  "33": {
    "cen_loss": 1.2529125113189221,
    "cen_accuracy": 0.6355
  },
  "34": {
    "cen_loss": 1.2509303239583969,
    "cen_accuracy": 0.6495
  },
  "35": {
    "cen_loss": 1.2373139952421188,
    "cen_accuracy": 0.651875
  },
  "36": {
    "cen_loss": 1.245801571726799,
    "cen_accuracy": 0.650625
  },
  "37": {
    "cen_loss": 1.3665930741727352,
    "cen_accuracy": 0.638
  },
  "38": {
    "cen_loss": 1.278511730134487,
    "cen_accuracy": 0.648875
  },
  "39": {
    "cen_loss": 1.2228276065289974,
    "cen_accuracy": 0.65625
  },
  "40": {
    "cen_loss": 1.236973403275013,
    "cen_accuracy": 0.655875
  },
  "41": {
    "cen_loss": 1.3735475125014782,
    "cen_accuracy": 0.635125
  },
  "42": {
    "cen_loss": 1.1541948203146457,
    "cen_accuracy": 0.67025
  },
  "43": {
    "cen_loss": 1.15672829413414,
    "cen_accuracy": 0.666875
  },
  "44": {
    "cen_loss": 1.2506206905692816,
    "cen_accuracy": 0.6595
  },
  "45": {
    "cen_loss": 1.2905479837656022,
    "cen_accuracy": 0.654375
  },
  "46": {
    "cen_loss": 1.1191062910705805,
    "cen_accuracy": 0.676
  },
  "47": {
    "cen_loss": 1.281057469919324,
    "cen_accuracy": 0.6645
  },
  "48": {
    "cen_loss": 1.1411608446538448,
    "cen_accuracy": 0.682875
  },
  "49": {
    "cen_loss": 1.0812222021371125,
    "cen_accuracy": 0.691125
  },
  "50": {
    "cen_loss": 1.1476682661473752,
    "cen_accuracy": 0.68525
  },
  "51": {
    "cen_loss": 1.2131544632315636,
    "cen_accuracy": 0.668625
  },
  "52": {
    "cen_loss": 1.1056692439764737,
    "cen_accuracy": 0.696125
  },
  "53": {
    "cen_loss": 1.1322212423831224,
    "cen_accuracy": 0.689375
  },
  "54": {
    "cen_loss": 1.2243475932776928,
    "cen_accuracy": 0.674375
  },
  "55": {
    "cen_loss": 1.1610199787318707,
    "cen_accuracy": 0.6845
  },
  "56": {
    "cen_loss": 1.11346859292686,
    "cen_accuracy": 0.696125
  },
  "57": {
    "cen_loss": 1.0836350634992122,
    "cen_accuracy": 0.693625
  },
  "58": {
    "cen_loss": 1.1732031175121664,
    "cen_accuracy": 0.686375
  },
  "59": {
    "cen_loss": 1.1139581480026246,
    "cen_accuracy": 0.689
  },
  "60": {
    "cen_loss": 1.2259827992022037,
    "cen_accuracy": 0.674875
  },
  "61": {
    "cen_loss": 1.0677973442971707,
    "cen_accuracy": 0.699
  },
  "62": {
    "cen_loss": 1.0113196747526527,
    "cen_accuracy": 0.70725
  },
  "63": {
    "cen_loss": 1.1345212767273187,
    "cen_accuracy": 0.69575
  },
  "64": {
    "cen_loss": 1.115569933220744,
    "cen_accuracy": 0.69875
  },
  "65": {
    "cen_loss": 1.080261564284563,
    "cen_accuracy": 0.704625
  },
  "66": {
    "cen_loss": 1.0475507509410382,
    "cen_accuracy": 0.708125
  },
  "67": {
    "cen_loss": 1.0389498162269593,
    "cen_accuracy": 0.701
  },
  "68": {
    "cen_loss": 1.0511250192523003,
    "cen_accuracy": 0.713375
  },
  "69": {
    "cen_loss": 1.080124209433794,
    "cen_accuracy": 0.713875
  },
  "70": {
    "cen_loss": 1.1328398673534392,
    "cen_accuracy": 0.71025
  },
  "71": {
    "cen_loss": 0.9887731934338808,
    "cen_accuracy": 0.715375
  },
  "72": {
    "cen_loss": 1.0310152687430383,
    "cen_accuracy": 0.718375
  },
  "73": {
    "cen_loss": 1.0733581106215715,
    "cen_accuracy": 0.71175
  },
  "74": {
    "cen_loss": 1.0179139513671398,
    "cen_accuracy": 0.716
  },
  "75": {
    "cen_loss": 1.0514106969758867,
    "cen_accuracy": 0.706125
  },
  "76": {
    "cen_loss": 0.9956858673840762,
    "cen_accuracy": 0.7205
  },
  "77": {
    "cen_loss": 1.0114676026254892,
    "cen_accuracy": 0.7245
  },
  "78": {
    "cen_loss": 1.0727595520988107,
    "cen_accuracy": 0.70875
  },
  "79": {
    "cen_loss": 1.003270214572549,
    "cen_accuracy": 0.7195
  },
  "80": {
    "cen_loss": 1.1540302116125822,
    "cen_accuracy": 0.69825
  },
  "81": {
    "cen_loss": 0.9924988779574633,
    "cen_accuracy": 0.720125
  },
  "82": {
    "cen_loss": 1.0456748907268048,
    "cen_accuracy": 0.71375
  },
  "83": {
    "cen_loss": 1.0316770041137935,
    "cen_accuracy": 0.72325
  },
  "84": {
    "cen_loss": 1.034544996112585,
    "cen_accuracy": 0.71475
  },
  "85": {
    "cen_loss": 0.954182365514338,
    "cen_accuracy": 0.729375
  },
  "86": {
    "cen_loss": 1.032630102172494,
    "cen_accuracy": 0.716625
  },
  "87": {
    "cen_loss": 0.9485160657316446,
    "cen_accuracy": 0.728125
  },
  "88": {
    "cen_loss": 0.9578313575536013,
    "cen_accuracy": 0.72625
  },
  "89": {
    "cen_loss": 1.0387921085953713,
    "cen_accuracy": 0.712625
  },
  "90": {
    "cen_loss": 1.1085565263926982,
    "cen_accuracy": 0.705875
  },
  "91": {
    "cen_loss": 0.9237183681875467,
    "cen_accuracy": 0.739625
  },
  "92": {
    "cen_loss": 0.9561994875967502,
    "cen_accuracy": 0.73475
  },
  "93": {
    "cen_loss": 1.0232077978104352,
    "cen_accuracy": 0.72025
  },
  "94": {
    "cen_loss": 1.0041231718957424,
    "cen_accuracy": 0.7205
  },
  "95": {
    "cen_loss": 0.9393282334208488,
    "cen_accuracy": 0.73325
  },
  "96": {
    "cen_loss": 0.9291742087006569,
    "cen_accuracy": 0.736375
  },
  "97": {
    "cen_loss": 0.9222888720929623,
    "cen_accuracy": 0.736125
  },
  "98": {
    "cen_loss": 0.9287209454923868,
    "cen_accuracy": 0.738
  },
  "99": {
    "cen_loss": 0.8883741115331649,
    "cen_accuracy": 0.749125
  },
  "100": {
    "cen_loss": 0.9050388441234827,
    "cen_accuracy": 0.750875
  },