{
  "0": {
    "cen_loss": 2.3027425665855406,
    "cen_accuracy": 0.099
  },
  "1": {
    "cen_loss": 2.3027425665855406,
    "cen_accuracy": 0.099
  },
  "2": {
    "cen_loss": 2.816247220516205,
    "cen_accuracy": 0.10075
  },
  "3": {
    "cen_loss": 3.374020900726318,
    "cen_accuracy": 0.0995
  },
  "4": {
    "cen_loss": 4.012896951198578,
    "cen_accuracy": 0.1
  },
  "5": {
    "cen_loss": 4.378110147237778,
    "cen_accuracy": 0.103
  },
  "6": {
    "cen_loss": 5.870317738056183,
    "cen_accuracy": 0.1
  },
  "7": {
    "cen_loss": 3.7762956743240355,
    "cen_accuracy": 0.100375
  },
  "8": {
    "cen_loss": 4.10272297334671,
    "cen_accuracy": 0.120375
  },
  "9": {
    "cen_loss": 3.0189801750183105,
    "cen_accuracy": 0.22275
  },
  "10": {
    "cen_loss": 1.9507790560722351,
    "cen_accuracy": 0.444375
  },
  "11": {
    "cen_loss": 2.465223444700241,
    "cen_accuracy": 0.2775
  },
  "12": {
    "cen_loss": 2.421126783847809,
    "cen_accuracy": 0.344625
  },
  "13": {
    "cen_loss": 1.751693561553955,
    "cen_accuracy": 0.483625
  },
  "14": {
    "cen_loss": 1.5154404294490815,
    "cen_accuracy": 0.5585
  },
  "15": {
    "cen_loss": 1.4666743364930153,
    "cen_accuracy": 0.53975
  },
  "16": {
    "cen_loss": 1.4979744550585747,
    "cen_accuracy": 0.543125
  },
  "17": {
    "cen_loss": 1.900566366314888,
    "cen_accuracy": 0.4785
  },
  "18": {
    "cen_loss": 1.4430474077761173,
    "cen_accuracy": 0.593375
  },
  "19": {
    "cen_loss": 1.4020847724080086,
    "cen_accuracy": 0.56725
  },
  "20": {
    "cen_loss": 1.6821331417560577,
    "cen_accuracy": 0.531
  },
  "21": {
    "cen_loss": 1.8690606961846352,
    "cen_accuracy": 0.52725
  },
  "22": {
    "cen_loss": 1.3242847939729692,
    "cen_accuracy": 0.59925
  },
  "23": {
    "cen_loss": 1.177030248939991,
    "cen_accuracy": 0.638625
  },
  "24": {
    "cen_loss": 1.1926213938593864,
    "cen_accuracy": 0.622375
  },
  "25": {
    "cen_loss": 1.494603849351406,
    "cen_accuracy": 0.584125
  },
  "26": {
    "cen_loss": 1.5256926762461662,
    "cen_accuracy": 0.56675
  },
  "27": {
    "cen_loss": 1.3722495059370994,
    "cen_accuracy": 0.604
  },
  "28": {
    "cen_loss": 1.2943294413089752,
    "cen_accuracy": 0.6185
  },
  "29": {
    "cen_loss": 1.150775324702263,
    "cen_accuracy": 0.6475
  },
  "30": {
    "cen_loss": 1.0908491882681846,
    "cen_accuracy": 0.661
  },
  "31": {
    "cen_loss": 1.3599027696847916,
    "cen_accuracy": 0.6125
  },
  "32": {
    "cen_loss": 1.214545414507389,
    "cen_accuracy": 0.65375
  },
  "33": {
    "cen_loss": 1.2140849302411079,
    "cen_accuracy": 0.640875
  },
  "34": {
    "cen_loss": 1.0560884225666523,
    "cen_accuracy": 0.684125
  },
  "35": {
    "cen_loss": 1.04604502171278,
    "cen_accuracy": 0.683
  },
  "36": {
    "cen_loss": 1.3927937297821045,
    "cen_accuracy": 0.624
  },
  "37": {
    "cen_loss": 1.1671671872586011,
    "cen_accuracy": 0.674625
  },
  "38": {
    "cen_loss": 1.5029595855772495,
    "cen_accuracy": 0.601
  },
  "39": {
    "cen_loss": 1.1663321827948094,
    "cen_accuracy": 0.674375
  },
  "40": {
    "cen_loss": 1.3540963548719882,
    "cen_accuracy": 0.6305
  },
  "41": {
    "cen_loss": 1.410723312497139,
    "cen_accuracy": 0.621125
  },
  "42": {
    "cen_loss": 1.0706848603487016,
    "cen_accuracy": 0.67175
  },
  "43": {
    "cen_loss": 1.0760660346746445,
    "cen_accuracy": 0.661
  },
  "44": {
    "cen_loss": 0.9918957912325859,
    "cen_accuracy": 0.70375
  },
  "45": {
    "cen_loss": 1.1852232543826102,
    "cen_accuracy": 0.6575
  },
  "46": {
    "cen_loss": 1.0656161010861396,
    "cen_accuracy": 0.693625
  },
  "47": {
    "cen_loss": 1.1098206201791763,
    "cen_accuracy": 0.67
  },
  "48": {
    "cen_loss": 1.0056368432343006,
    "cen_accuracy": 0.690875
  },
  "49": {
    "cen_loss": 1.2699629172980786,
    "cen_accuracy": 0.6615
  },
  "50": {
    "cen_loss": 1.42809959679842,
    "cen_accuracy": 0.632375
  },
  "51": {
    "cen_loss": 1.3027238360345363,
    "cen_accuracy": 0.65475
  },
  "52": {
    "cen_loss": 1.05215211302042,
    "cen_accuracy": 0.705
  },
  "53": {
    "cen_loss": 1.112366732954979,
    "cen_accuracy": 0.685875
  },
  "54": {
    "cen_loss": 1.059173223078251,
    "cen_accuracy": 0.70475
  },
  "55": {
    "cen_loss": 0.9016560634672641,
    "cen_accuracy": 0.72325
  },
  "56": {
    "cen_loss": 1.064113162510097,
    "cen_accuracy": 0.697
  },
  "57": {
    "cen_loss": 0.9076097211241723,
    "cen_accuracy": 0.732875
  },
  "58": {
    "cen_loss": 1.0376150692999362,
    "cen_accuracy": 0.699875
  },
  "59": {
    "cen_loss": 0.9433648787140846,
    "cen_accuracy": 0.71325
  },
  "60": {
    "cen_loss": 1.086101249665022,
    "cen_accuracy": 0.68975
  },
  "61": {
    "cen_loss": 0.9420970336198807,
    "cen_accuracy": 0.7105
  },
  "62": {
    "cen_loss": 1.2939633412063123,
    "cen_accuracy": 0.646375
  },
  "63": {
    "cen_loss": 0.9885610075891018,
    "cen_accuracy": 0.689875
  },
  "64": {
    "cen_loss": 0.9016118814498186,
    "cen_accuracy": 0.722875
  },
  "65": {
    "cen_loss": 1.0031965040117503,
    "cen_accuracy": 0.705
  },
  "66": {
    "cen_loss": 0.889546197772026,
    "cen_accuracy": 0.743625
  },
  "67": {
    "cen_loss": 1.2090739229321479,
    "cen_accuracy": 0.667
  },
  "68": {
    "cen_loss": 0.9534880888462066,
    "cen_accuracy": 0.71625
  },
  "69": {
    "cen_loss": 0.9549663947820664,
    "cen_accuracy": 0.728125
  },
  "70": {
    "cen_loss": 1.1473001890406012,
    "cen_accuracy": 0.69825
  },
  "71": {
    "cen_loss": 0.9413244432210922,
    "cen_accuracy": 0.735
  },
  "72": {
    "cen_loss": 1.0093130463659763,
    "cen_accuracy": 0.713625
  },
  "73": {
    "cen_loss": 1.393241568684578,
    "cen_accuracy": 0.64825
  },
  "74": {
    "cen_loss": 1.1605469538271427,
    "cen_accuracy": 0.68275
  },
  "75": {
    "cen_loss": 1.1176467299163342,
    "cen_accuracy": 0.69975
  },
  "76": {
    "cen_loss": 0.8052670408561826,
    "cen_accuracy": 0.753625
  },
  "77": {
    "cen_loss": 0.9240136392712593,
    "cen_accuracy": 0.736
  },
  "78": {
    "cen_loss": 1.0122825039625167,
    "cen_accuracy": 0.716125
  },
  "79": {
    "cen_loss": 1.0262970571815968,
    "cen_accuracy": 0.7105
  },
  "80": {
    "cen_loss": 1.1471570456922053,
    "cen_accuracy": 0.686625
  },
  "81": {
    "cen_loss": 1.2233770218491555,
    "cen_accuracy": 0.65775
  },
  "82": {
    "cen_loss": 1.3786507231518625,
    "cen_accuracy": 0.665
  },
  "83": {
    "cen_loss": 0.9945090512037277,
    "cen_accuracy": 0.728125
  },
  "84": {
    "cen_loss": 0.8904056521952153,
    "cen_accuracy": 0.74075
  },
  "85": {
    "cen_loss": 0.8881286887079477,
    "cen_accuracy": 0.736125
  },
  "86": {
    "cen_loss": 0.8410883094519377,
    "cen_accuracy": 0.743125
  },
  "87": {
    "cen_loss": 0.8328865642994642,
    "cen_accuracy": 0.75225
  },
  "88": {
    "cen_loss": 0.8384109388664365,
    "cen_accuracy": 0.760625
  },
  "89": {
    "cen_loss": 0.8027700545713305,
    "cen_accuracy": 0.76725
  },
  "90": {
    "cen_loss": 0.780481573022902,
    "cen_accuracy": 0.7735
  },
  "91": {
    "cen_loss": 0.7859114381372929,
    "cen_accuracy": 0.761625
  },
  "92": {
    "cen_loss": 0.8478898048549891,
    "cen_accuracy": 0.761125
  },
  "93": {
    "cen_loss": 1.0255008028522135,
    "cen_accuracy": 0.725
  },
  "94": {
    "cen_loss": 0.8372700109630823,
    "cen_accuracy": 0.75625
  },
  "95": {
    "cen_loss": 0.9866668066382408,
    "cen_accuracy": 0.708375
  },
  "96": {
    "cen_loss": 0.9628378222733736,
    "cen_accuracy": 0.743375
  },
  "97": {
    "cen_loss": 0.7815141919255256,
    "cen_accuracy": 0.765125
  },
  "98": {
    "cen_loss": 0.7654591669291257,
    "cen_accuracy": 0.771
  },
  "99": {
    "cen_loss": 0.8699074125885964,
    "cen_accuracy": 0.749
  },
  "100": {
    "cen_loss": 0.9254674830138684,
    "cen_accuracy": 0.7425
  },
  "101": {
    "cen_loss": 0.7058717351853847,
    "cen_accuracy": 0.77825
  },