{
  "0": {
    "cen_loss": 4.372942588409728,
    "cen_accuracy": 0.002266690952641159
  },
  "1": {
    "cen_loss": 4.372942588409728,
    "cen_accuracy": 0.002266690952641159
  },
  "2": {
    "cen_loss": 3.13488015783556,
    "cen_accuracy": 0.18725914920517006
  },
  "3": {
    "cen_loss": 2.8228023155250406,
    "cen_accuracy": 0.25132174035197996
  },
  "4": {
    "cen_loss": 2.5048454810791885,
    "cen_accuracy": 0.3048925524202045
  },
  "5": {
    "cen_loss": 2.2868484799857773,
    "cen_accuracy": 0.3660420171168501
  },
  "6": {
    "cen_loss": 2.2868026652168925,
    "cen_accuracy": 0.365407486508784
  },
  "7": {
    "cen_loss": 2.252278920476314,
    "cen_accuracy": 0.3690730019726402
  },
  "8": {
    "cen_loss": 2.200834804073969,
    "cen_accuracy": 0.3843017365662251
  },
  "9": {
    "cen_loss": 2.1024122710011635,
    "cen_accuracy": 0.40356860966367497
  },
  "10": {
    "cen_loss": 2.1023871786096477,
    "cen_accuracy": 0.40357218113051213
  },
  "11": {
    "cen_loss": 2.0884939453350873,
    "cen_accuracy": 0.4056674416749703
  },
  "12": {
    "cen_loss": 2.0432337062084285,
    "cen_accuracy": 0.4179485256389652
  },
  "13": {
    "cen_loss": 2.044865842163089,
    "cen_accuracy": 0.41796400199525946
  },
  "14": {
    "cen_loss": 1.9833174513491492,
    "cen_accuracy": 0.4355415712787399
  },
  "15": {
    "cen_loss": 2.004580054632049,
    "cen_accuracy": 0.43051056499414875
  },
  "16": {
    "cen_loss": 1.96564522327514,
    "cen_accuracy": 0.43843803088366423
  },
  "17": {
    "cen_loss": 1.9767889559511418,
    "cen_accuracy": 0.44128448995286856
  },
  "18": {
    "cen_loss": 1.9212109149858014,
    "cen_accuracy": 0.45215484451619126
  },
  "19": {
    "cen_loss": 2.0098482888373463,
    "cen_accuracy": 0.4347379912403823
  },
  "20": {
    "cen_loss": 2.009848338348333,
    "cen_accuracy": 0.4347368007514366
  },
  "21": {
    "cen_loss": 1.8796241902786601,
    "cen_accuracy": 0.4626370996832109
  },
  "22": {
    "cen_loss": 1.8605145063942177,
    "cen_accuracy": 0.4671204810527732
  },
  "23": {
    "cen_loss": 1.8895421349506187,
    "cen_accuracy": 0.46424783122676316
  },
  "24": {
    "cen_loss": 1.865968732049082,
    "cen_accuracy": 0.469459791831103
  },
  "25": {
    "cen_loss": 1.8678769849269687,
    "cen_accuracy": 0.4658835630381754
  },
  "26": {
    "cen_loss": 1.8957393863957899,
    "cen_accuracy": 0.4691669315504571
  },
  "27": {
    "cen_loss": 1.8835156513868558,
    "cen_accuracy": 0.4700705126602547
  },
  "28": {
    "cen_loss": 1.796415713621185,
    "cen_accuracy": 0.4866302138951489
  },
  "29": {
    "cen_loss": 1.8878764054677404,
    "cen_accuracy": 0.4703776588082491
  },
  "30": {
    "cen_loss": 1.8878765033661542,
    "cen_accuracy": 0.47037884929719487
  },
  "31": {
    "cen_loss": 1.888842806481023,
    "cen_accuracy": 0.4708229016739465
  },
  "32": {
    "cen_loss": 1.8602246076964528,
    "cen_accuracy": 0.47562176261412326
  },
  "33": {
    "cen_loss": 1.8225289987334257,
    "cen_accuracy": 0.48850642447359555
  },
  "34": {
    "cen_loss": 1.7946280542493258,
    "cen_accuracy": 0.4905873991507052
  },
  "35": {
    "cen_loss": 1.8529512550495204,
    "cen_accuracy": 0.47880989201074775
  },
  "36": {
    "cen_loss": 1.8808293978706432,
    "cen_accuracy": 0.47648724807765797
  },
  "37": {
    "cen_loss": 1.840164402225959,
    "cen_accuracy": 0.4810206299829403
  },
  "38": {
    "cen_loss": 1.7812271274451954,
    "cen_accuracy": 0.4940231502480384
  },
  "39": {
    "cen_loss": 1.8140178468314805,
    "cen_accuracy": 0.4894433392738732
  },
  "40": {
    "cen_loss": 1.814017722023126,
    "cen_accuracy": 0.48944691074071034
  },
  "41": {
    "cen_loss": 1.8374340503614246,
    "cen_accuracy": 0.479639662805911
  },
  "42": {
    "cen_loss": 1.825852447018736,
    "cen_accuracy": 0.4872337917906263
  },
  "43": {
    "cen_loss": 1.8496498876563996,
    "cen_accuracy": 0.48252659849926965
  },
  "44": {
    "cen_loss": 1.7614978706987374,
    "cen_accuracy": 0.498104146353949
  },
  "45": {
    "cen_loss": 1.7565783601828364,
    "cen_accuracy": 0.5030244371665887
  },
  "46": {
    "cen_loss": 1.7831794323670391,
    "cen_accuracy": 0.49995297568664426
  },
  "47": {
    "cen_loss": 1.7494077327253306,
    "cen_accuracy": 0.5050077917501498
  },
  "48": {
    "cen_loss": 1.7907911724491345,
    "cen_accuracy": 0.4935540976034267
  },
  "49": {
    "cen_loss": 1.7511817154720468,
    "cen_accuracy": 0.5036708726641119
  },
  "50": {
    "cen_loss": 1.7511816997189382,
    "cen_accuracy": 0.5036684916862204
  },
  "51": {
    "cen_loss": 1.765507643354914,
    "cen_accuracy": 0.49991964199616423
  },
  "52": {
    "cen_loss": 1.784889829252576,
    "cen_accuracy": 0.4998327363031271
  },
  "53": {
    "cen_loss": 1.8654628895637921,
    "cen_accuracy": 0.48418375911170475
  },
  "54": {
    "cen_loss": 1.8501746109650088,
    "cen_accuracy": 0.48743617491139785
  },
  "55": {
    "cen_loss": 1.785723278252454,
    "cen_accuracy": 0.49977440234478704
  },
  "56": {
    "cen_loss": 1.779353703875547,
    "cen_accuracy": 0.5007720320812961
  },
  "57": {
    "cen_loss": 1.7597095400049183,
    "cen_accuracy": 0.5048399328088039
  },
  "58": {
    "cen_loss": 1.776815498117935,
    "cen_accuracy": 0.5018149003977423
  },
  "59": {
    "cen_loss": 1.825146955972797,
    "cen_accuracy": 0.4938695771740412
  },
  "60": {
    "cen_loss": 1.8251468901952446,
    "cen_accuracy": 0.4938731486408783
  },
  "61": {
    "cen_loss": 1.8035515263900677,
    "cen_accuracy": 0.49503625634084175
  },
  "62": {
    "cen_loss": 1.8399889108243834,
    "cen_accuracy": 0.4916897919144372
  },
  "63": {
    "cen_loss": 1.7645225136958518,
    "cen_accuracy": 0.5065780466695476
  },
  "64": {
    "cen_loss": 1.7762136534519943,
    "cen_accuracy": 0.5075125804919338
  },
  "65": {
    "cen_loss": 1.795628331149143,
    "cen_accuracy": 0.503845874539132
  },
  "66": {
    "cen_loss": 1.6765521557106053,
    "cen_accuracy": 0.5151662339239349
  },
  "67": {
    "cen_loss": 1.6496798821497123,
    "cen_accuracy": 0.5225472653873673
  },
  "68": {
    "cen_loss": 1.6894453620213716,
    "cen_accuracy": 0.5182484098043908
  },
  "69": {
    "cen_loss": 1.635609795268621,
    "cen_accuracy": 0.5273913649074812
  },
  "70": {
    "cen_loss": 1.6356097304519908,
    "cen_accuracy": 0.5273985078411555
  },
  "71": {
    "cen_loss": 1.6470225442222777,
    "cen_accuracy": 0.5256615844693574
  },
  "72": {
    "cen_loss": 1.664199161998947,
    "cen_accuracy": 0.5268746927050408
  },
  "73": {
    "cen_loss": 1.691979189495882,
    "cen_accuracy": 0.5203293844815003
  },
  "74": {
    "cen_loss": 1.7064201803780437,
    "cen_accuracy": 0.5186043659991595
  },
  "75": {
    "cen_loss": 1.7328745727534147,
    "cen_accuracy": 0.510355468094301
  },
  "76": {
    "cen_loss": 1.6788010057427947,
    "cen_accuracy": 0.525634203223606
  },
  "77": {
    "cen_loss": 1.6679868643442204,
    "cen_accuracy": 0.5253830100560601
  },
  "78": {
    "cen_loss": 1.6735322778388555,
    "cen_accuracy": 0.5242460931129024
  },
  "79": {
    "cen_loss": 1.6949257243439435,
    "cen_accuracy": 0.5204127187077005
  },
  "80": {
    "cen_loss": 1.694925866544836,
    "cen_accuracy": 0.5204150996855919
  },
  "81": {
    "cen_loss": 1.6717115849553938,
    "cen_accuracy": 0.5287009027477675
  },
  "82": {
    "cen_loss": 1.678315461707481,
    "cen_accuracy": 0.5228056014885873
  },
  "83": {
    "cen_loss": 1.6339519246801995,
    "cen_accuracy": 0.531650934355249
  },
  "84": {
    "cen_loss": 1.6488504017794474,
    "cen_accuracy": 0.5288247135981219
  },
  "85": {
    "cen_loss": 1.7079112325876187,
    "cen_accuracy": 0.5149031358669319
  },
  "86": {
    "cen_loss": 1.6362755088994074,
    "cen_accuracy": 0.5267627867441437
  },
  "87": {
    "cen_loss": 1.6267369721426859,
    "cen_accuracy": 0.533279523232987
  },
  "88": {
    "cen_loss": 1.6608219412849077,
    "cen_accuracy": 0.5311723577990717
  },