{
  "0": {
    "cen_loss": 2.3027777171134947,
    "cen_accuracy": 0.097625
  },
  "1": {
    "cen_loss": 2.3027777171134947,
    "cen_accuracy": 0.097625
  },
  "2": {
    "cen_loss": 2.4778085703849793,
    "cen_accuracy": 0.10075
  },
  "3": {
    "cen_loss": 2.8058816146850587,
    "cen_accuracy": 0.100375
  },
  "4": {
    "cen_loss": 3.229913912296295,
    "cen_accuracy": 0.100375
  },
  "5": {
    "cen_loss": 5.831698342323303,
    "cen_accuracy": 0.100375
  },
  "6": {
    "cen_loss": 4.012899642467499,
    "cen_accuracy": 0.101375
  },
  "7": {
    "cen_loss": 3.2077697205543516,
    "cen_accuracy": 0.10175
  },
  "8": {
    "cen_loss": 3.649906129360199,
    "cen_accuracy": 0.14375
  },
  "9": {
    "cen_loss": 3.539628164768219,
    "cen_accuracy": 0.14275
  },
  "10": {
    "cen_loss": 2.428553856372833,
    "cen_accuracy": 0.31125
  },
  "11": {
    "cen_loss": 4.110542258262634,
    "cen_accuracy": 0.144
  },
  "12": {
    "cen_loss": 2.805586019277573,
    "cen_accuracy": 0.299125
  },
  "13": {
    "cen_loss": 2.147472908735275,
    "cen_accuracy": 0.307625
  },
  "14": {
    "cen_loss": 3.499406360626221,
    "cen_accuracy": 0.31625
  },
  "15": {
    "cen_loss": 2.6101373229026796,
    "cen_accuracy": 0.3455
  },
  "16": {
    "cen_loss": 2.185760683774948,
    "cen_accuracy": 0.3805
  },
  "17": {
    "cen_loss": 2.9856951341629028,
    "cen_accuracy": 0.343375
  },
  "18": {
    "cen_loss": 1.851263332247734,
    "cen_accuracy": 0.4005
  },
  "19": {
    "cen_loss": 2.290777619600296,
    "cen_accuracy": 0.42025
  },
  "20": {
    "cen_loss": 2.7287501275539396,
    "cen_accuracy": 0.371
  },
  "21": {
    "cen_loss": 1.7806100755929948,
    "cen_accuracy": 0.404625
  },
  "22": {
    "cen_loss": 2.968164571046829,
    "cen_accuracy": 0.273375
  },
  "23": {
    "cen_loss": 3.6255783882141115,
    "cen_accuracy": 0.339125
  },
  "24": {
    "cen_loss": 1.8898298383951186,
    "cen_accuracy": 0.427
  },
  "25": {
    "cen_loss": 2.116234815955162,
    "cen_accuracy": 0.404375
  },
  "26": {
    "cen_loss": 1.8369562966823578,
    "cen_accuracy": 0.4285
  },
  "27": {
    "cen_loss": 1.4841570155620576,
    "cen_accuracy": 0.538875
  },
  "28": {
    "cen_loss": 1.2435058174729348,
    "cen_accuracy": 0.545
  },
  "29": {
    "cen_loss": 1.6590655118227005,
    "cen_accuracy": 0.46925
  },
  "30": {
    "cen_loss": 1.9410173054933548,
    "cen_accuracy": 0.439625
  },
  "31": {
    "cen_loss": 2.231831304192543,
    "cen_accuracy": 0.480125
  },
  "32": {
    "cen_loss": 2.0057509825229647,
    "cen_accuracy": 0.424875
  },
  "33": {
    "cen_loss": 1.561827858030796,
    "cen_accuracy": 0.522875
  },
  "34": {
    "cen_loss": 2.763380750656128,
    "cen_accuracy": 0.3685
  },
  "35": {
    "cen_loss": 1.0945940199494362,
    "cen_accuracy": 0.621875
  },
  "36": {
    "cen_loss": 2.2607456456422805,
    "cen_accuracy": 0.419125
  },
  "37": {
    "cen_loss": 1.1476835836172103,
    "cen_accuracy": 0.623875
  },
  "38": {
    "cen_loss": 1.5176167915463448,
    "cen_accuracy": 0.5455
  },
  "39": {
    "cen_loss": 1.443092764556408,
    "cen_accuracy": 0.567875
  },
  "40": {
    "cen_loss": 2.4024811956882477,
    "cen_accuracy": 0.420625
  },
  "41": {
    "cen_loss": 1.3251568598747254,
    "cen_accuracy": 0.60325
  },
  "42": {
    "cen_loss": 1.4736954406499863,
    "cen_accuracy": 0.518875
  },
  "43": {
    "cen_loss": 1.487816379070282,
    "cen_accuracy": 0.553
  },
  "44": {
    "cen_loss": 1.126286352545023,
    "cen_accuracy": 0.6345
  },
  "45": {
    "cen_loss": 1.393839863359928,
    "cen_accuracy": 0.54825
  },
  "46": {
    "cen_loss": 1.8293817841410638,
    "cen_accuracy": 0.522625
  },
  "47": {
    "cen_loss": 1.0924011498689652,
    "cen_accuracy": 0.61675
  },
  "48": {
    "cen_loss": 1.3986759149432182,
    "cen_accuracy": 0.575875
  },
  "49": {
    "cen_loss": 1.2781528126597403,
    "cen_accuracy": 0.556625
  },
  "50": {
    "cen_loss": 1.8262761766910554,
    "cen_accuracy": 0.4915
  },
  "51": {
    "cen_loss": 1.776097840666771,
    "cen_accuracy": 0.50125
  },
  "52": {
    "cen_loss": 1.2679320374131202,
    "cen_accuracy": 0.582625
  },
  "53": {
    "cen_loss": 1.1199514703154565,
    "cen_accuracy": 0.616875
  },
  "54": {
    "cen_loss": 2.137002284526825,
    "cen_accuracy": 0.464625
  },
  "55": {
    "cen_loss": 1.4281132258176803,
    "cen_accuracy": 0.557
  },
  "56": {
    "cen_loss": 1.0218787378668786,
    "cen_accuracy": 0.678125
  },
  "57": {
    "cen_loss": 0.8416761038303375,
    "cen_accuracy": 0.701625
  },
  "58": {
    "cen_loss": 1.0431511660814285,
    "cen_accuracy": 0.650375
  },
  "59": {
    "cen_loss": 1.0618885789513588,
    "cen_accuracy": 0.653625
  },
  "60": {
    "cen_loss": 1.2542992022633552,
    "cen_accuracy": 0.617125
  },
  "61": {
    "cen_loss": 1.4235226186215877,
    "cen_accuracy": 0.572125
  },
  "62": {
    "cen_loss": 0.932165401160717,
    "cen_accuracy": 0.676625
  },
  "63": {
    "cen_loss": 0.962057640299201,
    "cen_accuracy": 0.68575
  },
  "64": {
    "cen_loss": 1.1961764748990535,
    "cen_accuracy": 0.625
  },
  "65": {
    "cen_loss": 1.6225283678174018,
    "cen_accuracy": 0.521375
  },
  "66": {
    "cen_loss": 0.9597195176184178,
    "cen_accuracy": 0.665375
  },
  "67": {
    "cen_loss": 1.0838020234405994,
    "cen_accuracy": 0.649
  },
  "68": {
    "cen_loss": 1.2395524531006814,
    "cen_accuracy": 0.614625
  },
  "69": {
    "cen_loss": 0.9955892855525017,
    "cen_accuracy": 0.648375
  },
  "70": {
    "cen_loss": 0.9723797925114631,
    "cen_accuracy": 0.672875
  },
  "71": {
    "cen_loss": 0.802055249966681,
    "cen_accuracy": 0.731875
  },
  "72": {
    "cen_loss": 1.0386725223064424,
    "cen_accuracy": 0.677375
  },
  "73": {
    "cen_loss": 1.1266846665740013,
    "cen_accuracy": 0.61475
  },
  "74": {
    "cen_loss": 1.0472152475714684,
    "cen_accuracy": 0.64725
  },
  "75": {
    "cen_loss": 0.8610404355823994,
    "cen_accuracy": 0.703875
  },
  "76": {
    "cen_loss": 0.8652589900791645,
    "cen_accuracy": 0.701625
  },
  "77": {
    "cen_loss": 0.7740373917222023,
    "cen_accuracy": 0.738125
  },
  "78": {
    "cen_loss": 1.1073137758374214,
    "cen_accuracy": 0.637875
  },
  "79": {
    "cen_loss": 0.898043083935976,
    "cen_accuracy": 0.690125
  },
  "80": {
    "cen_loss": 0.9757875778377056,
    "cen_accuracy": 0.67375
  },
  "81": {
    "cen_loss": 1.0081175109744072,
    "cen_accuracy": 0.67475
  },
  "82": {
    "cen_loss": 1.073708287358284,
    "cen_accuracy": 0.67
  },
  "83": {
    "cen_loss": 0.913122433155775,
    "cen_accuracy": 0.691875
  },
  "84": {
    "cen_loss": 0.8545600390136242,
    "cen_accuracy": 0.718
  },
  "85": {
    "cen_loss": 0.861867583423853,
    "cen_accuracy": 0.71625
  },
  "86": {
    "cen_loss": 0.8424060863927006,
    "cen_accuracy": 0.73325
  },
  "87": {
    "cen_loss": 0.7488998208940029,
    "cen_accuracy": 0.752875
  },
  "88": {
    "cen_loss": 0.8372400484234095,
    "cen_accuracy": 0.735375
  },
  "89": {
    "cen_loss": 0.9215473693609237,
    "cen_accuracy": 0.71125
  },
  "90": {
    "cen_loss": 1.0430191330611707,
    "cen_accuracy": 0.692625
  },
  "91": {
    "cen_loss": 0.9417405867278575,
    "cen_accuracy": 0.709125
  },
  "92": {
    "cen_loss": 0.9486845855563879,
    "cen_accuracy": 0.667375
  },
  "93": {
    "cen_loss": 0.9405818404257298,
    "cen_accuracy": 0.702125
  },
  "94": {
    "cen_loss": 0.8581962393522262,
    "cen_accuracy": 0.721875
  },
  "95": {
    "cen_loss": 0.7899390453547239,
    "cen_accuracy": 0.7425
  },
  "96": {
    "cen_loss": 0.7517409387603402,
    "cen_accuracy": 0.7475
  },
  "97": {
    "cen_loss": 1.042606836810708,
    "cen_accuracy": 0.675
  },
  "98": {
    "cen_loss": 0.8648766100555658,
    "cen_accuracy": 0.718625
  },
  "99": {
    "cen_loss": 0.8089398164898157,
    "cen_accuracy": 0.741125
  },
  "100": {
    "cen_loss": 0.9520952983349562,
    "cen_accuracy": 0.72275
  },