{
  "0": {
    "cen_loss": 2.302711468219757,
    "cen_accuracy": 0.099125
  },
  "1": {
    "cen_loss": 2.302711468219757,
    "cen_accuracy": 0.099125
  },
  "2": {
    "cen_loss": 2.8807207474708556,
    "cen_accuracy": 0.0995
  },
  "3": {
    "cen_loss": 3.424819083690643,
    "cen_accuracy": 0.0995
  },
  "4": {
    "cen_loss": 4.193056085586548,
    "cen_accuracy": 0.0995
  },
  "5": {
    "cen_loss": 4.717222832679749,
    "cen_accuracy": 0.0995
  },
  "6": {
    "cen_loss": 5.1300856447219845,
    "cen_accuracy": 0.0995
  },
  "7": {
    "cen_loss": 5.336478784561157,
    "cen_accuracy": 0.0995
  },
  "8": {
    "cen_loss": 5.310212623119354,
    "cen_accuracy": 0.0995
  },
  "9": {
    "cen_loss": 4.80703219461441,
    "cen_accuracy": 0.12425
  },
  "10": {
    "cen_loss": 1.2489283641576767,
    "cen_accuracy": 0.592375
  },
  "11": {
    "cen_loss": 3.449535605430603,
    "cen_accuracy": 0.21725
  },
  "12": {
    "cen_loss": 2.2188660912513734,
    "cen_accuracy": 0.38525
  },
  "13": {
    "cen_loss": 1.793034416794777,
    "cen_accuracy": 0.47025
  },
  "14": {
    "cen_loss": 1.463329413831234,
    "cen_accuracy": 0.558125
  },
  "15": {
    "cen_loss": 1.2808227056860924,
    "cen_accuracy": 0.608625
  },
  "16": {
    "cen_loss": 1.1805625621676445,
    "cen_accuracy": 0.64
  },
  "17": {
    "cen_loss": 1.1435399676561355,
    "cen_accuracy": 0.652
  },
  "18": {
    "cen_loss": 1.107275526702404,
    "cen_accuracy": 0.670625
  },
  "19": {
    "cen_loss": 1.044861380249262,
    "cen_accuracy": 0.685625
  },
  "20": {
    "cen_loss": 0.9770274487137794,
    "cen_accuracy": 0.72125
  },
  "21": {
    "cen_loss": 1.0183748202621936,
    "cen_accuracy": 0.69425
  },
  "22": {
    "cen_loss": 0.9929592774808407,
    "cen_accuracy": 0.699125
  },
  "23": {
    "cen_loss": 0.9442741288542748,
    "cen_accuracy": 0.71725
  },
  "24": {
    "cen_loss": 0.9268591852635145,
    "cen_accuracy": 0.721875
  },
  "25": {
    "cen_loss": 0.9213977157324552,
    "cen_accuracy": 0.72875
  },
  "26": {
    "cen_loss": 0.8772605641633272,
    "cen_accuracy": 0.73725
  },
  "27": {
    "cen_loss": 0.8609020443558693,
    "cen_accuracy": 0.744125
  },
  "28": {
    "cen_loss": 0.8849925118982792,
    "cen_accuracy": 0.738875
  },
  "29": {
    "cen_loss": 0.910443992421031,
    "cen_accuracy": 0.7415
  },
  "30": {
    "cen_loss": 0.9582520016953349,
    "cen_accuracy": 0.742
  },
  "31": {
    "cen_loss": 0.882948460765183,
    "cen_accuracy": 0.7425
  },
  "32": {
    "cen_loss": 0.9693888816237449,
    "cen_accuracy": 0.7265
  },
  "33": {
    "cen_loss": 1.0100999928861856,
    "cen_accuracy": 0.722625
  },
  "34": {
    "cen_loss": 0.8806423526220024,
    "cen_accuracy": 0.74425
  },
  "35": {
    "cen_loss": 1.0237768543884158,
    "cen_accuracy": 0.719625
  },
  "36": {
    "cen_loss": 0.8992146845832467,
    "cen_accuracy": 0.74125
  },
  "37": {
    "cen_loss": 0.9368463601320982,
    "cen_accuracy": 0.736125
  },
  "38": {
    "cen_loss": 1.0027822907269002,
    "cen_accuracy": 0.723375
  },
  "39": {
    "cen_loss": 0.8912105852477252,
    "cen_accuracy": 0.745625
  },
  "40": {
    "cen_loss": 0.8829417900145053,
    "cen_accuracy": 0.760375
  },
  "41": {
    "cen_loss": 0.8004098174124956,
    "cen_accuracy": 0.762375
  },
  "42": {
    "cen_loss": 0.8456640117615462,
    "cen_accuracy": 0.7575
  },
  "43": {
    "cen_loss": 0.8048948987275362,
    "cen_accuracy": 0.768875
  },
  "44": {
    "cen_loss": 0.9806474945023655,
    "cen_accuracy": 0.747375
  },
  "45": {
    "cen_loss": 0.7614397499859333,
    "cen_accuracy": 0.7765
  },
  "46": {
    "cen_loss": 0.7928523313552142,
    "cen_accuracy": 0.77225
  },
  "47": {
    "cen_loss": 0.8244614396840334,
    "cen_accuracy": 0.7655
  },
  "48": {
    "cen_loss": 0.7824270570352674,
    "cen_accuracy": 0.768375
  },
  "49": {
    "cen_loss": 0.8065482259169221,
    "cen_accuracy": 0.76225
  },
  "50": {
    "cen_loss": 0.8495259080380201,
    "cen_accuracy": 0.77175
  },
  "51": {
    "cen_loss": 0.7756385715007782,
    "cen_accuracy": 0.779125
  },
  "52": {
    "cen_loss": 0.8212416373454035,
    "cen_accuracy": 0.776125
  },
  "53": {
    "cen_loss": 0.7620313779525458,
    "cen_accuracy": 0.77975
  },
  "54": {
    "cen_loss": 0.8094490830525756,
    "cen_accuracy": 0.77075
  },
  "55": {
    "cen_loss": 0.7604799658693373,
    "cen_accuracy": 0.783875
  },
  "56": {
    "cen_loss": 0.8064615501929074,
    "cen_accuracy": 0.778
  },
  "57": {
    "cen_loss": 0.8260614918544888,
    "cen_accuracy": 0.768375
  },
  "58": {
    "cen_loss": 0.7804808169193566,
    "cen_accuracy": 0.78175
  },
  "59": {
    "cen_loss": 0.7767267342880368,
    "cen_accuracy": 0.781625
  },
  "60": {
    "cen_loss": 0.7813394269309938,
    "cen_accuracy": 0.788875
  },
  "61": {
    "cen_loss": 0.7060131604336202,
    "cen_accuracy": 0.79525
  },
  "62": {
    "cen_loss": 0.6842829493656755,
    "cen_accuracy": 0.792125
  },
  "63": {
    "cen_loss": 0.7619359337054193,
    "cen_accuracy": 0.787125
  },
  "64": {
    "cen_loss": 0.7635145738534629,
    "cen_accuracy": 0.791625
  },
  "65": {
    "cen_loss": 0.7074823634810745,
    "cen_accuracy": 0.797
  },
  "66": {
    "cen_loss": 0.6870003843232989,
    "cen_accuracy": 0.802375
  },
  "67": {
    "cen_loss": 0.6997350620143116,
    "cen_accuracy": 0.798
  },
  "68": {
    "cen_loss": 0.7380340701453387,
    "cen_accuracy": 0.79425
  },
  "69": {
    "cen_loss": 0.68670195851475,
    "cen_accuracy": 0.804625
  },
  "70": {
    "cen_loss": 0.7665641681440175,
    "cen_accuracy": 0.794875
  },
  "71": {
    "cen_loss": 0.7786205936968327,
    "cen_accuracy": 0.78325
  },
  "72": {
    "cen_loss": 0.7024899148717523,
    "cen_accuracy": 0.7995
  },
  "73": {
    "cen_loss": 0.6625432854425162,
    "cen_accuracy": 0.805875
  },
  "74": {
    "cen_loss": 0.7009353968426585,
    "cen_accuracy": 0.804875
  },
  "75": {
    "cen_loss": 0.7311034968979657,
    "cen_accuracy": 0.79725
  },
  "76": {
    "cen_loss": 0.7007076756544411,
    "cen_accuracy": 0.8015
  },
  "77": {
    "cen_loss": 0.7122938615120947,
    "cen_accuracy": 0.804875
  },
  "78": {
    "cen_loss": 0.6493256421685218,
    "cen_accuracy": 0.81225
  },
  "79": {
    "cen_loss": 0.6978610219620168,
    "cen_accuracy": 0.80175
  },
  "80": {
    "cen_loss": 0.8292290197536349,
    "cen_accuracy": 0.781125
  },
  "81": {
    "cen_loss": 0.6290828992016614,
    "cen_accuracy": 0.8175
  },
  "82": {
    "cen_loss": 0.6785587878450752,
    "cen_accuracy": 0.80825
  },
  "83": {
    "cen_loss": 0.6197340338584035,
    "cen_accuracy": 0.82125
  },
  "84": {
    "cen_loss": 0.727579528093338,
    "cen_accuracy": 0.802625
  },
  "85": {
    "cen_loss": 0.7186374943889677,
    "cen_accuracy": 0.809
  },
  "86": {
    "cen_loss": 0.6423845289433375,
    "cen_accuracy": 0.820125
  },
  "87": {
    "cen_loss": 0.6639739409647882,
    "cen_accuracy": 0.8145
  },
  "88": {
    "cen_loss": 0.6438584776744246,
    "cen_accuracy": 0.823875
  },
  "89": {
    "cen_loss": 0.7661455268524587,
    "cen_accuracy": 0.7985
  },
  "90": {
    "cen_loss": 0.8777836748361587,
    "cen_accuracy": 0.786
  },
  "91": {
    "cen_loss": 0.7006146916598082,
    "cen_accuracy": 0.803125
  },
  "92": {
    "cen_loss": 0.5976094673275948,
    "cen_accuracy": 0.829375
  },
  "93": {
    "cen_loss": 0.6521493144594133,
    "cen_accuracy": 0.818875
  },
  "94": {
    "cen_loss": 0.6422154938010499,
    "cen_accuracy": 0.822875
  },
  "95": {
    "cen_loss": 0.6223131259828806,
    "cen_accuracy": 0.825375
  },
  "96": {
    "cen_loss": 0.6835383207798004,
    "cen_accuracy": 0.813375
  },
  "97": {
    "cen_loss": 0.6642562194112688,
    "cen_accuracy": 0.817125
  },
  "98": {
    "cen_loss": 0.6518088764436543,
    "cen_accuracy": 0.8245
  },
  "99": {
    "cen_loss": 0.5976746270731091,
    "cen_accuracy": 0.828
  },
  "100": {
    "cen_loss": 0.6437266166508198,
    "cen_accuracy": 0.825375
  },