{
  "0": {
    "cen_loss": 2.3027569942474364,
    "cen_accuracy": 0.100375
  },
  "1": {
    "cen_loss": 2.3027569942474364,
    "cen_accuracy": 0.100375
  },
  "2": {
    "cen_loss": 4.075299676418305,
    "cen_accuracy": 0.099125
  },
  "3": {
    "cen_loss": 5.306704197406769,
    "cen_accuracy": 0.099125
  },
  "4": {
    "cen_loss": 5.0199084219932555,
    "cen_accuracy": 0.099125
  },
  "5": {
    "cen_loss": 4.738074393749237,
    "cen_accuracy": 0.09925
  },
  "6": {
    "cen_loss": 4.333730544090271,
    "cen_accuracy": 0.169125
  },
  "7": {
    "cen_loss": 3.4185768349170687,
    "cen_accuracy": 0.226125
  },
  "8": {
    "cen_loss": 2.7383662519454957,
    "cen_accuracy": 0.2775
  },
  "9": {
    "cen_loss": 1.9912687153816224,
    "cen_accuracy": 0.402
  },
  "10": {
    "cen_loss": 1.7299911608695984,
    "cen_accuracy": 0.51075
  },
  "11": {
    "cen_loss": 1.7187977114915847,
    "cen_accuracy": 0.47825
  },
  "12": {
    "cen_loss": 1.8700687017440796,
    "cen_accuracy": 0.454625
  },
  "13": {
    "cen_loss": 1.7249545959234238,
    "cen_accuracy": 0.5025
  },
  "14": {
    "cen_loss": 1.645161948800087,
    "cen_accuracy": 0.519
  },
  "15": {
    "cen_loss": 1.755458334684372,
    "cen_accuracy": 0.498625
  },
  "16": {
    "cen_loss": 1.5035951697826386,
    "cen_accuracy": 0.566875
  },
  "17": {
    "cen_loss": 1.5870364755392075,
    "cen_accuracy": 0.5575
  },
  "18": {
    "cen_loss": 1.5352114107608794,
    "cen_accuracy": 0.571375
  },
  "19": {
    "cen_loss": 1.480706665098667,
    "cen_accuracy": 0.5945
  },
  "20": {
    "cen_loss": 1.5758275349140167,
    "cen_accuracy": 0.591375
  },
  "21": {
    "cen_loss": 1.446480643093586,
    "cen_accuracy": 0.5855
  },
  "22": {
    "cen_loss": 1.351646826326847,
    "cen_accuracy": 0.62125
  },
  "23": {
    "cen_loss": 1.3750271745324134,
    "cen_accuracy": 0.6295
  },
  "24": {
    "cen_loss": 1.2606079740524292,
    "cen_accuracy": 0.639
  },
  "25": {
    "cen_loss": 1.4013721418082714,
    "cen_accuracy": 0.611875
  },
  "26": {
    "cen_loss": 1.3185077043175697,
    "cen_accuracy": 0.627625
  },
  "27": {
    "cen_loss": 1.2244720948934555,
    "cen_accuracy": 0.650125
  },
  "28": {
    "cen_loss": 1.2219996437430383,
    "cen_accuracy": 0.652
  },
  "29": {
    "cen_loss": 1.3253224900364875,
    "cen_accuracy": 0.648625
  },
  "30": {
    "cen_loss": 1.4009477143287659,
    "cen_accuracy": 0.643625
  },
  "31": {
    "cen_loss": 1.212364194214344,
    "cen_accuracy": 0.657
  },
  "32": {
    "cen_loss": 1.2494747054576874,
    "cen_accuracy": 0.646875
  },
  "33": {
    "cen_loss": 1.1666434080004693,
    "cen_accuracy": 0.66275
  },
  "34": {
    "cen_loss": 1.2354892072081567,
    "cen_accuracy": 0.662125
  },
  "35": {
    "cen_loss": 1.3191761878430843,
    "cen_accuracy": 0.643875
  },
  "36": {
    "cen_loss": 1.1430158834010362,
    "cen_accuracy": 0.663625
  },
  "37": {
    "cen_loss": 1.0666663542091845,
    "cen_accuracy": 0.685875
  },
  "38": {
    "cen_loss": 1.212416283994913,
    "cen_accuracy": 0.66025
  },
  "39": {
    "cen_loss": 1.163310464322567,
    "cen_accuracy": 0.684375
  },
  "40": {
    "cen_loss": 1.182066806524992,
    "cen_accuracy": 0.68475
  },
  "41": {
    "cen_loss": 1.2701044453978538,
    "cen_accuracy": 0.658625
  },
  "42": {
    "cen_loss": 1.0916307180523872,
    "cen_accuracy": 0.689375
  },
  "43": {
    "cen_loss": 1.0502963868379593,
    "cen_accuracy": 0.69475
  },
  "44": {
    "cen_loss": 1.1160185027569531,
    "cen_accuracy": 0.68725
  },
  "45": {
    "cen_loss": 1.0189499876052142,
    "cen_accuracy": 0.70325
  },
  "46": {
    "cen_loss": 1.0461559338495134,
    "cen_accuracy": 0.705
  },
  "47": {
    "cen_loss": 1.0860089837908744,
    "cen_accuracy": 0.70125
  },
  "48": {
    "cen_loss": 1.0146010257452727,
    "cen_accuracy": 0.70275
  },
  "49": {
    "cen_loss": 1.0527315979376435,
    "cen_accuracy": 0.69825
  },
  "50": {
    "cen_loss": 1.1242905833274126,
    "cen_accuracy": 0.69875
  },
  "51": {
    "cen_loss": 1.0642385155409575,
    "cen_accuracy": 0.701
  },
  "52": {
    "cen_loss": 1.0725437040030956,
    "cen_accuracy": 0.69725
  },
  "53": {
    "cen_loss": 0.9787972933202982,
    "cen_accuracy": 0.7175
  },
  "54": {
    "cen_loss": 0.9879693770706653,
    "cen_accuracy": 0.718375
  },
  "55": {
    "cen_loss": 0.9746035433113575,
    "cen_accuracy": 0.716375
  },
  "56": {
    "cen_loss": 1.0058584943264723,
    "cen_accuracy": 0.706125
  },
  "57": {
    "cen_loss": 0.9650499712526798,
    "cen_accuracy": 0.718125
  },
  "58": {
    "cen_loss": 1.010766517519951,
    "cen_accuracy": 0.713125
  },
  "59": {
    "cen_loss": 0.995906041547656,
    "cen_accuracy": 0.722625
  },
  "60": {
    "cen_loss": 1.0598232338130473,
    "cen_accuracy": 0.715875
  },
  "61": {
    "cen_loss": 0.9446696120202541,
    "cen_accuracy": 0.729125
  },
  "62": {
    "cen_loss": 0.9123043646365404,
    "cen_accuracy": 0.73
  },
  "63": {
    "cen_loss": 0.9464965645670891,
    "cen_accuracy": 0.729625
  },
  "64": {
    "cen_loss": 1.030007319174707,
    "cen_accuracy": 0.718125
  },
  "65": {
    "cen_loss": 1.0326146433204413,
    "cen_accuracy": 0.7095
  },
  "66": {
    "cen_loss": 1.014277058593929,
    "cen_accuracy": 0.7225
  },
  "67": {
    "cen_loss": 1.0208639343976975,
    "cen_accuracy": 0.7205
  },
  "68": {
    "cen_loss": 0.9402943800538778,
    "cen_accuracy": 0.734125
  },
  "69": {
    "cen_loss": 0.9013936867937445,
    "cen_accuracy": 0.736625
  },
  "70": {
    "cen_loss": 0.9389948024302721,
    "cen_accuracy": 0.7335
  },
  "71": {
    "cen_loss": 0.9939326199814678,
    "cen_accuracy": 0.721875
  },
  "72": {
    "cen_loss": 1.0098964581787586,
    "cen_accuracy": 0.718625
  },
  "73": {
    "cen_loss": 0.8961069273352623,
    "cen_accuracy": 0.74525
  },
  "74": {
    "cen_loss": 0.9720431325659156,
    "cen_accuracy": 0.723875
  },
  "75": {
    "cen_loss": 0.9260027542710304,
    "cen_accuracy": 0.736125
  },
  "76": {
    "cen_loss": 0.9494318976253271,
    "cen_accuracy": 0.737625
  },
  "77": {
    "cen_loss": 0.9945693670064211,
    "cen_accuracy": 0.725375
  },
  "78": {
    "cen_loss": 1.0179523975253104,
    "cen_accuracy": 0.717125
  },
  "79": {
    "cen_loss": 0.9040022738724947,
    "cen_accuracy": 0.74175
  },
  "80": {
    "cen_loss": 0.9905671643838286,
    "cen_accuracy": 0.72625
  },
  "81": {
    "cen_loss": 0.9618124193698168,
    "cen_accuracy": 0.73825
  },
  "82": {
    "cen_loss": 0.9063100119829178,
    "cen_accuracy": 0.73575
  },
  "83": {
    "cen_loss": 0.9336704920679331,
    "cen_accuracy": 0.739875
  },
  "84": {
    "cen_loss": 0.8336284873634576,
    "cen_accuracy": 0.754375
  },
  "85": {
    "cen_loss": 0.8336284873634576,
    "cen_accuracy": 0.754375
  },
  "86": {
    "cen_loss": 0.8218690194264054,
    "cen_accuracy": 0.760875
  },
  "87": {
    "cen_loss": 0.8218690194264054,
    "cen_accuracy": 0.760875
  },
  "88": {
    "cen_loss": 0.8228635061383247,
    "cen_accuracy": 0.76075
  },
  "89": {
    "cen_loss": 0.8228635061383247,
    "cen_accuracy": 0.76075
  },
  "90": {
    "cen_loss": 0.8264776882603765,
    "cen_accuracy": 0.762375
  },
  "91": {
    "cen_loss": 0.8264776882603765,
    "cen_accuracy": 0.762375
  },
  "92": {
    "cen_loss": 0.7981183266416192,
    "cen_accuracy": 0.767
  },
  "93": {
    "cen_loss": 0.7981183266416192,
    "cen_accuracy": 0.767
  },
  "94": {
    "cen_loss": 0.8028465717434883,
    "cen_accuracy": 0.770875
  },
  "95": {
    "cen_loss": 0.8028465717434883,
    "cen_accuracy": 0.770875
  },
  "96": {
    "cen_loss": 0.817733339495957,
    "cen_accuracy": 0.76725
  },
  "97": {
    "cen_loss": 0.817733339495957,
    "cen_accuracy": 0.76725
  },
  "98": {
    "cen_loss": 0.8182884508594871,
    "cen_accuracy": 0.76575
  },
  "99": {
    "cen_loss": 0.8182884508594871,
    "cen_accuracy": 0.76575
  },
  "100": {
    "cen_loss": 0.8509608404450119,
    "cen_accuracy": 0.7665
  },