{
  "0": {
    "cen_loss": 2.3026035590171814,
    "cen_accuracy": 0.102
  },
  "1": {
    "cen_loss": 2.3026035590171814,
    "cen_accuracy": 0.102
  },
  "2": {
    "cen_loss": 2.5301382241249084,
    "cen_accuracy": 0.100625
  },
  "3": {
    "cen_loss": 2.876341443538666,
    "cen_accuracy": 0.102
  },
  "4": {
    "cen_loss": 2.9151095519065855,
    "cen_accuracy": 0.099375
  },
  "5": {
    "cen_loss": 3.9285819735527037,
    "cen_accuracy": 0.099125
  },
  "6": {
    "cen_loss": 5.235224751472473,
    "cen_accuracy": 0.09925
  },
  "7": {
    "cen_loss": 3.789971757888794,
    "cen_accuracy": 0.10575
  },
  "8": {
    "cen_loss": 3.081899273395538,
    "cen_accuracy": 0.185
  },
  "9": {
    "cen_loss": 2.7296308550834656,
    "cen_accuracy": 0.2385
  },
  "10": {
    "cen_loss": 3.5373500595092775,
    "cen_accuracy": 0.253875
  },
  "11": {
    "cen_loss": 2.2862698707580567,
    "cen_accuracy": 0.276625
  },
  "12": {
    "cen_loss": 2.9555297825336457,
    "cen_accuracy": 0.227125
  },
  "13": {
    "cen_loss": 2.08328300011158,
    "cen_accuracy": 0.38675
  },
  "14": {
    "cen_loss": 3.503878729581833,
    "cen_accuracy": 0.260125
  },
  "15": {
    "cen_loss": 2.462222508907318,
    "cen_accuracy": 0.30125
  },
  "16": {
    "cen_loss": 2.5095373771190643,
    "cen_accuracy": 0.348375
  },
  "17": {
    "cen_loss": 2.3971064002513884,
    "cen_accuracy": 0.38225
  },
  "18": {
    "cen_loss": 1.5091224682331086,
    "cen_accuracy": 0.51125
  },
  "19": {
    "cen_loss": 2.0333275858163833,
    "cen_accuracy": 0.41475
  },
  "20": {
    "cen_loss": 1.948318045258522,
    "cen_accuracy": 0.462
  },
  "21": {
    "cen_loss": 2.2798054168224335,
    "cen_accuracy": 0.359125
  },
  "22": {
    "cen_loss": 1.9422238173484803,
    "cen_accuracy": 0.453625
  },
  "23": {
    "cen_loss": 2.041787945866585,
    "cen_accuracy": 0.434875
  },
  "24": {
    "cen_loss": 1.9546306947469712,
    "cen_accuracy": 0.444875
  },
  "25": {
    "cen_loss": 1.359501212835312,
    "cen_accuracy": 0.529875
  },
  "26": {
    "cen_loss": 1.8141369372606277,
    "cen_accuracy": 0.474625
  },
  "27": {
    "cen_loss": 1.4723120728731156,
    "cen_accuracy": 0.492125
  },
  "28": {
    "cen_loss": 1.264337898850441,
    "cen_accuracy": 0.575
  },
  "29": {
    "cen_loss": 2.2029536322951317,
    "cen_accuracy": 0.46775
  },
  "30": {
    "cen_loss": 1.8711788532137872,
    "cen_accuracy": 0.51725
  },
  "31": {
    "cen_loss": 1.629999414384365,
    "cen_accuracy": 0.522375
  },
  "32": {
    "cen_loss": 1.8751512076854706,
    "cen_accuracy": 0.472125
  },
  "33": {
    "cen_loss": 1.374189373254776,
    "cen_accuracy": 0.55325
  },
  "34": {
    "cen_loss": 1.4457636620998382,
    "cen_accuracy": 0.52175
  },
  "35": {
    "cen_loss": 1.7498359001874924,
    "cen_accuracy": 0.4725
  },
  "36": {
    "cen_loss": 1.4251185553073884,
    "cen_accuracy": 0.498
  },
  "37": {
    "cen_loss": 1.425240348815918,
    "cen_accuracy": 0.55625
  },
  "38": {
    "cen_loss": 1.2962194556593896,
    "cen_accuracy": 0.559625
  },
  "39": {
    "cen_loss": 1.0317188341915609,
    "cen_accuracy": 0.659625
  },
  "40": {
    "cen_loss": 1.2536835231781005,
    "cen_accuracy": 0.609125
  },
  "41": {
    "cen_loss": 1.237934542685747,
    "cen_accuracy": 0.61425
  },
  "42": {
    "cen_loss": 1.413334368288517,
    "cen_accuracy": 0.540125
  },
  "43": {
    "cen_loss": 1.3193691208958627,
    "cen_accuracy": 0.57975
  },
  "44": {
    "cen_loss": 1.5985862107872963,
    "cen_accuracy": 0.545125
  },
  "45": {
    "cen_loss": 1.4159878302812576,
    "cen_accuracy": 0.58575
  },
  "46": {
    "cen_loss": 1.2852712817788123,
    "cen_accuracy": 0.578
  },
  "47": {
    "cen_loss": 1.4139981663227081,
    "cen_accuracy": 0.542875
  },
  "48": {
    "cen_loss": 1.232641333937645,
    "cen_accuracy": 0.601125
  },
  "49": {
    "cen_loss": 2.1584740471243857,
    "cen_accuracy": 0.472625
  },
  "50": {
    "cen_loss": 2.9572792805433274,
    "cen_accuracy": 0.41725
  },
  "51": {
    "cen_loss": 1.5945517565608025,
    "cen_accuracy": 0.512
  },
  "52": {
    "cen_loss": 1.2916375265717506,
    "cen_accuracy": 0.593
  },
  "53": {
    "cen_loss": 1.1471746479272842,
    "cen_accuracy": 0.594375
  },
  "54": {
    "cen_loss": 1.7469139014482498,
    "cen_accuracy": 0.5175
  },
  "55": {
    "cen_loss": 1.351949001967907,
    "cen_accuracy": 0.603
  },
  "56": {
    "cen_loss": 1.0623080120384694,
    "cen_accuracy": 0.653375
  },
  "57": {
    "cen_loss": 1.0999168019890786,
    "cen_accuracy": 0.65325
  },
  "58": {
    "cen_loss": 1.168456908762455,
    "cen_accuracy": 0.629375
  },
  "59": {
    "cen_loss": 1.456854853093624,
    "cen_accuracy": 0.58275
  },
  "60": {
    "cen_loss": 1.5764901530146598,
    "cen_accuracy": 0.578375
  },
  "61": {
    "cen_loss": 1.1588898730278014,
    "cen_accuracy": 0.625875
  },
  "62": {
    "cen_loss": 0.8909288197457791,
    "cen_accuracy": 0.695375
  },
  "63": {
    "cen_loss": 1.4648771018981934,
    "cen_accuracy": 0.544125
  },
  "64": {
    "cen_loss": 1.2253058772832155,
    "cen_accuracy": 0.63425
  },
  "65": {
    "cen_loss": 1.2286528328061104,
    "cen_accuracy": 0.611125
  },
  "66": {
    "cen_loss": 1.5411030748486518,
    "cen_accuracy": 0.545875
  },
  "67": {
    "cen_loss": 1.2735793025493622,
    "cen_accuracy": 0.6035
  },
  "68": {
    "cen_loss": 1.0648103318810462,
    "cen_accuracy": 0.644125
  },
  "69": {
    "cen_loss": 1.2874367854893207,
    "cen_accuracy": 0.619125
  },
  "70": {
    "cen_loss": 1.4606100194454192,
    "cen_accuracy": 0.601
  },
  "71": {
    "cen_loss": 1.1508015808463097,
    "cen_accuracy": 0.607
  },
  "72": {
    "cen_loss": 1.2775796902775765,
    "cen_accuracy": 0.617
  },
  "73": {
    "cen_loss": 1.001804970383644,
    "cen_accuracy": 0.678125
  },
  "74": {
    "cen_loss": 1.6210232909917832,
    "cen_accuracy": 0.555
  },
  "75": {
    "cen_loss": 1.3184459894299507,
    "cen_accuracy": 0.61
  },
  "76": {
    "cen_loss": 1.2584485479593277,
    "cen_accuracy": 0.57225
  },
  "77": {
    "cen_loss": 1.4840924435853957,
    "cen_accuracy": 0.54275
  },
  "78": {
    "cen_loss": 1.6574719186425209,
    "cen_accuracy": 0.557875
  },
  "79": {
    "cen_loss": 1.0009484186768531,
    "cen_accuracy": 0.665875
  },
  "80": {
    "cen_loss": 1.121108644247055,
    "cen_accuracy": 0.644125
  },
  "81": {
    "cen_loss": 1.4853833595514296,
    "cen_accuracy": 0.586375
  },
  "82": {
    "cen_loss": 0.9824048617184162,
    "cen_accuracy": 0.66575
  },
  "83": {
    "cen_loss": 1.5193715583086014,
    "cen_accuracy": 0.57475
  },
  "84": {
    "cen_loss": 0.7984207387864589,
    "cen_accuracy": 0.724375
  },
  "85": {
    "cen_loss": 2.066087534546852,
    "cen_accuracy": 0.499375
  },
  "86": {
    "cen_loss": 1.60398315513134,
    "cen_accuracy": 0.569875
  },
  "87": {
    "cen_loss": 0.961345197468996,
    "cen_accuracy": 0.692375
  },
  "88": {
    "cen_loss": 1.0512047458589078,
    "cen_accuracy": 0.66475
  },
  "89": {
    "cen_loss": 0.9785950713157654,
    "cen_accuracy": 0.670875
  },
  "90": {
    "cen_loss": 0.9468197107613087,
    "cen_accuracy": 0.680625
  },
  "91": {
    "cen_loss": 0.8314456946551799,
    "cen_accuracy": 0.71275
  },
  "92": {
    "cen_loss": 1.291627170920372,
    "cen_accuracy": 0.63675
  },
  "93": {
    "cen_loss": 1.0015075199007988,
    "cen_accuracy": 0.667875
  },
  "94": {
    "cen_loss": 0.8466137731969356,
    "cen_accuracy": 0.71725
  },
  "95": {
    "cen_loss": 1.4056477875113487,
    "cen_accuracy": 0.597
  },
  "96": {
    "cen_loss": 1.2845530699789525,
    "cen_accuracy": 0.62675
  },
  "97": {
    "cen_loss": 0.9499638035297394,
    "cen_accuracy": 0.685125
  },
  "98": {
    "cen_loss": 1.024239691644907,
    "cen_accuracy": 0.674625
  },
  "99": {
    "cen_loss": 1.0307590393424033,
    "cen_accuracy": 0.69975
  },
  "100": {
    "cen_loss": 1.27704482665658,
    "cen_accuracy": 0.657
  },
  "101": {
    "cen_loss": 1.651673744082451,