{
  "0": {
    "cen_loss": 2.3028095273971556,
    "cen_accuracy": 0.10075
  },
  "1": {
    "cen_loss": 2.3028095273971556,
    "cen_accuracy": 0.10075
  },
  "2": {
    "cen_loss": 3.277611322879791,
    "cen_accuracy": 0.097875
  },
  "3": {
    "cen_loss": 4.598974551200866,
    "cen_accuracy": 0.098625
  },
  "4": {
    "cen_loss": 4.69540138053894,
    "cen_accuracy": 0.101125
  },
  "5": {
    "cen_loss": 4.060905863285065,
    "cen_accuracy": 0.098625
  },
  "6": {
    "cen_loss": 3.7479496083259582,
    "cen_accuracy": 0.1015
  },
  "7": {
    "cen_loss": 3.5194091041088105,
    "cen_accuracy": 0.12775
  },
  "8": {
    "cen_loss": 2.752875055551529,
    "cen_accuracy": 0.162125
  },
  "9": {
    "cen_loss": 2.3799433851242067,
    "cen_accuracy": 0.232875
  },
  "10": {
    "cen_loss": 1.5913977370262147,
    "cen_accuracy": 0.402875
  },
  "11": {
    "cen_loss": 2.279077828884125,
    "cen_accuracy": 0.224625
  },
  "12": {
    "cen_loss": 2.5074073954820633,
    "cen_accuracy": 0.30125
  },
  "13": {
    "cen_loss": 1.8892285690307618,
    "cen_accuracy": 0.323375
  },
  "14": {
    "cen_loss": 2.039768965125084,
    "cen_accuracy": 0.332625
  },
  "15": {
    "cen_loss": 1.7224708032608032,
    "cen_accuracy": 0.394625
  },
  "16": {
    "cen_loss": 1.7365656015872954,
    "cen_accuracy": 0.405
  },
  "17": {
    "cen_loss": 1.6953665965795517,
    "cen_accuracy": 0.430625
  },
  "18": {
    "cen_loss": 1.5538750871419906,
    "cen_accuracy": 0.463
  },
  "19": {
    "cen_loss": 1.5543038902282715,
    "cen_accuracy": 0.4665
  },
  "20": {
    "cen_loss": 1.3202000898718833,
    "cen_accuracy": 0.537
  },
  "21": {
    "cen_loss": 2.0001809343099595,
    "cen_accuracy": 0.40075
  },
  "22": {
    "cen_loss": 1.825246323466301,
    "cen_accuracy": 0.426375
  },
  "23": {
    "cen_loss": 1.4472310404777526,
    "cen_accuracy": 0.501
  },
  "24": {
    "cen_loss": 1.4126283259391785,
    "cen_accuracy": 0.50375
  },
  "25": {
    "cen_loss": 1.3878630464076995,
    "cen_accuracy": 0.523375
  },
  "26": {
    "cen_loss": 1.2259961709976197,
    "cen_accuracy": 0.56925
  },
  "27": {
    "cen_loss": 1.8098058775663375,
    "cen_accuracy": 0.474875
  },
  "28": {
    "cen_loss": 1.2121723123788835,
    "cen_accuracy": 0.560375
  },
  "29": {
    "cen_loss": 1.638449363708496,
    "cen_accuracy": 0.466625
  },
  "30": {
    "cen_loss": 2.7082267441749575,
    "cen_accuracy": 0.356625
  },
  "31": {
    "cen_loss": 1.8090616264343262,
    "cen_accuracy": 0.41175
  },
  "32": {
    "cen_loss": 3.474877372741699,
    "cen_accuracy": 0.197125
  },
  "33": {
    "cen_loss": 2.9126818652153017,
    "cen_accuracy": 0.2755
  },
  "34": {
    "cen_loss": 1.498703069150448,
    "cen_accuracy": 0.487375
  },
  "35": {
    "cen_loss": 3.4310994622707365,
    "cen_accuracy": 0.286625
  },
  "36": {
    "cen_loss": 4.445810967206955,
    "cen_accuracy": 0.24225
  },
  "37": {
    "cen_loss": 2.0630548665523527,
    "cen_accuracy": 0.367625
  },
  "38": {
    "cen_loss": 2.693615729570389,
    "cen_accuracy": 0.345375
  },
  "39": {
    "cen_loss": 1.5211554019451141,
    "cen_accuracy": 0.482625
  },
  "40": {
    "cen_loss": 2.1237363058328627,
    "cen_accuracy": 0.40875
  },
  "41": {
    "cen_loss": 2.4305687510967253,
    "cen_accuracy": 0.38
  },
  "42": {
    "cen_loss": 1.8008619763851166,
    "cen_accuracy": 0.45075
  },
  "43": {
    "cen_loss": 1.8006717331409454,
    "cen_accuracy": 0.47675
  },
  "44": {
    "cen_loss": 2.9096473182439806,
    "cen_accuracy": 0.360125
  },
  "45": {
    "cen_loss": 2.4984798698425292,
    "cen_accuracy": 0.411125
  },
  "46": {
    "cen_loss": 1.3727224091291428,
    "cen_accuracy": 0.548
  },
  "47": {
    "cen_loss": 1.3763054337501526,
    "cen_accuracy": 0.5605
  },
  "48": {
    "cen_loss": 2.4818180174827575,
    "cen_accuracy": 0.4065
  },
  "49": {
    "cen_loss": 2.3254307951927187,
    "cen_accuracy": 0.38175
  },
  "50": {
    "cen_loss": 3.4407139465808867,
    "cen_accuracy": 0.317375
  },
  "51": {
    "cen_loss": 1.7652790918946266,
    "cen_accuracy": 0.488875
  },
  "52": {
    "cen_loss": 2.2320384254455568,
    "cen_accuracy": 0.42025
  },
  "53": {
    "cen_loss": 2.3793596118688582,
    "cen_accuracy": 0.433375
  },
  "54": {
    "cen_loss": 1.7611480487585067,
    "cen_accuracy": 0.485375
  },
  "55": {
    "cen_loss": 1.2645798873901368,
    "cen_accuracy": 0.567625
  },
  "56": {
    "cen_loss": 1.342715537905693,
    "cen_accuracy": 0.54225
  },
  "57": {
    "cen_loss": 1.3438305929899215,
    "cen_accuracy": 0.539875
  },
  "58": {
    "cen_loss": 1.479950101852417,
    "cen_accuracy": 0.49575
  },
  "59": {
    "cen_loss": 1.7877926971316338,
    "cen_accuracy": 0.464875
  },
  "60": {
    "cen_loss": 2.0529296416044236,
    "cen_accuracy": 0.46325
  },
  "61": {
    "cen_loss": 2.5090986125469206,
    "cen_accuracy": 0.32325
  },
  "62": {
    "cen_loss": 1.9882824337482452,
    "cen_accuracy": 0.414875
  },
  "63": {
    "cen_loss": 1.9365286655426026,
    "cen_accuracy": 0.40025
  },
  "64": {
    "cen_loss": 1.9151258223056793,
    "cen_accuracy": 0.4315
  },
  "65": {
    "cen_loss": 1.7632083911895753,
    "cen_accuracy": 0.48425
  },
  "66": {
    "cen_loss": 2.5865205364227295,
    "cen_accuracy": 0.29825
  },
  "67": {
    "cen_loss": 1.5361064307689667,
    "cen_accuracy": 0.5175
  },
  "68": {
    "cen_loss": 2.0347012969255447,
    "cen_accuracy": 0.40875
  },
  "69": {
    "cen_loss": 2.105885684609413,
    "cen_accuracy": 0.409375
  },
  "70": {
    "cen_loss": 2.207238740324974,
    "cen_accuracy": 0.4095
  },
  "71": {
    "cen_loss": 1.6477110538482667,
    "cen_accuracy": 0.481125
  },
  "72": {
    "cen_loss": 1.2348151295185088,
    "cen_accuracy": 0.55825
  },
  "73": {
    "cen_loss": 1.762132080078125,
    "cen_accuracy": 0.44125
  },
  "74": {
    "cen_loss": 1.3006187535226346,
    "cen_accuracy": 0.57275
  },
  "75": {
    "cen_loss": 1.4045988932847977,
    "cen_accuracy": 0.548125
  },
  "76": {
    "cen_loss": 2.114601712077856,
    "cen_accuracy": 0.535625
  },
  "77": {
    "cen_loss": 1.3810857999920845,
    "cen_accuracy": 0.5565
  },
  "78": {
    "cen_loss": 1.211619807779789,
    "cen_accuracy": 0.583
  },
  "79": {
    "cen_loss": 1.0231860225200653,
    "cen_accuracy": 0.64475
  },
  "80": {
    "cen_loss": 1.0546842579841613,
    "cen_accuracy": 0.644875
  },
  "81": {
    "cen_loss": 1.0820858784019947,
    "cen_accuracy": 0.63675
  },
  "82": {
    "cen_loss": 1.1208078504800796,
    "cen_accuracy": 0.612625
  },
  "83": {
    "cen_loss": 2.060049376964569,
    "cen_accuracy": 0.476625
  },
  "84": {
    "cen_loss": 2.2414636913537977,
    "cen_accuracy": 0.365125
  },
  "85": {
    "cen_loss": 1.2314481903314591,
    "cen_accuracy": 0.609375
  },
  "86": {
    "cen_loss": 1.3091491963267325,
    "cen_accuracy": 0.57875
  },
  "87": {
    "cen_loss": 1.011507797241211,
    "cen_accuracy": 0.64875
  },
  "88": {
    "cen_loss": 0.998391592413187,
    "cen_accuracy": 0.653875
  },
  "89": {
    "cen_loss": 1.026802779763937,
    "cen_accuracy": 0.6485
  },
  "90": {
    "cen_loss": 1.0530200818777085,
    "cen_accuracy": 0.656875
  },
  "91": {
    "cen_loss": 1.15206755271554,
    "cen_accuracy": 0.62975
  },
  "92": {
    "cen_loss": 1.1265505586862563,
    "cen_accuracy": 0.63575
  },
  "93": {
    "cen_loss": 1.0755019566416741,
    "cen_accuracy": 0.626625
  },
  "94": {
    "cen_loss": 0.9976879285275936,
    "cen_accuracy": 0.659125
  },
  "95": {
    "cen_loss": 1.0110948693156243,
    "cen_accuracy": 0.651
  },
  "96": {
    "cen_loss": 1.0275544367432594,
    "cen_accuracy": 0.63325
  },
  "97": {
    "cen_loss": 1.3891212782859803,
    "cen_accuracy": 0.5535
  },
  "98": {
    "cen_loss": 1.6030595846772193,
    "cen_accuracy": 0.5135
  },
  "99": {
    "cen_loss": 1.233155051112175,
    "cen_accuracy": 0.578625
  },
  "100": {
    "cen_loss": 1.2793948709964753,
    "cen_accuracy": 0.576
  },