{
  "0": {
    "cen_loss": 3.776169441151651,
    "cen_accuracy": 0.008032128514056224
  },
  "1": {
    "cen_loss": 3.776169442428323,
    "cen_accuracy": 0.008032128514056224
  },
  "2": {
    "cen_loss": 3.1933173401341914,
    "cen_accuracy": 0.08857652833556448
  },
  "3": {
    "cen_loss": 3.1312190508640327,
    "cen_accuracy": 0.15885765283355643
  },
  "4": {
    "cen_loss": 3.8246694770789156,
    "cen_accuracy": 0.14145470771976795
  },
  "5": {
    "cen_loss": 3.383232862382316,
    "cen_accuracy": 0.143462739848282
  },
  "6": {
    "cen_loss": 3.7243912732797986,
    "cen_accuracy": 0.14770191878625613
  },
  "7": {
    "cen_loss": 3.216119108642653,
    "cen_accuracy": 0.2463186077643909
  },
  "8": {
    "cen_loss": 3.5330677267591213,
    "cen_accuracy": 0.20883534136546184
  },
  "9": {
    "cen_loss": 3.449416422567321,
    "cen_accuracy": 0.20816599732262384
  },
  "10": {
    "cen_loss": 3.449250505657826,
    "cen_accuracy": 0.20816599732262384
  },
  "11": {
    "cen_loss": 3.166751054289723,
    "cen_accuracy": 0.29875055778670234
  },
  "12": {
    "cen_loss": 3.873434829265079,
    "cen_accuracy": 0.18652387327086123
  },
  "13": {
    "cen_loss": 3.392910875629389,
    "cen_accuracy": 0.2757697456492637
  },
  "14": {
    "cen_loss": 3.3965002102066713,
    "cen_accuracy": 0.2896028558679161
  },
  "15": {
    "cen_loss": 2.891178207677265,
    "cen_accuracy": 0.32686300758589915
  },
  "16": {
    "cen_loss": 2.919061779576931,
    "cen_accuracy": 0.34203480589022756
  },
  "17": {
    "cen_loss": 2.886855596452885,
    "cen_accuracy": 0.3598839803659081
  },
  "18": {
    "cen_loss": 3.069604507571403,
    "cen_accuracy": 0.3496207050423918
  },
  "19": {
    "cen_loss": 3.432540275858003,
    "cen_accuracy": 0.31860776439089694
  },
  "20": {
    "cen_loss": 3.4325401962787536,
    "cen_accuracy": 0.31860776439089694
  },
  "21": {
    "cen_loss": 2.5219894807714267,
    "cen_accuracy": 0.43708165997322623
  },
  "22": {
    "cen_loss": 3.1440935077437437,
    "cen_accuracy": 0.35207496653279785
  },
  "23": {
    "cen_loss": 2.88201316740299,
    "cen_accuracy": 0.36412315930388217
  },
  "24": {
    "cen_loss": 2.751732550471662,
    "cen_accuracy": 0.4210174029451138
  },
  "25": {
    "cen_loss": 2.649757392381994,
    "cen_accuracy": 0.4138777331548416
  },
  "26": {
    "cen_loss": 2.942056397729982,
    "cen_accuracy": 0.29562695225345825
  },
  "27": {
    "cen_loss": 2.6263620050184326,
    "cen_accuracy": 0.4243641231593039
  },
  "28": {
    "cen_loss": 2.6220723438986386,
    "cen_accuracy": 0.41298527443105754
  },
  "29": {
    "cen_loss": 2.6696088182133577,
    "cen_accuracy": 0.428157072735386
  },
  "30": {
    "cen_loss": 2.669608858002982,
    "cen_accuracy": 0.428157072735386
  },
  "31": {
    "cen_loss": 2.719540020388612,
    "cen_accuracy": 0.4147701918786256
  },
  "32": {
    "cen_loss": 2.603997050139958,
    "cen_accuracy": 0.43284248103525214
  },
  "33": {
    "cen_loss": 2.8177746656163363,
    "cen_accuracy": 0.38710397144132086
  },
  "34": {
    "cen_loss": 2.4783473526564417,
    "cen_accuracy": 0.43998215082552433
  },
  "35": {
    "cen_loss": 2.3399252612800376,
    "cen_accuracy": 0.4680946006247211
  },
  "36": {
    "cen_loss": 2.2902120432115356,
    "cen_accuracy": 0.4676483712628291
  },
  "37": {
    "cen_loss": 2.4123225727287694,
    "cen_accuracy": 0.4573850959393128
  },
  "38": {
    "cen_loss": 2.5068468789668525,
    "cen_accuracy": 0.44823739402052654
  },
  "39": {
    "cen_loss": 2.5440711438363284,
    "cen_accuracy": 0.4033913431503793
  },
  "40": {
    "cen_loss": 2.544071092184289,
    "cen_accuracy": 0.4033913431503793
  },
  "41": {
    "cen_loss": 2.352978704710828,
    "cen_accuracy": 0.463855421686747
  },
  "42": {
    "cen_loss": 2.6402280154051603,
    "cen_accuracy": 0.3978134761267291
  },
  "43": {
    "cen_loss": 2.194455149469233,
    "cen_accuracy": 0.49464524765729584
  },
  "44": {
    "cen_loss": 2.2327127808813856,
    "cen_accuracy": 0.4917447568049978
  },
  "45": {
    "cen_loss": 2.301768323450629,
    "cen_accuracy": 0.48728246318607765
  },
  "46": {
    "cen_loss": 2.212896843990648,
    "cen_accuracy": 0.48415885765283356
  },
  "47": {
    "cen_loss": 2.1942936431771143,
    "cen_accuracy": 0.5252119589468988
  },
  "48": {
    "cen_loss": 2.238509759153973,
    "cen_accuracy": 0.49464524765729584
  },
  "49": {
    "cen_loss": 2.604686583853204,
    "cen_accuracy": 0.43351182507809016
  },
  "50": {
    "cen_loss": 2.604686505557277,
    "cen_accuracy": 0.43351182507809016
  },
  "51": {
    "cen_loss": 2.5259752592461706,
    "cen_accuracy": 0.45515394912985274
  },
  "52": {
    "cen_loss": 2.3482105109586295,
    "cen_accuracy": 0.48772869254796963
  },
  "53": {
    "cen_loss": 2.6703745923314655,
    "cen_accuracy": 0.428157072735386
  },
  "54": {
    "cen_loss": 2.3715565733342285,
    "cen_accuracy": 0.47746541722445335
  },
  "55": {
    "cen_loss": 2.3682478471081048,
    "cen_accuracy": 0.47724230254350736
  },
  "56": {
    "cen_loss": 2.389799806806776,
    "cen_accuracy": 0.47925033467202144
  },
  "57": {
    "cen_loss": 2.54297201477061,
    "cen_accuracy": 0.4475680499776885
  },
  "58": {
    "cen_loss": 2.3458809668546485,
    "cen_accuracy": 0.463855421686747
  },
  "59": {
    "cen_loss": 2.2421909430791946,
    "cen_accuracy": 0.5109326193663543
  },
  "60": {
    "cen_loss": 2.2421910219403154,
    "cen_accuracy": 0.5109326193663543
  },
  "61": {
    "cen_loss": 2.065447547721948,
    "cen_accuracy": 0.535029004908523
  },
  "62": {
    "cen_loss": 2.313298394109776,
    "cen_accuracy": 0.4892904953145917
  },
  "63": {
    "cen_loss": 2.36946345450143,
    "cen_accuracy": 0.47746541722445335
  },
  "64": {
    "cen_loss": 2.2958326030128613,
    "cen_accuracy": 0.4709950914770192
  },
  "65": {
    "cen_loss": 2.157868958753648,
    "cen_accuracy": 0.5249888442659527
  },
  "66": {
    "cen_loss": 2.364359049380012,
    "cen_accuracy": 0.4926372155287818
  },
  "67": {
    "cen_loss": 2.06039968210105,
    "cen_accuracy": 0.5446229361892012
  },
  "68": {
    "cen_loss": 2.324069583086178,
    "cen_accuracy": 0.49843819723337796
  },
  "69": {
    "cen_loss": 2.259856173418718,
    "cen_accuracy": 0.5073627844712182
  },
  "70": {
    "cen_loss": 2.2598561923560263,
    "cen_accuracy": 0.5073627844712182
  },
  "71": {
    "cen_loss": 2.249972412597915,
    "cen_accuracy": 0.5120481927710844
  },
  "72": {
    "cen_loss": 2.2827552640507234,
    "cen_accuracy": 0.49955377063810796
  },
  "73": {
    "cen_loss": 2.236212261895525,
    "cen_accuracy": 0.4897367246764837
  },
  "74": {
    "cen_loss": 2.0690508495213358,
    "cen_accuracy": 0.5323516287371709
  },
  "75": {
    "cen_loss": 2.237068370004575,
    "cen_accuracy": 0.4879518072289157
  },
  "76": {
    "cen_loss": 2.359606746582515,
    "cen_accuracy": 0.47322623828647925
  },
  "77": {
    "cen_loss": 2.234978220462533,
    "cen_accuracy": 0.5008924587237841
  },
  "78": {
    "cen_loss": 2.2946772580498407,
    "cen_accuracy": 0.4747880410531013
  },
  "79": {
    "cen_loss": 1.999098242951631,
    "cen_accuracy": 0.5446229361892012
  },
  "80": {
    "cen_loss": 1.999098166244895,
    "cen_accuracy": 0.5446229361892012
  },
  "81": {
    "cen_loss": 2.244729554424431,
    "cen_accuracy": 0.4767960731816154
  },
  "82": {
    "cen_loss": 1.892408315330039,
    "cen_accuracy": 0.5618027666220438
  },
  "83": {
    "cen_loss": 1.9621892571183306,
    "cen_accuracy": 0.5414993306559571
  },
  "84": {
    "cen_loss": 2.282458806837652,
    "cen_accuracy": 0.4928603302097278
  },
  "85": {
    "cen_loss": 2.239144373344343,
    "cen_accuracy": 0.502900490852298
  },
  "86": {
    "cen_loss": 2.0663300410597945,
    "cen_accuracy": 0.535029004908523
  },
  "87": {
    "cen_loss": 1.7336149889674903,
    "cen_accuracy": 0.5917001338688086
  },
  "88": {
    "cen_loss": 1.9857209127151982,
    "cen_accuracy": 0.537929495760821
  },