{
  "0": {
    "cen_loss": 4.375000893138216,
    "cen_accuracy": 0.011249064662789613
  },
  "1": {
    "cen_loss": 4.375000893138216,
    "cen_accuracy": 0.011249064662789613
  },
  "2": {
    "cen_loss": 2.8631468184584303,
    "cen_accuracy": 0.2333396257741408
  },
  "3": {
    "cen_loss": 2.3175189096611657,
    "cen_accuracy": 0.34842192407677386
  },
  "4": {
    "cen_loss": 2.1994636878071137,
    "cen_accuracy": 0.3823442450321938
  },
  "5": {
    "cen_loss": 2.0949868778518703,
    "cen_accuracy": 0.4028397861176626
  },
  "6": {
    "cen_loss": 2.0128787375041206,
    "cen_accuracy": 0.4221981391053969
  },
  "7": {
    "cen_loss": 1.9599491316657145,
    "cen_accuracy": 0.4334574384610661
  },
  "8": {
    "cen_loss": 1.904559804239786,
    "cen_accuracy": 0.44860478392288955
  },
  "9": {
    "cen_loss": 1.8691724873517233,
    "cen_accuracy": 0.458526750075623
  },
  "10": {
    "cen_loss": 1.8691474564554318,
    "cen_accuracy": 0.4585210641351343
  },
  "11": {
    "cen_loss": 1.8448733914622675,
    "cen_accuracy": 0.4648063027513129
  },
  "12": {
    "cen_loss": 1.8062542389664136,
    "cen_accuracy": 0.4754526577223032
  },
  "13": {
    "cen_loss": 1.775610842634844,
    "cen_accuracy": 0.4839542759409663
  },
  "14": {
    "cen_loss": 1.7520335311979727,
    "cen_accuracy": 0.49249910730734325
  },
  "15": {
    "cen_loss": 1.7265304286564416,
    "cen_accuracy": 0.49880822687357423
  },
  "16": {
    "cen_loss": 1.723504048245804,
    "cen_accuracy": 0.5014362685674386
  },
  "17": {
    "cen_loss": 1.7183355810642345,
    "cen_accuracy": 0.5028077174133064
  },
  "18": {
    "cen_loss": 1.713546552517659,
    "cen_accuracy": 0.5067992476363545
  },
  "19": {
    "cen_loss": 1.705550382516068,
    "cen_accuracy": 0.5090690750794326
  },
  "20": {
    "cen_loss": 1.7055502255611874,
    "cen_accuracy": 0.509071349455628
  },
  "21": {
    "cen_loss": 1.6877007529226178,
    "cen_accuracy": 0.5123942130772082
  },
  "22": {
    "cen_loss": 1.6953393261856544,
    "cen_accuracy": 0.5115208526181482
  },
  "23": {
    "cen_loss": 1.6848575094603102,
    "cen_accuracy": 0.5142592015574928
  },
  "24": {
    "cen_loss": 1.689294636343352,
    "cen_accuracy": 0.5140044714236003
  },
  "25": {
    "cen_loss": 1.6795936097385822,
    "cen_accuracy": 0.5179994132109416
  },
  "26": {
    "cen_loss": 1.6713485962690382,
    "cen_accuracy": 0.5199838064414882
  },
  "27": {
    "cen_loss": 1.6496994311527227,
    "cen_accuracy": 0.5242221064817447
  },
  "28": {
    "cen_loss": 1.6506934204525083,
    "cen_accuracy": 0.5255890065752216
  },
  "29": {
    "cen_loss": 1.644267076240077,
    "cen_accuracy": 0.5254343489939297
  },
  "30": {
    "cen_loss": 1.6442674032628848,
    "cen_accuracy": 0.5254332118058319
  },
  "31": {
    "cen_loss": 1.6412085876000329,
    "cen_accuracy": 0.528066939440185
  },
  "32": {
    "cen_loss": 1.6329250944619684,
    "cen_accuracy": 0.5297442918843435
  },
  "33": {
    "cen_loss": 1.6292815553975282,
    "cen_accuracy": 0.5312465173614507
  },
  "34": {
    "cen_loss": 1.6416315797310224,
    "cen_accuracy": 0.5295077567600146
  },
  "35": {
    "cen_loss": 1.6312670686890947,
    "cen_accuracy": 0.5303231206260903
  },
  "36": {
    "cen_loss": 1.6378083228129554,
    "cen_accuracy": 0.531257889242428
  },
  "37": {
    "cen_loss": 1.6382874085257826,
    "cen_accuracy": 0.5317514288768448
  },
  "38": {
    "cen_loss": 1.6550044456457433,
    "cen_accuracy": 0.5306051432743284
  },
  "39": {
    "cen_loss": 1.6258189569999002,
    "cen_accuracy": 0.5344988753209713
  },
  "40": {
    "cen_loss": 1.6258189358045647,
    "cen_accuracy": 0.5344966009447759
  },
  "41": {
    "cen_loss": 1.6245365259748397,
    "cen_accuracy": 0.5334128606876349
  },
  "42": {
    "cen_loss": 1.6247779933923692,
    "cen_accuracy": 0.5329739060819094
  },
  "43": {
    "cen_loss": 1.6365433780026724,
    "cen_accuracy": 0.5343135136610406
  },
  "44": {
    "cen_loss": 1.6507390861297517,
    "cen_accuracy": 0.533369647539921
  },
  "45": {
    "cen_loss": 1.630428337464341,
    "cen_accuracy": 0.5349355555505014
  },
  "46": {
    "cen_loss": 1.622615664664676,
    "cen_accuracy": 0.5360499998862812
  },
  "47": {
    "cen_loss": 1.6244240143724658,
    "cen_accuracy": 0.5369745338097394
  },
  "48": {
    "cen_loss": 1.6313815864923795,
    "cen_accuracy": 0.5361603071317614
  },
  "49": {
    "cen_loss": 1.6157030986584184,
    "cen_accuracy": 0.5392420868766219
  },
  "50": {
    "cen_loss": 1.6157031156870774,
    "cen_accuracy": 0.5392454984409151
  },
  "51": {
    "cen_loss": 1.6096677159132788,
    "cen_accuracy": 0.5407204314036768
  },
  "52": {
    "cen_loss": 1.6081083461800774,
    "cen_accuracy": 0.5412958485811304
  },
  "53": {
    "cen_loss": 1.6044849830148011,
    "cen_accuracy": 0.5402394008383351
  },
  "54": {
    "cen_loss": 1.6244914239275852,
    "cen_accuracy": 0.5387576447469871
  },
  "55": {
    "cen_loss": 1.635238782291196,
    "cen_accuracy": 0.5388543057352945
  },
  "56": {
    "cen_loss": 1.6290166913990063,
    "cen_accuracy": 0.5393762750721546
  },
  "57": {
    "cen_loss": 1.6141701959762154,
    "cen_accuracy": 0.5414470945981291
  },
  "58": {
    "cen_loss": 1.6028386288803909,
    "cen_accuracy": 0.5427093733866144
  },
  "59": {
    "cen_loss": 1.6149501571849811,
    "cen_accuracy": 0.5417427635035401
  },
  "60": {
    "cen_loss": 1.614950240346882,
    "cen_accuracy": 0.5417404891273446
  },
  "61": {
    "cen_loss": 1.6074968963990726,
    "cen_accuracy": 0.5424353110550604
  },
  "62": {
    "cen_loss": 1.6133836124456522,
    "cen_accuracy": 0.5422522237713251
  },
  "63": {
    "cen_loss": 1.6073232547935261,
    "cen_accuracy": 0.5439273018392881
  },
  "64": {
    "cen_loss": 1.6109067741194611,
    "cen_accuracy": 0.5423136319286028
  },
  "65": {
    "cen_loss": 1.615004892414921,
    "cen_accuracy": 0.5427810162367717
  },
  "66": {
    "cen_loss": 1.6181723437990585,
    "cen_accuracy": 0.5420896058733491
  },
  "67": {
    "cen_loss": 1.6146997669607643,
    "cen_accuracy": 0.5444265274141935
  },
  "68": {
    "cen_loss": 1.6010496372826615,
    "cen_accuracy": 0.5446153006384173
  },
  "69": {
    "cen_loss": 1.5999303002080945,
    "cen_accuracy": 0.5455477948785596
  },
  "70": {
    "cen_loss": 1.599929387858107,
    "cen_accuracy": 0.5455546180071461
  },
  "71": {
    "cen_loss": 1.5796967355584122,
    "cen_accuracy": 0.5475219534162268
  },
  "72": {
    "cen_loss": 1.593725776038523,
    "cen_accuracy": 0.5456046542834464
  },
  "73": {
    "cen_loss": 1.594879113320004,
    "cen_accuracy": 0.546004944493849
  },
  "74": {
    "cen_loss": 1.6028787834445675,
    "cen_accuracy": 0.5455750873929053
  },
  "75": {
    "cen_loss": 1.6039953058358172,
    "cen_accuracy": 0.5457354309146859
  },
  "76": {
    "cen_loss": 1.5956630903560074,
    "cen_accuracy": 0.5471967176202747
  },
  "77": {
    "cen_loss": 1.6183201885152678,
    "cen_accuracy": 0.5435997916671405
  },
  "78": {
    "cen_loss": 1.6244534842373097,
    "cen_accuracy": 0.5446005171931468
  },
  "79": {
    "cen_loss": 1.6157832134867538,
    "cen_accuracy": 0.5452760069232011
  },
  "80": {
    "cen_loss": 1.6157828612928078,
    "cen_accuracy": 0.5452828300517876
  },
  "81": {
    "cen_loss": 1.6201564627762008,
    "cen_accuracy": 0.5450781361941953
  },
  "82": {
    "cen_loss": 1.6103805292522482,
    "cen_accuracy": 0.5468532868147589
  },
  "83": {
    "cen_loss": 1.6050437499811487,
    "cen_accuracy": 0.5472160498179361
  },
  "84": {
    "cen_loss": 1.5885711878698163,
    "cen_accuracy": 0.5489718682408382
  },
  "85": {
    "cen_loss": 1.5935674845950145,
    "cen_accuracy": 0.5486852968402092
  },
  "86": {
    "cen_loss": 1.592323587764237,
    "cen_accuracy": 0.5489457129145904
  },
  "87": {
    "cen_loss": 1.5888597051573086,
    "cen_accuracy": 0.5486784737116227
  },
  "88": {
    "cen_loss": 1.575862061835289,
    "cen_accuracy": 0.5511643668932703
  },