{
  "0": {
    "cen_loss": 2.3028162007331847,
    "cen_accuracy": 0.1005
  },
  "1": {
    "cen_loss": 2.3028162007331847,
    "cen_accuracy": 0.1005
  },
  "2": {
    "cen_loss": 4.083037091732026,
    "cen_accuracy": 0.0995
  },
  "3": {
    "cen_loss": 4.308076688289642,
    "cen_accuracy": 0.0995
  },
  "4": {
    "cen_loss": 5.0481998205184935,
    "cen_accuracy": 0.0995
  },
  "5": {
    "cen_loss": 5.6574787125587465,
    "cen_accuracy": 0.0995
  },
  "6": {
    "cen_loss": 5.816348663806915,
    "cen_accuracy": 0.0995
  },
  "7": {
    "cen_loss": 5.177480346679688,
    "cen_accuracy": 0.104875
  },
  "8": {
    "cen_loss": 3.6205572950839997,
    "cen_accuracy": 0.180875
  },
  "9": {
    "cen_loss": 2.5137337086200713,
    "cen_accuracy": 0.295625
  },
  "10": {
    "cen_loss": 1.5965689089298247,
    "cen_accuracy": 0.499375
  },
  "11": {
    "cen_loss": 2.3770565466880798,
    "cen_accuracy": 0.353125
  },
  "12": {
    "cen_loss": 1.7061614344120026,
    "cen_accuracy": 0.46025
  },
  "13": {
    "cen_loss": 1.8873455975055695,
    "cen_accuracy": 0.43425
  },
  "14": {
    "cen_loss": 1.9546146632432937,
    "cen_accuracy": 0.466625
  },
  "15": {
    "cen_loss": 1.7251389909982682,
    "cen_accuracy": 0.500125
  },
  "16": {
    "cen_loss": 1.777133822441101,
    "cen_accuracy": 0.5165
  },
  "17": {
    "cen_loss": 1.7444999787807465,
    "cen_accuracy": 0.521875
  },
  "18": {
    "cen_loss": 1.4206313561201096,
    "cen_accuracy": 0.579375
  },
  "19": {
    "cen_loss": 1.4163671177029609,
    "cen_accuracy": 0.584
  },
  "20": {
    "cen_loss": 1.5180381632447242,
    "cen_accuracy": 0.581375
  },
  "21": {
    "cen_loss": 1.4449783473014832,
    "cen_accuracy": 0.59075
  },
  "22": {
    "cen_loss": 1.3685087426900864,
    "cen_accuracy": 0.602625
  },
  "23": {
    "cen_loss": 1.376456926703453,
    "cen_accuracy": 0.59925
  },
  "24": {
    "cen_loss": 1.3684449217021466,
    "cen_accuracy": 0.61125
  },
  "25": {
    "cen_loss": 1.377315936088562,
    "cen_accuracy": 0.613
  },
  "26": {
    "cen_loss": 1.406347651720047,
    "cen_accuracy": 0.60575
  },
  "27": {
    "cen_loss": 1.2591283653378487,
    "cen_accuracy": 0.638
  },
  "28": {
    "cen_loss": 1.3114493228793145,
    "cen_accuracy": 0.631625
  },
  "29": {
    "cen_loss": 1.273946566849947,
    "cen_accuracy": 0.640875
  },
  "30": {
    "cen_loss": 1.4077645957767964,
    "cen_accuracy": 0.63
  },
  "31": {
    "cen_loss": 1.2887951974272729,
    "cen_accuracy": 0.63375
  },
  "32": {
    "cen_loss": 1.3757263942360878,
    "cen_accuracy": 0.61825
  },
  "33": {
    "cen_loss": 1.320651975929737,
    "cen_accuracy": 0.629125
  },
  "34": {
    "cen_loss": 1.2820234056413173,
    "cen_accuracy": 0.64625
  },
  "35": {
    "cen_loss": 1.1879597584605217,
    "cen_accuracy": 0.654125
  },
  "36": {
    "cen_loss": 1.2791669867038726,
    "cen_accuracy": 0.63675
  },
  "37": {
    "cen_loss": 1.1762664673030376,
    "cen_accuracy": 0.666625
  },
  "38": {
    "cen_loss": 1.119304887533188,
    "cen_accuracy": 0.67875
  },
  "39": {
    "cen_loss": 1.102829555630684,
    "cen_accuracy": 0.688125
  },
  "40": {
    "cen_loss": 1.184208384335041,
    "cen_accuracy": 0.676
  },
  "41": {
    "cen_loss": 1.1960035787820815,
    "cen_accuracy": 0.66825
  },
  "42": {
    "cen_loss": 1.0511992842853068,
    "cen_accuracy": 0.694375
  },
  "43": {
    "cen_loss": 1.1103424056768418,
    "cen_accuracy": 0.68125
  },
  "44": {
    "cen_loss": 1.098035052895546,
    "cen_accuracy": 0.686375
  },
  "45": {
    "cen_loss": 1.1044344399422408,
    "cen_accuracy": 0.6895
  },
  "46": {
    "cen_loss": 1.0476114103794099,
    "cen_accuracy": 0.692
  },
  "47": {
    "cen_loss": 1.1154855262041092,
    "cen_accuracy": 0.684875
  },
  "48": {
    "cen_loss": 1.0696922854185105,
    "cen_accuracy": 0.689125
  },
  "49": {
    "cen_loss": 1.0604398811757565,
    "cen_accuracy": 0.69625
  },
  "50": {
    "cen_loss": 1.2176677928268909,
    "cen_accuracy": 0.68
  },
  "51": {
    "cen_loss": 1.10824482730031,
    "cen_accuracy": 0.684125
  },
  "52": {
    "cen_loss": 1.2162950776219368,
    "cen_accuracy": 0.676375
  },
  "53": {
    "cen_loss": 1.0777526223957539,
    "cen_accuracy": 0.695125
  },
  "54": {
    "cen_loss": 1.0148346581459045,
    "cen_accuracy": 0.7
  },
  "55": {
    "cen_loss": 0.9819619988501072,
    "cen_accuracy": 0.712375
  },
  "56": {
    "cen_loss": 0.9963622330725193,
    "cen_accuracy": 0.707125
  },
  "57": {
    "cen_loss": 1.0193322216570377,
    "cen_accuracy": 0.703125
  },
  "58": {
    "cen_loss": 0.999625290364027,
    "cen_accuracy": 0.7065
  },
  "59": {
    "cen_loss": 1.0467041236758232,
    "cen_accuracy": 0.69775
  },
  "60": {
    "cen_loss": 1.1020829755663872,
    "cen_accuracy": 0.697
  },
  "61": {
    "cen_loss": 0.9757773488759994,
    "cen_accuracy": 0.71475
  },
  "62": {
    "cen_loss": 1.0014605959951877,
    "cen_accuracy": 0.713625
  },
  "63": {
    "cen_loss": 0.9680797792971134,
    "cen_accuracy": 0.721125
  },
  "64": {
    "cen_loss": 1.010119092464447,
    "cen_accuracy": 0.712625
  },
  "65": {
    "cen_loss": 0.9751607278436423,
    "cen_accuracy": 0.7145
  },
  "66": {
    "cen_loss": 1.0638289194852113,
    "cen_accuracy": 0.70175
  },
  "67": {
    "cen_loss": 0.9378044263720512,
    "cen_accuracy": 0.722875
  },
  "68": {
    "cen_loss": 0.9278835146352649,
    "cen_accuracy": 0.726
  },
  "69": {
    "cen_loss": 0.9646786160171031,
    "cen_accuracy": 0.72225
  },
  "70": {
    "cen_loss": 0.9940378059893846,
    "cen_accuracy": 0.7225
  },
  "71": {
    "cen_loss": 0.972457065552473,
    "cen_accuracy": 0.719875
  },
  "72": {
    "cen_loss": 0.9529549580514431,
    "cen_accuracy": 0.725625
  },
  "73": {
    "cen_loss": 0.9566463040411473,
    "cen_accuracy": 0.725375
  },
  "74": {
    "cen_loss": 0.9732720004022122,
    "cen_accuracy": 0.72325
  },
  "75": {
    "cen_loss": 0.9909377583414316,
    "cen_accuracy": 0.716125
  },
  "76": {
    "cen_loss": 0.9491128692999482,
    "cen_accuracy": 0.722625
  },
  "77": {
    "cen_loss": 0.9311892293393612,
    "cen_accuracy": 0.726625
  },
  "78": {
    "cen_loss": 1.010589137762785,
    "cen_accuracy": 0.71575
  },
  "79": {
    "cen_loss": 1.0211457403898239,
    "cen_accuracy": 0.711625
  },
  "80": {
    "cen_loss": 1.2621199032962322,
    "cen_accuracy": 0.678375
  },
  "81": {
    "cen_loss": 0.9111297487914563,
    "cen_accuracy": 0.7375
  },
  "82": {
    "cen_loss": 0.9781117488890886,
    "cen_accuracy": 0.72675
  },
  "83": {
    "cen_loss": 0.9267624903544783,
    "cen_accuracy": 0.73325
  },
  "84": {
    "cen_loss": 0.8638257413357496,
    "cen_accuracy": 0.751125
  },
  "85": {
    "cen_loss": 0.8638257413357496,
    "cen_accuracy": 0.751125
  },
  "86": {
    "cen_loss": 0.8252096475809813,
    "cen_accuracy": 0.755875
  },
  "87": {
    "cen_loss": 0.8252096475809813,
    "cen_accuracy": 0.755875
  },
  "88": {
    "cen_loss": 0.8158267562538385,
    "cen_accuracy": 0.75725
  },
  "89": {
    "cen_loss": 0.8158267562538385,
    "cen_accuracy": 0.75725
  },
  "90": {
    "cen_loss": 0.8290701375976205,
    "cen_accuracy": 0.761125
  },
  "91": {
    "cen_loss": 0.8290701375976205,
    "cen_accuracy": 0.761125
  },
  "92": {
    "cen_loss": 0.818697279676795,
    "cen_accuracy": 0.7565
  },
  "93": {
    "cen_loss": 0.818697279676795,
    "cen_accuracy": 0.7565
  },
  "94": {
    "cen_loss": 0.8265777439326047,
    "cen_accuracy": 0.7575
  },
  "95": {
    "cen_loss": 0.8265777439326047,
    "cen_accuracy": 0.7575
  },
  "96": {
    "cen_loss": 0.8347263272702694,
    "cen_accuracy": 0.75975
  },
  "97": {
    "cen_loss": 0.8347263272702694,
    "cen_accuracy": 0.75975
  },
  "98": {
    "cen_loss": 0.8306104721873999,
    "cen_accuracy": 0.762
  },
  "99": {
    "cen_loss": 0.8306104721873999,
    "cen_accuracy": 0.762
  },
  "100": {
    "cen_loss": 0.8335025010108947,
    "cen_accuracy": 0.765375
  },
  "101": {
    "cen_loss": 0.8335025010108947,