{
  "0": {
    "cen_loss": 2.302756995201111,
    "cen_accuracy": 0.100375
  },
  "1": {
    "cen_loss": 2.302756995201111,
    "cen_accuracy": 0.100375
  },
  "2": {
    "cen_loss": 2.8782317411899565,
    "cen_accuracy": 0.101125
  },
  "3": {
    "cen_loss": 3.3264131383895874,
    "cen_accuracy": 0.1
  },
  "4": {
    "cen_loss": 3.1225525012016297,
    "cen_accuracy": 0.1
  },
  "5": {
    "cen_loss": 3.866389567375183,
    "cen_accuracy": 0.099875
  },
  "6": {
    "cen_loss": 3.006453216075897,
    "cen_accuracy": 0.137875
  },
  "7": {
    "cen_loss": 3.5559486875534057,
    "cen_accuracy": 0.130625
  },
  "8": {
    "cen_loss": 2.2220313749313356,
    "cen_accuracy": 0.271875
  },
  "9": {
    "cen_loss": 2.761310031414032,
    "cen_accuracy": 0.245625
  },
  "10": {
    "cen_loss": 2.826046330690384,
    "cen_accuracy": 0.300875
  },
  "11": {
    "cen_loss": 2.224642963647842,
    "cen_accuracy": 0.313375
  },
  "12": {
    "cen_loss": 4.746338533163071,
    "cen_accuracy": 0.238875
  },
  "13": {
    "cen_loss": 2.9686803331375122,
    "cen_accuracy": 0.297375
  },
  "14": {
    "cen_loss": 2.6102897183895113,
    "cen_accuracy": 0.282
  },
  "15": {
    "cen_loss": 2.191425144791603,
    "cen_accuracy": 0.312625
  },
  "16": {
    "cen_loss": 2.0887936286926267,
    "cen_accuracy": 0.40075
  },
  "17": {
    "cen_loss": 3.6005639185905456,
    "cen_accuracy": 0.301875
  },
  "18": {
    "cen_loss": 2.237990309715271,
    "cen_accuracy": 0.362375
  },
  "19": {
    "cen_loss": 2.757934351682663,
    "cen_accuracy": 0.274875
  },
  "20": {
    "cen_loss": 2.52333438372612,
    "cen_accuracy": 0.344875
  },
  "21": {
    "cen_loss": 1.799081484436989,
    "cen_accuracy": 0.43075
  },
  "22": {
    "cen_loss": 2.370210161089897,
    "cen_accuracy": 0.380875
  },
  "23": {
    "cen_loss": 2.942929747700691,
    "cen_accuracy": 0.347125
  },
  "24": {
    "cen_loss": 3.207147912979126,
    "cen_accuracy": 0.337375
  },
  "25": {
    "cen_loss": 2.506642354249954,
    "cen_accuracy": 0.36475
  },
  "26": {
    "cen_loss": 1.917146912574768,
    "cen_accuracy": 0.453875
  },
  "27": {
    "cen_loss": 2.084685053944588,
    "cen_accuracy": 0.396875
  },
  "28": {
    "cen_loss": 2.3147028259038924,
    "cen_accuracy": 0.427875
  },
  "29": {
    "cen_loss": 3.104424063205719,
    "cen_accuracy": 0.321875
  },
  "30": {
    "cen_loss": 2.809152726173401,
    "cen_accuracy": 0.3785
  },
  "31": {
    "cen_loss": 2.240303589105606,
    "cen_accuracy": 0.390375
  },
  "32": {
    "cen_loss": 1.9925843518972397,
    "cen_accuracy": 0.424125
  },
  "33": {
    "cen_loss": 2.336584377169609,
    "cen_accuracy": 0.31625
  },
  "34": {
    "cen_loss": 3.185209664106369,
    "cen_accuracy": 0.351875
  },
  "35": {
    "cen_loss": 1.6578065719604491,
    "cen_accuracy": 0.455125
  },
  "36": {
    "cen_loss": 1.694335891187191,
    "cen_accuracy": 0.497125
  },
  "37": {
    "cen_loss": 3.373190065860748,
    "cen_accuracy": 0.34125
  },
  "38": {
    "cen_loss": 1.4173030889630318,
    "cen_accuracy": 0.521375
  },
  "39": {
    "cen_loss": 2.0803100706338884,
    "cen_accuracy": 0.447
  },
  "40": {
    "cen_loss": 2.2994907804727553,
    "cen_accuracy": 0.4225
  },
  "41": {
    "cen_loss": 3.3840046560764314,
    "cen_accuracy": 0.292375
  },
  "42": {
    "cen_loss": 1.3746079403162001,
    "cen_accuracy": 0.535
  },
  "43": {
    "cen_loss": 2.9811170156598092,
    "cen_accuracy": 0.39825
  },
  "44": {
    "cen_loss": 1.5499469316005707,
    "cen_accuracy": 0.477875
  },
  "45": {
    "cen_loss": 1.7954856510162354,
    "cen_accuracy": 0.44325
  },
  "46": {
    "cen_loss": 1.6594612302780152,
    "cen_accuracy": 0.463375
  },
  "47": {
    "cen_loss": 1.4813930908441544,
    "cen_accuracy": 0.5055
  },
  "48": {
    "cen_loss": 1.4825296897292137,
    "cen_accuracy": 0.534625
  },
  "49": {
    "cen_loss": 2.0902056242227554,
    "cen_accuracy": 0.502875
  },
  "50": {
    "cen_loss": 2.7258360431194304,
    "cen_accuracy": 0.458125
  },
  "51": {
    "cen_loss": 2.242341742992401,
    "cen_accuracy": 0.438875
  },
  "52": {
    "cen_loss": 1.8104580347537995,
    "cen_accuracy": 0.460625
  },
  "53": {
    "cen_loss": 1.7619899731874467,
    "cen_accuracy": 0.4915
  },
  "54": {
    "cen_loss": 1.6977707592248916,
    "cen_accuracy": 0.501875
  },
  "55": {
    "cen_loss": 1.9676770280599594,
    "cen_accuracy": 0.387625
  },
  "56": {
    "cen_loss": 1.9193810052871705,
    "cen_accuracy": 0.44925
  },
  "57": {
    "cen_loss": 1.4547002637386321,
    "cen_accuracy": 0.494375
  },
  "58": {
    "cen_loss": 2.4893911097049712,
    "cen_accuracy": 0.457375
  },
  "59": {
    "cen_loss": 1.6334426330327987,
    "cen_accuracy": 0.534
  },
  "60": {
    "cen_loss": 1.9914065058231354,
    "cen_accuracy": 0.473375
  },
  "61": {
    "cen_loss": 1.5853842384815215,
    "cen_accuracy": 0.5265
  },
  "62": {
    "cen_loss": 1.8210124957561493,
    "cen_accuracy": 0.46325
  },
  "63": {
    "cen_loss": 1.4863168119192123,
    "cen_accuracy": 0.484875
  },
  "64": {
    "cen_loss": 2.27244175696373,
    "cen_accuracy": 0.39225
  },
  "65": {
    "cen_loss": 1.3767163280248642,
    "cen_accuracy": 0.551625
  },
  "66": {
    "cen_loss": 1.3278813587427138,
    "cen_accuracy": 0.581
  },
  "67": {
    "cen_loss": 2.146579325199127,
    "cen_accuracy": 0.48025
  },
  "68": {
    "cen_loss": 2.6789190678596495,
    "cen_accuracy": 0.421875
  },
  "69": {
    "cen_loss": 2.845979138851166,
    "cen_accuracy": 0.392875
  },
  "70": {
    "cen_loss": 3.37168239569664,
    "cen_accuracy": 0.379125
  },
  "71": {
    "cen_loss": 2.2074391722679136,
    "cen_accuracy": 0.4185
  },
  "72": {
    "cen_loss": 2.718985830783844,
    "cen_accuracy": 0.375125
  },
  "73": {
    "cen_loss": 1.688223475933075,
    "cen_accuracy": 0.4605
  },
  "74": {
    "cen_loss": 1.5096280393600463,
    "cen_accuracy": 0.4875
  },
  "75": {
    "cen_loss": 2.145351030111313,
    "cen_accuracy": 0.39575
  },
  "76": {
    "cen_loss": 1.7450051312446595,
    "cen_accuracy": 0.45975
  },
  "77": {
    "cen_loss": 1.3030670830607414,
    "cen_accuracy": 0.553125
  },
  "78": {
    "cen_loss": 1.647678314179182,
    "cen_accuracy": 0.530625
  },
  "79": {
    "cen_loss": 2.0535973107814787,
    "cen_accuracy": 0.422625
  },
  "80": {
    "cen_loss": 2.4281604956388474,
    "cen_accuracy": 0.399125
  },
  "81": {
    "cen_loss": 1.939957776904106,
    "cen_accuracy": 0.458375
  },
  "82": {
    "cen_loss": 1.8203189274072646,
    "cen_accuracy": 0.37825
  },
  "83": {
    "cen_loss": 2.3034139404296874,
    "cen_accuracy": 0.43475
  },
  "84": {
    "cen_loss": 1.3598187493681908,
    "cen_accuracy": 0.559
  },
  "85": {
    "cen_loss": 2.0183209787011145,
    "cen_accuracy": 0.47975
  },
  "86": {
    "cen_loss": 1.467100326895714,
    "cen_accuracy": 0.5345
  },
  "87": {
    "cen_loss": 2.4511554651260377,
    "cen_accuracy": 0.35475
  },
  "88": {
    "cen_loss": 1.472903251439333,
    "cen_accuracy": 0.530125
  },
  "89": {
    "cen_loss": 1.7401365072727204,
    "cen_accuracy": 0.482875
  },
  "90": {
    "cen_loss": 1.8612971625328063,
    "cen_accuracy": 0.45525
  },
  "91": {
    "cen_loss": 1.535347813308239,
    "cen_accuracy": 0.554
  },
  "92": {
    "cen_loss": 1.3791933901906013,
    "cen_accuracy": 0.572375
  },
  "93": {
    "cen_loss": 1.655393021285534,
    "cen_accuracy": 0.556875
  },
  "94": {
    "cen_loss": 2.05223531126976,
    "cen_accuracy": 0.531
  },
  "95": {
    "cen_loss": 2.0715472757816316,
    "cen_accuracy": 0.471875
  },
  "96": {
    "cen_loss": 1.16281929063797,
    "cen_accuracy": 0.5935
  },
  "97": {
    "cen_loss": 1.0862534303665161,
    "cen_accuracy": 0.621125
  },
  "98": {
    "cen_loss": 1.4417343707084656,
    "cen_accuracy": 0.546375
  },
  "99": {
    "cen_loss": 1.617575157880783,
    "cen_accuracy": 0.551375
  },
  "100": {
    "cen_loss": 3.8475278933048247,
    "cen_accuracy": 0.32725
  },
  "101": {
    "cen_loss": 1.5715600680112838,