{
  "0": {
    "cen_loss": 2.3041886672973635,
    "cen_accuracy": 0.083375
  },
  "1": {
    "cen_loss": 2.3041886672973635,
    "cen_accuracy": 0.083375
  },
  "2": {
    "cen_loss": 2.327810572385788,
    "cen_accuracy": 0.12425
  },
  "3": {
    "cen_loss": 2.235779169559479,
    "cen_accuracy": 0.144125
  },
  "4": {
    "cen_loss": 2.993278303384781,
    "cen_accuracy": 0.163875
  },
  "5": {
    "cen_loss": 2.0267927029132844,
    "cen_accuracy": 0.245125
  },
  "6": {
    "cen_loss": 2.2450629189014433,
    "cen_accuracy": 0.28775
  },
  "7": {
    "cen_loss": 2.6718054347038267,
    "cen_accuracy": 0.194125
  },
  "8": {
    "cen_loss": 2.0019457054138186,
    "cen_accuracy": 0.3285
  },
  "9": {
    "cen_loss": 2.2228277633190157,
    "cen_accuracy": 0.311
  },
  "10": {
    "cen_loss": 2.2157872207164764,
    "cen_accuracy": 0.31175
  },
  "11": {
    "cen_loss": 2.655858159542084,
    "cen_accuracy": 0.2655
  },
  "12": {
    "cen_loss": 2.5750110931396484,
    "cen_accuracy": 0.276875
  },
  "13": {
    "cen_loss": 2.05260085940361,
    "cen_accuracy": 0.350125
  },
  "14": {
    "cen_loss": 2.5814343316555024,
    "cen_accuracy": 0.274125
  },
  "15": {
    "cen_loss": 2.2313909294605256,
    "cen_accuracy": 0.34625
  },
  "16": {
    "cen_loss": 1.9541908053159713,
    "cen_accuracy": 0.372875
  },
  "17": {
    "cen_loss": 2.4061271312236787,
    "cen_accuracy": 0.314625
  },
  "18": {
    "cen_loss": 2.243002787232399,
    "cen_accuracy": 0.376875
  },
  "19": {
    "cen_loss": 2.4325743527412413,
    "cen_accuracy": 0.301375
  },
  "20": {
    "cen_loss": 2.4325744128227234,
    "cen_accuracy": 0.301375
  },
  "21": {
    "cen_loss": 2.150907218694687,
    "cen_accuracy": 0.341375
  },
  "22": {
    "cen_loss": 2.0474081008434295,
    "cen_accuracy": 0.385
  },
  "23": {
    "cen_loss": 2.0837897888422012,
    "cen_accuracy": 0.38525
  },
  "24": {
    "cen_loss": 1.7407522851228714,
    "cen_accuracy": 0.435875
  },
  "25": {
    "cen_loss": 1.8543867839574815,
    "cen_accuracy": 0.421375
  },
  "26": {
    "cen_loss": 1.7227129533290864,
    "cen_accuracy": 0.447375
  },
  "27": {
    "cen_loss": 2.4781559380292895,
    "cen_accuracy": 0.316
  },
  "28": {
    "cen_loss": 3.0023904876708984,
    "cen_accuracy": 0.309
  },
  "29": {
    "cen_loss": 2.1366145815849302,
    "cen_accuracy": 0.38275
  },
  "30": {
    "cen_loss": 2.1366147780418396,
    "cen_accuracy": 0.38275
  },
  "31": {
    "cen_loss": 2.172781886100769,
    "cen_accuracy": 0.37375
  },
  "32": {
    "cen_loss": 2.015893692970276,
    "cen_accuracy": 0.41075
  },
  "33": {
    "cen_loss": 2.0083150666952134,
    "cen_accuracy": 0.394875
  },
  "34": {
    "cen_loss": 2.17293017578125,
    "cen_accuracy": 0.38025
  },
  "35": {
    "cen_loss": 2.2229881429672242,
    "cen_accuracy": 0.37425
  },
  "36": {
    "cen_loss": 2.5485499637126923,
    "cen_accuracy": 0.347875
  },
  "37": {
    "cen_loss": 2.1694381754398346,
    "cen_accuracy": 0.37025
  },
  "38": {
    "cen_loss": 1.9025662685632705,
    "cen_accuracy": 0.435
  },
  "39": {
    "cen_loss": 1.9675904610157013,
    "cen_accuracy": 0.42925
  },
  "40": {
    "cen_loss": 1.9675905531644822,
    "cen_accuracy": 0.42925
  },
  "41": {
    "cen_loss": 1.923765474319458,
    "cen_accuracy": 0.442375
  },
  "42": {
    "cen_loss": 1.774108985185623,
    "cen_accuracy": 0.450375
  },
  "43": {
    "cen_loss": 2.3761365690231324,
    "cen_accuracy": 0.387
  },
  "44": {
    "cen_loss": 2.2307362377643587,
    "cen_accuracy": 0.393125
  },
  "45": {
    "cen_loss": 2.0225488471984865,
    "cen_accuracy": 0.390375
  },
  "46": {
    "cen_loss": 2.806538158416748,
    "cen_accuracy": 0.350125
  },
  "47": {
    "cen_loss": 2.169656955242157,
    "cen_accuracy": 0.379125
  },
  "48": {
    "cen_loss": 2.8355861990451814,
    "cen_accuracy": 0.305125
  },
  "49": {
    "cen_loss": 2.511926909804344,
    "cen_accuracy": 0.34875
  },
  "50": {
    "cen_loss": 2.5119264682531357,
    "cen_accuracy": 0.34875
  },
  "51": {
    "cen_loss": 2.084804631948471,
    "cen_accuracy": 0.388625
  },
  "52": {
    "cen_loss": 2.209780248403549,
    "cen_accuracy": 0.378125
  },
  "53": {
    "cen_loss": 2.256861940383911,
    "cen_accuracy": 0.3915
  },
  "54": {
    "cen_loss": 1.9004335188865662,
    "cen_accuracy": 0.420625
  },
  "55": {
    "cen_loss": 2.308650347471237,
    "cen_accuracy": 0.41325
  },
  "56": {
    "cen_loss": 2.1189087703227996,
    "cen_accuracy": 0.409125
  },
  "57": {
    "cen_loss": 2.0626759551763536,
    "cen_accuracy": 0.421
  },
  "58": {
    "cen_loss": 3.3982179260253904,
    "cen_accuracy": 0.2975
  },
  "59": {
    "cen_loss": 2.876651395559311,
    "cen_accuracy": 0.283375
  },
  "60": {
    "cen_loss": 2.8766511490345,
    "cen_accuracy": 0.283375
  },
  "61": {
    "cen_loss": 2.397600046634674,
    "cen_accuracy": 0.38975
  },
  "62": {
    "cen_loss": 2.0660850969552995,
    "cen_accuracy": 0.424125
  },
  "63": {
    "cen_loss": 2.812829641342163,
    "cen_accuracy": 0.364125
  },
  "64": {
    "cen_loss": 1.971549852013588,
    "cen_accuracy": 0.37225
  },
  "65": {
    "cen_loss": 1.8145421307086944,
    "cen_accuracy": 0.419875
  },
  "66": {
    "cen_loss": 2.342236483335495,
    "cen_accuracy": 0.361
  },
  "67": {
    "cen_loss": 1.8585768119096755,
    "cen_accuracy": 0.442
  },
  "68": {
    "cen_loss": 2.1561820389032365,
    "cen_accuracy": 0.408375
  },
  "69": {
    "cen_loss": 2.0490314174890516,
    "cen_accuracy": 0.418125
  },
  "70": {
    "cen_loss": 2.0490315766334533,
    "cen_accuracy": 0.418125
  },
  "71": {
    "cen_loss": 1.9414737808704376,
    "cen_accuracy": 0.428375
  },
  "72": {
    "cen_loss": 2.3535742712020875,
    "cen_accuracy": 0.3715
  },
  "73": {
    "cen_loss": 2.016295189499855,
    "cen_accuracy": 0.42175
  },
  "74": {
    "cen_loss": 2.307237767934799,
    "cen_accuracy": 0.36875
  },
  "75": {
    "cen_loss": 2.494452003121376,
    "cen_accuracy": 0.369375
  },
  "76": {
    "cen_loss": 2.302423651456833,
    "cen_accuracy": 0.385625
  },
  "77": {
    "cen_loss": 3.288616704463959,
    "cen_accuracy": 0.313875
  },
  "78": {
    "cen_loss": 1.8564597125053406,
    "cen_accuracy": 0.45
  },
  "79": {
    "cen_loss": 2.029577328801155,
    "cen_accuracy": 0.439375
  },
  "80": {
    "cen_loss": 2.0295774166584013,
    "cen_accuracy": 0.439375
  },
  "81": {
    "cen_loss": 2.194372196316719,
    "cen_accuracy": 0.407625
  },
  "82": {
    "cen_loss": 1.925023046374321,
    "cen_accuracy": 0.431875
  },
  "83": {
    "cen_loss": 2.5618925700187685,
    "cen_accuracy": 0.3535
  },
  "84": {
    "cen_loss": 2.5598087470531463,
    "cen_accuracy": 0.3495
  },
  "85": {
    "cen_loss": 1.781160756111145,
    "cen_accuracy": 0.44675
  },
  "86": {
    "cen_loss": 2.351626582980156,
    "cen_accuracy": 0.393875
  },
  "87": {
    "cen_loss": 2.2140400561094284,
    "cen_accuracy": 0.39025
  },
  "88": {
    "cen_loss": 2.2242972046136855,
    "cen_accuracy": 0.39075
  },
  "89": {
    "cen_loss": 1.7167556552886962,
    "cen_accuracy": 0.467125
  },
  "90": {
    "cen_loss": 1.7167556458711624,
    "cen_accuracy": 0.467125
  },
  "91": {
    "cen_loss": 2.4605812121629715,
    "cen_accuracy": 0.39125
  },
  "92": {
    "cen_loss": 2.6741031522750855,
    "cen_accuracy": 0.3365
  },
  "93": {
    "cen_loss": 2.219532968878746,
    "cen_accuracy": 0.390625
  },
  "94": {
    "cen_loss": 2.5233193762302397,
    "cen_accuracy": 0.362375
  },
  "95": {
    "cen_loss": 2.225726972579956,
    "cen_accuracy": 0.379625
  },
  "96": {
    "cen_loss": 1.9709325896501542,
    "cen_accuracy": 0.439
  },
  "97": {
    "cen_loss": 2.59943932056427,
    "cen_accuracy": 0.369125
  },
  "98": {
    "cen_loss": 2.021323283076286,
    "cen_accuracy": 0.435
  },
  "99": {
    "cen_loss": 1.8138192344903945,
    "cen_accuracy": 0.44125
  },
  "100": {
    "cen_loss": 1.813819164633751,
    "cen_accuracy": 0.44125
  },
  "101": {
    "cen_loss": 2.0185505089759825,