{
  "0": {
    "cen_loss": 2.3028162007331847,
    "cen_accuracy": 0.1005
  },
  "1": {
    "cen_loss": 2.3028162007331847,
    "cen_accuracy": 0.1005
  },
  "2": {
    "cen_loss": 3.4004001722335815,
    "cen_accuracy": 0.10075
  },
  "3": {
    "cen_loss": 4.155698061943054,
    "cen_accuracy": 0.1005
  },
  "4": {
    "cen_loss": 3.4762808284759523,
    "cen_accuracy": 0.1005
  },
  "5": {
    "cen_loss": 9.360618017196655,
    "cen_accuracy": 0.0995
  },
  "6": {
    "cen_loss": 3.216591687440872,
    "cen_accuracy": 0.14525
  },
  "7": {
    "cen_loss": 2.0332352271080016,
    "cen_accuracy": 0.278875
  },
  "8": {
    "cen_loss": 3.9803409762382507,
    "cen_accuracy": 0.25225
  },
  "9": {
    "cen_loss": 2.6268110840320587,
    "cen_accuracy": 0.264
  },
  "10": {
    "cen_loss": 4.164443933486939,
    "cen_accuracy": 0.199125
  },
  "11": {
    "cen_loss": 2.47096621465683,
    "cen_accuracy": 0.23675
  },
  "12": {
    "cen_loss": 3.3947661328315735,
    "cen_accuracy": 0.191125
  },
  "13": {
    "cen_loss": 3.0904867095947264,
    "cen_accuracy": 0.22475
  },
  "14": {
    "cen_loss": 3.607516496181488,
    "cen_accuracy": 0.296875
  },
  "15": {
    "cen_loss": 1.7438437869548797,
    "cen_accuracy": 0.363
  },
  "16": {
    "cen_loss": 3.8702592742443085,
    "cen_accuracy": 0.30925
  },
  "17": {
    "cen_loss": 3.9428069987297056,
    "cen_accuracy": 0.165
  },
  "18": {
    "cen_loss": 1.765698919773102,
    "cen_accuracy": 0.37775
  },
  "19": {
    "cen_loss": 2.0268002529144287,
    "cen_accuracy": 0.341625
  },
  "20": {
    "cen_loss": 2.2111998385190965,
    "cen_accuracy": 0.32925
  },
  "21": {
    "cen_loss": 2.154882616519928,
    "cen_accuracy": 0.379625
  },
  "22": {
    "cen_loss": 3.7435771503448487,
    "cen_accuracy": 0.209125
  },
  "23": {
    "cen_loss": 2.5094319529533387,
    "cen_accuracy": 0.309125
  },
  "24": {
    "cen_loss": 3.055408484220505,
    "cen_accuracy": 0.33525
  },
  "25": {
    "cen_loss": 3.7705289118289946,
    "cen_accuracy": 0.256375
  },
  "26": {
    "cen_loss": 2.4267381217479707,
    "cen_accuracy": 0.28825
  },
  "27": {
    "cen_loss": 1.822502724647522,
    "cen_accuracy": 0.463375
  },
  "28": {
    "cen_loss": 2.6866823476552963,
    "cen_accuracy": 0.33425
  },
  "29": {
    "cen_loss": 1.7033720285892486,
    "cen_accuracy": 0.428125
  },
  "30": {
    "cen_loss": 2.2214685702323913,
    "cen_accuracy": 0.3775
  },
  "31": {
    "cen_loss": 2.067117762207985,
    "cen_accuracy": 0.414125
  },
  "32": {
    "cen_loss": 2.2815102916955947,
    "cen_accuracy": 0.384125
  },
  "33": {
    "cen_loss": 2.3535303595066073,
    "cen_accuracy": 0.327625
  },
  "34": {
    "cen_loss": 1.8386317847967149,
    "cen_accuracy": 0.415875
  },
  "35": {
    "cen_loss": 3.0204430146217347,
    "cen_accuracy": 0.342625
  },
  "36": {
    "cen_loss": 2.406628750562668,
    "cen_accuracy": 0.35875
  },
  "37": {
    "cen_loss": 3.5988461372852325,
    "cen_accuracy": 0.2815
  },
  "38": {
    "cen_loss": 1.8805753254890443,
    "cen_accuracy": 0.41475
  },
  "39": {
    "cen_loss": 2.355952201843262,
    "cen_accuracy": 0.36225
  },
  "40": {
    "cen_loss": 2.063875406384468,
    "cen_accuracy": 0.404375
  },
  "41": {
    "cen_loss": 1.8005269012451173,
    "cen_accuracy": 0.438375
  },
  "42": {
    "cen_loss": 2.7327496769428254,
    "cen_accuracy": 0.368625
  },
  "43": {
    "cen_loss": 1.8899251208305359,
    "cen_accuracy": 0.463375
  },
  "44": {
    "cen_loss": 2.307012354135513,
    "cen_accuracy": 0.351375
  },
  "45": {
    "cen_loss": 2.6396119577884676,
    "cen_accuracy": 0.31025
  },
  "46": {
    "cen_loss": 2.084999250769615,
    "cen_accuracy": 0.415875
  },
  "47": {
    "cen_loss": 2.480719499588013,
    "cen_accuracy": 0.370875
  },
  "48": {
    "cen_loss": 2.026877861261368,
    "cen_accuracy": 0.371625
  },
  "49": {
    "cen_loss": 2.9205933554172514,
    "cen_accuracy": 0.3005
  },
  "50": {
    "cen_loss": 3.857594718694687,
    "cen_accuracy": 0.24025
  },
  "51": {
    "cen_loss": 2.0167162833213808,
    "cen_accuracy": 0.44175
  },
  "52": {
    "cen_loss": 1.8073126343488692,
    "cen_accuracy": 0.44175
  },
  "53": {
    "cen_loss": 2.131570810317993,
    "cen_accuracy": 0.44575
  },
  "54": {
    "cen_loss": 2.1507484805583954,
    "cen_accuracy": 0.417
  },
  "55": {
    "cen_loss": 2.2739385747909546,
    "cen_accuracy": 0.412875
  },
  "56": {
    "cen_loss": 2.2028938829898834,
    "cen_accuracy": 0.48475
  },
  "57": {
    "cen_loss": 2.2948867514133453,
    "cen_accuracy": 0.383875
  },
  "58": {
    "cen_loss": 2.9191832921504974,
    "cen_accuracy": 0.35925
  },
  "59": {
    "cen_loss": 2.6592647337913515,
    "cen_accuracy": 0.31825
  },
  "60": {
    "cen_loss": 2.334751606106758,
    "cen_accuracy": 0.335
  },
  "61": {
    "cen_loss": 1.8329723637104034,
    "cen_accuracy": 0.49
  },
  "62": {
    "cen_loss": 1.536122935295105,
    "cen_accuracy": 0.473375
  },
  "63": {
    "cen_loss": 1.4615722997188567,
    "cen_accuracy": 0.5095
  },
  "64": {
    "cen_loss": 2.2640108625888824,
    "cen_accuracy": 0.421625
  },
  "65": {
    "cen_loss": 2.9975845301151276,
    "cen_accuracy": 0.39825
  },
  "66": {
    "cen_loss": 2.158918974161148,
    "cen_accuracy": 0.398625
  },
  "67": {
    "cen_loss": 1.5176874458789826,
    "cen_accuracy": 0.566125
  },
  "68": {
    "cen_loss": 1.8415437549352647,
    "cen_accuracy": 0.49475
  },
  "69": {
    "cen_loss": 2.4895100370645524,
    "cen_accuracy": 0.363875
  },
  "70": {
    "cen_loss": 3.256284318447113,
    "cen_accuracy": 0.334625
  },
  "71": {
    "cen_loss": 1.7875944594144821,
    "cen_accuracy": 0.5035
  },
  "72": {
    "cen_loss": 2.4209640029668806,
    "cen_accuracy": 0.390875
  },
  "73": {
    "cen_loss": 2.021519292831421,
    "cen_accuracy": 0.46925
  },
  "74": {
    "cen_loss": 1.8189894126653672,
    "cen_accuracy": 0.45475
  },
  "75": {
    "cen_loss": 3.7579918904304503,
    "cen_accuracy": 0.222
  },
  "76": {
    "cen_loss": 2.225940299034119,
    "cen_accuracy": 0.410625
  },
  "77": {
    "cen_loss": 1.5261747152209282,
    "cen_accuracy": 0.55975
  },
  "78": {
    "cen_loss": 2.288430070519447,
    "cen_accuracy": 0.33125
  },
  "79": {
    "cen_loss": 1.470968531012535,
    "cen_accuracy": 0.534375
  },
  "80": {
    "cen_loss": 1.4727403161525727,
    "cen_accuracy": 0.53125
  },
  "81": {
    "cen_loss": 1.1580176844000816,
    "cen_accuracy": 0.603125
  },
  "82": {
    "cen_loss": 2.2510639761686324,
    "cen_accuracy": 0.3905
  },
  "83": {
    "cen_loss": 1.9411010648012161,
    "cen_accuracy": 0.40625
  },
  "84": {
    "cen_loss": 1.1624864913225175,
    "cen_accuracy": 0.59175
  },
  "85": {
    "cen_loss": 1.8687197835445404,
    "cen_accuracy": 0.46775
  },
  "86": {
    "cen_loss": 1.3001912333965302,
    "cen_accuracy": 0.585
  },
  "87": {
    "cen_loss": 1.3474511313438415,
    "cen_accuracy": 0.546
  },
  "88": {
    "cen_loss": 1.9797652575969695,
    "cen_accuracy": 0.444
  },
  "89": {
    "cen_loss": 2.358642548799515,
    "cen_accuracy": 0.42675
  },
  "90": {
    "cen_loss": 2.9386656708717345,
    "cen_accuracy": 0.39075
  },
  "91": {
    "cen_loss": 1.4352724977731706,
    "cen_accuracy": 0.554625
  },
  "92": {
    "cen_loss": 1.5288426510095596,
    "cen_accuracy": 0.56725
  },
  "93": {
    "cen_loss": 1.906241944670677,
    "cen_accuracy": 0.444
  },
  "94": {
    "cen_loss": 1.3444779528975486,
    "cen_accuracy": 0.577625
  },
  "95": {
    "cen_loss": 2.2291128709316252,
    "cen_accuracy": 0.42425
  },
  "96": {
    "cen_loss": 3.2461209843158723,
    "cen_accuracy": 0.32275
  },
  "97": {
    "cen_loss": 1.8856518228054047,
    "cen_accuracy": 0.47925
  },
  "98": {
    "cen_loss": 1.8087116032838821,
    "cen_accuracy": 0.4635
  },
  "99": {
    "cen_loss": 2.086749520659447,
    "cen_accuracy": 0.456375
  },
  "100": {
    "cen_loss": 4.738227659225464,
    "cen_accuracy": 0.281625
  },
  "101": {
    "cen_loss": 1.503741822719574,