{
  "0": {
    "cen_loss": 2.3028161997795107,
    "cen_accuracy": 0.1005
  },
  "1": {
    "cen_loss": 2.3028161997795107,
    "cen_accuracy": 0.1005
  },
  "2": {
    "cen_loss": 2.456117308139801,
    "cen_accuracy": 0.1005
  },
  "3": {
    "cen_loss": 3.2500647611618043,
    "cen_accuracy": 0.1005
  },
  "4": {
    "cen_loss": 3.2618316464424133,
    "cen_accuracy": 0.1005
  },
  "5": {
    "cen_loss": 2.6682635300159454,
    "cen_accuracy": 0.11075
  },
  "6": {
    "cen_loss": 2.9878390774726866,
    "cen_accuracy": 0.111375
  },
  "7": {
    "cen_loss": 5.7507532954216005,
    "cen_accuracy": 0.100625
  },
  "8": {
    "cen_loss": 3.2076832876205446,
    "cen_accuracy": 0.1215
  },
  "9": {
    "cen_loss": 2.247676508665085,
    "cen_accuracy": 0.267125
  },
  "10": {
    "cen_loss": 2.9376447253227234,
    "cen_accuracy": 0.2525
  },
  "11": {
    "cen_loss": 2.899645426988602,
    "cen_accuracy": 0.205
  },
  "12": {
    "cen_loss": 1.979410952568054,
    "cen_accuracy": 0.315375
  },
  "13": {
    "cen_loss": 2.389290432214737,
    "cen_accuracy": 0.269625
  },
  "14": {
    "cen_loss": 2.040984590768814,
    "cen_accuracy": 0.317125
  },
  "15": {
    "cen_loss": 2.523414362668991,
    "cen_accuracy": 0.264625
  },
  "16": {
    "cen_loss": 2.3551899197101593,
    "cen_accuracy": 0.29925
  },
  "17": {
    "cen_loss": 1.9537740020751952,
    "cen_accuracy": 0.381
  },
  "18": {
    "cen_loss": 2.5072579493522644,
    "cen_accuracy": 0.2845
  },
  "19": {
    "cen_loss": 1.9223626432418823,
    "cen_accuracy": 0.385
  },
  "20": {
    "cen_loss": 3.630970311164856,
    "cen_accuracy": 0.256125
  },
  "21": {
    "cen_loss": 1.949436291217804,
    "cen_accuracy": 0.35175
  },
  "22": {
    "cen_loss": 2.1965046999454496,
    "cen_accuracy": 0.346375
  },
  "23": {
    "cen_loss": 2.0798770685195924,
    "cen_accuracy": 0.37475
  },
  "24": {
    "cen_loss": 1.9248118104934693,
    "cen_accuracy": 0.40225
  },
  "25": {
    "cen_loss": 2.133010020971298,
    "cen_accuracy": 0.392625
  },
  "26": {
    "cen_loss": 1.8325957136154174,
    "cen_accuracy": 0.3855
  },
  "27": {
    "cen_loss": 1.9362782613039016,
    "cen_accuracy": 0.411625
  },
  "28": {
    "cen_loss": 1.8708147814273834,
    "cen_accuracy": 0.416875
  },
  "29": {
    "cen_loss": 2.111824464082718,
    "cen_accuracy": 0.421
  },
  "30": {
    "cen_loss": 2.045498899579048,
    "cen_accuracy": 0.43475
  },
  "31": {
    "cen_loss": 1.7118977873325347,
    "cen_accuracy": 0.43175
  },
  "32": {
    "cen_loss": 1.835175562620163,
    "cen_accuracy": 0.450125
  },
  "33": {
    "cen_loss": 1.6722741585969925,
    "cen_accuracy": 0.487125
  },
  "34": {
    "cen_loss": 2.2339852298498153,
    "cen_accuracy": 0.413
  },
  "35": {
    "cen_loss": 1.7262879139184952,
    "cen_accuracy": 0.49475
  },
  "36": {
    "cen_loss": 2.0547304030656814,
    "cen_accuracy": 0.389625
  },
  "37": {
    "cen_loss": 1.7186539937257768,
    "cen_accuracy": 0.430375
  },
  "38": {
    "cen_loss": 1.6039620665311813,
    "cen_accuracy": 0.4725
  },
  "39": {
    "cen_loss": 1.7007168402671815,
    "cen_accuracy": 0.47475
  },
  "40": {
    "cen_loss": 2.1147359318733217,
    "cen_accuracy": 0.431875
  },
  "41": {
    "cen_loss": 1.6085912088155747,
    "cen_accuracy": 0.492375
  },
  "42": {
    "cen_loss": 1.668595137834549,
    "cen_accuracy": 0.452875
  },
  "43": {
    "cen_loss": 1.7689789282083512,
    "cen_accuracy": 0.422375
  },
  "44": {
    "cen_loss": 1.8129861346483231,
    "cen_accuracy": 0.46925
  },
  "45": {
    "cen_loss": 1.5967328481674194,
    "cen_accuracy": 0.472
  },
  "46": {
    "cen_loss": 1.6484053082466126,
    "cen_accuracy": 0.49275
  },
  "47": {
    "cen_loss": 1.6700991151332856,
    "cen_accuracy": 0.477
  },
  "48": {
    "cen_loss": 1.4014487634301185,
    "cen_accuracy": 0.533625
  },
  "49": {
    "cen_loss": 1.6711702502965926,
    "cen_accuracy": 0.509375
  },
  "50": {
    "cen_loss": 1.691943342089653,
    "cen_accuracy": 0.50825
  },
  "51": {
    "cen_loss": 1.8771811496019364,
    "cen_accuracy": 0.442625
  },
  "52": {
    "cen_loss": 1.7095393542051316,
    "cen_accuracy": 0.477125
  },
  "53": {
    "cen_loss": 1.7828542481660843,
    "cen_accuracy": 0.456125
  },
  "54": {
    "cen_loss": 1.5344568103551866,
    "cen_accuracy": 0.4845
  },
  "55": {
    "cen_loss": 1.2910276124477387,
    "cen_accuracy": 0.555375
  },
  "56": {
    "cen_loss": 1.3630866429805755,
    "cen_accuracy": 0.543375
  },
  "57": {
    "cen_loss": 1.7616072198152541,
    "cen_accuracy": 0.46125
  },
  "58": {
    "cen_loss": 1.3265713533759118,
    "cen_accuracy": 0.558875
  },
  "59": {
    "cen_loss": 1.3391084098219872,
    "cen_accuracy": 0.5535
  },
  "60": {
    "cen_loss": 1.5967749282717705,
    "cen_accuracy": 0.514125
  },
  "61": {
    "cen_loss": 1.6213963118791581,
    "cen_accuracy": 0.48475
  },
  "62": {
    "cen_loss": 1.4702432655096054,
    "cen_accuracy": 0.51875
  },
  "63": {
    "cen_loss": 1.5006184247732162,
    "cen_accuracy": 0.51125
  },
  "64": {
    "cen_loss": 1.3222312415838242,
    "cen_accuracy": 0.5545
  },
  "65": {
    "cen_loss": 1.3289262336492538,
    "cen_accuracy": 0.559375
  },
  "66": {
    "cen_loss": 1.3384723914861678,
    "cen_accuracy": 0.553125
  },
  "67": {
    "cen_loss": 1.3780975934863091,
    "cen_accuracy": 0.55275
  },
  "68": {
    "cen_loss": 1.5930444974899292,
    "cen_accuracy": 0.4955
  },
  "69": {
    "cen_loss": 1.5538300999403,
    "cen_accuracy": 0.50925
  },
  "70": {
    "cen_loss": 1.803332233786583,
    "cen_accuracy": 0.468
  },
  "71": {
    "cen_loss": 1.4519191730618477,
    "cen_accuracy": 0.53
  },
  "72": {
    "cen_loss": 1.2966128992438317,
    "cen_accuracy": 0.577
  },
  "73": {
    "cen_loss": 1.36985761988163,
    "cen_accuracy": 0.540875
  },
  "74": {
    "cen_loss": 1.2487842678427696,
    "cen_accuracy": 0.585
  },
  "75": {
    "cen_loss": 1.2808339014053345,
    "cen_accuracy": 0.5765
  },
  "76": {
    "cen_loss": 1.20697289955616,
    "cen_accuracy": 0.598875
  },
  "77": {
    "cen_loss": 1.2610300259590148,
    "cen_accuracy": 0.573625
  },
  "78": {
    "cen_loss": 1.5952993788719176,
    "cen_accuracy": 0.5155
  },
  "79": {
    "cen_loss": 1.2324084817767142,
    "cen_accuracy": 0.588
  },
  "80": {
    "cen_loss": 1.4599994949698447,
    "cen_accuracy": 0.546875
  },
  "81": {
    "cen_loss": 1.2947783831954003,
    "cen_accuracy": 0.569875
  },
  "82": {
    "cen_loss": 1.169631458222866,
    "cen_accuracy": 0.604
  },
  "83": {
    "cen_loss": 1.2377216979265213,
    "cen_accuracy": 0.596375
  },
  "84": {
    "cen_loss": 1.3196189738512039,
    "cen_accuracy": 0.5785
  },
  "85": {
    "cen_loss": 1.483186145544052,
    "cen_accuracy": 0.53675
  },
  "86": {
    "cen_loss": 1.2647431809902192,
    "cen_accuracy": 0.58725
  },
  "87": {
    "cen_loss": 1.2519985233545303,
    "cen_accuracy": 0.580125
  },
  "88": {
    "cen_loss": 1.4635795868635177,
    "cen_accuracy": 0.5455
  },
  "89": {
    "cen_loss": 1.1714388702511787,
    "cen_accuracy": 0.615375
  },
  "90": {
    "cen_loss": 1.2540972359776497,
    "cen_accuracy": 0.602375
  },
  "91": {
    "cen_loss": 1.2347371456623077,
    "cen_accuracy": 0.601875
  },
  "92": {
    "cen_loss": 1.4317056539058686,
    "cen_accuracy": 0.556
  },
  "93": {
    "cen_loss": 1.4745805341601372,
    "cen_accuracy": 0.543125
  },
  "94": {
    "cen_loss": 1.2970060396790504,
    "cen_accuracy": 0.57
  },
  "95": {
    "cen_loss": 1.356815868616104,
    "cen_accuracy": 0.562125
  },
  "96": {
    "cen_loss": 1.1459981962442398,
    "cen_accuracy": 0.6105
  },
  "97": {
    "cen_loss": 1.1967985194921493,
    "cen_accuracy": 0.62175
  },
  "98": {
    "cen_loss": 1.3537329808473586,
    "cen_accuracy": 0.5635
  },
  "99": {
    "cen_loss": 1.0968570414185523,
    "cen_accuracy": 0.63275
  },
  "100": {
    "cen_loss": 1.1944257095456123,
    "cen_accuracy": 0.62175
  },
  "101": {
    "cen_loss": 1.1615815447568894,