{
  "0": {
    "cen_loss": 2.302691418170929,
    "cen_accuracy": 0.101125
  },
  "1": {
    "cen_loss": 2.302691418170929,
    "cen_accuracy": 0.101125
  },
  "2": {
    "cen_loss": 3.025381344795227,
    "cen_accuracy": 0.099625
  },
  "3": {
    "cen_loss": 4.740396114826202,
    "cen_accuracy": 0.0995
  },
  "4": {
    "cen_loss": 5.31361411857605,
    "cen_accuracy": 0.0995
  },
  "5": {
    "cen_loss": 4.921007065296173,
    "cen_accuracy": 0.0995
  },
  "6": {
    "cen_loss": 4.436712167739868,
    "cen_accuracy": 0.099625
  },
  "7": {
    "cen_loss": 4.630278498649597,
    "cen_accuracy": 0.138
  },
  "8": {
    "cen_loss": 4.32178462934494,
    "cen_accuracy": 0.10775
  },
  "9": {
    "cen_loss": 3.510170619010925,
    "cen_accuracy": 0.159375
  },
  "10": {
    "cen_loss": 1.5280474934577941,
    "cen_accuracy": 0.428375
  },
  "11": {
    "cen_loss": 3.063476411342621,
    "cen_accuracy": 0.167625
  },
  "12": {
    "cen_loss": 2.9808716762065885,
    "cen_accuracy": 0.194
  },
  "13": {
    "cen_loss": 2.4562966125011445,
    "cen_accuracy": 0.24625
  },
  "14": {
    "cen_loss": 2.322170749902725,
    "cen_accuracy": 0.277
  },
  "15": {
    "cen_loss": 1.8846025389432908,
    "cen_accuracy": 0.34575
  },
  "16": {
    "cen_loss": 1.8087947514057159,
    "cen_accuracy": 0.393125
  },
  "17": {
    "cen_loss": 1.7671070654392242,
    "cen_accuracy": 0.42
  },
  "18": {
    "cen_loss": 1.7822062811851502,
    "cen_accuracy": 0.414875
  },
  "19": {
    "cen_loss": 1.6017268857955933,
    "cen_accuracy": 0.471
  },
  "20": {
    "cen_loss": 1.323056729018688,
    "cen_accuracy": 0.5625
  },
  "21": {
    "cen_loss": 1.6341991724967957,
    "cen_accuracy": 0.472125
  },
  "22": {
    "cen_loss": 1.755203868985176,
    "cen_accuracy": 0.458
  },
  "23": {
    "cen_loss": 1.6013458318710327,
    "cen_accuracy": 0.502125
  },
  "24": {
    "cen_loss": 1.5287997802495956,
    "cen_accuracy": 0.520125
  },
  "25": {
    "cen_loss": 1.5461325976848603,
    "cen_accuracy": 0.529
  },
  "26": {
    "cen_loss": 1.5566814814209937,
    "cen_accuracy": 0.536
  },
  "27": {
    "cen_loss": 1.311343896985054,
    "cen_accuracy": 0.574125
  },
  "28": {
    "cen_loss": 1.431379166841507,
    "cen_accuracy": 0.561375
  },
  "29": {
    "cen_loss": 1.403649141907692,
    "cen_accuracy": 0.56875
  },
  "30": {
    "cen_loss": 1.2117643052339553,
    "cen_accuracy": 0.610375
  },
  "31": {
    "cen_loss": 1.373085536777973,
    "cen_accuracy": 0.58275
  },
  "32": {
    "cen_loss": 1.3654101099967957,
    "cen_accuracy": 0.592125
  },
  "33": {
    "cen_loss": 1.3572510648369789,
    "cen_accuracy": 0.597875
  },
  "34": {
    "cen_loss": 1.2867307740449905,
    "cen_accuracy": 0.60225
  },
  "35": {
    "cen_loss": 1.263997686803341,
    "cen_accuracy": 0.610125
  },
  "36": {
    "cen_loss": 1.2648502546548843,
    "cen_accuracy": 0.616875
  },
  "37": {
    "cen_loss": 1.4624196858406067,
    "cen_accuracy": 0.582625
  },
  "38": {
    "cen_loss": 1.2327125942111015,
    "cen_accuracy": 0.625875
  },
  "39": {
    "cen_loss": 1.1721835204958915,
    "cen_accuracy": 0.639625
  },
  "40": {
    "cen_loss": 1.1572651251852513,
    "cen_accuracy": 0.645
  },
  "41": {
    "cen_loss": 1.1346286618709565,
    "cen_accuracy": 0.6445
  },
  "42": {
    "cen_loss": 1.1603352508246898,
    "cen_accuracy": 0.649
  },
  "43": {
    "cen_loss": 1.274293227493763,
    "cen_accuracy": 0.62975
  },
  "44": {
    "cen_loss": 1.147169429898262,
    "cen_accuracy": 0.65075
  },
  "45": {
    "cen_loss": 1.1151032777428627,
    "cen_accuracy": 0.65975
  },
  "46": {
    "cen_loss": 1.187276454925537,
    "cen_accuracy": 0.642875
  },
  "47": {
    "cen_loss": 1.1318256964981557,
    "cen_accuracy": 0.663875
  },
  "48": {
    "cen_loss": 1.208616112202406,
    "cen_accuracy": 0.6465
  },
  "49": {
    "cen_loss": 1.1173319447934627,
    "cen_accuracy": 0.663375
  },
  "50": {
    "cen_loss": 1.1226094771325588,
    "cen_accuracy": 0.664
  },
  "51": {
    "cen_loss": 1.1210546187758446,
    "cen_accuracy": 0.6705
  },
  "52": {
    "cen_loss": 1.1732942241728306,
    "cen_accuracy": 0.66425
  },
  "53": {
    "cen_loss": 1.140270170867443,
    "cen_accuracy": 0.66225
  },
  "54": {
    "cen_loss": 1.132519243478775,
    "cen_accuracy": 0.675
  },
  "55": {
    "cen_loss": 1.1348118196725845,
    "cen_accuracy": 0.673375
  },
  "56": {
    "cen_loss": 1.023037486344576,
    "cen_accuracy": 0.685875
  },
  "57": {
    "cen_loss": 1.1004003654122352,
    "cen_accuracy": 0.676375
  },
  "58": {
    "cen_loss": 1.1251549235582352,
    "cen_accuracy": 0.67625
  },
  "59": {
    "cen_loss": 1.046292338013649,
    "cen_accuracy": 0.68975
  },
  "60": {
    "cen_loss": 1.0733084105551243,
    "cen_accuracy": 0.690875
  },
  "61": {
    "cen_loss": 1.1292822231948376,
    "cen_accuracy": 0.681875
  },
  "62": {
    "cen_loss": 1.102702845543623,
    "cen_accuracy": 0.680875
  },
  "63": {
    "cen_loss": 1.119258539915085,
    "cen_accuracy": 0.6835
  },
  "64": {
    "cen_loss": 1.221269981354475,
    "cen_accuracy": 0.66425
  },
  "65": {
    "cen_loss": 1.1722643590867519,
    "cen_accuracy": 0.6725
  },
  "66": {
    "cen_loss": 1.1002611202597619,
    "cen_accuracy": 0.687
  },
  "67": {
    "cen_loss": 1.107276337325573,
    "cen_accuracy": 0.681375
  },
  "68": {
    "cen_loss": 1.1620113454461098,
    "cen_accuracy": 0.68025
  },
  "69": {
    "cen_loss": 1.1769661659896373,
    "cen_accuracy": 0.682875
  },
  "70": {
    "cen_loss": 1.15297318482399,
    "cen_accuracy": 0.68675
  },
  "71": {
    "cen_loss": 1.0826068103015423,
    "cen_accuracy": 0.702
  },
  "72": {
    "cen_loss": 1.1222377736568452,
    "cen_accuracy": 0.6905
  },
  "73": {
    "cen_loss": 1.1166216054856777,
    "cen_accuracy": 0.69125
  },
  "74": {
    "cen_loss": 1.1764596238732339,
    "cen_accuracy": 0.679375
  },
  "75": {
    "cen_loss": 1.081460836827755,
    "cen_accuracy": 0.69325
  },
  "76": {
    "cen_loss": 1.1130613825023175,
    "cen_accuracy": 0.69
  },
  "77": {
    "cen_loss": 1.0915476823747159,
    "cen_accuracy": 0.693625
  },
  "78": {
    "cen_loss": 1.1333688152730466,
    "cen_accuracy": 0.6905
  },
  "79": {
    "cen_loss": 1.1655149713456632,
    "cen_accuracy": 0.692
  },
  "80": {
    "cen_loss": 1.139750801861286,
    "cen_accuracy": 0.693375
  },
  "81": {
    "cen_loss": 1.0866590362042188,
    "cen_accuracy": 0.689125
  },
  "82": {
    "cen_loss": 1.0732872955203057,
    "cen_accuracy": 0.702
  },
  "83": {
    "cen_loss": 1.1395408362448216,
    "cen_accuracy": 0.693875
  },
  "84": {
    "cen_loss": 1.1126802304387093,
    "cen_accuracy": 0.69275
  },
  "85": {
    "cen_loss": 1.12100457701087,
    "cen_accuracy": 0.696375
  },
  "86": {
    "cen_loss": 1.0911678839325905,
    "cen_accuracy": 0.696875
  },
  "87": {
    "cen_loss": 1.1409954824447632,
    "cen_accuracy": 0.693625
  },
  "88": {
    "cen_loss": 1.0594662005901336,
    "cen_accuracy": 0.701625
  },
  "89": {
    "cen_loss": 1.0982571575939655,
    "cen_accuracy": 0.696375
  },
  "90": {
    "cen_loss": 1.0877245460450649,
    "cen_accuracy": 0.70375
  },
  "91": {
    "cen_loss": 1.1647141917049886,
    "cen_accuracy": 0.6945
  },
  "92": {
    "cen_loss": 1.0987923748791217,
    "cen_accuracy": 0.692625
  },
  "93": {
    "cen_loss": 1.0725266519337893,
    "cen_accuracy": 0.703125
  },
  "94": {
    "cen_loss": 1.0878350856006145,
    "cen_accuracy": 0.70425
  },
  "95": {
    "cen_loss": 1.1461443520784378,
    "cen_accuracy": 0.694
  },
  "96": {
    "cen_loss": 1.18207011911273,
    "cen_accuracy": 0.69
  },
  "97": {
    "cen_loss": 1.1307178300619125,
    "cen_accuracy": 0.6925
  },
  "98": {
    "cen_loss": 1.1297845974564553,
    "cen_accuracy": 0.6995
  },
  "99": {
    "cen_loss": 1.1755025646090507,
    "cen_accuracy": 0.69425
  },
  "100": {
    "cen_loss": 1.1691859895959495,
    "cen_accuracy": 0.6965
  },
  "101": {
    "cen_loss": 1.061378035992384,
    "cen_accuracy": 0.701
  },