{
  "0": {
    "cen_loss": 2.3028162007331847,
    "cen_accuracy": 0.1005
  },
  "1": {
    "cen_loss": 2.3028162007331847,
    "cen_accuracy": 0.1005
  },
  "2": {
    "cen_loss": 3.1413173928260805,
    "cen_accuracy": 0.0995
  },
  "3": {
    "cen_loss": 4.775218074798584,
    "cen_accuracy": 0.0995
  },
  "4": {
    "cen_loss": 6.05143555021286,
    "cen_accuracy": 0.098875
  },
  "5": {
    "cen_loss": 5.148417445659637,
    "cen_accuracy": 0.098875
  },
  "6": {
    "cen_loss": 4.916912556171417,
    "cen_accuracy": 0.104875
  },
  "7": {
    "cen_loss": 3.533650522708893,
    "cen_accuracy": 0.16425
  },
  "8": {
    "cen_loss": 2.6080292918682098,
    "cen_accuracy": 0.268625
  },
  "9": {
    "cen_loss": 2.2158904258012773,
    "cen_accuracy": 0.32
  },
  "10": {
    "cen_loss": 1.6101359521150589,
    "cen_accuracy": 0.480875
  },
  "11": {
    "cen_loss": 1.9372632315158844,
    "cen_accuracy": 0.387375
  },
  "12": {
    "cen_loss": 1.68821682035923,
    "cen_accuracy": 0.4385
  },
  "13": {
    "cen_loss": 1.5575979055166245,
    "cen_accuracy": 0.502125
  },
  "14": {
    "cen_loss": 1.6265064063072205,
    "cen_accuracy": 0.47625
  },
  "15": {
    "cen_loss": 1.781795015990734,
    "cen_accuracy": 0.4715
  },
  "16": {
    "cen_loss": 2.0075636261701586,
    "cen_accuracy": 0.44
  },
  "17": {
    "cen_loss": 2.088533304095268,
    "cen_accuracy": 0.43925
  },
  "18": {
    "cen_loss": 2.10600110411644,
    "cen_accuracy": 0.45775
  },
  "19": {
    "cen_loss": 2.4853743269443513,
    "cen_accuracy": 0.426125
  },
  "20": {
    "cen_loss": 2.753599286556244,
    "cen_accuracy": 0.425
  },
  "21": {
    "cen_loss": 1.4762960730195045,
    "cen_accuracy": 0.547
  },
  "22": {
    "cen_loss": 1.3468682454824448,
    "cen_accuracy": 0.584375
  },
  "23": {
    "cen_loss": 1.5964778813123703,
    "cen_accuracy": 0.549125
  },
  "24": {
    "cen_loss": 1.9992037546038628,
    "cen_accuracy": 0.490125
  },
  "25": {
    "cen_loss": 1.4564659373164177,
    "cen_accuracy": 0.576625
  },
  "26": {
    "cen_loss": 2.6424638229608535,
    "cen_accuracy": 0.46475
  },
  "27": {
    "cen_loss": 1.6644042788147926,
    "cen_accuracy": 0.5205
  },
  "28": {
    "cen_loss": 1.5577966629862785,
    "cen_accuracy": 0.56275
  },
  "29": {
    "cen_loss": 2.3034467331171036,
    "cen_accuracy": 0.4905
  },
  "30": {
    "cen_loss": 3.1716991720199585,
    "cen_accuracy": 0.434125
  },
  "31": {
    "cen_loss": 1.4570605314970015,
    "cen_accuracy": 0.577
  },
  "32": {
    "cen_loss": 1.4147466795444488,
    "cen_accuracy": 0.587125
  },
  "33": {
    "cen_loss": 1.879504428446293,
    "cen_accuracy": 0.53225
  },
  "34": {
    "cen_loss": 1.4161422095000744,
    "cen_accuracy": 0.605125
  },
  "35": {
    "cen_loss": 1.9450134831666945,
    "cen_accuracy": 0.543125
  },
  "36": {
    "cen_loss": 1.3161795966625214,
    "cen_accuracy": 0.596
  },
  "37": {
    "cen_loss": 1.5171125257015228,
    "cen_accuracy": 0.59075
  },
  "38": {
    "cen_loss": 1.4753054984211922,
    "cen_accuracy": 0.60675
  },
  "39": {
    "cen_loss": 1.636355558514595,
    "cen_accuracy": 0.553625
  },
  "40": {
    "cen_loss": 1.9800625990629197,
    "cen_accuracy": 0.527125
  },
  "41": {
    "cen_loss": 1.533044569849968,
    "cen_accuracy": 0.584625
  },
  "42": {
    "cen_loss": 1.2426958508193493,
    "cen_accuracy": 0.628125
  },
  "43": {
    "cen_loss": 1.1646629546880722,
    "cen_accuracy": 0.64575
  },
  "44": {
    "cen_loss": 1.2826547214090824,
    "cen_accuracy": 0.632875
  },
  "45": {
    "cen_loss": 1.3787018603682517,
    "cen_accuracy": 0.62425
  },
  "46": {
    "cen_loss": 1.6521077906191348,
    "cen_accuracy": 0.59825
  },
  "47": {
    "cen_loss": 1.3458872060775757,
    "cen_accuracy": 0.601
  },
  "48": {
    "cen_loss": 1.3668601143956185,
    "cen_accuracy": 0.594375
  },
  "49": {
    "cen_loss": 1.4524237575531005,
    "cen_accuracy": 0.6225
  },
  "50": {
    "cen_loss": 1.4962477642595768,
    "cen_accuracy": 0.619875
  },
  "51": {
    "cen_loss": 1.3185302466750144,
    "cen_accuracy": 0.642875
  },
  "52": {
    "cen_loss": 1.2106582716703416,
    "cen_accuracy": 0.64575
  },
  "53": {
    "cen_loss": 1.1521944672167301,
    "cen_accuracy": 0.648625
  },
  "54": {
    "cen_loss": 1.2553494978547097,
    "cen_accuracy": 0.65325
  },
  "55": {
    "cen_loss": 1.352876444607973,
    "cen_accuracy": 0.641875
  },
  "56": {
    "cen_loss": 1.274706449687481,
    "cen_accuracy": 0.6445
  },
  "57": {
    "cen_loss": 1.301608047157526,
    "cen_accuracy": 0.628375
  },
  "58": {
    "cen_loss": 1.1470713810920716,
    "cen_accuracy": 0.671625
  },
  "59": {
    "cen_loss": 1.357152138441801,
    "cen_accuracy": 0.61025
  },
  "60": {
    "cen_loss": 1.78829018086195,
    "cen_accuracy": 0.5475
  },
  "61": {
    "cen_loss": 1.1138726108670234,
    "cen_accuracy": 0.659
  },
  "62": {
    "cen_loss": 1.1489336532354355,
    "cen_accuracy": 0.662375
  },
  "63": {
    "cen_loss": 1.2642768685221673,
    "cen_accuracy": 0.6585
  },
  "64": {
    "cen_loss": 1.0851713770627975,
    "cen_accuracy": 0.6775
  },
  "65": {
    "cen_loss": 1.0016965382099152,
    "cen_accuracy": 0.692875
  },
  "66": {
    "cen_loss": 1.1025686974227429,
    "cen_accuracy": 0.67675
  },
  "67": {
    "cen_loss": 1.012775689780712,
    "cen_accuracy": 0.694125
  },
  "68": {
    "cen_loss": 1.1744855818748474,
    "cen_accuracy": 0.661125
  },
  "69": {
    "cen_loss": 1.2276020954847335,
    "cen_accuracy": 0.655125
  },
  "70": {
    "cen_loss": 1.4566312305927276,
    "cen_accuracy": 0.606625
  },
  "71": {
    "cen_loss": 1.2514068630337716,
    "cen_accuracy": 0.64125
  },
  "72": {
    "cen_loss": 1.0946938585042953,
    "cen_accuracy": 0.67975
  },
  "73": {
    "cen_loss": 1.0380578469038009,
    "cen_accuracy": 0.70525
  },
  "74": {
    "cen_loss": 0.9643778702020646,
    "cen_accuracy": 0.69525
  },
  "75": {
    "cen_loss": 1.044063245356083,
    "cen_accuracy": 0.698125
  },
  "76": {
    "cen_loss": 0.9716713125109673,
    "cen_accuracy": 0.7125
  },
  "77": {
    "cen_loss": 1.1099757087230682,
    "cen_accuracy": 0.680875
  },
  "78": {
    "cen_loss": 1.1916289803385736,
    "cen_accuracy": 0.670125
  },
  "79": {
    "cen_loss": 1.0369796980023385,
    "cen_accuracy": 0.7015
  },
  "80": {
    "cen_loss": 1.0761378811597824,
    "cen_accuracy": 0.6975
  },
  "81": {
    "cen_loss": 0.9644608273506164,
    "cen_accuracy": 0.7115
  },
  "82": {
    "cen_loss": 1.101083169400692,
    "cen_accuracy": 0.69375
  },
  "83": {
    "cen_loss": 0.9291899570822716,
    "cen_accuracy": 0.713875
  },
  "84": {
    "cen_loss": 0.9492479216456413,
    "cen_accuracy": 0.705875
  },
  "85": {
    "cen_loss": 1.0555920013785363,
    "cen_accuracy": 0.689
  },
  "86": {
    "cen_loss": 1.177879582285881,
    "cen_accuracy": 0.655
  },
  "87": {
    "cen_loss": 0.9937079853415489,
    "cen_accuracy": 0.70825
  },
  "88": {
    "cen_loss": 1.0486014476418495,
    "cen_accuracy": 0.695375
  },
  "89": {
    "cen_loss": 1.098965837135911,
    "cen_accuracy": 0.699125
  },
  "90": {
    "cen_loss": 1.1712656266838313,
    "cen_accuracy": 0.68825
  },
  "91": {
    "cen_loss": 0.9041140875816345,
    "cen_accuracy": 0.725125
  },
  "92": {
    "cen_loss": 0.9707480250895023,
    "cen_accuracy": 0.712125
  },
  "93": {
    "cen_loss": 0.9343201477229596,
    "cen_accuracy": 0.721375
  },
  "94": {
    "cen_loss": 1.0672922744899989,
    "cen_accuracy": 0.710625
  },
  "95": {
    "cen_loss": 1.0584315240383149,
    "cen_accuracy": 0.706375
  },
  "96": {
    "cen_loss": 0.9977534581422806,
    "cen_accuracy": 0.716875
  },
  "97": {
    "cen_loss": 1.0014891779720783,
    "cen_accuracy": 0.6995
  },
  "98": {
    "cen_loss": 1.1077489193677903,
    "cen_accuracy": 0.687875
  },
  "99": {
    "cen_loss": 0.9923625016212463,
    "cen_accuracy": 0.7
  },
  "100": {
    "cen_loss": 1.1554434939920901,
    "cen_accuracy": 0.671875
  },
  "101": {
    "cen_loss": 0.9684803820550442,