{
  "0": {
    "cen_loss": 2.3028095273971556,
    "cen_accuracy": 0.10075
  },
  "1": {
    "cen_loss": 2.3028095273971556,
    "cen_accuracy": 0.10075
  },
  "2": {
    "cen_loss": 2.924133538722992,
    "cen_accuracy": 0.10075
  },
  "3": {
    "cen_loss": 4.718302171230317,
    "cen_accuracy": 0.098625
  },
  "4": {
    "cen_loss": 3.9433812923431395,
    "cen_accuracy": 0.10125
  },
  "5": {
    "cen_loss": 3.07519074177742,
    "cen_accuracy": 0.191875
  },
  "6": {
    "cen_loss": 2.9744151682853697,
    "cen_accuracy": 0.147
  },
  "7": {
    "cen_loss": 2.569785232782364,
    "cen_accuracy": 0.26425
  },
  "8": {
    "cen_loss": 3.1453684961795805,
    "cen_accuracy": 0.30975
  },
  "9": {
    "cen_loss": 2.351128237247467,
    "cen_accuracy": 0.324375
  },
  "10": {
    "cen_loss": 2.1372288633584975,
    "cen_accuracy": 0.367125
  },
  "11": {
    "cen_loss": 3.0274591801166535,
    "cen_accuracy": 0.326625
  },
  "12": {
    "cen_loss": 3.2612644062042238,
    "cen_accuracy": 0.268125
  },
  "13": {
    "cen_loss": 2.595269159078598,
    "cen_accuracy": 0.28275
  },
  "14": {
    "cen_loss": 2.1919407050609587,
    "cen_accuracy": 0.336375
  },
  "15": {
    "cen_loss": 3.3797274107933046,
    "cen_accuracy": 0.300625
  },
  "16": {
    "cen_loss": 2.245150653719902,
    "cen_accuracy": 0.410125
  },
  "17": {
    "cen_loss": 2.506246733546257,
    "cen_accuracy": 0.36325
  },
  "18": {
    "cen_loss": 2.3056652317047117,
    "cen_accuracy": 0.40725
  },
  "19": {
    "cen_loss": 2.5205792951583863,
    "cen_accuracy": 0.394125
  },
  "20": {
    "cen_loss": 1.8945572235584258,
    "cen_accuracy": 0.511
  },
  "21": {
    "cen_loss": 2.2668126457631588,
    "cen_accuracy": 0.416625
  },
  "22": {
    "cen_loss": 2.019639872431755,
    "cen_accuracy": 0.456875
  },
  "23": {
    "cen_loss": 2.133050149410963,
    "cen_accuracy": 0.4655
  },
  "24": {
    "cen_loss": 2.0799871376752854,
    "cen_accuracy": 0.4475
  },
  "25": {
    "cen_loss": 1.7605191609859467,
    "cen_accuracy": 0.4945
  },
  "26": {
    "cen_loss": 2.296349642395973,
    "cen_accuracy": 0.462625
  },
  "27": {
    "cen_loss": 2.0166878949701785,
    "cen_accuracy": 0.509625
  },
  "28": {
    "cen_loss": 1.6944310468435289,
    "cen_accuracy": 0.49875
  },
  "29": {
    "cen_loss": 2.0834711608290672,
    "cen_accuracy": 0.49575
  },
  "30": {
    "cen_loss": 2.142638357460499,
    "cen_accuracy": 0.497125
  },
  "31": {
    "cen_loss": 2.0715825535058974,
    "cen_accuracy": 0.460375
  },
  "32": {
    "cen_loss": 1.681040104985237,
    "cen_accuracy": 0.51175
  },
  "33": {
    "cen_loss": 1.8537068632245064,
    "cen_accuracy": 0.52125
  },
  "34": {
    "cen_loss": 1.813014266192913,
    "cen_accuracy": 0.559625
  },
  "35": {
    "cen_loss": 1.880821936905384,
    "cen_accuracy": 0.497125
  },
  "36": {
    "cen_loss": 2.0027512448430063,
    "cen_accuracy": 0.498875
  },
  "37": {
    "cen_loss": 1.816792966991663,
    "cen_accuracy": 0.533
  },
  "38": {
    "cen_loss": 1.8284292467236518,
    "cen_accuracy": 0.538
  },
  "39": {
    "cen_loss": 2.1425107343792917,
    "cen_accuracy": 0.511
  },
  "40": {
    "cen_loss": 2.239415259063244,
    "cen_accuracy": 0.50425
  },
  "41": {
    "cen_loss": 1.6458043150901795,
    "cen_accuracy": 0.5935
  },
  "42": {
    "cen_loss": 1.8843477954268455,
    "cen_accuracy": 0.519
  },
  "43": {
    "cen_loss": 1.9915329125523566,
    "cen_accuracy": 0.52275
  },
  "44": {
    "cen_loss": 2.2380941279530524,
    "cen_accuracy": 0.5115
  },
  "45": {
    "cen_loss": 1.9120833001136779,
    "cen_accuracy": 0.549
  },
  "46": {
    "cen_loss": 1.7826506128162145,
    "cen_accuracy": 0.545125
  },
  "47": {
    "cen_loss": 1.8543901795744895,
    "cen_accuracy": 0.553375
  },
  "48": {
    "cen_loss": 1.9454409543275832,
    "cen_accuracy": 0.550125
  },
  "49": {
    "cen_loss": 1.8808060604035854,
    "cen_accuracy": 0.543875
  },
  "50": {
    "cen_loss": 1.9115140352249145,
    "cen_accuracy": 0.553625
  },
  "51": {
    "cen_loss": 2.0331107040643692,
    "cen_accuracy": 0.553625
  },
  "52": {
    "cen_loss": 1.9622757267951965,
    "cen_accuracy": 0.540625
  },
  "53": {
    "cen_loss": 1.953854076564312,
    "cen_accuracy": 0.541625
  },
  "54": {
    "cen_loss": 2.187080671310425,
    "cen_accuracy": 0.521375
  },
  "55": {
    "cen_loss": 1.889716367483139,
    "cen_accuracy": 0.571
  },
  "56": {
    "cen_loss": 1.7638689163923265,
    "cen_accuracy": 0.593125
  },
  "57": {
    "cen_loss": 1.6299987295866012,
    "cen_accuracy": 0.545625
  },
  "58": {
    "cen_loss": 2.2049253556132316,
    "cen_accuracy": 0.529375
  },
  "59": {
    "cen_loss": 1.8847626574635505,
    "cen_accuracy": 0.562125
  },
  "60": {
    "cen_loss": 1.8860964955091477,
    "cen_accuracy": 0.569375
  },
  "61": {
    "cen_loss": 1.8879984858632088,
    "cen_accuracy": 0.56325
  },
  "62": {
    "cen_loss": 1.9381491651535034,
    "cen_accuracy": 0.56725
  },
  "63": {
    "cen_loss": 2.041348449409008,
    "cen_accuracy": 0.531125
  },
  "64": {
    "cen_loss": 1.8187707499861718,
    "cen_accuracy": 0.534875
  },
  "65": {
    "cen_loss": 1.7166576127409936,
    "cen_accuracy": 0.593875
  },
  "66": {
    "cen_loss": 1.8052339883446693,
    "cen_accuracy": 0.53125
  },
  "67": {
    "cen_loss": 1.5292758908867836,
    "cen_accuracy": 0.6185
  },
  "68": {
    "cen_loss": 1.6893950980901717,
    "cen_accuracy": 0.58525
  },
  "69": {
    "cen_loss": 1.6568043252229692,
    "cen_accuracy": 0.592375
  },
  "70": {
    "cen_loss": 1.7421158557832241,
    "cen_accuracy": 0.584875
  },
  "71": {
    "cen_loss": 1.5919744241535663,
    "cen_accuracy": 0.604625
  },
  "72": {
    "cen_loss": 1.6210540256202222,
    "cen_accuracy": 0.59125
  },
  "73": {
    "cen_loss": 1.559219932615757,
    "cen_accuracy": 0.617875
  },
  "74": {
    "cen_loss": 1.6637975651025771,
    "cen_accuracy": 0.58525
  },
  "75": {
    "cen_loss": 1.654305367231369,
    "cen_accuracy": 0.592625
  },
  "76": {
    "cen_loss": 1.6190288985669612,
    "cen_accuracy": 0.610625
  },
  "77": {
    "cen_loss": 1.6020854693949222,
    "cen_accuracy": 0.6205
  },
  "78": {
    "cen_loss": 1.6058931761682034,
    "cen_accuracy": 0.612125
  },
  "79": {
    "cen_loss": 1.7785898289084434,
    "cen_accuracy": 0.54925
  },
  "80": {
    "cen_loss": 1.9643766725063323,
    "cen_accuracy": 0.53275
  },
  "81": {
    "cen_loss": 1.7376515356302262,
    "cen_accuracy": 0.589
  },
  "82": {
    "cen_loss": 1.6478448702692985,
    "cen_accuracy": 0.6025
  },
  "83": {
    "cen_loss": 1.2537750575840474,
    "cen_accuracy": 0.628125
  },
  "84": {
    "cen_loss": 1.5516411753296853,
    "cen_accuracy": 0.587
  },
  "85": {
    "cen_loss": 1.566936174750328,
    "cen_accuracy": 0.5835
  },
  "86": {
    "cen_loss": 1.352396121263504,
    "cen_accuracy": 0.586625
  },
  "87": {
    "cen_loss": 1.443975410759449,
    "cen_accuracy": 0.593125
  },
  "88": {
    "cen_loss": 1.4009103684425355,
    "cen_accuracy": 0.60575
  },
  "89": {
    "cen_loss": 1.4464675000309943,
    "cen_accuracy": 0.611375
  },
  "90": {
    "cen_loss": 1.4645788092017173,
    "cen_accuracy": 0.619
  },
  "91": {
    "cen_loss": 1.5393101130127906,
    "cen_accuracy": 0.602875
  },
  "92": {
    "cen_loss": 1.6118405929505826,
    "cen_accuracy": 0.597375
  },
  "93": {
    "cen_loss": 1.6533103615045548,
    "cen_accuracy": 0.5905
  },
  "94": {
    "cen_loss": 1.610733852237463,
    "cen_accuracy": 0.573125
  },
  "95": {
    "cen_loss": 1.667478158712387,
    "cen_accuracy": 0.57025
  },
  "96": {
    "cen_loss": 1.2724816461205481,
    "cen_accuracy": 0.613625
  },
  "97": {
    "cen_loss": 1.6735900315344334,
    "cen_accuracy": 0.58475
  },
  "98": {
    "cen_loss": 1.7200570307374001,
    "cen_accuracy": 0.590625
  },
  "99": {
    "cen_loss": 1.6606736578345298,
    "cen_accuracy": 0.563125
  },
  "100": {
    "cen_loss": 1.7695176622271538,
    "cen_accuracy": 0.5605
  },