{
  "0": {
    "max_battery_mJ": 432000000.0,
    "initial_battery_mJ": 210000000.0,
    "final_battery_mJ": 0.0
  },
  "1": {
    "max_battery_mJ": 432000000.0,
    "initial_battery_mJ": 420000000.0,
    "final_battery_mJ": 174459910.547251
  },
  "2": {
    "max_battery_mJ": 432000000.0,
    "initial_battery_mJ": 210000000.0,
    "final_battery_mJ": 0.0
  },
  "3": {
    "max_battery_mJ": 432000000.0,
    "initial_battery_mJ": 420000000.0,
    "final_battery_mJ": 175291833.82176876
  },
  "4": {
    "max_battery_mJ": 432000000.0,
    "initial_battery_mJ": 210000000.0,
    "final_battery_mJ": 39662688.41676284
  },
  "5": {
    "max_battery_mJ": 432000000.0,
    "initial_battery_mJ": 420000000.0,
    "final_battery_mJ": 248750124.70817503
  },
  "6": {
    "max_battery_mJ": 432000000.0,
    "initial_battery_mJ": 600000000.0,
    "final_battery_mJ": 338737021.1071209
  },
  "7": {
    "max_battery_mJ": 432000000.0,
    "initial_battery_mJ": 210000000.0,
    "final_battery_mJ": 38829300.46129322
  },
  "8": {
    "max_battery_mJ": 432000000.0,
    "initial_battery_mJ": 210000000.0,
    "final_battery_mJ": 95006587.46771307
  },
  "9": {
    "max_battery_mJ": 432000000.0,
    "initial_battery_mJ": 600000000.0,
    "final_battery_mJ": 365768655.5041412
  },
  "10": {
    "max_battery_mJ": 432000000.0,
    "initial_battery_mJ": 210000000.0,
    "final_battery_mJ": 0.0
  },
  "11": {
    "max_battery_mJ": 432000000.0,
    "initial_battery_mJ": 600000000.0,
    "final_battery_mJ": 427351473.54421157
  },
  "12": {
    "max_battery_mJ": 432000000.0,
    "initial_battery_mJ": 600000000.0,
    "final_battery_mJ": 355118044.7671767
  },
  "13": {
    "max_battery_mJ": 432000000.0,
    "initial_battery_mJ": 210000000.0,
    "final_battery_mJ": 0.0
  },
  "14": {
    "max_battery_mJ": 432000000.0,
    "initial_battery_mJ": 420000000.0,
    "final_battery_mJ": 304268315.46952516
  },
  "15": {
    "max_battery_mJ": 432000000.0,
    "initial_battery_mJ": 600000000.0,
    "final_battery_mJ": 465976745.7721632
  },
  "16": {
    "max_battery_mJ": 432000000.0,
    "initial_battery_mJ": 600000000.0,
    "final_battery_mJ": 363182246.805224
  },
  "17": {
    "max_battery_mJ": 432000000.0,
    "initial_battery_mJ": 420000000.0,
    "final_battery_mJ": 186787252.55419958
  },
  "18": {
    "max_battery_mJ": 432000000.0,
    "initial_battery_mJ": 210000000.0,
    "final_battery_mJ": 0.0
  },
  "19": {
    "max_battery_mJ": 432000000.0,
    "initial_battery_mJ": 600000000.0,
    "final_battery_mJ": 486520221.78839874
  },
  "20": {
    "max_battery_mJ": 432000000.0,
    "initial_battery_mJ": 420000000.0,
    "final_battery_mJ": 307903509.9906925
  },
  "21": {
    "max_battery_mJ": 432000000.0,
    "initial_battery_mJ": 210000000.0,
    "final_battery_mJ": 38734957.47157408
  },
  "22": {
    "max_battery_mJ": 432000000.0,
    "initial_battery_mJ": 600000000.0,
    "final_battery_mJ": 428733631.5604631
  },
  "23": {
    "max_battery_mJ": 432000000.0,
    "initial_battery_mJ": 600000000.0,
    "final_battery_mJ": 488568363.7134704
  },
  "24": {
    "max_battery_mJ": 432000000.0,
    "initial_battery_mJ": 210000000.0,
    "final_battery_mJ": 0.0
  },
  "25": {
    "max_battery_mJ": 432000000.0,
    "initial_battery_mJ": 210000000.0,
    "final_battery_mJ": 0.0
  },
  "26": {
    "max_battery_mJ": 432000000.0,
    "initial_battery_mJ": 210000000.0,
    "final_battery_mJ": 91858083.15307254
  },
  "27": {
    "max_battery_mJ": 432000000.0,
    "initial_battery_mJ": 210000000.0,
    "final_battery_mJ": 39803845.02888698
  },
  "28": {
    "max_battery_mJ": 432000000.0,
    "initial_battery_mJ": 210000000.0,
    "final_battery_mJ": 96847906.13087726
  },
  "29": {
    "max_battery_mJ": 432000000.0,
    "initial_battery_mJ": 420000000.0,
    "final_battery_mJ": 305975908.6330291
  },
  "30": {
    "max_battery_mJ": 432000000.0,
    "initial_battery_mJ": 600000000.0,
    "final_battery_mJ": 429213806.43029636
  },
  "31": {
    "max_battery_mJ": 432000000.0,
    "initial_battery_mJ": 600000000.0,
    "final_battery_mJ": 352401224.61548173
  },
  "32": {
    "max_battery_mJ": 432000000.0,
    "initial_battery_mJ": 600000000.0,
    "final_battery_mJ": 478721364.05217355
  },
  "33": {
    "max_battery_mJ": 432000000.0,
    "initial_battery_mJ": 210000000.0,
    "final_battery_mJ": 39733252.69416801
  },
  "34": {
    "max_battery_mJ": 432000000.0,
    "initial_battery_mJ": 600000000.0,
    "final_battery_mJ": 356197079.8561922
  },
  "35": {
    "max_battery_mJ": 432000000.0,
    "initial_battery_mJ": 600000000.0,
    "final_battery_mJ": 429900732.9720187
  },
  "36": {
    "max_battery_mJ": 432000000.0,
    "initial_battery_mJ": 600000000.0,
    "final_battery_mJ": 366883858.2208763
  },
  "37": {
    "max_battery_mJ": 432000000.0,
    "initial_battery_mJ": 210000000.0,
    "final_battery_mJ": 39102956.55420014
  },
  "38": {
    "max_battery_mJ": 432000000.0,
    "initial_battery_mJ": 210000000.0,
    "final_battery_mJ": 0.0
  },
  "39": {
    "max_battery_mJ": 432000000.0,
    "initial_battery_mJ": 420000000.0,
    "final_battery_mJ": 248170605.56322056
  },
  "40": {
    "max_battery_mJ": 432000000.0,
    "initial_battery_mJ": 420000000.0,
    "final_battery_mJ": 306054726.40025955
  },
  "41": {
    "max_battery_mJ": 432000000.0,
    "initial_battery_mJ": 600000000.0,
    "final_battery_mJ": 428771133.63318384
  },
  "42": {
    "max_battery_mJ": 432000000.0,
    "initial_battery_mJ": 420000000.0,
    "final_battery_mJ": 293578087.7544994
  },
  "43": {
    "max_battery_mJ": 432000000.0,
    "initial_battery_mJ": 420000000.0,
    "final_battery_mJ": 176146162.4564552
  },
  "44": {
    "max_battery_mJ": 432000000.0,
    "initial_battery_mJ": 600000000.0,
    "final_battery_mJ": 369788403.78807163
  },
  "45": {
    "max_battery_mJ": 432000000.0,
    "initial_battery_mJ": 210000000.0,
    "final_battery_mJ": 0.0
  },
  "46": {
    "max_battery_mJ": 432000000.0,
    "initial_battery_mJ": 210000000.0,
    "final_battery_mJ": 97087012.49361756
  },
  "47": {
    "max_battery_mJ": 432000000.0,
    "initial_battery_mJ": 600000000.0,
    "final_battery_mJ": 488632418.1289112
  },
  "48": {
    "max_battery_mJ": 432000000.0,
    "initial_battery_mJ": 600000000.0,
    "final_battery_mJ": 368097528.7743329
  },
  "49": {
    "max_battery_mJ": 432000000.0,
    "initial_battery_mJ": 600000000.0,
    "final_battery_mJ": 355994444.6836902
  },
  "50": {
    "max_battery_mJ": 432000000.0,
    "initial_battery_mJ": 420000000.0,
    "final_battery_mJ": 297082964.4326106
  },
  "51": {
    "max_battery_mJ": 432000000.0,
    "initial_battery_mJ": 420000000.0,
    "final_battery_mJ": 305020413.05436724
  },
  "52": {
    "max_battery_mJ": 432000000.0,
    "initial_battery_mJ": 210000000.0,
    "final_battery_mJ": 0.0
  },
  "53": {
    "max_battery_mJ": 432000000.0,
    "initial_battery_mJ": 600000000.0,
    "final_battery_mJ": 486624466.596969
  },
  "54": {
    "max_battery_mJ": 432000000.0,
    "initial_battery_mJ": 600000000.0,
    "final_battery_mJ": 428165814.08313066
  },
  "55": {
    "max_battery_mJ": 432000000.0,
    "initial_battery_mJ": 210000000.0,
    "final_battery_mJ": 0.0
  },
  "56": {
    "max_battery_mJ": 432000000.0,
    "initial_battery_mJ": 210000000.0,
    "final_battery_mJ": 39854183.47400927
  },
  "57": {
    "max_battery_mJ": 432000000.0,
    "initial_battery_mJ": 600000000.0,
    "final_battery_mJ": 485157840.1033758
  },
  "58": {
    "max_battery_mJ": 432000000.0,
    "initial_battery_mJ": 600000000.0,
    "final_battery_mJ": 353655446.9431347
  },
  "59": {
    "max_battery_mJ": 432000000.0,
    "initial_battery_mJ": 210000000.0,
    "final_battery_mJ": 93422495.6446869
  },
  "60": {
    "max_battery_mJ": 432000000.0,
    "initial_battery_mJ": 600000000.0,
    "final_battery_mJ": 369264503.2253442
  },
  "61": {
    "max_battery_mJ": 432000000.0,
    "initial_battery_mJ": 600000000.0,
    "final_battery_mJ": 353686083.0919729
  },