{
  "0": {
    "cen_loss": 2.3028095273971556,
    "cen_accuracy": 0.10075
  },
  "1": {
    "cen_loss": 2.3028095273971556,
    "cen_accuracy": 0.10075
  },
  "2": {
    "cen_loss": 5.713491761684418,
    "cen_accuracy": 0.101125
  },
  "3": {
    "cen_loss": 3.642423674106598,
    "cen_accuracy": 0.098875
  },
  "4": {
    "cen_loss": 6.031402663230896,
    "cen_accuracy": 0.10125
  },
  "5": {
    "cen_loss": 4.883185239315033,
    "cen_accuracy": 0.101375
  },
  "6": {
    "cen_loss": 2.921945051908493,
    "cen_accuracy": 0.172
  },
  "7": {
    "cen_loss": 5.667527234077453,
    "cen_accuracy": 0.103125
  },
  "8": {
    "cen_loss": 2.816271519422531,
    "cen_accuracy": 0.157875
  },
  "9": {
    "cen_loss": 3.664719268321991,
    "cen_accuracy": 0.150875
  },
  "10": {
    "cen_loss": 3.1851656823158265,
    "cen_accuracy": 0.234875
  },
  "11": {
    "cen_loss": 2.367253452539444,
    "cen_accuracy": 0.264625
  },
  "12": {
    "cen_loss": 3.458785469532013,
    "cen_accuracy": 0.19
  },
  "13": {
    "cen_loss": 2.1877900857925416,
    "cen_accuracy": 0.23725
  },
  "14": {
    "cen_loss": 3.3497865347862246,
    "cen_accuracy": 0.189375
  },
  "15": {
    "cen_loss": 3.0175757403373717,
    "cen_accuracy": 0.221875
  },
  "16": {
    "cen_loss": 3.730863778114319,
    "cen_accuracy": 0.176375
  },
  "17": {
    "cen_loss": 2.59398157954216,
    "cen_accuracy": 0.28175
  },
  "18": {
    "cen_loss": 3.3010750613212587,
    "cen_accuracy": 0.251875
  },
  "19": {
    "cen_loss": 2.3151437957286833,
    "cen_accuracy": 0.311375
  },
  "20": {
    "cen_loss": 2.655311909675598,
    "cen_accuracy": 0.303
  },
  "21": {
    "cen_loss": 3.119199914216995,
    "cen_accuracy": 0.27975
  },
  "22": {
    "cen_loss": 3.132629379272461,
    "cen_accuracy": 0.266
  },
  "23": {
    "cen_loss": 3.14793412733078,
    "cen_accuracy": 0.290125
  },
  "24": {
    "cen_loss": 3.393363248348236,
    "cen_accuracy": 0.219125
  },
  "25": {
    "cen_loss": 2.312703320145607,
    "cen_accuracy": 0.286125
  },
  "26": {
    "cen_loss": 2.487723399400711,
    "cen_accuracy": 0.309625
  },
  "27": {
    "cen_loss": 4.42086921286583,
    "cen_accuracy": 0.18675
  },
  "28": {
    "cen_loss": 2.724925251483917,
    "cen_accuracy": 0.283
  },
  "29": {
    "cen_loss": 2.483449162483215,
    "cen_accuracy": 0.23175
  },
  "30": {
    "cen_loss": 2.178169792175293,
    "cen_accuracy": 0.275875
  },
  "31": {
    "cen_loss": 2.9543508303165438,
    "cen_accuracy": 0.306875
  },
  "32": {
    "cen_loss": 3.448169195652008,
    "cen_accuracy": 0.288625
  },
  "33": {
    "cen_loss": 2.919267848730087,
    "cen_accuracy": 0.314125
  },
  "34": {
    "cen_loss": 4.237531405210495,
    "cen_accuracy": 0.28025
  },
  "35": {
    "cen_loss": 2.6408145911693572,
    "cen_accuracy": 0.194375
  },
  "36": {
    "cen_loss": 2.0365517239570616,
    "cen_accuracy": 0.380125
  },
  "37": {
    "cen_loss": 2.7426351623535155,
    "cen_accuracy": 0.34125
  },
  "38": {
    "cen_loss": 1.6944237852096558,
    "cen_accuracy": 0.44575
  },
  "39": {
    "cen_loss": 2.545670878767967,
    "cen_accuracy": 0.39225
  },
  "40": {
    "cen_loss": 2.4396421538591384,
    "cen_accuracy": 0.395875
  },
  "41": {
    "cen_loss": 3.4852373219132424,
    "cen_accuracy": 0.311
  },
  "42": {
    "cen_loss": 2.735865632176399,
    "cen_accuracy": 0.3405
  },
  "43": {
    "cen_loss": 3.2990412613153457,
    "cen_accuracy": 0.3675
  },
  "44": {
    "cen_loss": 2.331297859787941,
    "cen_accuracy": 0.31825
  },
  "45": {
    "cen_loss": 2.062432468175888,
    "cen_accuracy": 0.401375
  },
  "46": {
    "cen_loss": 1.947637115716934,
    "cen_accuracy": 0.3925
  },
  "47": {
    "cen_loss": 2.1010498946905134,
    "cen_accuracy": 0.397
  },
  "48": {
    "cen_loss": 1.9700814620256424,
    "cen_accuracy": 0.41225
  },
  "49": {
    "cen_loss": 1.7344509748220445,
    "cen_accuracy": 0.451
  },
  "50": {
    "cen_loss": 1.9928990873098373,
    "cen_accuracy": 0.391625
  },
  "51": {
    "cen_loss": 3.2747659583091737,
    "cen_accuracy": 0.29125
  },
  "52": {
    "cen_loss": 2.2154390897750855,
    "cen_accuracy": 0.389625
  },
  "53": {
    "cen_loss": 1.7203533185720443,
    "cen_accuracy": 0.43675
  },
  "54": {
    "cen_loss": 1.935684593319893,
    "cen_accuracy": 0.405
  },
  "55": {
    "cen_loss": 2.3545300312042237,
    "cen_accuracy": 0.38725
  },
  "56": {
    "cen_loss": 1.5584017686247826,
    "cen_accuracy": 0.504875
  },
  "57": {
    "cen_loss": 2.0188848514556885,
    "cen_accuracy": 0.456625
  },
  "58": {
    "cen_loss": 1.7465967592000962,
    "cen_accuracy": 0.46075
  },
  "59": {
    "cen_loss": 1.860856380701065,
    "cen_accuracy": 0.426375
  },
  "60": {
    "cen_loss": 1.9628807363510132,
    "cen_accuracy": 0.419875
  },
  "61": {
    "cen_loss": 1.811849084019661,
    "cen_accuracy": 0.412875
  },
  "62": {
    "cen_loss": 2.4514053009748458,
    "cen_accuracy": 0.31525
  },
  "63": {
    "cen_loss": 1.9495686321258545,
    "cen_accuracy": 0.357875
  },
  "64": {
    "cen_loss": 1.767584445476532,
    "cen_accuracy": 0.519875
  },
  "65": {
    "cen_loss": 1.361219369649887,
    "cen_accuracy": 0.5145
  },
  "66": {
    "cen_loss": 1.6594089612960816,
    "cen_accuracy": 0.491875
  },
  "67": {
    "cen_loss": 1.8125448865890503,
    "cen_accuracy": 0.45225
  },
  "68": {
    "cen_loss": 2.330594507575035,
    "cen_accuracy": 0.351625
  },
  "69": {
    "cen_loss": 2.4169793372154236,
    "cen_accuracy": 0.36975
  },
  "70": {
    "cen_loss": 2.6743427217006683,
    "cen_accuracy": 0.352125
  },
  "71": {
    "cen_loss": 1.633209868311882,
    "cen_accuracy": 0.460875
  },
  "72": {
    "cen_loss": 1.606694964170456,
    "cen_accuracy": 0.497
  },
  "73": {
    "cen_loss": 1.9676338251829146,
    "cen_accuracy": 0.45175
  },
  "74": {
    "cen_loss": 2.066444094777107,
    "cen_accuracy": 0.538625
  },
  "75": {
    "cen_loss": 2.120056754231453,
    "cen_accuracy": 0.38725
  },
  "76": {
    "cen_loss": 1.4316655052900313,
    "cen_accuracy": 0.512875
  },
  "77": {
    "cen_loss": 1.8530406398773194,
    "cen_accuracy": 0.460875
  },
  "78": {
    "cen_loss": 1.7304424570798873,
    "cen_accuracy": 0.493625
  },
  "79": {
    "cen_loss": 2.2962315616607665,
    "cen_accuracy": 0.362
  },
  "80": {
    "cen_loss": 2.9127164840698243,
    "cen_accuracy": 0.296625
  },
  "81": {
    "cen_loss": 2.513544961154461,
    "cen_accuracy": 0.405
  },
  "82": {
    "cen_loss": 2.306698343038559,
    "cen_accuracy": 0.3725
  },
  "83": {
    "cen_loss": 2.158454265832901,
    "cen_accuracy": 0.404875
  },
  "84": {
    "cen_loss": 1.9931047370433808,
    "cen_accuracy": 0.401125
  },
  "85": {
    "cen_loss": 1.4784555633068084,
    "cen_accuracy": 0.5115
  },
  "86": {
    "cen_loss": 2.3120144413709642,
    "cen_accuracy": 0.422625
  },
  "87": {
    "cen_loss": 1.814048727273941,
    "cen_accuracy": 0.484875
  },
  "88": {
    "cen_loss": 1.8470841335654258,
    "cen_accuracy": 0.5195
  },
  "89": {
    "cen_loss": 1.7590335993170738,
    "cen_accuracy": 0.491875
  },
  "90": {
    "cen_loss": 2.0287668977975843,
    "cen_accuracy": 0.455875
  },
  "91": {
    "cen_loss": 1.5415383128523827,
    "cen_accuracy": 0.538375
  },
  "92": {
    "cen_loss": 2.54954510140419,
    "cen_accuracy": 0.395625
  },
  "93": {
    "cen_loss": 1.3951065801382065,
    "cen_accuracy": 0.535
  },
  "94": {
    "cen_loss": 1.4267159182429314,
    "cen_accuracy": 0.543125
  },
  "95": {
    "cen_loss": 1.601756056547165,
    "cen_accuracy": 0.499125
  },
  "96": {
    "cen_loss": 3.876004854440689,
    "cen_accuracy": 0.26
  },
  "97": {
    "cen_loss": 2.180451689839363,
    "cen_accuracy": 0.39975
  },
  "98": {
    "cen_loss": 1.5289564639329911,
    "cen_accuracy": 0.498125
  },
  "99": {
    "cen_loss": 1.8435160986185073,
    "cen_accuracy": 0.456625
  },
  "100": {
    "cen_loss": 3.193802644968033,
    "cen_accuracy": 0.285875
  },
  "101": {
    "cen_loss": 1.9096027388572694,