{
  "0": {
    "cen_loss": 2.3027569942474364,
    "cen_accuracy": 0.100375
  },
  "1": {
    "cen_loss": 2.3027569942474364,
    "cen_accuracy": 0.100375
  },
  "2": {
    "cen_loss": 3.648185872077942,
    "cen_accuracy": 0.099125
  },
  "3": {
    "cen_loss": 7.336522888183594,
    "cen_accuracy": 0.101125
  },
  "4": {
    "cen_loss": 5.11562425327301,
    "cen_accuracy": 0.099125
  },
  "5": {
    "cen_loss": 3.1861914258003234,
    "cen_accuracy": 0.1005
  },
  "6": {
    "cen_loss": 4.601227126598358,
    "cen_accuracy": 0.127125
  },
  "7": {
    "cen_loss": 2.6241471769809723,
    "cen_accuracy": 0.144875
  },
  "8": {
    "cen_loss": 2.222505312919617,
    "cen_accuracy": 0.254375
  },
  "9": {
    "cen_loss": 1.92834807574749,
    "cen_accuracy": 0.337
  },
  "10": {
    "cen_loss": 2.263341725587845,
    "cen_accuracy": 0.308625
  },
  "11": {
    "cen_loss": 3.661514131307602,
    "cen_accuracy": 0.203875
  },
  "12": {
    "cen_loss": 4.907894333362579,
    "cen_accuracy": 0.207
  },
  "13": {
    "cen_loss": 2.152648512363434,
    "cen_accuracy": 0.2995
  },
  "14": {
    "cen_loss": 2.760976607322693,
    "cen_accuracy": 0.323125
  },
  "15": {
    "cen_loss": 3.4774106864929197,
    "cen_accuracy": 0.290625
  },
  "16": {
    "cen_loss": 3.242293024778366,
    "cen_accuracy": 0.244
  },
  "17": {
    "cen_loss": 2.6172779428958894,
    "cen_accuracy": 0.346375
  },
  "18": {
    "cen_loss": 2.2339210225343704,
    "cen_accuracy": 0.39675
  },
  "19": {
    "cen_loss": 1.7289868377447128,
    "cen_accuracy": 0.400875
  },
  "20": {
    "cen_loss": 2.139846408009529,
    "cen_accuracy": 0.363875
  },
  "21": {
    "cen_loss": 1.9154317858219148,
    "cen_accuracy": 0.39125
  },
  "22": {
    "cen_loss": 2.438124346613884,
    "cen_accuracy": 0.332125
  },
  "23": {
    "cen_loss": 2.3207532559633255,
    "cen_accuracy": 0.369
  },
  "24": {
    "cen_loss": 2.421933456659317,
    "cen_accuracy": 0.351125
  },
  "25": {
    "cen_loss": 2.140869489312172,
    "cen_accuracy": 0.402125
  },
  "26": {
    "cen_loss": 1.8869517889022827,
    "cen_accuracy": 0.40025
  },
  "27": {
    "cen_loss": 2.293784667491913,
    "cen_accuracy": 0.36525
  },
  "28": {
    "cen_loss": 2.303420019388199,
    "cen_accuracy": 0.37025
  },
  "29": {
    "cen_loss": 1.9749732402563096,
    "cen_accuracy": 0.493875
  },
  "30": {
    "cen_loss": 2.065510649085045,
    "cen_accuracy": 0.486125
  },
  "31": {
    "cen_loss": 2.6046315531134607,
    "cen_accuracy": 0.39
  },
  "32": {
    "cen_loss": 1.756550587773323,
    "cen_accuracy": 0.44725
  },
  "33": {
    "cen_loss": 2.918449577718973,
    "cen_accuracy": 0.407875
  },
  "34": {
    "cen_loss": 3.0450676366090774,
    "cen_accuracy": 0.340375
  },
  "35": {
    "cen_loss": 1.816426710128784,
    "cen_accuracy": 0.488125
  },
  "36": {
    "cen_loss": 1.812412068605423,
    "cen_accuracy": 0.492875
  },
  "37": {
    "cen_loss": 1.8639997484087945,
    "cen_accuracy": 0.453375
  },
  "38": {
    "cen_loss": 2.648931291103363,
    "cen_accuracy": 0.39
  },
  "39": {
    "cen_loss": 2.2954846942424774,
    "cen_accuracy": 0.3955
  },
  "40": {
    "cen_loss": 2.398538144826889,
    "cen_accuracy": 0.396125
  },
  "41": {
    "cen_loss": 1.8205824236869812,
    "cen_accuracy": 0.457
  },
  "42": {
    "cen_loss": 2.3510921943187713,
    "cen_accuracy": 0.40825
  },
  "43": {
    "cen_loss": 2.473233337402344,
    "cen_accuracy": 0.403375
  },
  "44": {
    "cen_loss": 1.5081894800662994,
    "cen_accuracy": 0.532125
  },
  "45": {
    "cen_loss": 1.6999060151576997,
    "cen_accuracy": 0.490125
  },
  "46": {
    "cen_loss": 1.8240400901436806,
    "cen_accuracy": 0.486875
  },
  "47": {
    "cen_loss": 2.104918085813522,
    "cen_accuracy": 0.466625
  },
  "48": {
    "cen_loss": 3.0173403812646864,
    "cen_accuracy": 0.39825
  },
  "49": {
    "cen_loss": 2.375107664704323,
    "cen_accuracy": 0.40125
  },
  "50": {
    "cen_loss": 2.4457119311094284,
    "cen_accuracy": 0.409125
  },
  "51": {
    "cen_loss": 1.5985340418219567,
    "cen_accuracy": 0.531625
  },
  "52": {
    "cen_loss": 1.5842719330787658,
    "cen_accuracy": 0.482
  },
  "53": {
    "cen_loss": 1.9155850007534028,
    "cen_accuracy": 0.4745
  },
  "54": {
    "cen_loss": 1.9593438642024994,
    "cen_accuracy": 0.44375
  },
  "55": {
    "cen_loss": 2.1521131011247636,
    "cen_accuracy": 0.442625
  },
  "56": {
    "cen_loss": 1.6111298096179962,
    "cen_accuracy": 0.514125
  },
  "57": {
    "cen_loss": 2.013343205213547,
    "cen_accuracy": 0.448375
  },
  "58": {
    "cen_loss": 1.6930508266687394,
    "cen_accuracy": 0.512
  },
  "59": {
    "cen_loss": 1.571924139738083,
    "cen_accuracy": 0.52925
  },
  "60": {
    "cen_loss": 1.7125203360319137,
    "cen_accuracy": 0.514125
  },
  "61": {
    "cen_loss": 1.5095103415846824,
    "cen_accuracy": 0.534125
  },
  "62": {
    "cen_loss": 1.3591824888586999,
    "cen_accuracy": 0.532375
  },
  "63": {
    "cen_loss": 1.510030952692032,
    "cen_accuracy": 0.521
  },
  "64": {
    "cen_loss": 2.3013196053504945,
    "cen_accuracy": 0.45225
  },
  "65": {
    "cen_loss": 1.704894164800644,
    "cen_accuracy": 0.5055
  },
  "66": {
    "cen_loss": 1.5697132077217102,
    "cen_accuracy": 0.55175
  },
  "67": {
    "cen_loss": 1.5278305213451386,
    "cen_accuracy": 0.54575
  },
  "68": {
    "cen_loss": 1.7555302217006683,
    "cen_accuracy": 0.46325
  },
  "69": {
    "cen_loss": 1.3336629948616028,
    "cen_accuracy": 0.532875
  },
  "70": {
    "cen_loss": 1.5694267377853393,
    "cen_accuracy": 0.487
  },
  "71": {
    "cen_loss": 2.309347419321537,
    "cen_accuracy": 0.466375
  },
  "72": {
    "cen_loss": 1.3379333935379982,
    "cen_accuracy": 0.566625
  },
  "73": {
    "cen_loss": 1.4288468006849289,
    "cen_accuracy": 0.5905
  },
  "74": {
    "cen_loss": 2.6225120244026185,
    "cen_accuracy": 0.388875
  },
  "75": {
    "cen_loss": 1.953682003557682,
    "cen_accuracy": 0.502875
  },
  "76": {
    "cen_loss": 2.006315805375576,
    "cen_accuracy": 0.505125
  },
  "77": {
    "cen_loss": 1.344693919658661,
    "cen_accuracy": 0.581125
  },
  "78": {
    "cen_loss": 2.1029184643030168,
    "cen_accuracy": 0.471625
  },
  "79": {
    "cen_loss": 2.2741472915410994,
    "cen_accuracy": 0.420625
  },
  "80": {
    "cen_loss": 2.678403467774391,
    "cen_accuracy": 0.39725
  },
  "81": {
    "cen_loss": 2.1058706003427505,
    "cen_accuracy": 0.41775
  },
  "82": {
    "cen_loss": 1.4718375815153122,
    "cen_accuracy": 0.519125
  },
  "83": {
    "cen_loss": 1.4808555096983909,
    "cen_accuracy": 0.530375
  },
  "84": {
    "cen_loss": 2.43618519115448,
    "cen_accuracy": 0.462625
  },
  "85": {
    "cen_loss": 2.024610656619072,
    "cen_accuracy": 0.471
  },
  "86": {
    "cen_loss": 2.422904296040535,
    "cen_accuracy": 0.449625
  },
  "87": {
    "cen_loss": 1.7501844084262848,
    "cen_accuracy": 0.532625
  },
  "88": {
    "cen_loss": 1.7805593159794808,
    "cen_accuracy": 0.51925
  },
  "89": {
    "cen_loss": 1.572352245926857,
    "cen_accuracy": 0.545375
  },
  "90": {
    "cen_loss": 1.9119621940851212,
    "cen_accuracy": 0.5255
  },
  "91": {
    "cen_loss": 1.4152403538823128,
    "cen_accuracy": 0.560375
  },
  "92": {
    "cen_loss": 1.354046604514122,
    "cen_accuracy": 0.570625
  },
  "93": {
    "cen_loss": 1.7803747788667679,
    "cen_accuracy": 0.496875
  },
  "94": {
    "cen_loss": 1.4773099950551987,
    "cen_accuracy": 0.535875
  },
  "95": {
    "cen_loss": 1.8499316371679306,
    "cen_accuracy": 0.515875
  },
  "96": {
    "cen_loss": 1.3324721824526786,
    "cen_accuracy": 0.534
  },
  "97": {
    "cen_loss": 1.6999021019935607,
    "cen_accuracy": 0.501125
  },
  "98": {
    "cen_loss": 1.843458714067936,
    "cen_accuracy": 0.498375
  },
  "99": {
    "cen_loss": 1.9044191693663597,
    "cen_accuracy": 0.519
  },
  "100": {
    "cen_loss": 2.4575572717785836,
    "cen_accuracy": 0.458875
  },
  "101": {
    "cen_loss": 2.143218310803175,