{
  "0": {
    "cen_loss": 2.3027569942474364,
    "cen_accuracy": 0.100375
  },
  "1": {
    "cen_loss": 2.3027569942474364,
    "cen_accuracy": 0.100375
  },
  "2": {
    "cen_loss": 3.7503851833343504,
    "cen_accuracy": 0.100625
  },
  "3": {
    "cen_loss": 4.408177742958069,
    "cen_accuracy": 0.100625
  },
  "4": {
    "cen_loss": 5.044430102825165,
    "cen_accuracy": 0.099125
  },
  "5": {
    "cen_loss": 5.343471677780151,
    "cen_accuracy": 0.099125
  },
  "6": {
    "cen_loss": 5.806896624565124,
    "cen_accuracy": 0.09925
  },
  "7": {
    "cen_loss": 5.790315108299255,
    "cen_accuracy": 0.11025
  },
  "8": {
    "cen_loss": 3.2559798703193663,
    "cen_accuracy": 0.222
  },
  "9": {
    "cen_loss": 2.4304503412246703,
    "cen_accuracy": 0.31925
  },
  "10": {
    "cen_loss": 1.5571704449653625,
    "cen_accuracy": 0.54075
  },
  "11": {
    "cen_loss": 1.8032053729295732,
    "cen_accuracy": 0.46
  },
  "12": {
    "cen_loss": 1.6124260368347167,
    "cen_accuracy": 0.517625
  },
  "13": {
    "cen_loss": 1.6428345690965653,
    "cen_accuracy": 0.51
  },
  "14": {
    "cen_loss": 1.5862677811980248,
    "cen_accuracy": 0.543375
  },
  "15": {
    "cen_loss": 1.7127153829336166,
    "cen_accuracy": 0.531875
  },
  "16": {
    "cen_loss": 1.524652630031109,
    "cen_accuracy": 0.576125
  },
  "17": {
    "cen_loss": 1.546014006972313,
    "cen_accuracy": 0.575
  },
  "18": {
    "cen_loss": 1.4185265626311303,
    "cen_accuracy": 0.5945
  },
  "19": {
    "cen_loss": 1.3833579552173614,
    "cen_accuracy": 0.606375
  },
  "20": {
    "cen_loss": 1.5324739755690098,
    "cen_accuracy": 0.59975
  },
  "21": {
    "cen_loss": 1.4020899818241597,
    "cen_accuracy": 0.6115
  },
  "22": {
    "cen_loss": 1.3388553232550622,
    "cen_accuracy": 0.618375
  },
  "23": {
    "cen_loss": 1.417953565120697,
    "cen_accuracy": 0.615125
  },
  "24": {
    "cen_loss": 1.3624196885824202,
    "cen_accuracy": 0.6215
  },
  "25": {
    "cen_loss": 1.2998758527040482,
    "cen_accuracy": 0.631875
  },
  "26": {
    "cen_loss": 1.3297244121134282,
    "cen_accuracy": 0.628625
  },
  "27": {
    "cen_loss": 1.3063968806266784,
    "cen_accuracy": 0.639375
  },
  "28": {
    "cen_loss": 1.263360118508339,
    "cen_accuracy": 0.64
  },
  "29": {
    "cen_loss": 1.3214534122645856,
    "cen_accuracy": 0.637125
  },
  "30": {
    "cen_loss": 1.5029167877733707,
    "cen_accuracy": 0.615375
  },
  "31": {
    "cen_loss": 1.2734926138520242,
    "cen_accuracy": 0.651875
  },
  "32": {
    "cen_loss": 1.2458884015977383,
    "cen_accuracy": 0.65425
  },
  "33": {
    "cen_loss": 1.3291840395778418,
    "cen_accuracy": 0.641625
  },
  "34": {
    "cen_loss": 1.3085132244825364,
    "cen_accuracy": 0.6435
  },
  "35": {
    "cen_loss": 1.217919171899557,
    "cen_accuracy": 0.66375
  },
  "36": {
    "cen_loss": 1.2865691506266594,
    "cen_accuracy": 0.653375
  },
  "37": {
    "cen_loss": 1.241574624478817,
    "cen_accuracy": 0.656625
  },
  "38": {
    "cen_loss": 1.1402061600387097,
    "cen_accuracy": 0.6725
  },
  "39": {
    "cen_loss": 1.1864248688220977,
    "cen_accuracy": 0.66475
  },
  "40": {
    "cen_loss": 1.2297756425142288,
    "cen_accuracy": 0.666125
  },
  "41": {
    "cen_loss": 1.1351964149177074,
    "cen_accuracy": 0.678
  },
  "42": {
    "cen_loss": 1.2142084086537361,
    "cen_accuracy": 0.66925
  },
  "43": {
    "cen_loss": 1.145782125800848,
    "cen_accuracy": 0.6745
  },
  "44": {
    "cen_loss": 1.1698069984912873,
    "cen_accuracy": 0.673875
  },
  "45": {
    "cen_loss": 1.1464009149074554,
    "cen_accuracy": 0.681
  },
  "46": {
    "cen_loss": 1.1626353096067905,
    "cen_accuracy": 0.677625
  },
  "47": {
    "cen_loss": 1.1395452677309512,
    "cen_accuracy": 0.6855
  },
  "48": {
    "cen_loss": 1.1638856763839722,
    "cen_accuracy": 0.683125
  },
  "49": {
    "cen_loss": 1.0918139968216418,
    "cen_accuracy": 0.682625
  },
  "50": {
    "cen_loss": 1.1370423492640256,
    "cen_accuracy": 0.68125
  },
  "51": {
    "cen_loss": 1.0804350788593293,
    "cen_accuracy": 0.692875
  },
  "52": {
    "cen_loss": 1.1725106565058232,
    "cen_accuracy": 0.68525
  },
  "53": {
    "cen_loss": 1.1404889893159271,
    "cen_accuracy": 0.6815
  },
  "54": {
    "cen_loss": 1.1918579636216164,
    "cen_accuracy": 0.681625
  },
  "55": {
    "cen_loss": 1.0857736006975174,
    "cen_accuracy": 0.69125
  },
  "56": {
    "cen_loss": 1.0633442545458673,
    "cen_accuracy": 0.697625
  },
  "57": {
    "cen_loss": 1.090187964707613,
    "cen_accuracy": 0.700375
  },
  "58": {
    "cen_loss": 1.2174825312197208,
    "cen_accuracy": 0.6805
  },
  "59": {
    "cen_loss": 1.0781050684452056,
    "cen_accuracy": 0.705125
  },
  "60": {
    "cen_loss": 1.1581023330837488,
    "cen_accuracy": 0.69525
  },
  "61": {
    "cen_loss": 1.0814665800035,
    "cen_accuracy": 0.70475
  },
  "62": {
    "cen_loss": 1.036839552104473,
    "cen_accuracy": 0.70175
  },
  "63": {
    "cen_loss": 1.0159497779235245,
    "cen_accuracy": 0.71475
  },
  "64": {
    "cen_loss": 1.1524230905771256,
    "cen_accuracy": 0.683
  },
  "65": {
    "cen_loss": 1.0392224777042867,
    "cen_accuracy": 0.707875
  },
  "66": {
    "cen_loss": 1.0047526910007,
    "cen_accuracy": 0.717125
  },
  "67": {
    "cen_loss": 1.0779735398069024,
    "cen_accuracy": 0.703875
  },
  "68": {
    "cen_loss": 1.032252551317215,
    "cen_accuracy": 0.712875
  },
  "69": {
    "cen_loss": 1.078837335884571,
    "cen_accuracy": 0.713375
  },
  "70": {
    "cen_loss": 1.0809916499704122,
    "cen_accuracy": 0.717125
  },
  "71": {
    "cen_loss": 1.049654507562518,
    "cen_accuracy": 0.718
  },
  "72": {
    "cen_loss": 1.0007675381600856,
    "cen_accuracy": 0.725125
  },
  "73": {
    "cen_loss": 0.9892502265125513,
    "cen_accuracy": 0.722625
  },
  "74": {
    "cen_loss": 1.0419932606369258,
    "cen_accuracy": 0.71125
  },
  "75": {
    "cen_loss": 0.9772955172955989,
    "cen_accuracy": 0.72225
  },
  "76": {
    "cen_loss": 1.0354900593161582,
    "cen_accuracy": 0.711875
  },
  "77": {
    "cen_loss": 0.9557014512121678,
    "cen_accuracy": 0.72975
  },
  "78": {
    "cen_loss": 0.9712904347926379,
    "cen_accuracy": 0.7225
  },
  "79": {
    "cen_loss": 1.030845052227378,
    "cen_accuracy": 0.712375
  },
  "80": {
    "cen_loss": 1.1490186466574668,
    "cen_accuracy": 0.6985
  },
  "81": {
    "cen_loss": 0.9313434769064188,
    "cen_accuracy": 0.728375
  },
  "82": {
    "cen_loss": 1.0037428482621908,
    "cen_accuracy": 0.725625
  },
  "83": {
    "cen_loss": 0.9911924339830875,
    "cen_accuracy": 0.723625
  },
  "84": {
    "cen_loss": 0.945644314110279,
    "cen_accuracy": 0.73275
  },
  "85": {
    "cen_loss": 0.9569373977929354,
    "cen_accuracy": 0.725375
  },
  "86": {
    "cen_loss": 0.9389919665455818,
    "cen_accuracy": 0.729
  },
  "87": {
    "cen_loss": 0.9389919665455818,
    "cen_accuracy": 0.729
  },
  "88": {
    "cen_loss": 0.8851317747682333,
    "cen_accuracy": 0.751
  },
  "89": {
    "cen_loss": 0.8851317747682333,
    "cen_accuracy": 0.751
  },
  "90": {
    "cen_loss": 0.8833288650512695,
    "cen_accuracy": 0.752625
  },
  "91": {
    "cen_loss": 0.8833288650512695,
    "cen_accuracy": 0.752625
  },
  "92": {
    "cen_loss": 0.8985474688485264,
    "cen_accuracy": 0.74975
  },
  "93": {
    "cen_loss": 0.8985474688485264,
    "cen_accuracy": 0.74975
  },
  "94": {
    "cen_loss": 0.900705025523901,
    "cen_accuracy": 0.75025
  },
  "95": {
    "cen_loss": 0.900705025523901,
    "cen_accuracy": 0.75025
  },
  "96": {
    "cen_loss": 0.9261853687316179,
    "cen_accuracy": 0.74575
  },
  "97": {
    "cen_loss": 0.9261853687316179,
    "cen_accuracy": 0.74575
  },
  "98": {
    "cen_loss": 0.9301268432810903,
    "cen_accuracy": 0.747
  },
  "99": {
    "cen_loss": 0.9301268432810903,
    "cen_accuracy": 0.747
  },
  "100": {
    "cen_loss": 0.9260938370004296,
    "cen_accuracy": 0.74975
  },
  "101": {
    "cen_loss": 0.9260938370004296,