{
  "0": {
    "cen_loss": 2.3028095273971556,
    "cen_accuracy": 0.10075
  },
  "1": {
    "cen_loss": 2.3028095273971556,
    "cen_accuracy": 0.10075
  },
  "2": {
    "cen_loss": 2.924133493900299,
    "cen_accuracy": 0.10075
  },
  "3": {
    "cen_loss": 3.631913580417633,
    "cen_accuracy": 0.098625
  },
  "4": {
    "cen_loss": 3.5057406849861144,
    "cen_accuracy": 0.101125
  },
  "5": {
    "cen_loss": 3.4773000073432923,
    "cen_accuracy": 0.104625
  },
  "6": {
    "cen_loss": 3.5936943945884705,
    "cen_accuracy": 0.101375
  },
  "7": {
    "cen_loss": 3.526854732513428,
    "cen_accuracy": 0.13825
  },
  "8": {
    "cen_loss": 3.2556287355422975,
    "cen_accuracy": 0.160125
  },
  "9": {
    "cen_loss": 2.9342891392707826,
    "cen_accuracy": 0.1855
  },
  "10": {
    "cen_loss": 1.538857880949974,
    "cen_accuracy": 0.430625
  },
  "11": {
    "cen_loss": 2.6189804260730742,
    "cen_accuracy": 0.214875
  },
  "12": {
    "cen_loss": 2.4974108519554137,
    "cen_accuracy": 0.277375
  },
  "13": {
    "cen_loss": 2.347422123193741,
    "cen_accuracy": 0.295875
  },
  "14": {
    "cen_loss": 1.7143368787765503,
    "cen_accuracy": 0.393125
  },
  "15": {
    "cen_loss": 1.6467796961069108,
    "cen_accuracy": 0.42025
  },
  "16": {
    "cen_loss": 1.5959248049259185,
    "cen_accuracy": 0.442375
  },
  "17": {
    "cen_loss": 1.5569596377611161,
    "cen_accuracy": 0.458
  },
  "18": {
    "cen_loss": 1.4734802173376083,
    "cen_accuracy": 0.484125
  },
  "19": {
    "cen_loss": 1.4816932141780854,
    "cen_accuracy": 0.483375
  },
  "20": {
    "cen_loss": 1.2464335273504257,
    "cen_accuracy": 0.56625
  },
  "21": {
    "cen_loss": 1.5095210028886794,
    "cen_accuracy": 0.486
  },
  "22": {
    "cen_loss": 1.7365248256921768,
    "cen_accuracy": 0.461125
  },
  "23": {
    "cen_loss": 1.7518171550035477,
    "cen_accuracy": 0.473625
  },
  "24": {
    "cen_loss": 1.2317262291908264,
    "cen_accuracy": 0.560875
  },
  "25": {
    "cen_loss": 1.2566540192961693,
    "cen_accuracy": 0.559
  },
  "26": {
    "cen_loss": 1.2683177347779273,
    "cen_accuracy": 0.562125
  },
  "27": {
    "cen_loss": 1.4681123503446578,
    "cen_accuracy": 0.526875
  },
  "28": {
    "cen_loss": 1.5778651360869407,
    "cen_accuracy": 0.52625
  },
  "29": {
    "cen_loss": 1.3822944647073745,
    "cen_accuracy": 0.554375
  },
  "30": {
    "cen_loss": 1.2481347181200981,
    "cen_accuracy": 0.60725
  },
  "31": {
    "cen_loss": 1.1732792761325836,
    "cen_accuracy": 0.593
  },
  "32": {
    "cen_loss": 1.368019949376583,
    "cen_accuracy": 0.5615
  },
  "33": {
    "cen_loss": 1.8857676567435264,
    "cen_accuracy": 0.483
  },
  "34": {
    "cen_loss": 2.273360247373581,
    "cen_accuracy": 0.454375
  },
  "35": {
    "cen_loss": 1.5429522307515144,
    "cen_accuracy": 0.542625
  },
  "36": {
    "cen_loss": 1.5105335469841956,
    "cen_accuracy": 0.550875
  },
  "37": {
    "cen_loss": 1.1386913745403289,
    "cen_accuracy": 0.613
  },
  "38": {
    "cen_loss": 1.1123107268214225,
    "cen_accuracy": 0.62325
  },
  "39": {
    "cen_loss": 1.1960263325870037,
    "cen_accuracy": 0.608625
  },
  "40": {
    "cen_loss": 1.1186455938220023,
    "cen_accuracy": 0.632125
  },
  "41": {
    "cen_loss": 1.653828904181719,
    "cen_accuracy": 0.5625
  },
  "42": {
    "cen_loss": 2.4820621868371964,
    "cen_accuracy": 0.426875
  },
  "43": {
    "cen_loss": 1.4059975851774216,
    "cen_accuracy": 0.6095
  },
  "44": {
    "cen_loss": 1.334038470029831,
    "cen_accuracy": 0.611875
  },
  "45": {
    "cen_loss": 1.064235720217228,
    "cen_accuracy": 0.643125
  },
  "46": {
    "cen_loss": 1.0492799470424652,
    "cen_accuracy": 0.6465
  },
  "47": {
    "cen_loss": 1.2674154269099236,
    "cen_accuracy": 0.616375
  },
  "48": {
    "cen_loss": 1.4408908123672008,
    "cen_accuracy": 0.60175
  },
  "49": {
    "cen_loss": 1.652957992196083,
    "cen_accuracy": 0.59175
  },
  "50": {
    "cen_loss": 1.7543937519192696,
    "cen_accuracy": 0.586
  },
  "51": {
    "cen_loss": 1.705138877183199,
    "cen_accuracy": 0.57625
  },
  "52": {
    "cen_loss": 1.7210728070437908,
    "cen_accuracy": 0.58275
  },
  "53": {
    "cen_loss": 1.4944269037544726,
    "cen_accuracy": 0.60925
  },
  "54": {
    "cen_loss": 1.295510605841875,
    "cen_accuracy": 0.62925
  },
  "55": {
    "cen_loss": 1.4136967249810695,
    "cen_accuracy": 0.618125
  },
  "56": {
    "cen_loss": 1.940004932820797,
    "cen_accuracy": 0.561375
  },
  "57": {
    "cen_loss": 1.4735604882836342,
    "cen_accuracy": 0.616625
  },
  "58": {
    "cen_loss": 1.2943101925849914,
    "cen_accuracy": 0.633875
  },
  "59": {
    "cen_loss": 1.1001417729258538,
    "cen_accuracy": 0.652125
  },
  "60": {
    "cen_loss": 1.0577187412381173,
    "cen_accuracy": 0.66375
  },
  "61": {
    "cen_loss": 1.0265119808018208,
    "cen_accuracy": 0.658375
  },
  "62": {
    "cen_loss": 1.0829855752289295,
    "cen_accuracy": 0.65075
  },
  "63": {
    "cen_loss": 1.799501952111721,
    "cen_accuracy": 0.54875
  },
  "64": {
    "cen_loss": 1.6683335002064705,
    "cen_accuracy": 0.586875
  },
  "65": {
    "cen_loss": 1.858661854416132,
    "cen_accuracy": 0.586625
  },
  "66": {
    "cen_loss": 2.227639208853245,
    "cen_accuracy": 0.514
  },
  "67": {
    "cen_loss": 1.462113502085209,
    "cen_accuracy": 0.602
  },
  "68": {
    "cen_loss": 1.2630879939496518,
    "cen_accuracy": 0.647875
  },
  "69": {
    "cen_loss": 1.3352926707565784,
    "cen_accuracy": 0.638
  },
  "70": {
    "cen_loss": 1.2981884216368198,
    "cen_accuracy": 0.64625
  },
  "71": {
    "cen_loss": 1.7266816461086274,
    "cen_accuracy": 0.597
  },
  "72": {
    "cen_loss": 1.6351328309476376,
    "cen_accuracy": 0.606375
  },
  "73": {
    "cen_loss": 1.609001202136278,
    "cen_accuracy": 0.63425
  },
  "74": {
    "cen_loss": 1.5927827878296374,
    "cen_accuracy": 0.619125
  },
  "75": {
    "cen_loss": 1.4523412136137486,
    "cen_accuracy": 0.646
  },
  "76": {
    "cen_loss": 1.3060204185843467,
    "cen_accuracy": 0.654
  },
  "77": {
    "cen_loss": 1.4060485948324204,
    "cen_accuracy": 0.651
  },
  "78": {
    "cen_loss": 1.6223411988914014,
    "cen_accuracy": 0.616625
  },
  "79": {
    "cen_loss": 1.4987763612866403,
    "cen_accuracy": 0.63025
  },
  "80": {
    "cen_loss": 1.507473080933094,
    "cen_accuracy": 0.627125
  },
  "81": {
    "cen_loss": 1.4083177815675736,
    "cen_accuracy": 0.595625
  },
  "82": {
    "cen_loss": 1.746596967279911,
    "cen_accuracy": 0.56325
  },
  "83": {
    "cen_loss": 1.2670055394768716,
    "cen_accuracy": 0.65475
  },
  "84": {
    "cen_loss": 1.2395655502378942,
    "cen_accuracy": 0.659625
  },
  "85": {
    "cen_loss": 1.4139217666983603,
    "cen_accuracy": 0.645375
  },
  "86": {
    "cen_loss": 1.482284696996212,
    "cen_accuracy": 0.65375
  },
  "87": {
    "cen_loss": 1.4468496665954589,
    "cen_accuracy": 0.652375
  },
  "88": {
    "cen_loss": 1.2652559365332126,
    "cen_accuracy": 0.656375
  },
  "89": {
    "cen_loss": 1.4141861182153226,
    "cen_accuracy": 0.65125
  },
  "90": {
    "cen_loss": 1.4021436369419098,
    "cen_accuracy": 0.657375
  },
  "91": {
    "cen_loss": 1.6747740103900433,
    "cen_accuracy": 0.585375
  },
  "92": {
    "cen_loss": 1.7027295324504375,
    "cen_accuracy": 0.62275
  },
  "93": {
    "cen_loss": 1.6478246032297612,
    "cen_accuracy": 0.630625
  },
  "94": {
    "cen_loss": 1.6002027014493942,
    "cen_accuracy": 0.622
  },
  "95": {
    "cen_loss": 1.5213027298152446,
    "cen_accuracy": 0.64225
  },
  "96": {
    "cen_loss": 1.633308666139841,
    "cen_accuracy": 0.62425
  },
  "97": {
    "cen_loss": 1.7192280046641826,
    "cen_accuracy": 0.61775
  },
  "98": {
    "cen_loss": 1.6522020057439804,
    "cen_accuracy": 0.61375
  },
  "99": {
    "cen_loss": 1.71785581690073,
    "cen_accuracy": 0.607875
  },
  "100": {
    "cen_loss": 1.7322870913147925,
    "cen_accuracy": 0.6185
  },