{
  "0": {
    "cen_loss": 4.373662099831569,
    "cen_accuracy": 0.1197601587848679
  },
  "1": {
    "cen_loss": 4.373662099831569,
    "cen_accuracy": 0.1197601587848679
  },
  "2": {
    "cen_loss": 2.65586140429549,
    "cen_accuracy": 0.27775229085204245
  },
  "3": {
    "cen_loss": 2.4402431339589037,
    "cen_accuracy": 0.32515718038008534
  },
  "4": {
    "cen_loss": 2.361265699500078,
    "cen_accuracy": 0.35409500944865047
  },
  "5": {
    "cen_loss": 2.2644391474718546,
    "cen_accuracy": 0.3660953897716873
  },
  "6": {
    "cen_loss": 2.1489463631379873,
    "cen_accuracy": 0.3940610180772293
  },
  "7": {
    "cen_loss": 2.017307012034023,
    "cen_accuracy": 0.4249444371813309
  },
  "8": {
    "cen_loss": 2.0080715019646607,
    "cen_accuracy": 0.4299338000213932
  },
  "9": {
    "cen_loss": 1.9602693792641306,
    "cen_accuracy": 0.4404972723707199
  },
  "10": {
    "cen_loss": 1.9602089218666636,
    "cen_accuracy": 0.4405055919371516
  },
  "11": {
    "cen_loss": 1.9385972086860381,
    "cen_accuracy": 0.4456922473525951
  },
  "12": {
    "cen_loss": 1.9234504092270819,
    "cen_accuracy": 0.4497438762048515
  },
  "13": {
    "cen_loss": 1.9058326427587933,
    "cen_accuracy": 0.45626403926835357
  },
  "14": {
    "cen_loss": 1.9450317951110652,
    "cen_accuracy": 0.4535031317225068
  },
  "15": {
    "cen_loss": 1.8463658057909007,
    "cen_accuracy": 0.4752385932801673
  },
  "16": {
    "cen_loss": 1.7740632537138423,
    "cen_accuracy": 0.4891607934489357
  },
  "17": {
    "cen_loss": 1.8094432760630097,
    "cen_accuracy": 0.48633214086214477
  },
  "18": {
    "cen_loss": 1.811734633748428,
    "cen_accuracy": 0.4842510607447201
  },
  "19": {
    "cen_loss": 1.8641969408871244,
    "cen_accuracy": 0.4702943938007345
  },
  "20": {
    "cen_loss": 1.8641970207608478,
    "cen_accuracy": 0.47029795932920526
  },
  "21": {
    "cen_loss": 1.8476682195613694,
    "cen_accuracy": 0.4800805809434388
  },
  "22": {
    "cen_loss": 1.7932568903831576,
    "cen_accuracy": 0.49141777297091715
  },
  "23": {
    "cen_loss": 1.834589297256102,
    "cen_accuracy": 0.48333590843722885
  },
  "24": {
    "cen_loss": 1.8026682229082234,
    "cen_accuracy": 0.49243394858507944
  },
  "25": {
    "cen_loss": 1.8468506727026055,
    "cen_accuracy": 0.4856511249242325
  },
  "26": {
    "cen_loss": 1.8167852935651148,
    "cen_accuracy": 0.49103031887709625
  },
  "27": {
    "cen_loss": 1.7630533553514072,
    "cen_accuracy": 0.49786900248398486
  },
  "28": {
    "cen_loss": 1.721688937549491,
    "cen_accuracy": 0.5061754953113301
  },
  "29": {
    "cen_loss": 1.7439477549057838,
    "cen_accuracy": 0.5036415930781207
  },
  "30": {
    "cen_loss": 1.7439476712466173,
    "cen_accuracy": 0.50363802754965
  },
  "31": {
    "cen_loss": 1.7746649734472837,
    "cen_accuracy": 0.5000606139840027
  },
  "32": {
    "cen_loss": 1.706833172103476,
    "cen_accuracy": 0.508449113966175
  },
  "33": {
    "cen_loss": 1.7560584234300736,
    "cen_accuracy": 0.5043309285824648
  },
  "34": {
    "cen_loss": 1.816181364025048,
    "cen_accuracy": 0.49635959543136954
  },
  "35": {
    "cen_loss": 1.8067208282590985,
    "cen_accuracy": 0.4950035061029962
  },
  "36": {
    "cen_loss": 1.6765881894048194,
    "cen_accuracy": 0.5194345071845399
  },
  "37": {
    "cen_loss": 1.7500754166522738,
    "cen_accuracy": 0.5031459846206872
  },
  "38": {
    "cen_loss": 1.6809601526971956,
    "cen_accuracy": 0.5201559324451206
  },
  "39": {
    "cen_loss": 1.8557920451438483,
    "cen_accuracy": 0.49892321040183507
  },
  "40": {
    "cen_loss": 1.855792021228316,
    "cen_accuracy": 0.4989125138164228
  },
  "41": {
    "cen_loss": 1.7349604470132585,
    "cen_accuracy": 0.5113110448186928
  },
  "42": {
    "cen_loss": 1.7614609064786255,
    "cen_accuracy": 0.5050927631657138
  },
  "43": {
    "cen_loss": 1.7881828735444822,
    "cen_accuracy": 0.5021345630444859
  },
  "44": {
    "cen_loss": 1.7561250482785848,
    "cen_accuracy": 0.5061279549317201
  },
  "45": {
    "cen_loss": 1.7258103991602118,
    "cen_accuracy": 0.5110697773921725
  },
  "46": {
    "cen_loss": 1.738782174325791,
    "cen_accuracy": 0.5118470625987949
  },
  "47": {
    "cen_loss": 1.7584675021915623,
    "cen_accuracy": 0.5058284505401776
  },
  "48": {
    "cen_loss": 1.7441077976173875,
    "cen_accuracy": 0.5118720212980901
  },
  "49": {
    "cen_loss": 1.7897546784479001,
    "cen_accuracy": 0.5050202640868088
  },
  "50": {
    "cen_loss": 1.7897542898428163,
    "cen_accuracy": 0.5050250181247697
  },
  "51": {
    "cen_loss": 1.8265495606684603,
    "cen_accuracy": 0.4936010649045033
  },
  "52": {
    "cen_loss": 1.7696733812516838,
    "cen_accuracy": 0.5112991597237904
  },
  "53": {
    "cen_loss": 1.734802809379781,
    "cen_accuracy": 0.5131663081329705
  },
  "54": {
    "cen_loss": 1.7636574240772702,
    "cen_accuracy": 0.5130676618452799
  },
  "55": {
    "cen_loss": 1.7364658441755987,
    "cen_accuracy": 0.5135680243406744
  },
  "56": {
    "cen_loss": 1.7269545703840516,
    "cen_accuracy": 0.5147707959448056
  },
  "57": {
    "cen_loss": 1.688905747950755,
    "cen_accuracy": 0.5175661702658696
  },
  "58": {
    "cen_loss": 1.6813284786831193,
    "cen_accuracy": 0.5217877559752314
  },
  "59": {
    "cen_loss": 1.702841791250703,
    "cen_accuracy": 0.517419983598569
  },
  "60": {
    "cen_loss": 1.7028415659325502,
    "cen_accuracy": 0.5174235491270398
  },
  "61": {
    "cen_loss": 1.6930874727951069,
    "cen_accuracy": 0.5197185609527092
  },
  "62": {
    "cen_loss": 1.675133485078803,
    "cen_accuracy": 0.524915912953565
  },
  "63": {
    "cen_loss": 1.6914346394295585,
    "cen_accuracy": 0.5206396558076516
  },
  "64": {
    "cen_loss": 1.642659373714041,
    "cen_accuracy": 0.5298922021892345
  },
  "65": {
    "cen_loss": 1.667172399746442,
    "cen_accuracy": 0.5285884072784321
  },
  "66": {
    "cen_loss": 1.6874234423474004,
    "cen_accuracy": 0.5235419959828379
  },
  "67": {
    "cen_loss": 1.6820455215110417,
    "cen_accuracy": 0.5213658351061933
  },
  "68": {
    "cen_loss": 1.6656928528936217,
    "cen_accuracy": 0.525399636316096
  },
  "69": {
    "cen_loss": 1.6922057946054538,
    "cen_accuracy": 0.5257431155587777
  },
  "70": {
    "cen_loss": 1.6922057247661717,
    "cen_accuracy": 0.5257324189733655
  },
  "71": {
    "cen_loss": 1.672754779806051,
    "cen_accuracy": 0.528118946029784
  },
  "72": {
    "cen_loss": 1.7003030561363994,
    "cen_accuracy": 0.5241766600506305
  },
  "73": {
    "cen_loss": 1.6809499907625922,
    "cen_accuracy": 0.5242182578827892
  },
  "74": {
    "cen_loss": 1.6873038090463075,
    "cen_accuracy": 0.5231367142466633
  },
  "75": {
    "cen_loss": 1.6670445511079524,
    "cen_accuracy": 0.5271764580040171
  },
  "76": {
    "cen_loss": 1.6439353572558493,
    "cen_accuracy": 0.528659717847847
  },
  "77": {
    "cen_loss": 1.7091881321614488,
    "cen_accuracy": 0.5226387287702492
  },
  "78": {
    "cen_loss": 1.7114363491904268,
    "cen_accuracy": 0.5213860397675275
  },
  "79": {
    "cen_loss": 1.6336568712943063,
    "cen_accuracy": 0.5356029902898775
  },
  "80": {
    "cen_loss": 1.633656924300141,
    "cen_accuracy": 0.5356041787993677
  },
  "81": {
    "cen_loss": 1.631116912117839,
    "cen_accuracy": 0.5347068541342302
  },
  "82": {
    "cen_loss": 1.6214018472842933,
    "cen_accuracy": 0.5365811336003518
  },
  "83": {
    "cen_loss": 1.6527750416681786,
    "cen_accuracy": 0.5307051426805643
  },
  "84": {
    "cen_loss": 1.6499917834016389,
    "cen_accuracy": 0.5337572350515218
  },
  "85": {
    "cen_loss": 1.645900100752881,
    "cen_accuracy": 0.5352119706675857
  },
  "86": {
    "cen_loss": 1.6757457070895894,
    "cen_accuracy": 0.5310022700531264
  },
  "87": {
    "cen_loss": 1.6808410756963919,
    "cen_accuracy": 0.530526866257027
  },
  "88": {
    "cen_loss": 1.6763769237568884,
    "cen_accuracy": 0.5316214834975457
  },