{
  "0": {
    "cen_loss": 2.3028095273971556,
    "cen_accuracy": 0.10075
  },
  "1": {
    "cen_loss": 2.3028095273971556,
    "cen_accuracy": 0.10075
  },
  "2": {
    "cen_loss": 3.291052023410797,
    "cen_accuracy": 0.099
  },
  "3": {
    "cen_loss": 4.31604328584671,
    "cen_accuracy": 0.10075
  },
  "4": {
    "cen_loss": 5.926776557922364,
    "cen_accuracy": 0.101125
  },
  "5": {
    "cen_loss": 4.907522278785706,
    "cen_accuracy": 0.101125
  },
  "6": {
    "cen_loss": 4.283523232936859,
    "cen_accuracy": 0.13675
  },
  "7": {
    "cen_loss": 5.0539811983108525,
    "cen_accuracy": 0.118875
  },
  "8": {
    "cen_loss": 3.0957163429260253,
    "cen_accuracy": 0.254
  },
  "9": {
    "cen_loss": 2.54887922167778,
    "cen_accuracy": 0.29625
  },
  "10": {
    "cen_loss": 1.671599048256874,
    "cen_accuracy": 0.468625
  },
  "11": {
    "cen_loss": 1.7421476900577546,
    "cen_accuracy": 0.43275
  },
  "12": {
    "cen_loss": 2.4204935381412507,
    "cen_accuracy": 0.3565
  },
  "13": {
    "cen_loss": 1.6906525938510895,
    "cen_accuracy": 0.460375
  },
  "14": {
    "cen_loss": 2.1391440056562425,
    "cen_accuracy": 0.413
  },
  "15": {
    "cen_loss": 1.8797026110887527,
    "cen_accuracy": 0.482625
  },
  "16": {
    "cen_loss": 1.5592989003062248,
    "cen_accuracy": 0.5395
  },
  "17": {
    "cen_loss": 1.8462701177597045,
    "cen_accuracy": 0.5085
  },
  "18": {
    "cen_loss": 1.686807646870613,
    "cen_accuracy": 0.541
  },
  "19": {
    "cen_loss": 2.0181929121017457,
    "cen_accuracy": 0.512875
  },
  "20": {
    "cen_loss": 1.7041099967956543,
    "cen_accuracy": 0.575125
  },
  "21": {
    "cen_loss": 2.0863846592903137,
    "cen_accuracy": 0.497125
  },
  "22": {
    "cen_loss": 1.4053157870769502,
    "cen_accuracy": 0.583125
  },
  "23": {
    "cen_loss": 1.6786956638693808,
    "cen_accuracy": 0.56375
  },
  "24": {
    "cen_loss": 1.5246155606508256,
    "cen_accuracy": 0.58075
  },
  "25": {
    "cen_loss": 1.5318809889554978,
    "cen_accuracy": 0.580625
  },
  "26": {
    "cen_loss": 1.5370986355543137,
    "cen_accuracy": 0.582875
  },
  "27": {
    "cen_loss": 1.5605816707611084,
    "cen_accuracy": 0.575875
  },
  "28": {
    "cen_loss": 1.6546626238822937,
    "cen_accuracy": 0.578875
  },
  "29": {
    "cen_loss": 1.6368277191519738,
    "cen_accuracy": 0.5785
  },
  "30": {
    "cen_loss": 1.366033998399973,
    "cen_accuracy": 0.6295
  },
  "31": {
    "cen_loss": 1.4709812974333762,
    "cen_accuracy": 0.61025
  },
  "32": {
    "cen_loss": 1.3451704851984978,
    "cen_accuracy": 0.62625
  },
  "33": {
    "cen_loss": 1.2719279858469963,
    "cen_accuracy": 0.632125
  },
  "34": {
    "cen_loss": 1.5548418171405791,
    "cen_accuracy": 0.59325
  },
  "35": {
    "cen_loss": 1.4631596458554268,
    "cen_accuracy": 0.61325
  },
  "36": {
    "cen_loss": 1.423503981947899,
    "cen_accuracy": 0.614125
  },
  "37": {
    "cen_loss": 1.3593188869953154,
    "cen_accuracy": 0.6315
  },
  "38": {
    "cen_loss": 1.4482249384522439,
    "cen_accuracy": 0.6215
  },
  "39": {
    "cen_loss": 1.3817651907205581,
    "cen_accuracy": 0.634125
  },
  "40": {
    "cen_loss": 1.3382488732337952,
    "cen_accuracy": 0.6505
  },
  "41": {
    "cen_loss": 1.3644631193876267,
    "cen_accuracy": 0.626125
  },
  "42": {
    "cen_loss": 1.3327393147945403,
    "cen_accuracy": 0.635875
  },
  "43": {
    "cen_loss": 1.3760332673788072,
    "cen_accuracy": 0.63675
  },
  "44": {
    "cen_loss": 1.2430605224370956,
    "cen_accuracy": 0.65475
  },
  "45": {
    "cen_loss": 1.3895107756853105,
    "cen_accuracy": 0.630625
  },
  "46": {
    "cen_loss": 1.3155613432228566,
    "cen_accuracy": 0.6475
  },
  "47": {
    "cen_loss": 1.2463573505282401,
    "cen_accuracy": 0.665125
  },
  "48": {
    "cen_loss": 1.1644971265792847,
    "cen_accuracy": 0.66925
  },
  "49": {
    "cen_loss": 1.2680607589185238,
    "cen_accuracy": 0.654
  },
  "50": {
    "cen_loss": 1.3444175310730935,
    "cen_accuracy": 0.650625
  },
  "51": {
    "cen_loss": 1.1850709925740956,
    "cen_accuracy": 0.667875
  },
  "52": {
    "cen_loss": 1.1990445953309536,
    "cen_accuracy": 0.667625
  },
  "53": {
    "cen_loss": 1.314651246368885,
    "cen_accuracy": 0.656875
  },
  "54": {
    "cen_loss": 1.2315446531176568,
    "cen_accuracy": 0.668625
  },
  "55": {
    "cen_loss": 1.2499633554518224,
    "cen_accuracy": 0.65175
  },
  "56": {
    "cen_loss": 1.309861477136612,
    "cen_accuracy": 0.6565
  },
  "57": {
    "cen_loss": 1.2408238465487957,
    "cen_accuracy": 0.662
  },
  "58": {
    "cen_loss": 1.3232504032850265,
    "cen_accuracy": 0.645875
  },
  "59": {
    "cen_loss": 1.2644055664837361,
    "cen_accuracy": 0.659125
  },
  "60": {
    "cen_loss": 1.2818770915269853,
    "cen_accuracy": 0.671875
  },
  "61": {
    "cen_loss": 1.4938720307648181,
    "cen_accuracy": 0.629125
  },
  "62": {
    "cen_loss": 1.4252677663862705,
    "cen_accuracy": 0.64075
  },
  "63": {
    "cen_loss": 1.282867875725031,
    "cen_accuracy": 0.660125
  },
  "64": {
    "cen_loss": 1.2828841896355152,
    "cen_accuracy": 0.665625
  },
  "65": {
    "cen_loss": 1.2241699644327164,
    "cen_accuracy": 0.674
  },
  "66": {
    "cen_loss": 1.2126697399020194,
    "cen_accuracy": 0.672375
  },
  "67": {
    "cen_loss": 1.2692377278208733,
    "cen_accuracy": 0.663875
  },
  "68": {
    "cen_loss": 1.2454938958585262,
    "cen_accuracy": 0.65775
  },
  "69": {
    "cen_loss": 1.1553675411045552,
    "cen_accuracy": 0.67625
  },
  "70": {
    "cen_loss": 1.2564285358190537,
    "cen_accuracy": 0.660875
  },
  "71": {
    "cen_loss": 1.186791889488697,
    "cen_accuracy": 0.666625
  },
  "72": {
    "cen_loss": 1.1831390990912913,
    "cen_accuracy": 0.667375
  },
  "73": {
    "cen_loss": 1.2719622491002083,
    "cen_accuracy": 0.65675
  },
  "74": {
    "cen_loss": 1.230114585518837,
    "cen_accuracy": 0.65275
  },
  "75": {
    "cen_loss": 1.18846129193902,
    "cen_accuracy": 0.672875
  },
  "76": {
    "cen_loss": 1.229197422206402,
    "cen_accuracy": 0.67275
  },
  "77": {
    "cen_loss": 1.2684208191931248,
    "cen_accuracy": 0.65875
  },
  "78": {
    "cen_loss": 1.3448295128643513,
    "cen_accuracy": 0.654
  },
  "79": {
    "cen_loss": 1.232704315930605,
    "cen_accuracy": 0.665125
  },
  "80": {
    "cen_loss": 1.336276085868478,
    "cen_accuracy": 0.662125
  },
  "81": {
    "cen_loss": 1.241497758716345,
    "cen_accuracy": 0.67025
  },
  "82": {
    "cen_loss": 1.2096734232604505,
    "cen_accuracy": 0.66925
  },
  "83": {
    "cen_loss": 1.142304241389036,
    "cen_accuracy": 0.6855
  },
  "84": {
    "cen_loss": 1.178086397856474,
    "cen_accuracy": 0.681875
  },
  "85": {
    "cen_loss": 1.11068069550395,
    "cen_accuracy": 0.688375
  },
  "86": {
    "cen_loss": 1.187817743062973,
    "cen_accuracy": 0.677
  },
  "87": {
    "cen_loss": 1.146406361579895,
    "cen_accuracy": 0.67675
  },
  "88": {
    "cen_loss": 1.1736027259677648,
    "cen_accuracy": 0.67075
  },
  "89": {
    "cen_loss": 1.0725456179976463,
    "cen_accuracy": 0.68975
  },
  "90": {
    "cen_loss": 1.119861563116312,
    "cen_accuracy": 0.688375
  },
  "91": {
    "cen_loss": 1.0431519648432732,
    "cen_accuracy": 0.6955
  },
  "92": {
    "cen_loss": 1.0620075473189354,
    "cen_accuracy": 0.69525
  },
  "93": {
    "cen_loss": 1.0996614519655705,
    "cen_accuracy": 0.68175
  },
  "94": {
    "cen_loss": 1.0600036494284868,
    "cen_accuracy": 0.692125
  },
  "95": {
    "cen_loss": 1.0259070120900868,
    "cen_accuracy": 0.698875
  },
  "96": {
    "cen_loss": 1.0996469833254814,
    "cen_accuracy": 0.68975
  },
  "97": {
    "cen_loss": 1.096519207984209,
    "cen_accuracy": 0.692125
  },
  "98": {
    "cen_loss": 1.210281217455864,
    "cen_accuracy": 0.67175
  },
  "99": {
    "cen_loss": 1.1718247554004193,
    "cen_accuracy": 0.68575
  },
  "100": {
    "cen_loss": 1.1547235455513,
    "cen_accuracy": 0.695375
  },
  "101": {
    "cen_loss": 1.2075840750932694,