{
  "0": {
    "cen_loss": 2.3027670545578003,
    "cen_accuracy": 0.0985
  },
  "1": {
    "cen_loss": 2.3027670545578003,
    "cen_accuracy": 0.0985
  },
  "2": {
    "cen_loss": 3.492412576675415,
    "cen_accuracy": 0.099875
  },
  "3": {
    "cen_loss": 4.082303830623626,
    "cen_accuracy": 0.12625
  },
  "4": {
    "cen_loss": 5.388139769077301,
    "cen_accuracy": 0.099875
  },
  "5": {
    "cen_loss": 5.607137211322785,
    "cen_accuracy": 0.099875
  },
  "6": {
    "cen_loss": 6.721392145156861,
    "cen_accuracy": 0.099875
  },
  "7": {
    "cen_loss": 5.609909992694854,
    "cen_accuracy": 0.105125
  },
  "8": {
    "cen_loss": 3.900622362613678,
    "cen_accuracy": 0.17725
  },
  "9": {
    "cen_loss": 2.705448991060257,
    "cen_accuracy": 0.294875
  },
  "10": {
    "cen_loss": 1.673766257226467,
    "cen_accuracy": 0.484625
  },
  "11": {
    "cen_loss": 2.0906970838308334,
    "cen_accuracy": 0.356375
  },
  "12": {
    "cen_loss": 1.7698967176675797,
    "cen_accuracy": 0.45125
  },
  "13": {
    "cen_loss": 1.6508784792423248,
    "cen_accuracy": 0.487375
  },
  "14": {
    "cen_loss": 2.074020774960518,
    "cen_accuracy": 0.4325
  },
  "15": {
    "cen_loss": 1.8071317474842072,
    "cen_accuracy": 0.48875
  },
  "16": {
    "cen_loss": 1.7148412531614303,
    "cen_accuracy": 0.51625
  },
  "17": {
    "cen_loss": 1.7123135535717011,
    "cen_accuracy": 0.523
  },
  "18": {
    "cen_loss": 1.4284640880823136,
    "cen_accuracy": 0.58475
  },
  "19": {
    "cen_loss": 1.4293582934737206,
    "cen_accuracy": 0.583
  },
  "20": {
    "cen_loss": 1.4658997260332107,
    "cen_accuracy": 0.585125
  },
  "21": {
    "cen_loss": 1.2871983096301556,
    "cen_accuracy": 0.61375
  },
  "22": {
    "cen_loss": 1.345547017097473,
    "cen_accuracy": 0.595875
  },
  "23": {
    "cen_loss": 1.412420023202896,
    "cen_accuracy": 0.6005
  },
  "24": {
    "cen_loss": 1.452652868807316,
    "cen_accuracy": 0.58675
  },
  "25": {
    "cen_loss": 1.4094700275659562,
    "cen_accuracy": 0.600875
  },
  "26": {
    "cen_loss": 1.3667362660765647,
    "cen_accuracy": 0.62325
  },
  "27": {
    "cen_loss": 1.264498364239931,
    "cen_accuracy": 0.6315
  },
  "28": {
    "cen_loss": 1.260992257207632,
    "cen_accuracy": 0.62975
  },
  "29": {
    "cen_loss": 1.3700338139235972,
    "cen_accuracy": 0.620875
  },
  "30": {
    "cen_loss": 1.3155330140292645,
    "cen_accuracy": 0.64325
  },
  "31": {
    "cen_loss": 1.3779094564318657,
    "cen_accuracy": 0.626625
  },
  "32": {
    "cen_loss": 1.2340365023612976,
    "cen_accuracy": 0.648
  },
  "33": {
    "cen_loss": 1.2490159024596215,
    "cen_accuracy": 0.64
  },
  "34": {
    "cen_loss": 1.262373546153307,
    "cen_accuracy": 0.638
  },
  "35": {
    "cen_loss": 1.1877179949581622,
    "cen_accuracy": 0.659625
  },
  "36": {
    "cen_loss": 1.3062209193110466,
    "cen_accuracy": 0.637625
  },
  "37": {
    "cen_loss": 1.2694029293656348,
    "cen_accuracy": 0.649375
  },
  "38": {
    "cen_loss": 1.2003803618252278,
    "cen_accuracy": 0.666875
  },
  "39": {
    "cen_loss": 1.2190676291286946,
    "cen_accuracy": 0.658
  },
  "40": {
    "cen_loss": 1.241378464102745,
    "cen_accuracy": 0.661375
  },
  "41": {
    "cen_loss": 1.2456565362215042,
    "cen_accuracy": 0.662625
  },
  "42": {
    "cen_loss": 1.1232860063016414,
    "cen_accuracy": 0.678125
  },
  "43": {
    "cen_loss": 1.1621819348335267,
    "cen_accuracy": 0.6695
  },
  "44": {
    "cen_loss": 1.252297140210867,
    "cen_accuracy": 0.668875
  },
  "45": {
    "cen_loss": 1.0771948046088218,
    "cen_accuracy": 0.69625
  },
  "46": {
    "cen_loss": 1.096652271449566,
    "cen_accuracy": 0.6945
  },
  "47": {
    "cen_loss": 1.0863372143954038,
    "cen_accuracy": 0.6885
  },
  "48": {
    "cen_loss": 1.0930706846266984,
    "cen_accuracy": 0.6935
  },
  "49": {
    "cen_loss": 1.0951245474815368,
    "cen_accuracy": 0.693
  },
  "50": {
    "cen_loss": 1.1353846286982299,
    "cen_accuracy": 0.6995
  },
  "51": {
    "cen_loss": 1.0704700924456119,
    "cen_accuracy": 0.694125
  },
  "52": {
    "cen_loss": 1.0397278723120689,
    "cen_accuracy": 0.704375
  },
  "53": {
    "cen_loss": 1.0604828259944916,
    "cen_accuracy": 0.700875
  },
  "54": {
    "cen_loss": 1.0569873095452786,
    "cen_accuracy": 0.69775
  },
  "55": {
    "cen_loss": 1.0282730894088745,
    "cen_accuracy": 0.710625
  },
  "56": {
    "cen_loss": 1.0736758199930192,
    "cen_accuracy": 0.700625
  },
  "57": {
    "cen_loss": 1.023627278059721,
    "cen_accuracy": 0.707625
  },
  "58": {
    "cen_loss": 1.1226627824008464,
    "cen_accuracy": 0.697625
  },
  "59": {
    "cen_loss": 1.143197148680687,
    "cen_accuracy": 0.685625
  },
  "60": {
    "cen_loss": 1.2008811869621276,
    "cen_accuracy": 0.686875
  },
  "61": {
    "cen_loss": 0.9381432178989053,
    "cen_accuracy": 0.725625
  },
  "62": {
    "cen_loss": 0.9821316837966442,
    "cen_accuracy": 0.715375
  },
  "63": {
    "cen_loss": 1.0200574845373631,
    "cen_accuracy": 0.714
  },
  "64": {
    "cen_loss": 1.049370588093996,
    "cen_accuracy": 0.705625
  },
  "65": {
    "cen_loss": 0.9997106684073805,
    "cen_accuracy": 0.71425
  },
  "66": {
    "cen_loss": 1.0144943986088037,
    "cen_accuracy": 0.713625
  },
  "67": {
    "cen_loss": 1.0262975021898746,
    "cen_accuracy": 0.71025
  },
  "68": {
    "cen_loss": 0.9404561356753111,
    "cen_accuracy": 0.728375
  },
  "69": {
    "cen_loss": 0.9713864054232836,
    "cen_accuracy": 0.721875
  },
  "70": {
    "cen_loss": 1.0485693345665932,
    "cen_accuracy": 0.717125
  },
  "71": {
    "cen_loss": 1.0256882161945104,
    "cen_accuracy": 0.710625
  },
  "72": {
    "cen_loss": 0.9929482135400176,
    "cen_accuracy": 0.715875
  },
  "73": {
    "cen_loss": 0.9837532482147217,
    "cen_accuracy": 0.713
  },
  "74": {
    "cen_loss": 1.0355772360414266,
    "cen_accuracy": 0.716625
  },
  "75": {
    "cen_loss": 0.933042509958148,
    "cen_accuracy": 0.727875
  },
  "76": {
    "cen_loss": 0.934341829828918,
    "cen_accuracy": 0.7245
  },
  "77": {
    "cen_loss": 0.9779264531582594,
    "cen_accuracy": 0.722375
  },
  "78": {
    "cen_loss": 0.9803766832426191,
    "cen_accuracy": 0.731
  },
  "79": {
    "cen_loss": 0.934391918450594,
    "cen_accuracy": 0.7305
  },
  "80": {
    "cen_loss": 1.0346641442775726,
    "cen_accuracy": 0.725625
  },
  "81": {
    "cen_loss": 0.9351443055421114,
    "cen_accuracy": 0.7245
  },
  "82": {
    "cen_loss": 0.9140327125787735,
    "cen_accuracy": 0.737375
  },
  "83": {
    "cen_loss": 0.93148138050735,
    "cen_accuracy": 0.724625
  },
  "84": {
    "cen_loss": 0.8917789089456201,
    "cen_accuracy": 0.7395
  },
  "85": {
    "cen_loss": 0.9073166995048523,
    "cen_accuracy": 0.736625
  },
  "86": {
    "cen_loss": 0.898670579046011,
    "cen_accuracy": 0.739
  },
  "87": {
    "cen_loss": 0.9149208461791277,
    "cen_accuracy": 0.73625
  },
  "88": {
    "cen_loss": 0.9102107422500849,
    "cen_accuracy": 0.736
  },
  "89": {
    "cen_loss": 0.8752495340406895,
    "cen_accuracy": 0.746125
  },
  "90": {
    "cen_loss": 0.9413567117601633,
    "cen_accuracy": 0.740375
  },
  "91": {
    "cen_loss": 0.9065556022562087,
    "cen_accuracy": 0.73725
  },
  "92": {
    "cen_loss": 0.9504801174923777,
    "cen_accuracy": 0.731625
  },
  "93": {
    "cen_loss": 0.9445998982936143,
    "cen_accuracy": 0.731625
  },
  "94": {
    "cen_loss": 0.9503450450077653,
    "cen_accuracy": 0.734
  },
  "95": {
    "cen_loss": 0.902216689132154,
    "cen_accuracy": 0.74125
  },
  "96": {
    "cen_loss": 0.9007957734167575,
    "cen_accuracy": 0.74525
  },
  "97": {
    "cen_loss": 0.9149278351515532,
    "cen_accuracy": 0.73775
  },
  "98": {
    "cen_loss": 0.889964068070054,
    "cen_accuracy": 0.747125
  },
  "99": {
    "cen_loss": 0.9317601055875421,
    "cen_accuracy": 0.73275
  },
  "100": {
    "cen_loss": 0.9986034499704838,
    "cen_accuracy": 0.721125
  },
  "101": {
    "cen_loss": 0.9058591355830431,