{
  "0": {
    "cen_loss": 2.3027670545578003,
    "cen_accuracy": 0.0985
  },
  "1": {
    "cen_loss": 2.3027670545578003,
    "cen_accuracy": 0.0985
  },
  "2": {
    "cen_loss": 2.691823748588562,
    "cen_accuracy": 0.099875
  },
  "3": {
    "cen_loss": 4.356063590526581,
    "cen_accuracy": 0.103875
  },
  "4": {
    "cen_loss": 3.401429081439972,
    "cen_accuracy": 0.1115
  },
  "5": {
    "cen_loss": 2.775697143793106,
    "cen_accuracy": 0.246125
  },
  "6": {
    "cen_loss": 2.9369166507720945,
    "cen_accuracy": 0.209625
  },
  "7": {
    "cen_loss": 3.8436880927085877,
    "cen_accuracy": 0.215
  },
  "8": {
    "cen_loss": 2.909906192779541,
    "cen_accuracy": 0.212125
  },
  "9": {
    "cen_loss": 2.2138632245063783,
    "cen_accuracy": 0.242
  },
  "10": {
    "cen_loss": 2.6884583389759062,
    "cen_accuracy": 0.227
  },
  "11": {
    "cen_loss": 2.99346181845665,
    "cen_accuracy": 0.291125
  },
  "12": {
    "cen_loss": 2.497451553106308,
    "cen_accuracy": 0.31625
  },
  "13": {
    "cen_loss": 1.8733807609081268,
    "cen_accuracy": 0.3535
  },
  "14": {
    "cen_loss": 3.538803936958313,
    "cen_accuracy": 0.2295
  },
  "15": {
    "cen_loss": 3.7395938198566436,
    "cen_accuracy": 0.2015
  },
  "16": {
    "cen_loss": 2.2059941499233244,
    "cen_accuracy": 0.334375
  },
  "17": {
    "cen_loss": 3.118580529212952,
    "cen_accuracy": 0.28475
  },
  "18": {
    "cen_loss": 1.9359710661172866,
    "cen_accuracy": 0.393
  },
  "19": {
    "cen_loss": 2.463836770057678,
    "cen_accuracy": 0.386125
  },
  "20": {
    "cen_loss": 3.6429997744560243,
    "cen_accuracy": 0.327375
  },
  "21": {
    "cen_loss": 2.8072252006530762,
    "cen_accuracy": 0.315375
  },
  "22": {
    "cen_loss": 2.0163434680700303,
    "cen_accuracy": 0.3885
  },
  "23": {
    "cen_loss": 2.3808769912719727,
    "cen_accuracy": 0.29925
  },
  "24": {
    "cen_loss": 2.7337966005802157,
    "cen_accuracy": 0.328875
  },
  "25": {
    "cen_loss": 2.847685156583786,
    "cen_accuracy": 0.361125
  },
  "26": {
    "cen_loss": 2.6912881979942322,
    "cen_accuracy": 0.357125
  },
  "27": {
    "cen_loss": 2.6538315265178682,
    "cen_accuracy": 0.3425
  },
  "28": {
    "cen_loss": 1.6623104977607728,
    "cen_accuracy": 0.42425
  },
  "29": {
    "cen_loss": 2.5376075184345246,
    "cen_accuracy": 0.33525
  },
  "30": {
    "cen_loss": 3.42595938706398,
    "cen_accuracy": 0.290125
  },
  "31": {
    "cen_loss": 2.5919276272058487,
    "cen_accuracy": 0.35375
  },
  "32": {
    "cen_loss": 2.451567781805992,
    "cen_accuracy": 0.372875
  },
  "33": {
    "cen_loss": 2.5681112484931945,
    "cen_accuracy": 0.351625
  },
  "34": {
    "cen_loss": 3.4998337998390197,
    "cen_accuracy": 0.311375
  },
  "35": {
    "cen_loss": 1.6704240885972976,
    "cen_accuracy": 0.47175
  },
  "36": {
    "cen_loss": 1.8875582666397095,
    "cen_accuracy": 0.446625
  },
  "37": {
    "cen_loss": 2.717589148283005,
    "cen_accuracy": 0.29375
  },
  "38": {
    "cen_loss": 1.8777815215587617,
    "cen_accuracy": 0.457
  },
  "39": {
    "cen_loss": 2.6168373705148698,
    "cen_accuracy": 0.3365
  },
  "40": {
    "cen_loss": 3.1653739976882935,
    "cen_accuracy": 0.30475
  },
  "41": {
    "cen_loss": 2.0288043344020843,
    "cen_accuracy": 0.41975
  },
  "42": {
    "cen_loss": 2.4988374606370924,
    "cen_accuracy": 0.4115
  },
  "43": {
    "cen_loss": 2.343457768201828,
    "cen_accuracy": 0.35425
  },
  "44": {
    "cen_loss": 3.361713629245758,
    "cen_accuracy": 0.332125
  },
  "45": {
    "cen_loss": 2.0430649101138116,
    "cen_accuracy": 0.39625
  },
  "46": {
    "cen_loss": 2.619068682909012,
    "cen_accuracy": 0.28425
  },
  "47": {
    "cen_loss": 1.7427478382587434,
    "cen_accuracy": 0.417875
  },
  "48": {
    "cen_loss": 2.0898496972322462,
    "cen_accuracy": 0.42825
  },
  "49": {
    "cen_loss": 2.4430222702026367,
    "cen_accuracy": 0.384875
  },
  "50": {
    "cen_loss": 3.2466862466335296,
    "cen_accuracy": 0.333
  },
  "51": {
    "cen_loss": 1.87843914103508,
    "cen_accuracy": 0.478875
  },
  "52": {
    "cen_loss": 2.6426478385925294,
    "cen_accuracy": 0.36575
  },
  "53": {
    "cen_loss": 1.3529307792782783,
    "cen_accuracy": 0.536625
  },
  "54": {
    "cen_loss": 2.527251295566559,
    "cen_accuracy": 0.35625
  },
  "55": {
    "cen_loss": 1.5481565051078796,
    "cen_accuracy": 0.48825
  },
  "56": {
    "cen_loss": 2.3857364599704742,
    "cen_accuracy": 0.414
  },
  "57": {
    "cen_loss": 3.331711506843567,
    "cen_accuracy": 0.2505
  },
  "58": {
    "cen_loss": 2.791274708032608,
    "cen_accuracy": 0.34875
  },
  "59": {
    "cen_loss": 3.2929175701141356,
    "cen_accuracy": 0.301875
  },
  "60": {
    "cen_loss": 3.7628993644714357,
    "cen_accuracy": 0.2825
  },
  "61": {
    "cen_loss": 2.6403543412685395,
    "cen_accuracy": 0.36175
  },
  "62": {
    "cen_loss": 1.7636774895191192,
    "cen_accuracy": 0.470875
  },
  "63": {
    "cen_loss": 1.947674354672432,
    "cen_accuracy": 0.4945
  },
  "64": {
    "cen_loss": 2.83755849981308,
    "cen_accuracy": 0.324
  },
  "65": {
    "cen_loss": 3.0084333571195603,
    "cen_accuracy": 0.252
  },
  "66": {
    "cen_loss": 2.0578770733475684,
    "cen_accuracy": 0.45825
  },
  "67": {
    "cen_loss": 3.1124575407505035,
    "cen_accuracy": 0.23725
  },
  "68": {
    "cen_loss": 2.1483829346895216,
    "cen_accuracy": 0.374875
  },
  "69": {
    "cen_loss": 3.787997862577438,
    "cen_accuracy": 0.30625
  },
  "70": {
    "cen_loss": 5.081437530994415,
    "cen_accuracy": 0.2765
  },
  "71": {
    "cen_loss": 1.7320152518749237,
    "cen_accuracy": 0.408375
  },
  "72": {
    "cen_loss": 1.7130941922664642,
    "cen_accuracy": 0.41925
  },
  "73": {
    "cen_loss": 1.9338864489793777,
    "cen_accuracy": 0.43175
  },
  "74": {
    "cen_loss": 1.7496924985647202,
    "cen_accuracy": 0.4385
  },
  "75": {
    "cen_loss": 2.07443764936924,
    "cen_accuracy": 0.4205
  },
  "76": {
    "cen_loss": 1.419475267291069,
    "cen_accuracy": 0.5205
  },
  "77": {
    "cen_loss": 2.154766449213028,
    "cen_accuracy": 0.443375
  },
  "78": {
    "cen_loss": 2.4939339081048963,
    "cen_accuracy": 0.372125
  },
  "79": {
    "cen_loss": 1.5370892441272737,
    "cen_accuracy": 0.488625
  },
  "80": {
    "cen_loss": 2.2922343648672103,
    "cen_accuracy": 0.37975
  },
  "81": {
    "cen_loss": 2.0241934987306593,
    "cen_accuracy": 0.444875
  },
  "82": {
    "cen_loss": 1.8822343851327896,
    "cen_accuracy": 0.43425
  },
  "83": {
    "cen_loss": 1.7837450619935988,
    "cen_accuracy": 0.444
  },
  "84": {
    "cen_loss": 1.7994314064979553,
    "cen_accuracy": 0.417
  },
  "85": {
    "cen_loss": 1.5850919876098633,
    "cen_accuracy": 0.5125
  },
  "86": {
    "cen_loss": 2.379016581773758,
    "cen_accuracy": 0.381625
  },
  "87": {
    "cen_loss": 1.2071018407344818,
    "cen_accuracy": 0.5705
  },
  "88": {
    "cen_loss": 1.4994910529851913,
    "cen_accuracy": 0.51575
  },
  "89": {
    "cen_loss": 1.917081256508827,
    "cen_accuracy": 0.42575
  },
  "90": {
    "cen_loss": 2.381419079065323,
    "cen_accuracy": 0.375625
  },
  "91": {
    "cen_loss": 2.539641807794571,
    "cen_accuracy": 0.382
  },
  "92": {
    "cen_loss": 1.5045261318087577,
    "cen_accuracy": 0.538625
  },
  "93": {
    "cen_loss": 1.675831063747406,
    "cen_accuracy": 0.489875
  },
  "94": {
    "cen_loss": 1.37539314109087,
    "cen_accuracy": 0.56075
  },
  "95": {
    "cen_loss": 1.6152809821367264,
    "cen_accuracy": 0.533
  },
  "96": {
    "cen_loss": 1.9912059172391892,
    "cen_accuracy": 0.463
  },
  "97": {
    "cen_loss": 2.593721810102463,
    "cen_accuracy": 0.403
  },
  "98": {
    "cen_loss": 1.4621382774114609,
    "cen_accuracy": 0.50025
  },
  "99": {
    "cen_loss": 1.154470731139183,
    "cen_accuracy": 0.6035
  },
  "100": {
    "cen_loss": 1.6042066237330437,
    "cen_accuracy": 0.507125
  },
  "101": {
    "cen_loss": 1.6661744678616524,
    "cen_accuracy": 0.540125
  },