{
  "0": {
    "cen_loss": 2.302756995201111,
    "cen_accuracy": 0.100375
  },
  "1": {
    "cen_loss": 2.302756995201111,
    "cen_accuracy": 0.100375
  },
  "2": {
    "cen_loss": 3.547769194126129,
    "cen_accuracy": 0.100625
  },
  "3": {
    "cen_loss": 4.424665166854858,
    "cen_accuracy": 0.099125
  },
  "4": {
    "cen_loss": 5.035997383117675,
    "cen_accuracy": 0.099125
  },
  "5": {
    "cen_loss": 4.990173554897308,
    "cen_accuracy": 0.103375
  },
  "6": {
    "cen_loss": 4.722629166603088,
    "cen_accuracy": 0.120875
  },
  "7": {
    "cen_loss": 3.4247484898567198,
    "cen_accuracy": 0.19875
  },
  "8": {
    "cen_loss": 2.6446080889701844,
    "cen_accuracy": 0.284875
  },
  "9": {
    "cen_loss": 2.195295580983162,
    "cen_accuracy": 0.36375
  },
  "10": {
    "cen_loss": 1.5669184220433234,
    "cen_accuracy": 0.535125
  },
  "11": {
    "cen_loss": 1.942055129647255,
    "cen_accuracy": 0.446
  },
  "12": {
    "cen_loss": 1.9101588439941406,
    "cen_accuracy": 0.463
  },
  "13": {
    "cen_loss": 1.757833071231842,
    "cen_accuracy": 0.50525
  },
  "14": {
    "cen_loss": 1.7903995960950851,
    "cen_accuracy": 0.511375
  },
  "15": {
    "cen_loss": 1.645742567718029,
    "cen_accuracy": 0.54325
  },
  "16": {
    "cen_loss": 1.5707442623972894,
    "cen_accuracy": 0.565375
  },
  "17": {
    "cen_loss": 1.6304551005661487,
    "cen_accuracy": 0.563875
  },
  "18": {
    "cen_loss": 1.6247541903853417,
    "cen_accuracy": 0.56475
  },
  "19": {
    "cen_loss": 1.461126580119133,
    "cen_accuracy": 0.601875
  },
  "20": {
    "cen_loss": 1.540892917305231,
    "cen_accuracy": 0.603375
  },
  "21": {
    "cen_loss": 1.4291281048059463,
    "cen_accuracy": 0.609625
  },
  "22": {
    "cen_loss": 1.3460220066905022,
    "cen_accuracy": 0.624875
  },
  "23": {
    "cen_loss": 1.3545903953015803,
    "cen_accuracy": 0.62275
  },
  "24": {
    "cen_loss": 1.351567754328251,
    "cen_accuracy": 0.627125
  },
  "25": {
    "cen_loss": 1.2836037611365319,
    "cen_accuracy": 0.640625
  },
  "26": {
    "cen_loss": 1.260582766354084,
    "cen_accuracy": 0.646
  },
  "27": {
    "cen_loss": 1.2546413803100587,
    "cen_accuracy": 0.64875
  },
  "28": {
    "cen_loss": 1.2255793490111828,
    "cen_accuracy": 0.663
  },
  "29": {
    "cen_loss": 1.246970185637474,
    "cen_accuracy": 0.65425
  },
  "30": {
    "cen_loss": 1.2504970602840184,
    "cen_accuracy": 0.66725
  },
  "31": {
    "cen_loss": 1.168964813798666,
    "cen_accuracy": 0.6705
  },
  "32": {
    "cen_loss": 1.2247820306718349,
    "cen_accuracy": 0.667875
  },
  "33": {
    "cen_loss": 1.1819053183197976,
    "cen_accuracy": 0.676625
  },
  "34": {
    "cen_loss": 1.26972996622324,
    "cen_accuracy": 0.6565
  },
  "35": {
    "cen_loss": 1.2841374614089727,
    "cen_accuracy": 0.657875
  },
  "36": {
    "cen_loss": 1.1530683875083922,
    "cen_accuracy": 0.6765
  },
  "37": {
    "cen_loss": 1.1512223600745202,
    "cen_accuracy": 0.688125
  },
  "38": {
    "cen_loss": 1.181981212437153,
    "cen_accuracy": 0.67125
  },
  "39": {
    "cen_loss": 1.221289791882038,
    "cen_accuracy": 0.669
  },
  "40": {
    "cen_loss": 1.1877701516151429,
    "cen_accuracy": 0.688125
  },
  "41": {
    "cen_loss": 1.0995911960601807,
    "cen_accuracy": 0.6865
  },
  "42": {
    "cen_loss": 1.0525227545499802,
    "cen_accuracy": 0.692625
  },
  "43": {
    "cen_loss": 1.07911869071424,
    "cen_accuracy": 0.691375
  },
  "44": {
    "cen_loss": 1.1631570633649826,
    "cen_accuracy": 0.685
  },
  "45": {
    "cen_loss": 1.066133645042777,
    "cen_accuracy": 0.6965
  },
  "46": {
    "cen_loss": 1.0502482951432466,
    "cen_accuracy": 0.704625
  },
  "47": {
    "cen_loss": 1.0854090157598257,
    "cen_accuracy": 0.7015
  },
  "48": {
    "cen_loss": 1.1762019574195146,
    "cen_accuracy": 0.684125
  },
  "49": {
    "cen_loss": 1.091725515961647,
    "cen_accuracy": 0.7025
  },
  "50": {
    "cen_loss": 1.099360994130373,
    "cen_accuracy": 0.70775
  },
  "51": {
    "cen_loss": 1.061583794608712,
    "cen_accuracy": 0.70625
  },
  "52": {
    "cen_loss": 1.0335098204910755,
    "cen_accuracy": 0.704625
  },
  "53": {
    "cen_loss": 1.0502379464507103,
    "cen_accuracy": 0.709875
  },
  "54": {
    "cen_loss": 1.0877168883681296,
    "cen_accuracy": 0.70425
  },
  "55": {
    "cen_loss": 1.024363573476672,
    "cen_accuracy": 0.71725
  },
  "56": {
    "cen_loss": 0.982728019207716,
    "cen_accuracy": 0.72725
  },
  "57": {
    "cen_loss": 1.008608237415552,
    "cen_accuracy": 0.72175
  },
  "58": {
    "cen_loss": 1.0270385018736123,
    "cen_accuracy": 0.712875
  },
  "59": {
    "cen_loss": 1.1050638191848994,
    "cen_accuracy": 0.700625
  },
  "60": {
    "cen_loss": 1.234828416466713,
    "cen_accuracy": 0.69025
  },
  "61": {
    "cen_loss": 0.9687939658164978,
    "cen_accuracy": 0.72375
  },
  "62": {
    "cen_loss": 1.0034270318448544,
    "cen_accuracy": 0.71725
  },
  "63": {
    "cen_loss": 0.9574018480479717,
    "cen_accuracy": 0.723875
  },
  "64": {
    "cen_loss": 0.9224870114326477,
    "cen_accuracy": 0.7375
  },
  "65": {
    "cen_loss": 0.9506373751908541,
    "cen_accuracy": 0.72925
  },
  "66": {
    "cen_loss": 0.9815403828173875,
    "cen_accuracy": 0.726875
  },
  "67": {
    "cen_loss": 0.9921163387149572,
    "cen_accuracy": 0.730125
  },
  "68": {
    "cen_loss": 1.009736876487732,
    "cen_accuracy": 0.731
  },
  "69": {
    "cen_loss": 0.9496925704479218,
    "cen_accuracy": 0.728625
  },
  "70": {
    "cen_loss": 0.9921754705905914,
    "cen_accuracy": 0.73175
  },
  "71": {
    "cen_loss": 0.9682693605720997,
    "cen_accuracy": 0.72775
  },
  "72": {
    "cen_loss": 0.9651916131675243,
    "cen_accuracy": 0.734125
  },
  "73": {
    "cen_loss": 0.869165882319212,
    "cen_accuracy": 0.742125
  },
  "74": {
    "cen_loss": 0.8876580163985491,
    "cen_accuracy": 0.744625
  },
  "75": {
    "cen_loss": 0.9192865844219923,
    "cen_accuracy": 0.73575
  },
  "76": {
    "cen_loss": 0.857151650428772,
    "cen_accuracy": 0.7445
  },
  "77": {
    "cen_loss": 0.9338823098540306,
    "cen_accuracy": 0.727625
  },
  "78": {
    "cen_loss": 0.9516442092806101,
    "cen_accuracy": 0.73375
  },
  "79": {
    "cen_loss": 0.895071685835719,
    "cen_accuracy": 0.74125
  },
  "80": {
    "cen_loss": 0.9328652898222208,
    "cen_accuracy": 0.741125
  },
  "81": {
    "cen_loss": 0.8780947912633419,
    "cen_accuracy": 0.745625
  },
  "82": {
    "cen_loss": 0.9035746156051755,
    "cen_accuracy": 0.746125
  },
  "83": {
    "cen_loss": 0.8958508238494396,
    "cen_accuracy": 0.74625
  },
  "84": {
    "cen_loss": 0.8906172684878111,
    "cen_accuracy": 0.748625
  },
  "85": {
    "cen_loss": 0.9339618231654168,
    "cen_accuracy": 0.745
  },
  "86": {
    "cen_loss": 0.9083800572901964,
    "cen_accuracy": 0.7475
  },
  "87": {
    "cen_loss": 0.9463058224320412,
    "cen_accuracy": 0.7425
  },
  "88": {
    "cen_loss": 0.931555454581976,
    "cen_accuracy": 0.741625
  },
  "89": {
    "cen_loss": 0.9619979185909033,
    "cen_accuracy": 0.742125
  },
  "90": {
    "cen_loss": 1.0063008179292083,
    "cen_accuracy": 0.7405
  },
  "91": {
    "cen_loss": 0.9015556411743164,
    "cen_accuracy": 0.744125
  },
  "92": {
    "cen_loss": 0.8871915476173162,
    "cen_accuracy": 0.74825
  },
  "93": {
    "cen_loss": 0.88655919226259,
    "cen_accuracy": 0.747
  },
  "94": {
    "cen_loss": 0.8167005574703217,
    "cen_accuracy": 0.759375
  },
  "95": {
    "cen_loss": 0.8531613443046808,
    "cen_accuracy": 0.757875
  },
  "96": {
    "cen_loss": 0.8302442153692245,
    "cen_accuracy": 0.760875
  },
  "97": {
    "cen_loss": 0.8448060169517994,
    "cen_accuracy": 0.754875
  },
  "98": {
    "cen_loss": 0.839736020669341,
    "cen_accuracy": 0.759875
  },
  "99": {
    "cen_loss": 0.851373859219253,
    "cen_accuracy": 0.757625
  },
  "100": {
    "cen_loss": 0.9120037592351437,
    "cen_accuracy": 0.751875
  },