{
  "0": {
    "cen_loss": 2.3027777171134947,
    "js_div": 0,
    "cen_accuracy": 0.097625
  },
  "1": {
    "cen_loss": 2.3027777171134947,
    "js_div": 0,
    "cen_accuracy": 0.097625
  },
  "2": {
    "cen_loss": 3.0665469961166383,
    "js_div": 0.30037043095284094,
    "cen_accuracy": 0.10175
  },
  "3": {
    "cen_loss": 4.0012117252349855,
    "js_div": 0.2936048103800677,
    "cen_accuracy": 0.116
  },
  "4": {
    "cen_loss": 3.7177024970054626,
    "js_div": 0.13262321547605774,
    "cen_accuracy": 0.1
  },
  "5": {
    "cen_loss": 5.307181365966797,
    "js_div": 0.30101739601673666,
    "cen_accuracy": 0.187625
  },
  "6": {
    "cen_loss": 3.469038593053818,
    "js_div": 0.16450838311490745,
    "cen_accuracy": 0.1895
  },
  "7": {
    "cen_loss": 3.576344373703003,
    "js_div": 0.1525565442660045,
    "cen_accuracy": 0.175625
  },
  "8": {
    "cen_loss": 3.3634086298942565,
    "js_div": 0.20247581224137562,
    "cen_accuracy": 0.220125
  },
  "9": {
    "cen_loss": 2.3965362102985384,
    "js_div": 0.17902508866142539,
    "cen_accuracy": 0.306375
  },
  "10": {
    "cen_loss": 3.984494772195816,
    "js_div": 0.2805314156346362,
    "cen_accuracy": 0.24875
  },
  "11": {
    "cen_loss": 2.751424401283264,
    "js_div": 0.19352366543830835,
    "cen_accuracy": 0.309
  },
  "12": {
    "cen_loss": 4.589570848941803,
    "js_div": 0.33311900803753414,
    "cen_accuracy": 0.198125
  },
  "13": {
    "cen_loss": 3.165772966861725,
    "js_div": 0.2585933644246254,
    "cen_accuracy": 0.272
  },
  "14": {
    "cen_loss": 5.889548369884491,
    "js_div": 0.3229261932501791,
    "cen_accuracy": 0.192
  },
  "15": {
    "cen_loss": 4.20149697637558,
    "js_div": 0.2753137432592642,
    "cen_accuracy": 0.236625
  },
  "16": {
    "cen_loss": 3.1654901230335235,
    "js_div": 0.2064021782110922,
    "cen_accuracy": 0.28325
  },
  "17": {
    "cen_loss": 3.238501585483551,
    "js_div": 0.2241881714449584,
    "cen_accuracy": 0.34775
  },
  "18": {
    "cen_loss": 2.2696073389053346,
    "js_div": 0.16765882877756094,
    "cen_accuracy": 0.364
  },
  "19": {
    "cen_loss": 3.512764987230301,
    "js_div": 0.27263591772955853,
    "cen_accuracy": 0.260875
  },
  "20": {
    "cen_loss": 3.805918798446655,
    "js_div": 0.29957990374303606,
    "cen_accuracy": 0.255875
  },
  "21": {
    "cen_loss": 2.936736920833588,
    "js_div": 0.16387640146343366,
    "cen_accuracy": 0.323
  },
  "22": {
    "cen_loss": 2.8025104577541353,
    "js_div": 0.21699925816567248,
    "cen_accuracy": 0.32825
  },
  "23": {
    "cen_loss": 4.979719208240509,
    "js_div": 0.3776506134448145,
    "cen_accuracy": 0.3335
  },
  "24": {
    "cen_loss": 2.696205967903137,
    "js_div": 0.1576168117047001,
    "cen_accuracy": 0.327375
  },
  "25": {
    "cen_loss": 1.7207123926877976,
    "js_div": 0.16244047984139284,
    "cen_accuracy": 0.453375
  },
  "26": {
    "cen_loss": 2.335613839387894,
    "js_div": 0.31218701893147516,
    "cen_accuracy": 0.365
  },
  "27": {
    "cen_loss": 1.4015686601400374,
    "js_div": 0.06791911451668071,
    "cen_accuracy": 0.532
  },
  "28": {
    "cen_loss": 1.6465658692121505,
    "js_div": 0.10829602213383399,
    "cen_accuracy": 0.520125
  },
  "29": {
    "cen_loss": 1.6004356372356414,
    "js_div": 0.09047512691944219,
    "cen_accuracy": 0.494875
  },
  "30": {
    "cen_loss": 2.2339495232105255,
    "js_div": 0.13028889625039888,
    "cen_accuracy": 0.426875
  },
  "31": {
    "cen_loss": 1.7760252856612206,
    "js_div": 0.095984983217089,
    "cen_accuracy": 0.478875
  },
  "32": {
    "cen_loss": 1.5383648340702056,
    "js_div": 0.12257144985583046,
    "cen_accuracy": 0.50075
  },
  "33": {
    "cen_loss": 1.9193163876533508,
    "js_div": 0.1486468347525467,
    "cen_accuracy": 0.447125
  },
  "34": {
    "cen_loss": 1.5092026696801186,
    "js_div": 0.0947661393274454,
    "cen_accuracy": 0.5525
  },
  "35": {
    "cen_loss": 1.5044667563438416,
    "js_div": 0.08507177620998328,
    "cen_accuracy": 0.5615
  },
  "36": {
    "cen_loss": 1.073221891760826,
    "js_div": 0.027305975703127178,
    "cen_accuracy": 0.634375
  },
  "37": {
    "cen_loss": 1.1522484145760536,
    "js_div": 0.04461662947267445,
    "cen_accuracy": 0.620625
  },
  "38": {
    "cen_loss": 1.4368923797011375,
    "js_div": 0.05888065848824519,
    "cen_accuracy": 0.55825
  },
  "39": {
    "cen_loss": 1.0474615412950516,
    "js_div": 0.03429538847316075,
    "cen_accuracy": 0.64125
  },
  "40": {
    "cen_loss": 1.134272244811058,
    "js_div": 0.07985783271732733,
    "cen_accuracy": 0.637125
  },
  "41": {
    "cen_loss": 0.8970967248678208,
    "js_div": 0.05201779660394228,
    "cen_accuracy": 0.695375
  },
  "42": {
    "cen_loss": 0.9631449391543865,
    "js_div": 0.035813798628060625,
    "cen_accuracy": 0.659
  },
  "43": {
    "cen_loss": 1.1362621241807938,
    "js_div": 0.08428336456290855,
    "cen_accuracy": 0.6115
  },
  "44": {
    "cen_loss": 1.2376979090571403,
    "js_div": 0.06824172047852367,
    "cen_accuracy": 0.59925
  },
  "45": {
    "cen_loss": 0.8558233439922333,
    "js_div": 0.04024685410806282,
    "cen_accuracy": 0.7125
  },
  "46": {
    "cen_loss": 0.9896658062636853,
    "js_div": 0.042874345065456294,
    "cen_accuracy": 0.662
  },
  "47": {
    "cen_loss": 1.0631003242135049,
    "js_div": 0.03911286724880181,
    "cen_accuracy": 0.642125
  },
  "48": {
    "cen_loss": 0.8910543230473995,
    "js_div": 0.07797742213077993,
    "cen_accuracy": 0.6995
  },
  "49": {
    "cen_loss": 1.1310783351659774,
    "js_div": 0.06156539098838103,
    "cen_accuracy": 0.622375
  },
  "50": {
    "cen_loss": 1.1167272089719773,
    "js_div": 0.05277969208279601,
    "cen_accuracy": 0.640625
  },
  "51": {
    "cen_loss": 0.957338160097599,
    "js_div": 0.07352973794756079,
    "cen_accuracy": 0.67975
  }
}