{
  "2": {
    "total_mJ": 1400690873.131698,
    "total_ceq": 105.36789130453829,
    "num_expired_thresh": 0,
    "num_depleted": 0,
    "num_transmited_bytes": 429442944,
    "num_participants": 10
  },
  "3": {
    "total_mJ": 1535023708.307537,
    "total_ceq": 115.43399704255587,
    "num_expired_thresh": 0,
    "num_depleted": 0,
    "num_transmited_bytes": 429442944,
    "num_participants": 10
  },
  "4": {
    "total_mJ": 1585668147.5382407,
    "total_ceq": 118.56616942054227,
    "num_expired_thresh": 0,
    "num_depleted": 0,
    "num_transmited_bytes": 429442944,
    "num_participants": 10
  },
  "5": {
    "total_mJ": 448746740.97745043,
    "total_ceq": 33.30329248017819,
    "num_expired_thresh": 0,
    "num_depleted": 0,
    "num_transmited_bytes": 429442944,
    "num_participants": 10
  },
  "6": {
    "total_mJ": 960269570.8868687,
    "total_ceq": 71.33075741935136,
    "num_expired_thresh": 0,
    "num_depleted": 0,
    "num_transmited_bytes": 429442944,
    "num_participants": 10
  },
  "7": {
    "total_mJ": 1464615300.2411532,
    "total_ceq": 109.19863755270742,
    "num_expired_thresh": 0,
    "num_depleted": 0,
    "num_transmited_bytes": 429442944,
    "num_participants": 10
  },
  "8": {
    "total_mJ": 857092638.4464424,
    "total_ceq": 65.08868661641074,
    "num_expired_thresh": 0,
    "num_depleted": 0,
    "num_transmited_bytes": 429442944,
    "num_participants": 10
  },
  "9": {
    "total_mJ": 3234997677.5717387,
    "total_ceq": 243.61333820432685,
    "num_expired_thresh": 0,
    "num_depleted": 0,
    "num_transmited_bytes": 429442944,
    "num_participants": 10
  },
  "10": {
    "total_mJ": 268426233.70067403,
    "total_ceq": 20.21667654797345,
    "num_expired_thresh": 0,
    "num_depleted": 0,
    "num_transmited_bytes": 429442944,
    "num_participants": 10
  },
  "11": {
    "total_mJ": 1707283674.3365824,
    "total_ceq": 127.0993552608312,
    "num_expired_thresh": 0,
    "num_depleted": 0,
    "num_transmited_bytes": 429442944,
    "num_participants": 10
  },
  "12": {
    "total_mJ": 2237811184.4895744,
    "total_ceq": 168.35790147904078,
    "num_expired_thresh": 0,
    "num_depleted": 0,
    "num_transmited_bytes": 429442944,
    "num_participants": 10
  },
  "13": {
    "total_mJ": 571443745.3985342,
    "total_ceq": 42.48189194487345,
    "num_expired_thresh": 0,
    "num_depleted": 0,
    "num_transmited_bytes": 429442944,
    "num_participants": 10
  },
  "14": {
    "total_mJ": 1480447950.9165964,
    "total_ceq": 111.64259922259818,
    "num_expired_thresh": 0,
    "num_depleted": 0,
    "num_transmited_bytes": 429442944,
    "num_participants": 10
  },
  "15": {
    "total_mJ": 956675389.5427523,
    "total_ceq": 71.27483323504646,
    "num_expired_thresh": 0,
    "num_depleted": 0,
    "num_transmited_bytes": 429442944,
    "num_participants": 10
  },
  "16": {
    "total_mJ": 874933982.9292748,
    "total_ceq": 65.55717868022204,
    "num_expired_thresh": 0,
    "num_depleted": 0,
    "num_transmited_bytes": 429442944,
    "num_participants": 10
  },
  "17": {
    "total_mJ": 1084821820.935413,
    "total_ceq": 80.5399948820234,
    "num_expired_thresh": 0,
    "num_depleted": 0,
    "num_transmited_bytes": 429442944,
    "num_participants": 10
  },
  "18": {
    "total_mJ": 762693474.7924744,
    "total_ceq": 57.98055503649668,
    "num_expired_thresh": 0,
    "num_depleted": 0,
    "num_transmited_bytes": 429442944,
    "num_participants": 10
  },
  "19": {
    "total_mJ": 316707251.04810864,
    "total_ceq": 23.73487054671525,
    "num_expired_thresh": 0,
    "num_depleted": 0,
    "num_transmited_bytes": 429442944,
    "num_participants": 10
  },
  "20": {
    "total_mJ": 796030004.0076278,
    "total_ceq": 59.15641210144625,
    "num_expired_thresh": 0,
    "num_depleted": 0,
    "num_transmited_bytes": 429442944,
    "num_participants": 10
  },
  "21": {
    "total_mJ": 1953961872.424804,
    "total_ceq": 148.05441293049708,
    "num_expired_thresh": 0,
    "num_depleted": 0,
    "num_transmited_bytes": 429442944,
    "num_participants": 10
  },
  "22": {
    "total_mJ": 597576657.1209751,
    "total_ceq": 44.6779231730306,
    "num_expired_thresh": 0,
    "num_depleted": 0,
    "num_transmited_bytes": 429442944,
    "num_participants": 10
  },
  "23": {
    "total_mJ": 3201883233.976206,
    "total_ceq": 240.8641584164215,
    "num_expired_thresh": 0,
    "num_depleted": 0,
    "num_transmited_bytes": 429442944,
    "num_participants": 10
  },
  "24": {
    "total_mJ": 807629678.6582013,
    "total_ceq": 60.47987229131109,
    "num_expired_thresh": 0,
    "num_depleted": 0,
    "num_transmited_bytes": 429442944,
    "num_participants": 10
  },
  "25": {
    "total_mJ": 1604949564.031683,
    "total_ceq": 122.03753610004763,
    "num_expired_thresh": 0,
    "num_depleted": 0,
    "num_transmited_bytes": 429442944,
    "num_participants": 10
  },
  "26": {
    "total_mJ": 855515437.1047401,
    "total_ceq": 64.26901003520243,
    "num_expired_thresh": 0,
    "num_depleted": 0,
    "num_transmited_bytes": 429442944,
    "num_participants": 10
  },
  "27": {
    "total_mJ": 4681348395.240585,
    "total_ceq": 355.98084881168484,
    "num_expired_thresh": 0,
    "num_depleted": 0,
    "num_transmited_bytes": 1503050304,
    "num_participants": 10
  },
  "28": {
    "total_mJ": 1674344594.3800457,
    "total_ceq": 127.90608438768098,
    "num_expired_thresh": 0,
    "num_depleted": 0,
    "num_transmited_bytes": 1503050304,
    "num_participants": 10
  },
  "29": {
    "total_mJ": 1632232130.7841077,
    "total_ceq": 122.82124575764263,
    "num_expired_thresh": 0,
    "num_depleted": 0,
    "num_transmited_bytes": 1503050304,
    "num_participants": 10
  },
  "30": {
    "total_mJ": 4629638746.638452,
    "total_ceq": 349.1497507906776,
    "num_expired_thresh": 0,
    "num_depleted": 0,
    "num_transmited_bytes": 1503050304,
    "num_participants": 10
  },
  "31": {
    "total_mJ": 2338284719.185385,
    "total_ceq": 177.71169945714604,
    "num_expired_thresh": 0,
    "num_depleted": 0,
    "num_transmited_bytes": 1503050304,
    "num_participants": 10
  },
  "32": {
    "total_mJ": 1152713667.2411356,
    "total_ceq": 87.247835869037,
    "num_expired_thresh": 0,
    "num_depleted": 0,
    "num_transmited_bytes": 1503050304,
    "num_participants": 10
  },
  "33": {
    "total_mJ": 3301048861.698034,
    "total_ceq": 249.89661274285618,
    "num_expired_thresh": 0,
    "num_depleted": 0,
    "num_transmited_bytes": 1503050304,
    "num_participants": 10
  },
  "34": {
    "total_mJ": 4636564922.020371,
    "total_ceq": 350.8880858664792,
    "num_expired_thresh": 0,
    "num_depleted": 0,
    "num_transmited_bytes": 1503050304,
    "num_participants": 10
  },
  "35": {
    "total_mJ": 1691962907.1518917,
    "total_ceq": 128.73274445828707,
    "num_expired_thresh": 0,
    "num_depleted": 0,
    "num_transmited_bytes": 1503050304,
    "num_participants": 10
  },
  "36": {
    "total_mJ": 1836721282.4313219,
    "total_ceq": 140.19211895589353,
    "num_expired_thresh": 0,
    "num_depleted": 0,
    "num_transmited_bytes": 1503050304,
    "num_participants": 10
  },
  "37": {
    "total_mJ": 4668707001.867289,
    "total_ceq": 353.7783992668494,
    "num_expired_thresh": 0,
    "num_depleted": 0,
    "num_transmited_bytes": 1503050304,
    "num_participants": 10
  },
  "38": {
    "total_mJ": 1693340083.070176,
    "total_ceq": 129.21795147427562,
    "num_expired_thresh": 0,
    "num_depleted": 0,
    "num_transmited_bytes": 1503050304,
    "num_participants": 10
  },
  "39": {
    "total_mJ": 1402325592.116134,
    "total_ceq": 105.23279719658416,
    "num_expired_thresh": 0,
    "num_depleted": 0,
    "num_transmited_bytes": 1503050304,
    "num_participants": 10
  },
  "40": {
    "total_mJ": 4677874654.435044,
    "total_ceq": 354.96391423966736,
    "num_expired_thresh": 0,
    "num_depleted": 0,
    "num_transmited_bytes": 1503050304,
    "num_participants": 10
  },