{
  "0": {
    "cen_loss": 2.302809526920319,
    "cen_accuracy": 0.10075
  },
  "1": {
    "cen_loss": 2.302809526920319,
    "cen_accuracy": 0.10075
  },
  "2": {
    "cen_loss": 3.005471931934357,
    "cen_accuracy": 0.098625
  },
  "3": {
    "cen_loss": 4.266932854175567,
    "cen_accuracy": 0.101125
  },
  "4": {
    "cen_loss": 3.8587476868629453,
    "cen_accuracy": 0.101125
  },
  "5": {
    "cen_loss": 5.2086886730194095,
    "cen_accuracy": 0.101125
  },
  "6": {
    "cen_loss": 4.510333964824676,
    "cen_accuracy": 0.098625
  },
  "7": {
    "cen_loss": 3.703962233543396,
    "cen_accuracy": 0.111
  },
  "8": {
    "cen_loss": 4.386665498256684,
    "cen_accuracy": 0.102875
  },
  "9": {
    "cen_loss": 2.8680606706142426,
    "cen_accuracy": 0.15675
  },
  "10": {
    "cen_loss": 2.13394722032547,
    "cen_accuracy": 0.29775
  },
  "11": {
    "cen_loss": 2.6996436381340025,
    "cen_accuracy": 0.197125
  },
  "12": {
    "cen_loss": 2.6632831106185915,
    "cen_accuracy": 0.214625
  },
  "13": {
    "cen_loss": 2.7339687197208407,
    "cen_accuracy": 0.1945
  },
  "14": {
    "cen_loss": 1.8453574613332748,
    "cen_accuracy": 0.318125
  },
  "15": {
    "cen_loss": 2.4104558675289156,
    "cen_accuracy": 0.245375
  },
  "16": {
    "cen_loss": 2.0888413677215576,
    "cen_accuracy": 0.29575
  },
  "17": {
    "cen_loss": 2.325288269042969,
    "cen_accuracy": 0.2975
  },
  "18": {
    "cen_loss": 1.8785477550029754,
    "cen_accuracy": 0.37125
  },
  "19": {
    "cen_loss": 1.8423764152526856,
    "cen_accuracy": 0.344625
  },
  "20": {
    "cen_loss": 2.285733659029007,
    "cen_accuracy": 0.338625
  },
  "21": {
    "cen_loss": 1.990368084192276,
    "cen_accuracy": 0.335
  },
  "22": {
    "cen_loss": 2.0292050503492356,
    "cen_accuracy": 0.354875
  },
  "23": {
    "cen_loss": 1.807185294508934,
    "cen_accuracy": 0.387625
  },
  "24": {
    "cen_loss": 2.3304830677509307,
    "cen_accuracy": 0.32225
  },
  "25": {
    "cen_loss": 2.178922400712967,
    "cen_accuracy": 0.339875
  },
  "26": {
    "cen_loss": 2.103496953725815,
    "cen_accuracy": 0.383375
  },
  "27": {
    "cen_loss": 2.0748425257205962,
    "cen_accuracy": 0.34275
  },
  "28": {
    "cen_loss": 1.9220640602111816,
    "cen_accuracy": 0.39825
  },
  "29": {
    "cen_loss": 2.351143879890442,
    "cen_accuracy": 0.320875
  },
  "30": {
    "cen_loss": 3.1148544528484345,
    "cen_accuracy": 0.291625
  },
  "31": {
    "cen_loss": 2.023197967529297,
    "cen_accuracy": 0.392625
  },
  "32": {
    "cen_loss": 2.3538216829299925,
    "cen_accuracy": 0.328875
  },
  "33": {
    "cen_loss": 1.765652566432953,
    "cen_accuracy": 0.407125
  },
  "34": {
    "cen_loss": 1.6954319549798966,
    "cen_accuracy": 0.425
  },
  "35": {
    "cen_loss": 2.2798997642993926,
    "cen_accuracy": 0.340375
  },
  "36": {
    "cen_loss": 1.6895668691396712,
    "cen_accuracy": 0.438625
  },
  "37": {
    "cen_loss": 1.8368290276527406,
    "cen_accuracy": 0.442
  },
  "38": {
    "cen_loss": 1.6095444464683533,
    "cen_accuracy": 0.44625
  },
  "39": {
    "cen_loss": 2.1159959716796877,
    "cen_accuracy": 0.396
  },
  "40": {
    "cen_loss": 2.684734923124313,
    "cen_accuracy": 0.3515
  },
  "41": {
    "cen_loss": 2.237981608390808,
    "cen_accuracy": 0.404375
  },
  "42": {
    "cen_loss": 2.401450980305672,
    "cen_accuracy": 0.358125
  },
  "43": {
    "cen_loss": 1.5912955584526063,
    "cen_accuracy": 0.44425
  },
  "44": {
    "cen_loss": 1.5428902885913849,
    "cen_accuracy": 0.474125
  },
  "45": {
    "cen_loss": 1.7057344475984573,
    "cen_accuracy": 0.439125
  },
  "46": {
    "cen_loss": 1.572150309085846,
    "cen_accuracy": 0.47675
  },
  "47": {
    "cen_loss": 1.7161551500558854,
    "cen_accuracy": 0.46625
  },
  "48": {
    "cen_loss": 1.9330527902841568,
    "cen_accuracy": 0.431125
  },
  "49": {
    "cen_loss": 1.4585826196074485,
    "cen_accuracy": 0.50525
  },
  "50": {
    "cen_loss": 1.728215701341629,
    "cen_accuracy": 0.4555
  },
  "51": {
    "cen_loss": 1.6650360586643218,
    "cen_accuracy": 0.466875
  },
  "52": {
    "cen_loss": 1.7224511487483978,
    "cen_accuracy": 0.46325
  },
  "53": {
    "cen_loss": 1.6256026458740234,
    "cen_accuracy": 0.49625
  },
  "54": {
    "cen_loss": 1.547838334798813,
    "cen_accuracy": 0.487875
  },
  "55": {
    "cen_loss": 1.5312455338835715,
    "cen_accuracy": 0.515125
  },
  "56": {
    "cen_loss": 2.0337602450847627,
    "cen_accuracy": 0.392125
  },
  "57": {
    "cen_loss": 1.9212662856578826,
    "cen_accuracy": 0.427125
  },
  "58": {
    "cen_loss": 1.952809646487236,
    "cen_accuracy": 0.430125
  },
  "59": {
    "cen_loss": 1.2327337723970413,
    "cen_accuracy": 0.573625
  },
  "60": {
    "cen_loss": 1.4877759667634964,
    "cen_accuracy": 0.5265
  },
  "61": {
    "cen_loss": 1.4128135839104652,
    "cen_accuracy": 0.543
  },
  "62": {
    "cen_loss": 1.3172094727158545,
    "cen_accuracy": 0.542875
  },
  "63": {
    "cen_loss": 1.358160692691803,
    "cen_accuracy": 0.536125
  },
  "64": {
    "cen_loss": 1.3708762813806534,
    "cen_accuracy": 0.527125
  },
  "65": {
    "cen_loss": 1.481162104845047,
    "cen_accuracy": 0.533
  },
  "66": {
    "cen_loss": 1.8501037168502807,
    "cen_accuracy": 0.4225
  },
  "67": {
    "cen_loss": 1.486032378077507,
    "cen_accuracy": 0.531375
  },
  "68": {
    "cen_loss": 1.3147227856516839,
    "cen_accuracy": 0.565
  },
  "69": {
    "cen_loss": 1.25756252348423,
    "cen_accuracy": 0.57375
  },
  "70": {
    "cen_loss": 1.3819210686683654,
    "cen_accuracy": 0.545875
  },
  "71": {
    "cen_loss": 1.3974590748548508,
    "cen_accuracy": 0.55325
  },
  "72": {
    "cen_loss": 1.4990691854953766,
    "cen_accuracy": 0.503125
  },
  "73": {
    "cen_loss": 1.4615843379497528,
    "cen_accuracy": 0.52325
  },
  "74": {
    "cen_loss": 1.666187435746193,
    "cen_accuracy": 0.498
  },
  "75": {
    "cen_loss": 1.3392232694625854,
    "cen_accuracy": 0.556875
  },
  "76": {
    "cen_loss": 1.3140248168706894,
    "cen_accuracy": 0.54325
  },
  "77": {
    "cen_loss": 1.4478384788036347,
    "cen_accuracy": 0.518125
  },
  "78": {
    "cen_loss": 1.339858840227127,
    "cen_accuracy": 0.558
  },
  "79": {
    "cen_loss": 1.2516432435512543,
    "cen_accuracy": 0.574125
  },
  "80": {
    "cen_loss": 1.5561055254936218,
    "cen_accuracy": 0.51575
  },
  "81": {
    "cen_loss": 1.7645089095830917,
    "cen_accuracy": 0.47775
  },
  "82": {
    "cen_loss": 1.2394719187617302,
    "cen_accuracy": 0.5605
  },
  "83": {
    "cen_loss": 1.380226106762886,
    "cen_accuracy": 0.544625
  },
  "84": {
    "cen_loss": 1.3897390518784523,
    "cen_accuracy": 0.537375
  },
  "85": {
    "cen_loss": 1.5102160583734512,
    "cen_accuracy": 0.53075
  },
  "86": {
    "cen_loss": 1.3436293981671332,
    "cen_accuracy": 0.54625
  },
  "87": {
    "cen_loss": 1.2701739068627358,
    "cen_accuracy": 0.570625
  },
  "88": {
    "cen_loss": 1.2698677577376365,
    "cen_accuracy": 0.57875
  },
  "89": {
    "cen_loss": 1.1946734024882317,
    "cen_accuracy": 0.599375
  },
  "90": {
    "cen_loss": 1.3840685173869134,
    "cen_accuracy": 0.5715
  },
  "91": {
    "cen_loss": 1.2829648970961571,
    "cen_accuracy": 0.560625
  },
  "92": {
    "cen_loss": 1.4634578897953034,
    "cen_accuracy": 0.5255
  },
  "93": {
    "cen_loss": 1.5957471766471862,
    "cen_accuracy": 0.53825
  },
  "94": {
    "cen_loss": 1.2397953005433082,
    "cen_accuracy": 0.603875
  },
  "95": {
    "cen_loss": 1.3842672067284585,
    "cen_accuracy": 0.5655
  },
  "96": {
    "cen_loss": 1.14335129570961,
    "cen_accuracy": 0.614125
  },
  "97": {
    "cen_loss": 1.1322681224048137,
    "cen_accuracy": 0.6275
  },
  "98": {
    "cen_loss": 1.158531683653593,
    "cen_accuracy": 0.613375
  },
  "99": {
    "cen_loss": 1.1585829958617688,
    "cen_accuracy": 0.6095
  },
  "100": {
    "cen_loss": 1.2157302225232125,
    "cen_accuracy": 0.59875
  },