{
  "0": {
    "cen_loss": 3.6316095030451394,
    "cen_accuracy": 0.010486390004462293
  },
  "1": {
    "cen_loss": 3.6316095121946255,
    "cen_accuracy": 0.010486390004462293
  },
  "2": {
    "cen_loss": 3.959555333344759,
    "cen_accuracy": 0.0022311468094600626
  },
  "3": {
    "cen_loss": 3.1253898710823655,
    "cen_accuracy": 0.14457831325301204
  },
  "4": {
    "cen_loss": 3.496651106463751,
    "cen_accuracy": 0.12628290941543954
  },
  "5": {
    "cen_loss": 3.533346837676566,
    "cen_accuracy": 0.21285140562248997
  },
  "6": {
    "cen_loss": 3.3001035388587363,
    "cen_accuracy": 0.2686300758589915
  },
  "7": {
    "cen_loss": 3.8988988433550213,
    "cen_accuracy": 0.2536813922356091
  },
  "8": {
    "cen_loss": 3.034061677165459,
    "cen_accuracy": 0.2922802320392682
  },
  "9": {
    "cen_loss": 3.0661672031916662,
    "cen_accuracy": 0.30053547523427043
  },
  "10": {
    "cen_loss": 3.065678467127108,
    "cen_accuracy": 0.3007585899152164
  },
  "11": {
    "cen_loss": 3.25635199156365,
    "cen_accuracy": 0.26506024096385544
  },
  "12": {
    "cen_loss": 3.1096424579966127,
    "cen_accuracy": 0.3382418563141455
  },
  "13": {
    "cen_loss": 3.2273532679335233,
    "cen_accuracy": 0.3286479250334672
  },
  "14": {
    "cen_loss": 2.941096726829907,
    "cen_accuracy": 0.36323070058009815
  },
  "15": {
    "cen_loss": 3.139594196900892,
    "cen_accuracy": 0.320169567157519
  },
  "16": {
    "cen_loss": 2.7254849420174696,
    "cen_accuracy": 0.3969210174029451
  },
  "17": {
    "cen_loss": 2.899605934133704,
    "cen_accuracy": 0.35185185185185186
  },
  "18": {
    "cen_loss": 3.1770908733607937,
    "cen_accuracy": 0.2909415439535921
  },
  "19": {
    "cen_loss": 2.6090074224644395,
    "cen_accuracy": 0.41990182954038374
  },
  "20": {
    "cen_loss": 2.6090074174907367,
    "cen_accuracy": 0.41990182954038374
  },
  "21": {
    "cen_loss": 2.8496985048228534,
    "cen_accuracy": 0.40539937527889336
  },
  "22": {
    "cen_loss": 2.8541120456191695,
    "cen_accuracy": 0.392681838464971
  },
  "23": {
    "cen_loss": 2.7607361281997975,
    "cen_accuracy": 0.4315037929495761
  },
  "24": {
    "cen_loss": 2.7633832162748964,
    "cen_accuracy": 0.43775100401606426
  },
  "25": {
    "cen_loss": 2.501558549486064,
    "cen_accuracy": 0.46630968317715304
  },
  "26": {
    "cen_loss": 2.753874724595369,
    "cen_accuracy": 0.4397590361445783
  },
  "27": {
    "cen_loss": 2.7780738048178977,
    "cen_accuracy": 0.43351182507809016
  },
  "28": {
    "cen_loss": 2.4897142080045715,
    "cen_accuracy": 0.45180722891566266
  },
  "29": {
    "cen_loss": 2.511090801316465,
    "cen_accuracy": 0.46987951807228917
  },
  "30": {
    "cen_loss": 2.5110908305203474,
    "cen_accuracy": 0.46987951807228917
  },
  "31": {
    "cen_loss": 2.9351048770625376,
    "cen_accuracy": 0.3531905399375279
  },
  "32": {
    "cen_loss": 2.730357750458996,
    "cen_accuracy": 0.40562248995983935
  },
  "33": {
    "cen_loss": 2.4990640578127397,
    "cen_accuracy": 0.4484605087014726
  },
  "34": {
    "cen_loss": 2.621500635934376,
    "cen_accuracy": 0.4049531459170013
  },
  "35": {
    "cen_loss": 2.6440334713975004,
    "cen_accuracy": 0.3819723337795627
  },
  "36": {
    "cen_loss": 2.344737884882357,
    "cen_accuracy": 0.48125836680053546
  },
  "37": {
    "cen_loss": 2.508142489665643,
    "cen_accuracy": 0.48125836680053546
  },
  "38": {
    "cen_loss": 2.681477105176007,
    "cen_accuracy": 0.4674252565818831
  },
  "39": {
    "cen_loss": 2.4702987170801904,
    "cen_accuracy": 0.45872378402498887
  },
  "40": {
    "cen_loss": 2.470298772994454,
    "cen_accuracy": 0.45872378402498887
  },
  "41": {
    "cen_loss": 2.533596360433426,
    "cen_accuracy": 0.45225345827755464
  },
  "42": {
    "cen_loss": 2.4086096494232954,
    "cen_accuracy": 0.4819277108433735
  },
  "43": {
    "cen_loss": 2.536720889851963,
    "cen_accuracy": 0.45939312806782684
  },
  "44": {
    "cen_loss": 2.406341556777171,
    "cen_accuracy": 0.4788041053101294
  },
  "45": {
    "cen_loss": 2.35680582022252,
    "cen_accuracy": 0.49866131191432395
  },
  "46": {
    "cen_loss": 2.6478493443454605,
    "cen_accuracy": 0.4223560910307898
  },
  "47": {
    "cen_loss": 2.6967695942418697,
    "cen_accuracy": 0.43752788933511827
  },
  "48": {
    "cen_loss": 2.6111021093086624,
    "cen_accuracy": 0.45582329317269077
  },
  "49": {
    "cen_loss": 2.350711811870829,
    "cen_accuracy": 0.4957608210620259
  },
  "50": {
    "cen_loss": 2.3507117869757157,
    "cen_accuracy": 0.4957608210620259
  },
  "51": {
    "cen_loss": 2.3336115198335388,
    "cen_accuracy": 0.4839357429718876
  },
  "52": {
    "cen_loss": 2.7658699348216502,
    "cen_accuracy": 0.44600624721106646
  },
  "53": {
    "cen_loss": 2.5037393534837795,
    "cen_accuracy": 0.4538152610441767
  },
  "54": {
    "cen_loss": 2.5293721859075298,
    "cen_accuracy": 0.45225345827755464
  },
  "55": {
    "cen_loss": 2.538400262873495,
    "cen_accuracy": 0.4569388665774208
  },
  "56": {
    "cen_loss": 2.265391928337877,
    "cen_accuracy": 0.5312360553324409
  },
  "57": {
    "cen_loss": 2.4033933011403525,
    "cen_accuracy": 0.4928603302097278
  },
  "58": {
    "cen_loss": 2.5587173496596995,
    "cen_accuracy": 0.46519410977242304
  },
  "59": {
    "cen_loss": 2.4445940971454303,
    "cen_accuracy": 0.4964301651048639
  },
  "60": {
    "cen_loss": 2.4445940715188907,
    "cen_accuracy": 0.4964301651048639
  },
  "61": {
    "cen_loss": 2.519552592612015,
    "cen_accuracy": 0.45292280232039267
  },
  "62": {
    "cen_loss": 2.1914586578344113,
    "cen_accuracy": 0.50223114680946
  },
  "63": {
    "cen_loss": 2.3742756278639336,
    "cen_accuracy": 0.5008924587237841
  },
  "64": {
    "cen_loss": 2.171188392892101,
    "cen_accuracy": 0.5111557340473003
  },
  "65": {
    "cen_loss": 2.1299863351024406,
    "cen_accuracy": 0.5142793395805444
  },
  "66": {
    "cen_loss": 2.290574531824341,
    "cen_accuracy": 0.5142793395805444
  },
  "67": {
    "cen_loss": 2.4030255490464327,
    "cen_accuracy": 0.4837126282909415
  },
  "68": {
    "cen_loss": 2.3717252151182007,
    "cen_accuracy": 0.49754573850959394
  },
  "69": {
    "cen_loss": 2.2664720987645923,
    "cen_accuracy": 0.5095939312806783
  },
  "70": {
    "cen_loss": 2.266472137490323,
    "cen_accuracy": 0.5095939312806783
  },
  "71": {
    "cen_loss": 2.225623502841968,
    "cen_accuracy": 0.5385988398036591
  },
  "72": {
    "cen_loss": 2.2687279905048348,
    "cen_accuracy": 0.5053547523427041
  },
  "73": {
    "cen_loss": 2.3073920412076365,
    "cen_accuracy": 0.5198572066041945
  },
  "74": {
    "cen_loss": 2.2562723410868952,
    "cen_accuracy": 0.5182954038375726
  },
  "75": {
    "cen_loss": 2.1638479255728296,
    "cen_accuracy": 0.5401606425702812
  },
  "76": {
    "cen_loss": 2.6361599853731916,
    "cen_accuracy": 0.49776885319053993
  },
  "77": {
    "cen_loss": 2.476058993154421,
    "cen_accuracy": 0.5
  },
  "78": {
    "cen_loss": 2.3423329112466984,
    "cen_accuracy": 0.4959839357429719
  },
  "79": {
    "cen_loss": 2.204099678990898,
    "cen_accuracy": 0.5414993306559571
  },
  "80": {
    "cen_loss": 2.2040997649451977,
    "cen_accuracy": 0.5414993306559571
  },
  "81": {
    "cen_loss": 2.197571270383931,
    "cen_accuracy": 0.5276662204373048
  },
  "82": {
    "cen_loss": 2.2382958447066126,
    "cen_accuracy": 0.535698348951361
  },
  "83": {
    "cen_loss": 2.3435042188509083,
    "cen_accuracy": 0.5037929495760821
  },
  "84": {
    "cen_loss": 2.591362300593637,
    "cen_accuracy": 0.46653279785809904
  },
  "85": {
    "cen_loss": 2.3159912535783596,
    "cen_accuracy": 0.500446229361892
  },
  "86": {
    "cen_loss": 2.309291804544312,
    "cen_accuracy": 0.500446229361892
  },
  "87": {
    "cen_loss": 2.15945772282091,
    "cen_accuracy": 0.5218652387327086
  },
  "88": {
    "cen_loss": 2.411519655528105,
    "cen_accuracy": 0.4680946006247211
  },