{
  "0": {
    "cen_loss": 2.3051824836730956,
    "cen_accuracy": 0.089625
  },
  "1": {
    "cen_loss": 2.3051824836730956,
    "cen_accuracy": 0.089625
  },
  "2": {
    "cen_loss": 3.0663161544799804,
    "cen_accuracy": 0.097625
  },
  "3": {
    "cen_loss": 4.012792222976684,
    "cen_accuracy": 0.10175
  },
  "4": {
    "cen_loss": 4.212383863449097,
    "cen_accuracy": 0.118375
  },
  "5": {
    "cen_loss": 3.040830174922943,
    "cen_accuracy": 0.133
  },
  "6": {
    "cen_loss": 2.6213474838733672,
    "cen_accuracy": 0.21475
  },
  "7": {
    "cen_loss": 3.4236349968910216,
    "cen_accuracy": 0.133625
  },
  "8": {
    "cen_loss": 5.604134905338287,
    "cen_accuracy": 0.109375
  },
  "9": {
    "cen_loss": 11.190718649864197,
    "cen_accuracy": 0.171375
  },
  "10": {
    "cen_loss": 8.505129880428314,
    "cen_accuracy": 0.17425
  },
  "11": {
    "cen_loss": 4.094758242607116,
    "cen_accuracy": 0.17475
  },
  "12": {
    "cen_loss": 5.961926610946655,
    "cen_accuracy": 0.12
  },
  "13": {
    "cen_loss": 3.9467506992816923,
    "cen_accuracy": 0.264375
  },
  "14": {
    "cen_loss": 3.966191329240799,
    "cen_accuracy": 0.260625
  },
  "15": {
    "cen_loss": 4.257960245609284,
    "cen_accuracy": 0.22725
  },
  "16": {
    "cen_loss": 2.594119316339493,
    "cen_accuracy": 0.258875
  },
  "17": {
    "cen_loss": 2.581808040142059,
    "cen_accuracy": 0.3175
  },
  "18": {
    "cen_loss": 2.666613314151764,
    "cen_accuracy": 0.339625
  },
  "19": {
    "cen_loss": 3.499614268064499,
    "cen_accuracy": 0.256875
  },
  "20": {
    "cen_loss": 3.8216555523872375,
    "cen_accuracy": 0.259875
  },
  "21": {
    "cen_loss": 2.503685928583145,
    "cen_accuracy": 0.318125
  },
  "22": {
    "cen_loss": 2.0487966187000275,
    "cen_accuracy": 0.35225
  },
  "23": {
    "cen_loss": 3.568163703918457,
    "cen_accuracy": 0.279
  },
  "24": {
    "cen_loss": 3.6912698056697844,
    "cen_accuracy": 0.231375
  },
  "25": {
    "cen_loss": 2.4062908182144165,
    "cen_accuracy": 0.3255
  },
  "26": {
    "cen_loss": 2.964593456029892,
    "cen_accuracy": 0.348375
  },
  "27": {
    "cen_loss": 4.0607757549285886,
    "cen_accuracy": 0.27875
  },
  "28": {
    "cen_loss": 2.57318195939064,
    "cen_accuracy": 0.33075
  },
  "29": {
    "cen_loss": 3.230511358976364,
    "cen_accuracy": 0.27125
  },
  "30": {
    "cen_loss": 3.415304440498352,
    "cen_accuracy": 0.292875
  },
  "31": {
    "cen_loss": 1.6276396981477737,
    "cen_accuracy": 0.449375
  },
  "32": {
    "cen_loss": 2.701188165426254,
    "cen_accuracy": 0.30525
  },
  "33": {
    "cen_loss": 3.2066417517662047,
    "cen_accuracy": 0.368125
  },
  "34": {
    "cen_loss": 2.236103623509407,
    "cen_accuracy": 0.41125
  },
  "35": {
    "cen_loss": 3.981065244913101,
    "cen_accuracy": 0.317625
  },
  "36": {
    "cen_loss": 2.028509595036507,
    "cen_accuracy": 0.4275
  },
  "37": {
    "cen_loss": 2.591865612745285,
    "cen_accuracy": 0.377625
  },
  "38": {
    "cen_loss": 3.540721904039383,
    "cen_accuracy": 0.2465
  },
  "39": {
    "cen_loss": 4.012053961753845,
    "cen_accuracy": 0.27425
  },
  "40": {
    "cen_loss": 6.100146217346191,
    "cen_accuracy": 0.20475
  },
  "41": {
    "cen_loss": 2.855603632211685,
    "cen_accuracy": 0.383625
  },
  "42": {
    "cen_loss": 2.0084792147874833,
    "cen_accuracy": 0.387375
  },
  "43": {
    "cen_loss": 3.8500013234615325,
    "cen_accuracy": 0.341625
  },
  "44": {
    "cen_loss": 2.5160139672756197,
    "cen_accuracy": 0.3565
  },
  "45": {
    "cen_loss": 2.7516078268289568,
    "cen_accuracy": 0.361125
  },
  "46": {
    "cen_loss": 1.7264651211500168,
    "cen_accuracy": 0.500375
  },
  "47": {
    "cen_loss": 1.8162912043333053,
    "cen_accuracy": 0.4875
  },
  "48": {
    "cen_loss": 2.9774268350601196,
    "cen_accuracy": 0.338375
  },
  "49": {
    "cen_loss": 2.243146430850029,
    "cen_accuracy": 0.46625
  },
  "50": {
    "cen_loss": 3.869142612218857,
    "cen_accuracy": 0.352875
  },
  "51": {
    "cen_loss": 2.7338278094530106,
    "cen_accuracy": 0.3435
  },
  "52": {
    "cen_loss": 1.98338288295269,
    "cen_accuracy": 0.43175
  },
  "53": {
    "cen_loss": 3.7713445234298706,
    "cen_accuracy": 0.276125
  },
  "54": {
    "cen_loss": 1.7845787583589554,
    "cen_accuracy": 0.48825
  },
  "55": {
    "cen_loss": 2.5963614158630373,
    "cen_accuracy": 0.39925
  },
  "56": {
    "cen_loss": 1.8495150150060653,
    "cen_accuracy": 0.452125
  },
  "57": {
    "cen_loss": 1.709394080877304,
    "cen_accuracy": 0.51375
  },
  "58": {
    "cen_loss": 2.149279306769371,
    "cen_accuracy": 0.4975
  },
  "59": {
    "cen_loss": 3.9043554944992067,
    "cen_accuracy": 0.35875
  },
  "60": {
    "cen_loss": 6.375456531047821,
    "cen_accuracy": 0.288625
  },
  "61": {
    "cen_loss": 2.1533983978033064,
    "cen_accuracy": 0.49025
  },
  "62": {
    "cen_loss": 2.463761551499367,
    "cen_accuracy": 0.3855
  },
  "63": {
    "cen_loss": 2.464542268037796,
    "cen_accuracy": 0.452125
  },
  "64": {
    "cen_loss": 2.507524005174637,
    "cen_accuracy": 0.427875
  },
  "65": {
    "cen_loss": 1.7845139515399933,
    "cen_accuracy": 0.4875
  },
  "66": {
    "cen_loss": 2.263790206670761,
    "cen_accuracy": 0.446625
  },
  "67": {
    "cen_loss": 1.7302643292546271,
    "cen_accuracy": 0.523
  },
  "68": {
    "cen_loss": 1.889038218140602,
    "cen_accuracy": 0.573125
  },
  "69": {
    "cen_loss": 2.639421850800514,
    "cen_accuracy": 0.413625
  },
  "70": {
    "cen_loss": 5.742051535606384,
    "cen_accuracy": 0.389
  },
  "71": {
    "cen_loss": 2.661062871694565,
    "cen_accuracy": 0.458
  },
  "72": {
    "cen_loss": 1.3697912559509278,
    "cen_accuracy": 0.6005
  },
  "73": {
    "cen_loss": 1.8958698155879974,
    "cen_accuracy": 0.506
  },
  "74": {
    "cen_loss": 2.4382344539165497,
    "cen_accuracy": 0.49675
  },
  "75": {
    "cen_loss": 2.3718496836423872,
    "cen_accuracy": 0.51075
  },
  "76": {
    "cen_loss": 1.9953720041513443,
    "cen_accuracy": 0.526125
  },
  "77": {
    "cen_loss": 2.8760340070724486,
    "cen_accuracy": 0.4205
  },
  "78": {
    "cen_loss": 1.965559234023094,
    "cen_accuracy": 0.545625
  },
  "79": {
    "cen_loss": 1.7350622040629387,
    "cen_accuracy": 0.57375
  },
  "80": {
    "cen_loss": 8.095848493218423,
    "cen_accuracy": 0.49925
  },
  "81": {
    "cen_loss": 3.129836035192013,
    "cen_accuracy": 0.53925
  },
  "82": {
    "cen_loss": 2.462242036700249,
    "cen_accuracy": 0.4355
  },
  "83": {
    "cen_loss": 2.675948043704033,
    "cen_accuracy": 0.5255
  },
  "84": {
    "cen_loss": 1.9499652332663535,
    "cen_accuracy": 0.56175
  },
  "85": {
    "cen_loss": 2.658813900709152,
    "cen_accuracy": 0.461875
  },
  "86": {
    "cen_loss": 1.6133229069411754,
    "cen_accuracy": 0.636625
  },
  "87": {
    "cen_loss": 2.170820044219494,
    "cen_accuracy": 0.603375
  },
  "88": {
    "cen_loss": 2.258771066188812,
    "cen_accuracy": 0.4945
  },
  "89": {
    "cen_loss": 2.084757037341595,
    "cen_accuracy": 0.599
  },
  "90": {
    "cen_loss": 2.7344227579832077,
    "cen_accuracy": 0.561375
  },
  "91": {
    "cen_loss": 2.0219172486066816,
    "cen_accuracy": 0.560125
  },
  "92": {
    "cen_loss": 1.9299816097617148,
    "cen_accuracy": 0.5615
  },
  "93": {
    "cen_loss": 2.729051709771156,
    "cen_accuracy": 0.462125
  },
  "94": {
    "cen_loss": 2.326696250319481,
    "cen_accuracy": 0.49575
  },
  "95": {
    "cen_loss": 1.3864743700921536,
    "cen_accuracy": 0.635625
  },
  "96": {
    "cen_loss": 1.923847106575966,
    "cen_accuracy": 0.530875
  },
  "97": {
    "cen_loss": 1.4574248343408107,
    "cen_accuracy": 0.64975
  },
  "98": {
    "cen_loss": 1.767757272064686,
    "cen_accuracy": 0.59725
  },
  "99": {
    "cen_loss": 2.962092648267746,
    "cen_accuracy": 0.486375
  },
  "100": {
    "cen_loss": 7.617232038140297,
    "cen_accuracy": 0.453375
  },
  "101": {
    "cen_loss": 1.733150622457266,