{
  "0": {
    "cen_loss": 2.3027670545578003,
    "cen_accuracy": 0.0985
  },
  "1": {
    "cen_loss": 2.3027670545578003,
    "cen_accuracy": 0.0985
  },
  "2": {
    "cen_loss": 3.8406615161895754,
    "cen_accuracy": 0.097625
  },
  "3": {
    "cen_loss": 4.246609371185302,
    "cen_accuracy": 0.099875
  },
  "4": {
    "cen_loss": 5.711981108188629,
    "cen_accuracy": 0.099875
  },
  "5": {
    "cen_loss": 5.186917642593384,
    "cen_accuracy": 0.10275
  },
  "6": {
    "cen_loss": 3.2430997955799103,
    "cen_accuracy": 0.153625
  },
  "7": {
    "cen_loss": 2.9169766809940336,
    "cen_accuracy": 0.236375
  },
  "8": {
    "cen_loss": 3.7787230343818665,
    "cen_accuracy": 0.16775
  },
  "9": {
    "cen_loss": 3.4467519614696505,
    "cen_accuracy": 0.213875
  },
  "10": {
    "cen_loss": 3.3424130804538725,
    "cen_accuracy": 0.3135
  },
  "11": {
    "cen_loss": 1.9925848515033722,
    "cen_accuracy": 0.295
  },
  "12": {
    "cen_loss": 2.742343740940094,
    "cen_accuracy": 0.27825
  },
  "13": {
    "cen_loss": 2.491121742606163,
    "cen_accuracy": 0.305375
  },
  "14": {
    "cen_loss": 2.8872262485027314,
    "cen_accuracy": 0.253
  },
  "15": {
    "cen_loss": 3.276525555610657,
    "cen_accuracy": 0.19025
  },
  "16": {
    "cen_loss": 2.0145347558259963,
    "cen_accuracy": 0.364375
  },
  "17": {
    "cen_loss": 2.5004435288906097,
    "cen_accuracy": 0.29525
  },
  "18": {
    "cen_loss": 3.4341382703781127,
    "cen_accuracy": 0.278875
  },
  "19": {
    "cen_loss": 2.981837185382843,
    "cen_accuracy": 0.305875
  },
  "20": {
    "cen_loss": 3.4101750495433807,
    "cen_accuracy": 0.310625
  },
  "21": {
    "cen_loss": 2.127282685160637,
    "cen_accuracy": 0.403625
  },
  "22": {
    "cen_loss": 1.8280013222694398,
    "cen_accuracy": 0.447875
  },
  "23": {
    "cen_loss": 1.6630264985561372,
    "cen_accuracy": 0.435
  },
  "24": {
    "cen_loss": 2.0792216440439226,
    "cen_accuracy": 0.359
  },
  "25": {
    "cen_loss": 2.3371376554965972,
    "cen_accuracy": 0.37325
  },
  "26": {
    "cen_loss": 5.1556196503639224,
    "cen_accuracy": 0.2205
  },
  "27": {
    "cen_loss": 2.207511369585991,
    "cen_accuracy": 0.37875
  },
  "28": {
    "cen_loss": 3.099459746837616,
    "cen_accuracy": 0.281
  },
  "29": {
    "cen_loss": 2.8251605253219605,
    "cen_accuracy": 0.25075
  },
  "30": {
    "cen_loss": 3.30286102604866,
    "cen_accuracy": 0.2085
  },
  "31": {
    "cen_loss": 1.5580482963323594,
    "cen_accuracy": 0.439625
  },
  "32": {
    "cen_loss": 1.811052586555481,
    "cen_accuracy": 0.41325
  },
  "33": {
    "cen_loss": 3.026600096702576,
    "cen_accuracy": 0.362
  },
  "34": {
    "cen_loss": 2.4118643424510955,
    "cen_accuracy": 0.399375
  },
  "35": {
    "cen_loss": 2.0785458533763888,
    "cen_accuracy": 0.44325
  },
  "36": {
    "cen_loss": 2.2255165890455246,
    "cen_accuracy": 0.342875
  },
  "37": {
    "cen_loss": 1.6579915106296539,
    "cen_accuracy": 0.417125
  },
  "38": {
    "cen_loss": 2.4116361641883852,
    "cen_accuracy": 0.35525
  },
  "39": {
    "cen_loss": 2.661992176055908,
    "cen_accuracy": 0.3395
  },
  "40": {
    "cen_loss": 3.3248294084072114,
    "cen_accuracy": 0.297625
  },
  "41": {
    "cen_loss": 1.648418480873108,
    "cen_accuracy": 0.467375
  },
  "42": {
    "cen_loss": 2.0867652751207353,
    "cen_accuracy": 0.42175
  },
  "43": {
    "cen_loss": 2.4642241857051848,
    "cen_accuracy": 0.34325
  },
  "44": {
    "cen_loss": 2.6742907522916792,
    "cen_accuracy": 0.378375
  },
  "45": {
    "cen_loss": 3.398848043203354,
    "cen_accuracy": 0.339375
  },
  "46": {
    "cen_loss": 3.021415853500366,
    "cen_accuracy": 0.359125
  },
  "47": {
    "cen_loss": 2.5038871549367903,
    "cen_accuracy": 0.367625
  },
  "48": {
    "cen_loss": 1.4756235984563828,
    "cen_accuracy": 0.529625
  },
  "49": {
    "cen_loss": 1.7262267472743988,
    "cen_accuracy": 0.431875
  },
  "50": {
    "cen_loss": 1.9833554536104203,
    "cen_accuracy": 0.388375
  },
  "51": {
    "cen_loss": 2.1371147977113725,
    "cen_accuracy": 0.40325
  },
  "52": {
    "cen_loss": 1.7927773842811585,
    "cen_accuracy": 0.456125
  },
  "53": {
    "cen_loss": 1.5704894425868987,
    "cen_accuracy": 0.518125
  },
  "54": {
    "cen_loss": 2.32604343354702,
    "cen_accuracy": 0.405875
  },
  "55": {
    "cen_loss": 1.3215800102353097,
    "cen_accuracy": 0.539625
  },
  "56": {
    "cen_loss": 2.1730890609025955,
    "cen_accuracy": 0.395
  },
  "57": {
    "cen_loss": 1.522914396882057,
    "cen_accuracy": 0.514875
  },
  "58": {
    "cen_loss": 1.5694842948317527,
    "cen_accuracy": 0.531125
  },
  "59": {
    "cen_loss": 1.620165617287159,
    "cen_accuracy": 0.52725
  },
  "60": {
    "cen_loss": 1.9312634559869766,
    "cen_accuracy": 0.50175
  },
  "61": {
    "cen_loss": 1.6831997557282448,
    "cen_accuracy": 0.481125
  },
  "62": {
    "cen_loss": 1.8142697598934174,
    "cen_accuracy": 0.430125
  },
  "63": {
    "cen_loss": 1.8861031320095063,
    "cen_accuracy": 0.47
  },
  "64": {
    "cen_loss": 1.6269456561803817,
    "cen_accuracy": 0.499875
  },
  "65": {
    "cen_loss": 1.9594438495635986,
    "cen_accuracy": 0.46025
  },
  "66": {
    "cen_loss": 1.4933902008533477,
    "cen_accuracy": 0.52375
  },
  "67": {
    "cen_loss": 1.3999368043541909,
    "cen_accuracy": 0.562
  },
  "68": {
    "cen_loss": 2.079893632531166,
    "cen_accuracy": 0.439
  },
  "69": {
    "cen_loss": 1.7199385560750962,
    "cen_accuracy": 0.437625
  },
  "70": {
    "cen_loss": 1.79404858314991,
    "cen_accuracy": 0.450875
  },
  "71": {
    "cen_loss": 1.3220919699072837,
    "cen_accuracy": 0.556875
  },
  "72": {
    "cen_loss": 1.6151082735657691,
    "cen_accuracy": 0.536375
  },
  "73": {
    "cen_loss": 1.7858667438030242,
    "cen_accuracy": 0.442375
  },
  "74": {
    "cen_loss": 1.3139104031324387,
    "cen_accuracy": 0.584125
  },
  "75": {
    "cen_loss": 2.241161874771118,
    "cen_accuracy": 0.39175
  },
  "76": {
    "cen_loss": 1.2167290590405464,
    "cen_accuracy": 0.612875
  },
  "77": {
    "cen_loss": 2.355120865702629,
    "cen_accuracy": 0.39675
  },
  "78": {
    "cen_loss": 1.3862790344953537,
    "cen_accuracy": 0.555125
  },
  "79": {
    "cen_loss": 1.7701470247507096,
    "cen_accuracy": 0.485875
  },
  "80": {
    "cen_loss": 2.48200936627388,
    "cen_accuracy": 0.39625
  },
  "81": {
    "cen_loss": 1.435761397242546,
    "cen_accuracy": 0.546375
  },
  "82": {
    "cen_loss": 1.3026659675836563,
    "cen_accuracy": 0.573625
  },
  "83": {
    "cen_loss": 1.6584260461330413,
    "cen_accuracy": 0.503875
  },
  "84": {
    "cen_loss": 1.1379687888920307,
    "cen_accuracy": 0.63325
  },
  "85": {
    "cen_loss": 1.4605690290927886,
    "cen_accuracy": 0.566125
  },
  "86": {
    "cen_loss": 3.7849558010101316,
    "cen_accuracy": 0.302375
  },
  "87": {
    "cen_loss": 1.3660639991760255,
    "cen_accuracy": 0.572125
  },
  "88": {
    "cen_loss": 2.2789034349918365,
    "cen_accuracy": 0.436625
  },
  "89": {
    "cen_loss": 1.4994180265665054,
    "cen_accuracy": 0.5285
  },
  "90": {
    "cen_loss": 1.991299471616745,
    "cen_accuracy": 0.446625
  },
  "91": {
    "cen_loss": 1.2625606163740157,
    "cen_accuracy": 0.57225
  },
  "92": {
    "cen_loss": 1.4004259958267211,
    "cen_accuracy": 0.56575
  },
  "93": {
    "cen_loss": 2.0044763119220734,
    "cen_accuracy": 0.447875
  },
  "94": {
    "cen_loss": 2.249127456188202,
    "cen_accuracy": 0.4495
  },
  "95": {
    "cen_loss": 1.4314280180931092,
    "cen_accuracy": 0.57
  },
  "96": {
    "cen_loss": 1.5923829241991043,
    "cen_accuracy": 0.55325
  },
  "97": {
    "cen_loss": 2.337657059788704,
    "cen_accuracy": 0.415125
  },
  "98": {
    "cen_loss": 2.601940216064453,
    "cen_accuracy": 0.42175
  },
  "99": {
    "cen_loss": 1.5362313005328179,
    "cen_accuracy": 0.519125
  },
  "100": {
    "cen_loss": 2.0629601489305496,
    "cen_accuracy": 0.442
  },