{
  "0": {
    "cen_loss": 2.302756995201111,
    "cen_accuracy": 0.100375
  },
  "1": {
    "cen_loss": 2.302756995201111,
    "cen_accuracy": 0.100375
  },
  "2": {
    "cen_loss": 3.9671850776672364,
    "cen_accuracy": 0.099125
  },
  "3": {
    "cen_loss": 4.9706259536743165,
    "cen_accuracy": 0.1
  },
  "4": {
    "cen_loss": 5.0244537129402165,
    "cen_accuracy": 0.108375
  },
  "5": {
    "cen_loss": 5.241872947216034,
    "cen_accuracy": 0.15525
  },
  "6": {
    "cen_loss": 3.7252769103050234,
    "cen_accuracy": 0.1665
  },
  "7": {
    "cen_loss": 2.9971426825523375,
    "cen_accuracy": 0.25
  },
  "8": {
    "cen_loss": 1.9222273753881454,
    "cen_accuracy": 0.42825
  },
  "9": {
    "cen_loss": 1.8435372792482376,
    "cen_accuracy": 0.4945
  },
  "10": {
    "cen_loss": 2.7627644535303117,
    "cen_accuracy": 0.453875
  },
  "11": {
    "cen_loss": 2.0198874060511587,
    "cen_accuracy": 0.49875
  },
  "12": {
    "cen_loss": 1.912804661989212,
    "cen_accuracy": 0.5105
  },
  "13": {
    "cen_loss": 2.0164593188762665,
    "cen_accuracy": 0.5345
  },
  "14": {
    "cen_loss": 2.0521392287015914,
    "cen_accuracy": 0.53375
  },
  "15": {
    "cen_loss": 2.008788075566292,
    "cen_accuracy": 0.546875
  },
  "16": {
    "cen_loss": 1.8739741716384888,
    "cen_accuracy": 0.549625
  },
  "17": {
    "cen_loss": 1.7798073884248733,
    "cen_accuracy": 0.5725
  },
  "18": {
    "cen_loss": 2.0144407043084502,
    "cen_accuracy": 0.548125
  },
  "19": {
    "cen_loss": 1.642582189142704,
    "cen_accuracy": 0.59
  },
  "20": {
    "cen_loss": 1.853681333899498,
    "cen_accuracy": 0.57875
  },
  "21": {
    "cen_loss": 1.791965139530599,
    "cen_accuracy": 0.582625
  },
  "22": {
    "cen_loss": 1.7256468702554704,
    "cen_accuracy": 0.582125
  },
  "23": {
    "cen_loss": 1.7535544520914554,
    "cen_accuracy": 0.5955
  },
  "24": {
    "cen_loss": 1.619189255774021,
    "cen_accuracy": 0.6025
  },
  "25": {
    "cen_loss": 1.5864140083789826,
    "cen_accuracy": 0.60525
  },
  "26": {
    "cen_loss": 1.6159041187763215,
    "cen_accuracy": 0.602
  },
  "27": {
    "cen_loss": 1.654786779165268,
    "cen_accuracy": 0.617625
  },
  "28": {
    "cen_loss": 1.4997710957229138,
    "cen_accuracy": 0.629875
  },
  "29": {
    "cen_loss": 1.5334289968013763,
    "cen_accuracy": 0.6215
  },
  "30": {
    "cen_loss": 1.5537790797650815,
    "cen_accuracy": 0.62475
  },
  "31": {
    "cen_loss": 1.4055756341218948,
    "cen_accuracy": 0.64075
  },
  "32": {
    "cen_loss": 1.4944350052177906,
    "cen_accuracy": 0.630625
  },
  "33": {
    "cen_loss": 1.3716232807636262,
    "cen_accuracy": 0.64925
  },
  "34": {
    "cen_loss": 1.4147389747798442,
    "cen_accuracy": 0.641125
  },
  "35": {
    "cen_loss": 1.387143978893757,
    "cen_accuracy": 0.650625
  },
  "36": {
    "cen_loss": 1.5792879884541036,
    "cen_accuracy": 0.63625
  },
  "37": {
    "cen_loss": 1.3801099164932966,
    "cen_accuracy": 0.653125
  },
  "38": {
    "cen_loss": 1.3966831489503384,
    "cen_accuracy": 0.652375
  },
  "39": {
    "cen_loss": 1.3044824983030558,
    "cen_accuracy": 0.66725
  },
  "40": {
    "cen_loss": 1.4921070268452168,
    "cen_accuracy": 0.644125
  },
  "41": {
    "cen_loss": 1.3176417724192142,
    "cen_accuracy": 0.66025
  },
  "42": {
    "cen_loss": 1.3226028028726577,
    "cen_accuracy": 0.66175
  },
  "43": {
    "cen_loss": 1.3647489062547684,
    "cen_accuracy": 0.649625
  },
  "44": {
    "cen_loss": 1.3494059528112412,
    "cen_accuracy": 0.662
  },
  "45": {
    "cen_loss": 1.2396836939752103,
    "cen_accuracy": 0.677625
  },
  "46": {
    "cen_loss": 1.2959889441728591,
    "cen_accuracy": 0.672625
  },
  "47": {
    "cen_loss": 1.260647757768631,
    "cen_accuracy": 0.677875
  },
  "48": {
    "cen_loss": 1.269722526744008,
    "cen_accuracy": 0.67875
  },
  "49": {
    "cen_loss": 1.2570971731767058,
    "cen_accuracy": 0.6815
  },
  "50": {
    "cen_loss": 1.3415700762718916,
    "cen_accuracy": 0.671875
  },
  "51": {
    "cen_loss": 1.2488194511532784,
    "cen_accuracy": 0.67775
  },
  "52": {
    "cen_loss": 1.2016262200772763,
    "cen_accuracy": 0.686375
  },
  "53": {
    "cen_loss": 1.184814277946949,
    "cen_accuracy": 0.696625
  },
  "54": {
    "cen_loss": 1.19046018999815,
    "cen_accuracy": 0.694
  },
  "55": {
    "cen_loss": 1.1781164347231388,
    "cen_accuracy": 0.697375
  },
  "56": {
    "cen_loss": 1.1856839900165796,
    "cen_accuracy": 0.694375
  },
  "57": {
    "cen_loss": 1.151547507315874,
    "cen_accuracy": 0.69
  },
  "58": {
    "cen_loss": 1.2128177632391453,
    "cen_accuracy": 0.68925
  },
  "59": {
    "cen_loss": 1.1799189970493316,
    "cen_accuracy": 0.69225
  },
  "60": {
    "cen_loss": 1.2496710608005523,
    "cen_accuracy": 0.68275
  },
  "61": {
    "cen_loss": 1.1097733710706235,
    "cen_accuracy": 0.7035
  },
  "62": {
    "cen_loss": 1.1295539350956678,
    "cen_accuracy": 0.7
  },
  "63": {
    "cen_loss": 1.1401028636097907,
    "cen_accuracy": 0.7015
  },
  "64": {
    "cen_loss": 1.075577762067318,
    "cen_accuracy": 0.709625
  },
  "65": {
    "cen_loss": 1.0854950689524412,
    "cen_accuracy": 0.712125
  },
  "66": {
    "cen_loss": 1.0881057995408774,
    "cen_accuracy": 0.7135
  },
  "67": {
    "cen_loss": 1.1262658848464489,
    "cen_accuracy": 0.70875
  },
  "68": {
    "cen_loss": 1.074452828783542,
    "cen_accuracy": 0.713625
  },
  "69": {
    "cen_loss": 1.0983176847398282,
    "cen_accuracy": 0.7115
  },
  "70": {
    "cen_loss": 1.1803693907111883,
    "cen_accuracy": 0.702375
  },
  "71": {
    "cen_loss": 1.0870203590244054,
    "cen_accuracy": 0.714125
  },
  "72": {
    "cen_loss": 1.0543784409686923,
    "cen_accuracy": 0.716375
  },
  "73": {
    "cen_loss": 1.0558882818594575,
    "cen_accuracy": 0.717
  },
  "74": {
    "cen_loss": 1.0958265969976784,
    "cen_accuracy": 0.71025
  },
  "75": {
    "cen_loss": 1.0412900212407112,
    "cen_accuracy": 0.7185
  },
  "76": {
    "cen_loss": 1.0464776066318153,
    "cen_accuracy": 0.71575
  },
  "77": {
    "cen_loss": 1.0621885218322278,
    "cen_accuracy": 0.715375
  },
  "78": {
    "cen_loss": 0.9890869325660169,
    "cen_accuracy": 0.727125
  },
  "79": {
    "cen_loss": 1.0434296120107174,
    "cen_accuracy": 0.72275
  },
  "80": {
    "cen_loss": 1.0657421991974116,
    "cen_accuracy": 0.717875
  },
  "81": {
    "cen_loss": 1.0560256518572568,
    "cen_accuracy": 0.714875
  },
  "82": {
    "cen_loss": 1.034700234875083,
    "cen_accuracy": 0.72425
  },
  "83": {
    "cen_loss": 1.014068924471736,
    "cen_accuracy": 0.72575
  },
  "84": {
    "cen_loss": 1.0012172268237918,
    "cen_accuracy": 0.727125
  },
  "85": {
    "cen_loss": 1.068406237553805,
    "cen_accuracy": 0.721375
  },
  "86": {
    "cen_loss": 1.0007698684334756,
    "cen_accuracy": 0.726125
  },
  "87": {
    "cen_loss": 1.0257632525600493,
    "cen_accuracy": 0.724875
  },
  "88": {
    "cen_loss": 1.016647476784885,
    "cen_accuracy": 0.72775
  },
  "89": {
    "cen_loss": 1.0010373033732176,
    "cen_accuracy": 0.732125
  },
  "90": {
    "cen_loss": 1.0997835108712315,
    "cen_accuracy": 0.723375
  },
  "91": {
    "cen_loss": 1.0241813975945115,
    "cen_accuracy": 0.72825
  },
  "92": {
    "cen_loss": 0.9802656997442245,
    "cen_accuracy": 0.734625
  },
  "93": {
    "cen_loss": 0.9632687828019262,
    "cen_accuracy": 0.73775
  },
  "94": {
    "cen_loss": 0.9823668312616646,
    "cen_accuracy": 0.734
  },
  "95": {
    "cen_loss": 0.9821957062631845,
    "cen_accuracy": 0.73325
  },
  "96": {
    "cen_loss": 0.9898299095928669,
    "cen_accuracy": 0.732625
  },
  "97": {
    "cen_loss": 0.9791255091354251,
    "cen_accuracy": 0.7305
  },
  "98": {
    "cen_loss": 1.01462839628011,
    "cen_accuracy": 0.736375
  },
  "99": {
    "cen_loss": 0.9505261910483241,
    "cen_accuracy": 0.73825
  },
  "100": {
    "cen_loss": 1.0095447289906443,
    "cen_accuracy": 0.731625
  },
  "101": {
    "cen_loss": 0.9415555163174868,