{
  "0": {
    "cen_loss": 2.3027569942474364,
    "cen_accuracy": 0.100375
  },
  "1": {
    "cen_loss": 2.3027569942474364,
    "cen_accuracy": 0.100375
  },
  "2": {
    "cen_loss": 4.936267411231994,
    "cen_accuracy": 0.100625
  },
  "3": {
    "cen_loss": 3.511314269542694,
    "cen_accuracy": 0.099125
  },
  "4": {
    "cen_loss": 5.57958812379837,
    "cen_accuracy": 0.1
  },
  "5": {
    "cen_loss": 4.89574280500412,
    "cen_accuracy": 0.099125
  },
  "6": {
    "cen_loss": 3.658125089645386,
    "cen_accuracy": 0.126
  },
  "7": {
    "cen_loss": 3.357980183839798,
    "cen_accuracy": 0.186
  },
  "8": {
    "cen_loss": 2.746155766963959,
    "cen_accuracy": 0.17025
  },
  "9": {
    "cen_loss": 2.4073900754451754,
    "cen_accuracy": 0.2795
  },
  "10": {
    "cen_loss": 2.1914569890499114,
    "cen_accuracy": 0.30775
  },
  "11": {
    "cen_loss": 3.230705078601837,
    "cen_accuracy": 0.234375
  },
  "12": {
    "cen_loss": 2.5806838998794555,
    "cen_accuracy": 0.240625
  },
  "13": {
    "cen_loss": 2.4739322578907013,
    "cen_accuracy": 0.281375
  },
  "14": {
    "cen_loss": 2.414899450302124,
    "cen_accuracy": 0.310375
  },
  "15": {
    "cen_loss": 3.4785163280963896,
    "cen_accuracy": 0.252625
  },
  "16": {
    "cen_loss": 2.1741623153686525,
    "cen_accuracy": 0.32675
  },
  "17": {
    "cen_loss": 1.6356854006052017,
    "cen_accuracy": 0.436875
  },
  "18": {
    "cen_loss": 2.423191458463669,
    "cen_accuracy": 0.358375
  },
  "19": {
    "cen_loss": 2.7401314203739164,
    "cen_accuracy": 0.299
  },
  "20": {
    "cen_loss": 3.1115178298950195,
    "cen_accuracy": 0.292
  },
  "21": {
    "cen_loss": 2.55992325258255,
    "cen_accuracy": 0.32425
  },
  "22": {
    "cen_loss": 1.9166955955028533,
    "cen_accuracy": 0.38625
  },
  "23": {
    "cen_loss": 2.6404446012973786,
    "cen_accuracy": 0.275375
  },
  "24": {
    "cen_loss": 2.046601900935173,
    "cen_accuracy": 0.405
  },
  "25": {
    "cen_loss": 2.6447890253067015,
    "cen_accuracy": 0.349375
  },
  "26": {
    "cen_loss": 2.2300742284059525,
    "cen_accuracy": 0.3925
  },
  "27": {
    "cen_loss": 1.4563556108474731,
    "cen_accuracy": 0.49325
  },
  "28": {
    "cen_loss": 2.0100237605571745,
    "cen_accuracy": 0.402125
  },
  "29": {
    "cen_loss": 2.134440862417221,
    "cen_accuracy": 0.35725
  },
  "30": {
    "cen_loss": 1.885041979432106,
    "cen_accuracy": 0.4055
  },
  "31": {
    "cen_loss": 1.7736018121242523,
    "cen_accuracy": 0.425375
  },
  "32": {
    "cen_loss": 2.0222051541805266,
    "cen_accuracy": 0.439125
  },
  "33": {
    "cen_loss": 2.861535670042038,
    "cen_accuracy": 0.275125
  },
  "34": {
    "cen_loss": 1.6163980309963226,
    "cen_accuracy": 0.48325
  },
  "35": {
    "cen_loss": 2.22755659866333,
    "cen_accuracy": 0.358875
  },
  "36": {
    "cen_loss": 2.5808246734142304,
    "cen_accuracy": 0.42875
  },
  "37": {
    "cen_loss": 1.871921255350113,
    "cen_accuracy": 0.47025
  },
  "38": {
    "cen_loss": 2.0683841582536697,
    "cen_accuracy": 0.42775
  },
  "39": {
    "cen_loss": 1.9779103910923004,
    "cen_accuracy": 0.416
  },
  "40": {
    "cen_loss": 1.8961588152647018,
    "cen_accuracy": 0.432625
  },
  "41": {
    "cen_loss": 1.736669383585453,
    "cen_accuracy": 0.489
  },
  "42": {
    "cen_loss": 2.2316175194382666,
    "cen_accuracy": 0.41075
  },
  "43": {
    "cen_loss": 1.8115693881511687,
    "cen_accuracy": 0.487
  },
  "44": {
    "cen_loss": 1.9822329666614533,
    "cen_accuracy": 0.37925
  },
  "45": {
    "cen_loss": 1.4986967006325722,
    "cen_accuracy": 0.52725
  },
  "46": {
    "cen_loss": 1.4572262387871742,
    "cen_accuracy": 0.5645
  },
  "47": {
    "cen_loss": 1.9620343477725983,
    "cen_accuracy": 0.44875
  },
  "48": {
    "cen_loss": 2.014015083909035,
    "cen_accuracy": 0.46475
  },
  "49": {
    "cen_loss": 1.8177877336740493,
    "cen_accuracy": 0.4715
  },
  "50": {
    "cen_loss": 2.320558816075325,
    "cen_accuracy": 0.3715
  },
  "51": {
    "cen_loss": 2.4011309946775437,
    "cen_accuracy": 0.39475
  },
  "52": {
    "cen_loss": 1.6910108492970466,
    "cen_accuracy": 0.50875
  },
  "53": {
    "cen_loss": 1.767501024723053,
    "cen_accuracy": 0.487375
  },
  "54": {
    "cen_loss": 2.5261471828222275,
    "cen_accuracy": 0.399375
  },
  "55": {
    "cen_loss": 1.429700443685055,
    "cen_accuracy": 0.547875
  },
  "56": {
    "cen_loss": 1.6700152395963668,
    "cen_accuracy": 0.46
  },
  "57": {
    "cen_loss": 1.6133091731071472,
    "cen_accuracy": 0.49025
  },
  "58": {
    "cen_loss": 1.5325612685084342,
    "cen_accuracy": 0.572375
  },
  "59": {
    "cen_loss": 1.589705681681633,
    "cen_accuracy": 0.50175
  },
  "60": {
    "cen_loss": 1.4007492040991782,
    "cen_accuracy": 0.55425
  },
  "61": {
    "cen_loss": 2.75814959692955,
    "cen_accuracy": 0.38675
  },
  "62": {
    "cen_loss": 1.8999904571175574,
    "cen_accuracy": 0.466125
  },
  "63": {
    "cen_loss": 1.7801405664682388,
    "cen_accuracy": 0.475
  },
  "64": {
    "cen_loss": 1.4236662691235542,
    "cen_accuracy": 0.503125
  },
  "65": {
    "cen_loss": 1.8637718125581741,
    "cen_accuracy": 0.5175
  },
  "66": {
    "cen_loss": 2.0799160808324815,
    "cen_accuracy": 0.44975
  },
  "67": {
    "cen_loss": 1.894814914226532,
    "cen_accuracy": 0.443625
  },
  "68": {
    "cen_loss": 1.8881072206497191,
    "cen_accuracy": 0.49525
  },
  "69": {
    "cen_loss": 1.3954814281463623,
    "cen_accuracy": 0.582875
  },
  "70": {
    "cen_loss": 1.4483250237107277,
    "cen_accuracy": 0.5775
  },
  "71": {
    "cen_loss": 1.4080027752518653,
    "cen_accuracy": 0.538875
  },
  "72": {
    "cen_loss": 1.9807753182649612,
    "cen_accuracy": 0.48875
  },
  "73": {
    "cen_loss": 1.2213250083327294,
    "cen_accuracy": 0.57725
  },
  "74": {
    "cen_loss": 2.4031702157258987,
    "cen_accuracy": 0.382875
  },
  "75": {
    "cen_loss": 1.4485520004630088,
    "cen_accuracy": 0.51475
  },
  "76": {
    "cen_loss": 2.0395547071695326,
    "cen_accuracy": 0.41275
  },
  "77": {
    "cen_loss": 1.521498045027256,
    "cen_accuracy": 0.565125
  },
  "78": {
    "cen_loss": 1.9494976028203965,
    "cen_accuracy": 0.43075
  },
  "79": {
    "cen_loss": 1.460636692941189,
    "cen_accuracy": 0.568625
  },
  "80": {
    "cen_loss": 1.5341401629447937,
    "cen_accuracy": 0.554375
  },
  "81": {
    "cen_loss": 1.560682407140732,
    "cen_accuracy": 0.52425
  },
  "82": {
    "cen_loss": 1.6458063418865203,
    "cen_accuracy": 0.514875
  },
  "83": {
    "cen_loss": 1.5602761797308922,
    "cen_accuracy": 0.506875
  },
  "84": {
    "cen_loss": 1.5967632598876953,
    "cen_accuracy": 0.525375
  },
  "85": {
    "cen_loss": 1.5967632598876953,
    "cen_accuracy": 0.525375
  },
  "86": {
    "cen_loss": 1.5967632598876953,
    "cen_accuracy": 0.525375
  },
  "87": {
    "cen_loss": 1.1700333951711654,
    "cen_accuracy": 0.615
  },
  "88": {
    "cen_loss": 1.1700333951711654,
    "cen_accuracy": 0.615
  },
  "89": {
    "cen_loss": 1.1700333951711654,
    "cen_accuracy": 0.615
  },
  "90": {
    "cen_loss": 1.1689042664468288,
    "cen_accuracy": 0.612875
  },
  "91": {
    "cen_loss": 1.1689042664468288,
    "cen_accuracy": 0.612875
  },
  "92": {
    "cen_loss": 1.1689042664468288,
    "cen_accuracy": 0.612875
  },
  "93": {
    "cen_loss": 1.1240928304195403,
    "cen_accuracy": 0.627625
  },
  "94": {
    "cen_loss": 1.1240928304195403,
    "cen_accuracy": 0.627625
  },
  "95": {
    "cen_loss": 1.1240928304195403,
    "cen_accuracy": 0.627625
  },
  "96": {
    "cen_loss": 1.1210274956822395,
    "cen_accuracy": 0.635625
  },
  "97": {
    "cen_loss": 1.1210274956822395,
    "cen_accuracy": 0.635625
  },
  "98": {
    "cen_loss": 1.1210274956822395,
    "cen_accuracy": 0.635625
  },
  "99": {
    "cen_loss": 1.0349273673593997,
    "cen_accuracy": 0.6575
  },
  "100": {
    "cen_loss": 1.0349273673593997,
    "cen_accuracy": 0.6575
  },
  "101": {
    "cen_loss": 1.0349273673593997,