{
  "0": {
    "cen_loss": 2.3027569942474364,
    "cen_accuracy": 0.100375
  },
  "1": {
    "cen_loss": 2.3027569942474364,
    "cen_accuracy": 0.100375
  },
  "2": {
    "cen_loss": 2.766072169303894,
    "cen_accuracy": 0.099375
  },
  "3": {
    "cen_loss": 3.8653347492218018,
    "cen_accuracy": 0.099125
  },
  "4": {
    "cen_loss": 4.495254943370819,
    "cen_accuracy": 0.1
  },
  "5": {
    "cen_loss": 6.332955543518066,
    "cen_accuracy": 0.099125
  },
  "6": {
    "cen_loss": 4.82144647026062,
    "cen_accuracy": 0.1
  },
  "7": {
    "cen_loss": 4.108121764659882,
    "cen_accuracy": 0.161625
  },
  "8": {
    "cen_loss": 3.0478029885292055,
    "cen_accuracy": 0.15575
  },
  "9": {
    "cen_loss": 3.5587575454711913,
    "cen_accuracy": 0.18175
  },
  "10": {
    "cen_loss": 2.3442672643661497,
    "cen_accuracy": 0.324375
  },
  "11": {
    "cen_loss": 2.1088466893434523,
    "cen_accuracy": 0.30875
  },
  "12": {
    "cen_loss": 5.3489469079971315,
    "cen_accuracy": 0.135625
  },
  "13": {
    "cen_loss": 1.8420006458759308,
    "cen_accuracy": 0.380625
  },
  "14": {
    "cen_loss": 3.4287806992530823,
    "cen_accuracy": 0.242
  },
  "15": {
    "cen_loss": 2.511328763008118,
    "cen_accuracy": 0.295125
  },
  "16": {
    "cen_loss": 2.702296579360962,
    "cen_accuracy": 0.3175
  },
  "17": {
    "cen_loss": 3.0876013576984405,
    "cen_accuracy": 0.311625
  },
  "18": {
    "cen_loss": 2.386991611480713,
    "cen_accuracy": 0.401875
  },
  "19": {
    "cen_loss": 3.1535148091316225,
    "cen_accuracy": 0.319125
  },
  "20": {
    "cen_loss": 2.8068621551990507,
    "cen_accuracy": 0.34075
  },
  "21": {
    "cen_loss": 2.6001036767959596,
    "cen_accuracy": 0.344125
  },
  "22": {
    "cen_loss": 2.417674880743027,
    "cen_accuracy": 0.333
  },
  "23": {
    "cen_loss": 1.9514938342571257,
    "cen_accuracy": 0.42425
  },
  "24": {
    "cen_loss": 2.2304931402206423,
    "cen_accuracy": 0.391875
  },
  "25": {
    "cen_loss": 1.6632342952489854,
    "cen_accuracy": 0.439875
  },
  "26": {
    "cen_loss": 1.7922827266454697,
    "cen_accuracy": 0.41375
  },
  "27": {
    "cen_loss": 2.3719510276317597,
    "cen_accuracy": 0.3885
  },
  "28": {
    "cen_loss": 1.8640574344396592,
    "cen_accuracy": 0.44825
  },
  "29": {
    "cen_loss": 2.1661465233564376,
    "cen_accuracy": 0.464375
  },
  "30": {
    "cen_loss": 2.5404673603773116,
    "cen_accuracy": 0.4365
  },
  "31": {
    "cen_loss": 1.9632663377523423,
    "cen_accuracy": 0.427875
  },
  "32": {
    "cen_loss": 2.807011442065239,
    "cen_accuracy": 0.401125
  },
  "33": {
    "cen_loss": 2.838691577553749,
    "cen_accuracy": 0.380875
  },
  "34": {
    "cen_loss": 2.4397521159648896,
    "cen_accuracy": 0.4275
  },
  "35": {
    "cen_loss": 2.4072176723480223,
    "cen_accuracy": 0.316625
  },
  "36": {
    "cen_loss": 1.7488157421350479,
    "cen_accuracy": 0.46675
  },
  "37": {
    "cen_loss": 1.9196389601826669,
    "cen_accuracy": 0.4645
  },
  "38": {
    "cen_loss": 1.7313251291513443,
    "cen_accuracy": 0.486625
  },
  "39": {
    "cen_loss": 1.851867617726326,
    "cen_accuracy": 0.47425
  },
  "40": {
    "cen_loss": 2.1036964412927626,
    "cen_accuracy": 0.446625
  },
  "41": {
    "cen_loss": 2.0178444991111757,
    "cen_accuracy": 0.480875
  },
  "42": {
    "cen_loss": 1.4024877907037736,
    "cen_accuracy": 0.5455
  },
  "43": {
    "cen_loss": 2.1279474207162856,
    "cen_accuracy": 0.409
  },
  "44": {
    "cen_loss": 2.2004841376543043,
    "cen_accuracy": 0.386375
  },
  "45": {
    "cen_loss": 2.028825798153877,
    "cen_accuracy": 0.432625
  },
  "46": {
    "cen_loss": 1.8365523360967637,
    "cen_accuracy": 0.511125
  },
  "47": {
    "cen_loss": 1.7077034907341004,
    "cen_accuracy": 0.489125
  },
  "48": {
    "cen_loss": 1.5077134487628936,
    "cen_accuracy": 0.519375
  },
  "49": {
    "cen_loss": 1.929831466436386,
    "cen_accuracy": 0.47075
  },
  "50": {
    "cen_loss": 2.2737775579690935,
    "cen_accuracy": 0.4085
  },
  "51": {
    "cen_loss": 1.750401805460453,
    "cen_accuracy": 0.47125
  },
  "52": {
    "cen_loss": 2.063739561676979,
    "cen_accuracy": 0.403
  },
  "53": {
    "cen_loss": 2.137925880432129,
    "cen_accuracy": 0.436625
  },
  "54": {
    "cen_loss": 1.2524825578331948,
    "cen_accuracy": 0.577375
  },
  "55": {
    "cen_loss": 1.4097816897034645,
    "cen_accuracy": 0.55775
  },
  "56": {
    "cen_loss": 1.712258982539177,
    "cen_accuracy": 0.49
  },
  "57": {
    "cen_loss": 1.6584049849510192,
    "cen_accuracy": 0.549375
  },
  "58": {
    "cen_loss": 2.203256104171276,
    "cen_accuracy": 0.48425
  },
  "59": {
    "cen_loss": 2.0420259215831758,
    "cen_accuracy": 0.429
  },
  "60": {
    "cen_loss": 2.0712440603971483,
    "cen_accuracy": 0.420875
  },
  "61": {
    "cen_loss": 2.003037942290306,
    "cen_accuracy": 0.449
  },
  "62": {
    "cen_loss": 2.0166925748586655,
    "cen_accuracy": 0.497625
  },
  "63": {
    "cen_loss": 1.4805680810809136,
    "cen_accuracy": 0.559875
  },
  "64": {
    "cen_loss": 2.126319540143013,
    "cen_accuracy": 0.46175
  },
  "65": {
    "cen_loss": 1.9329007279872894,
    "cen_accuracy": 0.513875
  },
  "66": {
    "cen_loss": 2.558761249065399,
    "cen_accuracy": 0.441125
  },
  "67": {
    "cen_loss": 1.6584640233516692,
    "cen_accuracy": 0.49225
  },
  "68": {
    "cen_loss": 1.5353040840625762,
    "cen_accuracy": 0.559
  },
  "69": {
    "cen_loss": 1.6321456567049026,
    "cen_accuracy": 0.5485
  },
  "70": {
    "cen_loss": 2.764161572933197,
    "cen_accuracy": 0.41325
  },
  "71": {
    "cen_loss": 1.3734061643481255,
    "cen_accuracy": 0.576875
  },
  "72": {
    "cen_loss": 1.7296183938980103,
    "cen_accuracy": 0.472625
  },
  "73": {
    "cen_loss": 1.3386064920425416,
    "cen_accuracy": 0.571125
  },
  "74": {
    "cen_loss": 1.442512586593628,
    "cen_accuracy": 0.555375
  },
  "75": {
    "cen_loss": 1.688410794198513,
    "cen_accuracy": 0.542
  },
  "76": {
    "cen_loss": 1.4963468785881997,
    "cen_accuracy": 0.55975
  },
  "77": {
    "cen_loss": 1.4417079113125801,
    "cen_accuracy": 0.56925
  },
  "78": {
    "cen_loss": 1.7970229529738426,
    "cen_accuracy": 0.5375
  },
  "79": {
    "cen_loss": 1.624178415298462,
    "cen_accuracy": 0.557875
  },
  "80": {
    "cen_loss": 1.6365982699990274,
    "cen_accuracy": 0.558125
  },
  "81": {
    "cen_loss": 1.2330575512051583,
    "cen_accuracy": 0.5825
  },
  "82": {
    "cen_loss": 1.8802413219809533,
    "cen_accuracy": 0.489375
  },
  "83": {
    "cen_loss": 1.5110058121681214,
    "cen_accuracy": 0.536125
  },
  "84": {
    "cen_loss": 1.6399630907773972,
    "cen_accuracy": 0.551375
  },
  "85": {
    "cen_loss": 1.4306998629570007,
    "cen_accuracy": 0.56025
  },
  "86": {
    "cen_loss": 1.3843504416942596,
    "cen_accuracy": 0.582875
  },
  "87": {
    "cen_loss": 2.146134171128273,
    "cen_accuracy": 0.45575
  },
  "88": {
    "cen_loss": 1.6308216668963433,
    "cen_accuracy": 0.5405
  },
  "89": {
    "cen_loss": 1.3407459073662757,
    "cen_accuracy": 0.589625
  },
  "90": {
    "cen_loss": 1.4526229193806648,
    "cen_accuracy": 0.5595
  },
  "91": {
    "cen_loss": 1.4427926927804946,
    "cen_accuracy": 0.581375
  },
  "92": {
    "cen_loss": 1.3532084503769874,
    "cen_accuracy": 0.579
  },
  "93": {
    "cen_loss": 1.8655898584127426,
    "cen_accuracy": 0.525875
  },
  "94": {
    "cen_loss": 1.2226449071764947,
    "cen_accuracy": 0.611125
  },
  "95": {
    "cen_loss": 1.8113202258348464,
    "cen_accuracy": 0.525375
  },
  "96": {
    "cen_loss": 2.041947117686272,
    "cen_accuracy": 0.468875
  },
  "97": {
    "cen_loss": 1.397437615454197,
    "cen_accuracy": 0.558125
  },
  "98": {
    "cen_loss": 1.3512171487212181,
    "cen_accuracy": 0.58525
  },
  "99": {
    "cen_loss": 1.5617712771892547,
    "cen_accuracy": 0.603875
  },
  "100": {
    "cen_loss": 1.7862008751630782,
    "cen_accuracy": 0.56575
  },