{
  "2": {
    "total_mJ": 1255814141.4460516,
    "total_ceq": 80.10945144982922,
    "num_expired_thresh": 0,
    "num_depleted": 0,
    "num_transmited_bytes": 21826112
  },
  "3": {
    "total_mJ": 1218344568.724265,
    "total_ceq": 70.76881299291819,
    "num_expired_thresh": 0,
    "num_depleted": 0,
    "num_transmited_bytes": 19841920
  },
  "4": {
    "total_mJ": 1252841841.0274875,
    "total_ceq": 76.43804838363157,
    "num_expired_thresh": 0,
    "num_depleted": 0,
    "num_transmited_bytes": 21826112
  },
  "5": {
    "total_mJ": 2814485347.661181,
    "total_ceq": 167.32405216151454,
    "num_expired_thresh": 0,
    "num_depleted": 0,
    "num_transmited_bytes": 21826112
  },
  "6": {
    "total_mJ": 1215310294.9603987,
    "total_ceq": 75.70883217006678,
    "num_expired_thresh": 0,
    "num_depleted": 0,
    "num_transmited_bytes": 21826112
  },
  "7": {
    "total_mJ": 1206756772.8101473,
    "total_ceq": 73.1190210608798,
    "num_expired_thresh": 0,
    "num_depleted": 0,
    "num_transmited_bytes": 21826112
  },
  "8": {
    "total_mJ": 810768253.8392893,
    "total_ceq": 50.15672745223383,
    "num_expired_thresh": 0,
    "num_depleted": 0,
    "num_transmited_bytes": 21826112
  },
  "9": {
    "total_mJ": 906248937.4034218,
    "total_ceq": 58.572419093797514,
    "num_expired_thresh": 0,
    "num_depleted": 0,
    "num_transmited_bytes": 21826112
  },
  "10": {
    "total_mJ": 1631178442.025869,
    "total_ceq": 95.75604408510802,
    "num_expired_thresh": 0,
    "num_depleted": 0,
    "num_transmited_bytes": 21826112
  },
  "11": {
    "total_mJ": 1456912002.6005287,
    "total_ceq": 86.37161090149588,
    "num_expired_thresh": 0,
    "num_depleted": 0,
    "num_transmited_bytes": 21826112
  },
  "12": {
    "total_mJ": 1254039977.5798542,
    "total_ceq": 76.58595352115661,
    "num_expired_thresh": 0,
    "num_depleted": 0,
    "num_transmited_bytes": 21826112
  },
  "13": {
    "total_mJ": 2146386769.4686608,
    "total_ceq": 128.79168476830515,
    "num_expired_thresh": 0,
    "num_depleted": 0,
    "num_transmited_bytes": 21826112
  },
  "14": {
    "total_mJ": 2145599629.0979881,
    "total_ceq": 127.93743424656758,
    "num_expired_thresh": 0,
    "num_depleted": 0,
    "num_transmited_bytes": 21826112
  },
  "15": {
    "total_mJ": 4729134809.046272,
    "total_ceq": 279.6316012535586,
    "num_expired_thresh": 0,
    "num_depleted": 0,
    "num_transmited_bytes": 21826112
  },
  "16": {
    "total_mJ": 2810939563.7042036,
    "total_ceq": 166.79913725694138,
    "num_expired_thresh": 0,
    "num_depleted": 0,
    "num_transmited_bytes": 21826112
  },
  "17": {
    "total_mJ": 1434949137.8166795,
    "total_ceq": 85.51178401840842,
    "num_expired_thresh": 0,
    "num_depleted": 0,
    "num_transmited_bytes": 21826112
  },
  "18": {
    "total_mJ": 2722730492.0023108,
    "total_ceq": 161.23376013496707,
    "num_expired_thresh": 0,
    "num_depleted": 0,
    "num_transmited_bytes": 21826112
  },
  "19": {
    "total_mJ": 2821943956.6828756,
    "total_ceq": 164.3585596665925,
    "num_expired_thresh": 0,
    "num_depleted": 0,
    "num_transmited_bytes": 21826112
  },
  "20": {
    "total_mJ": 1223317768.7295516,
    "total_ceq": 73.05355302179713,
    "num_expired_thresh": 0,
    "num_depleted": 0,
    "num_transmited_bytes": 21826112
  },
  "21": {
    "total_mJ": 4735012654.714876,
    "total_ceq": 277.87390352663624,
    "num_expired_thresh": 0,
    "num_depleted": 0,
    "num_transmited_bytes": 21826112
  },
  "22": {
    "total_mJ": 2731295790.0056343,
    "total_ceq": 163.25047307794748,
    "num_expired_thresh": 0,
    "num_depleted": 0,
    "num_transmited_bytes": 19841920
  },
  "23": {
    "total_mJ": 1618050864.0195475,
    "total_ceq": 101.6490954812227,
    "num_expired_thresh": 0,
    "num_depleted": 0,
    "num_transmited_bytes": 21826112
  },
  "24": {
    "total_mJ": 4737960320.098234,
    "total_ceq": 280.6760900773644,
    "num_expired_thresh": 0,
    "num_depleted": 0,
    "num_transmited_bytes": 21826112
  },
  "25": {
    "total_mJ": 1381131860.8930974,
    "total_ceq": 86.71673116391197,
    "num_expired_thresh": 0,
    "num_depleted": 0,
    "num_transmited_bytes": 21826112
  },
  "26": {
    "total_mJ": 1444659232.805928,
    "total_ceq": 88.53309137657345,
    "num_expired_thresh": 0,
    "num_depleted": 0,
    "num_transmited_bytes": 21826112
  },
  "27": {
    "total_mJ": 800924681.859001,
    "total_ceq": 49.58988829816131,
    "num_expired_thresh": 0,
    "num_depleted": 0,
    "num_transmited_bytes": 21826112
  },
  "28": {
    "total_mJ": 2167840094.6008945,
    "total_ceq": 133.29081785669095,
    "num_expired_thresh": 0,
    "num_depleted": 0,
    "num_transmited_bytes": 21826112
  },
  "29": {
    "total_mJ": 1352893318.011276,
    "total_ceq": 80.70511121927693,
    "num_expired_thresh": 0,
    "num_depleted": 0,
    "num_transmited_bytes": 21826112
  },
  "30": {
    "total_mJ": 1438554013.5366523,
    "total_ceq": 85.57915992784709,
    "num_expired_thresh": 0,
    "num_depleted": 0,
    "num_transmited_bytes": 21826112
  },
  "31": {
    "total_mJ": 2755349012.2858067,
    "total_ceq": 161.36755137998364,
    "num_expired_thresh": 0,
    "num_depleted": 0,
    "num_transmited_bytes": 19841920
  },
  "32": {
    "total_mJ": 1151738636.515762,
    "total_ceq": 70.24737967131512,
    "num_expired_thresh": 0,
    "num_depleted": 0,
    "num_transmited_bytes": 21826112
  },
  "33": {
    "total_mJ": 2159186391.5828843,
    "total_ceq": 132.34418003327957,
    "num_expired_thresh": 0,
    "num_depleted": 0,
    "num_transmited_bytes": 21826112
  },
  "34": {
    "total_mJ": 2725147443.3735433,
    "total_ceq": 158.94921260427463,
    "num_expired_thresh": 0,
    "num_depleted": 0,
    "num_transmited_bytes": 21826112
  },
  "35": {
    "total_mJ": 1282529026.167898,
    "total_ceq": 78.93037499224103,
    "num_expired_thresh": 0,
    "num_depleted": 0,
    "num_transmited_bytes": 21826112
  },
  "36": {
    "total_mJ": 2329400453.0646424,
    "total_ceq": 142.88270823114297,
    "num_expired_thresh": 0,
    "num_depleted": 0,
    "num_transmited_bytes": 21826112
  },
  "37": {
    "total_mJ": 2138915117.6884317,
    "total_ceq": 129.97769794500724,
    "num_expired_thresh": 0,
    "num_depleted": 0,
    "num_transmited_bytes": 21826112
  },
  "38": {
    "total_mJ": 2828426659.4851584,
    "total_ceq": 166.45903476778915,
    "num_expired_thresh": 0,
    "num_depleted": 0,
    "num_transmited_bytes": 21826112
  },
  "39": {
    "total_mJ": 4739356114.498099,
    "total_ceq": 281.0600358493325,
    "num_expired_thresh": 0,
    "num_depleted": 0,
    "num_transmited_bytes": 21826112
  },
  "40": {
    "total_mJ": 768788970.0733855,
    "total_ceq": 47.85129218864294,
    "num_expired_thresh": 0,
    "num_depleted": 0,
    "num_transmited_bytes": 19841920
  },
  "41": {
    "total_mJ": 936669112.5109707,
    "total_ceq": 57.07803459357042,
    "num_expired_thresh": 0,
    "num_depleted": 0,
    "num_transmited_bytes": 21826112
  },
  "42": {
    "total_mJ": 1147096153.259762,
    "total_ceq": 68.4288436046204,
    "num_expired_thresh": 0,
    "num_depleted": 0,
    "num_transmited_bytes": 21826112
  },
  "43": {
    "total_mJ": 1200729022.963845,
    "total_ceq": 71.55970789821582,
    "num_expired_thresh": 0,
    "num_depleted": 0,
    "num_transmited_bytes": 21826112
  },
  "44": {
    "total_mJ": 1196494460.2464366,
    "total_ceq": 68.61713181956793,
    "num_expired_thresh": 0,
    "num_depleted": 0,
    "num_transmited_bytes": 21826112
  },
  "45": {
    "total_mJ": 1467122248.4971833,
    "total_ceq": 90.21740333162472,
    "num_expired_thresh": 0,
    "num_depleted": 0,
    "num_transmited_bytes": 21826112
  },
  "46": {
    "total_mJ": 822172813.6187185,
    "total_ceq": 52.05617399413621,
    "num_expired_thresh": 0,
    "num_depleted": 0,
    "num_transmited_bytes": 21826112
  },
  "47": {
    "total_mJ": 2178694600.4014654,
    "total_ceq": 134.0536934250204,