{
  "0": {
    "cen_loss": 2.3027777171134947,
    "cen_accuracy": 0.097625
  },
  "1": {
    "cen_loss": 2.3027777171134947,
    "cen_accuracy": 0.097625
  },
  "2": {
    "cen_loss": 2.7319391651153566,
    "cen_accuracy": 0.100375
  },
  "3": {
    "cen_loss": 3.742890422821045,
    "cen_accuracy": 0.099875
  },
  "4": {
    "cen_loss": 3.8928837151527405,
    "cen_accuracy": 0.099875
  },
  "5": {
    "cen_loss": 4.400973230838775,
    "cen_accuracy": 0.099875
  },
  "6": {
    "cen_loss": 5.113488570690155,
    "cen_accuracy": 0.099875
  },
  "7": {
    "cen_loss": 5.371047878265381,
    "cen_accuracy": 0.099875
  },
  "8": {
    "cen_loss": 5.37683604812622,
    "cen_accuracy": 0.099875
  },
  "9": {
    "cen_loss": 5.10818461894989,
    "cen_accuracy": 0.1045
  },
  "10": {
    "cen_loss": 1.1972180748581887,
    "cen_accuracy": 0.595125
  },
  "11": {
    "cen_loss": 4.693361739635468,
    "cen_accuracy": 0.153
  },
  "12": {
    "cen_loss": 3.144222494125366,
    "cen_accuracy": 0.24925
  },
  "13": {
    "cen_loss": 2.383523639559746,
    "cen_accuracy": 0.363875
  },
  "14": {
    "cen_loss": 1.7306761094927787,
    "cen_accuracy": 0.505
  },
  "15": {
    "cen_loss": 1.3343394546508789,
    "cen_accuracy": 0.606875
  },
  "16": {
    "cen_loss": 1.2669647517204286,
    "cen_accuracy": 0.632125
  },
  "17": {
    "cen_loss": 1.1960471122264862,
    "cen_accuracy": 0.65425
  },
  "18": {
    "cen_loss": 1.1285635179579259,
    "cen_accuracy": 0.672
  },
  "19": {
    "cen_loss": 1.0782737777531146,
    "cen_accuracy": 0.6895
  },
  "20": {
    "cen_loss": 0.9403880080580711,
    "cen_accuracy": 0.727125
  },
  "21": {
    "cen_loss": 1.0777297119796276,
    "cen_accuracy": 0.690125
  },
  "22": {
    "cen_loss": 1.077139425650239,
    "cen_accuracy": 0.697
  },
  "23": {
    "cen_loss": 1.0734199338406325,
    "cen_accuracy": 0.70375
  },
  "24": {
    "cen_loss": 0.9942164497375489,
    "cen_accuracy": 0.719125
  },
  "25": {
    "cen_loss": 0.9713882964849472,
    "cen_accuracy": 0.72675
  },
  "26": {
    "cen_loss": 0.9515687860548496,
    "cen_accuracy": 0.735375
  },
  "27": {
    "cen_loss": 0.9501930575892329,
    "cen_accuracy": 0.736625
  },
  "28": {
    "cen_loss": 0.900335145033896,
    "cen_accuracy": 0.747625
  },
  "29": {
    "cen_loss": 1.0012874943166972,
    "cen_accuracy": 0.733875
  },
  "30": {
    "cen_loss": 1.0112109786123038,
    "cen_accuracy": 0.73325
  },
  "31": {
    "cen_loss": 0.9325134270936251,
    "cen_accuracy": 0.74275
  },
  "32": {
    "cen_loss": 0.9782040473371744,
    "cen_accuracy": 0.7445
  },
  "33": {
    "cen_loss": 0.9994445727020502,
    "cen_accuracy": 0.7355
  },
  "34": {
    "cen_loss": 0.9454781595766545,
    "cen_accuracy": 0.74825
  },
  "35": {
    "cen_loss": 0.9883953115902842,
    "cen_accuracy": 0.737375
  },
  "36": {
    "cen_loss": 0.9761451763063669,
    "cen_accuracy": 0.7415
  },
  "37": {
    "cen_loss": 0.9269097401425243,
    "cen_accuracy": 0.753
  },
  "38": {
    "cen_loss": 0.9741612857878208,
    "cen_accuracy": 0.74675
  },
  "39": {
    "cen_loss": 0.9322507406398653,
    "cen_accuracy": 0.759125
  },
  "40": {
    "cen_loss": 0.9453560485392809,
    "cen_accuracy": 0.755
  },
  "41": {
    "cen_loss": 0.9385328779555857,
    "cen_accuracy": 0.74875
  },
  "42": {
    "cen_loss": 0.8680943348109722,
    "cen_accuracy": 0.760125
  },
  "43": {
    "cen_loss": 0.9557107501626014,
    "cen_accuracy": 0.75325
  },
  "44": {
    "cen_loss": 0.925278421625495,
    "cen_accuracy": 0.752125
  },
  "45": {
    "cen_loss": 0.9406091594845056,
    "cen_accuracy": 0.75525
  },
  "46": {
    "cen_loss": 0.8798331909179687,
    "cen_accuracy": 0.77225
  },
  "47": {
    "cen_loss": 0.7918742159157991,
    "cen_accuracy": 0.777125
  },
  "48": {
    "cen_loss": 0.8302146114632487,
    "cen_accuracy": 0.775875
  },
  "49": {
    "cen_loss": 0.8711707495264709,
    "cen_accuracy": 0.7645
  },
  "50": {
    "cen_loss": 0.8385441329032183,
    "cen_accuracy": 0.768625
  },
  "51": {
    "cen_loss": 0.8861978785507381,
    "cen_accuracy": 0.767375
  },
  "52": {
    "cen_loss": 0.8693256152169779,
    "cen_accuracy": 0.771625
  },
  "53": {
    "cen_loss": 0.9059782227277756,
    "cen_accuracy": 0.7635
  },
  "54": {
    "cen_loss": 0.9172705657817424,
    "cen_accuracy": 0.763125
  },
  "55": {
    "cen_loss": 0.8408007858395576,
    "cen_accuracy": 0.78
  },
  "56": {
    "cen_loss": 0.8390516399247572,
    "cen_accuracy": 0.78225
  },
  "57": {
    "cen_loss": 0.792049027338624,
    "cen_accuracy": 0.793375
  },
  "58": {
    "cen_loss": 0.879710311986506,
    "cen_accuracy": 0.772625
  },
  "59": {
    "cen_loss": 0.7698101750174537,
    "cen_accuracy": 0.790875
  },
  "60": {
    "cen_loss": 0.7936297170687466,
    "cen_accuracy": 0.783125
  },
  "61": {
    "cen_loss": 0.7418595216684043,
    "cen_accuracy": 0.79425
  },
  "62": {
    "cen_loss": 0.7894791552610695,
    "cen_accuracy": 0.7905
  },
  "63": {
    "cen_loss": 0.7717239238061011,
    "cen_accuracy": 0.79125
  },
  "64": {
    "cen_loss": 0.7425563327791169,
    "cen_accuracy": 0.80125
  },
  "65": {
    "cen_loss": 0.8229392311908305,
    "cen_accuracy": 0.784375
  },
  "66": {
    "cen_loss": 0.7624938409114257,
    "cen_accuracy": 0.796375
  },
  "67": {
    "cen_loss": 0.7103072604211047,
    "cen_accuracy": 0.801875
  },
  "68": {
    "cen_loss": 0.8292235626876354,
    "cen_accuracy": 0.793
  },
  "69": {
    "cen_loss": 0.7892999540045857,
    "cen_accuracy": 0.7865
  },
  "70": {
    "cen_loss": 0.7795873579541222,
    "cen_accuracy": 0.782125
  },
  "71": {
    "cen_loss": 0.7708840633407236,
    "cen_accuracy": 0.80125
  },
  "72": {
    "cen_loss": 0.7266907073315233,
    "cen_accuracy": 0.80525
  },
  "73": {
    "cen_loss": 0.7208769858013838,
    "cen_accuracy": 0.806125
  },
  "74": {
    "cen_loss": 0.7696078459210693,
    "cen_accuracy": 0.795125
  },
  "75": {
    "cen_loss": 0.7544746570391581,
    "cen_accuracy": 0.800375
  },
  "76": {
    "cen_loss": 0.8462448627809063,
    "cen_accuracy": 0.78725
  },
  "77": {
    "cen_loss": 0.7033244268540293,
    "cen_accuracy": 0.806125
  },
  "78": {
    "cen_loss": 0.6707279720455408,
    "cen_accuracy": 0.8185
  },
  "79": {
    "cen_loss": 0.6837995729641989,
    "cen_accuracy": 0.815
  },
  "80": {
    "cen_loss": 0.6591143462266773,
    "cen_accuracy": 0.818375
  },
  "81": {
    "cen_loss": 0.7510396005287766,
    "cen_accuracy": 0.800375
  },
  "82": {
    "cen_loss": 0.744801786321681,
    "cen_accuracy": 0.809
  },
  "83": {
    "cen_loss": 0.7402487297854387,
    "cen_accuracy": 0.800375
  },
  "84": {
    "cen_loss": 0.7132662351299077,
    "cen_accuracy": 0.804125
  },
  "85": {
    "cen_loss": 0.6870303506320342,
    "cen_accuracy": 0.81275
  },
  "86": {
    "cen_loss": 0.705855268901214,
    "cen_accuracy": 0.81525
  },
  "87": {
    "cen_loss": 0.7457013463489711,
    "cen_accuracy": 0.807875
  },
  "88": {
    "cen_loss": 0.7358537929616868,
    "cen_accuracy": 0.809
  },
  "89": {
    "cen_loss": 0.702227678515017,
    "cen_accuracy": 0.81975
  },
  "90": {
    "cen_loss": 0.7057853696346283,
    "cen_accuracy": 0.816
  },
  "91": {
    "cen_loss": 0.685978076422587,
    "cen_accuracy": 0.820125
  },
  "92": {
    "cen_loss": 0.7240278950035572,
    "cen_accuracy": 0.809125
  },
  "93": {
    "cen_loss": 0.6918195313103497,
    "cen_accuracy": 0.817125
  },
  "94": {
    "cen_loss": 0.6761308898795396,
    "cen_accuracy": 0.820375
  },
  "95": {
    "cen_loss": 0.7205537557937205,
    "cen_accuracy": 0.81375
  },
  "96": {
    "cen_loss": 0.7039167556408793,
    "cen_accuracy": 0.817625
  },
  "97": {
    "cen_loss": 0.7139424077514559,
    "cen_accuracy": 0.813
  },
  "98": {
    "cen_loss": 0.733500601477921,
    "cen_accuracy": 0.8105
  },
  "99": {
    "cen_loss": 0.7061630248976871,
    "cen_accuracy": 0.816
  },
  "100": {
    "cen_loss": 0.7202228324636817,
    "cen_accuracy": 0.81125
  },