{
  "0": {
    "cen_loss": 2.3027670545578003,
    "cen_accuracy": 0.0985
  },
  "1": {
    "cen_loss": 2.3027670545578003,
    "cen_accuracy": 0.0985
  },
  "2": {
    "cen_loss": 2.691823760986328,
    "cen_accuracy": 0.099875
  },
  "3": {
    "cen_loss": 3.9578806247711182,
    "cen_accuracy": 0.10175
  },
  "4": {
    "cen_loss": 3.870243363857269,
    "cen_accuracy": 0.101875
  },
  "5": {
    "cen_loss": 2.968807383775711,
    "cen_accuracy": 0.19125
  },
  "6": {
    "cen_loss": 2.8955529866218566,
    "cen_accuracy": 0.234125
  },
  "7": {
    "cen_loss": 3.072282292127609,
    "cen_accuracy": 0.274
  },
  "8": {
    "cen_loss": 3.2905645649433137,
    "cen_accuracy": 0.245625
  },
  "9": {
    "cen_loss": 3.734852873802185,
    "cen_accuracy": 0.190625
  },
  "10": {
    "cen_loss": 3.571113334417343,
    "cen_accuracy": 0.23525
  },
  "11": {
    "cen_loss": 1.960538539171219,
    "cen_accuracy": 0.348875
  },
  "12": {
    "cen_loss": 2.06789414870739,
    "cen_accuracy": 0.397625
  },
  "13": {
    "cen_loss": 3.4620088407993315,
    "cen_accuracy": 0.23025
  },
  "14": {
    "cen_loss": 4.4902625169754025,
    "cen_accuracy": 0.306875
  },
  "15": {
    "cen_loss": 2.695418941736221,
    "cen_accuracy": 0.261625
  },
  "16": {
    "cen_loss": 2.0072481052875517,
    "cen_accuracy": 0.322375
  },
  "17": {
    "cen_loss": 3.3118618576526644,
    "cen_accuracy": 0.332625
  },
  "18": {
    "cen_loss": 2.153029751777649,
    "cen_accuracy": 0.362625
  },
  "19": {
    "cen_loss": 2.134583827495575,
    "cen_accuracy": 0.3675
  },
  "20": {
    "cen_loss": 2.9045369074344634,
    "cen_accuracy": 0.33275
  },
  "21": {
    "cen_loss": 4.24705066871643,
    "cen_accuracy": 0.302125
  },
  "22": {
    "cen_loss": 2.322501260995865,
    "cen_accuracy": 0.297125
  },
  "23": {
    "cen_loss": 2.8840841338634493,
    "cen_accuracy": 0.293375
  },
  "24": {
    "cen_loss": 2.7677331125736235,
    "cen_accuracy": 0.262375
  },
  "25": {
    "cen_loss": 2.8681970715522764,
    "cen_accuracy": 0.381
  },
  "26": {
    "cen_loss": 2.5476143198013306,
    "cen_accuracy": 0.349125
  },
  "27": {
    "cen_loss": 2.166327678322792,
    "cen_accuracy": 0.39925
  },
  "28": {
    "cen_loss": 1.8866672571897507,
    "cen_accuracy": 0.42875
  },
  "29": {
    "cen_loss": 2.116179594993591,
    "cen_accuracy": 0.408625
  },
  "30": {
    "cen_loss": 2.225541945695877,
    "cen_accuracy": 0.424625
  },
  "31": {
    "cen_loss": 2.3379605894088744,
    "cen_accuracy": 0.38975
  },
  "32": {
    "cen_loss": 2.9392786526679995,
    "cen_accuracy": 0.330125
  },
  "33": {
    "cen_loss": 3.592785727977753,
    "cen_accuracy": 0.288875
  },
  "34": {
    "cen_loss": 2.2518450692892076,
    "cen_accuracy": 0.41375
  },
  "35": {
    "cen_loss": 1.5052561926841737,
    "cen_accuracy": 0.49
  },
  "36": {
    "cen_loss": 2.133571725130081,
    "cen_accuracy": 0.429375
  },
  "37": {
    "cen_loss": 1.7152992856502534,
    "cen_accuracy": 0.456375
  },
  "38": {
    "cen_loss": 1.7850269483327865,
    "cen_accuracy": 0.45075
  },
  "39": {
    "cen_loss": 3.4807910888195037,
    "cen_accuracy": 0.27125
  },
  "40": {
    "cen_loss": 4.108419189214707,
    "cen_accuracy": 0.236875
  },
  "41": {
    "cen_loss": 2.6983139040470125,
    "cen_accuracy": 0.32875
  },
  "42": {
    "cen_loss": 2.588772649049759,
    "cen_accuracy": 0.388125
  },
  "43": {
    "cen_loss": 1.6070235711336136,
    "cen_accuracy": 0.489375
  },
  "44": {
    "cen_loss": 1.8312143973112107,
    "cen_accuracy": 0.462625
  },
  "45": {
    "cen_loss": 1.58290221452713,
    "cen_accuracy": 0.5025
  },
  "46": {
    "cen_loss": 1.4540452271699906,
    "cen_accuracy": 0.534125
  },
  "47": {
    "cen_loss": 1.4365073871612548,
    "cen_accuracy": 0.547375
  },
  "48": {
    "cen_loss": 1.4486010078787803,
    "cen_accuracy": 0.561125
  },
  "49": {
    "cen_loss": 1.5334543276429176,
    "cen_accuracy": 0.533375
  },
  "50": {
    "cen_loss": 1.5856262019872664,
    "cen_accuracy": 0.53425
  },
  "51": {
    "cen_loss": 1.584867588877678,
    "cen_accuracy": 0.52075
  },
  "52": {
    "cen_loss": 1.8132371810674668,
    "cen_accuracy": 0.49675
  },
  "53": {
    "cen_loss": 1.9127200636863708,
    "cen_accuracy": 0.48825
  },
  "54": {
    "cen_loss": 2.0498396980762483,
    "cen_accuracy": 0.42625
  },
  "55": {
    "cen_loss": 1.8691087351441384,
    "cen_accuracy": 0.498875
  },
  "56": {
    "cen_loss": 1.7132393530607224,
    "cen_accuracy": 0.517625
  },
  "57": {
    "cen_loss": 1.3853502826690673,
    "cen_accuracy": 0.558875
  },
  "58": {
    "cen_loss": 2.0951056690216063,
    "cen_accuracy": 0.490125
  },
  "59": {
    "cen_loss": 2.9081532804965975,
    "cen_accuracy": 0.380375
  },
  "60": {
    "cen_loss": 3.563221425533295,
    "cen_accuracy": 0.360875
  },
  "61": {
    "cen_loss": 1.398615024805069,
    "cen_accuracy": 0.537125
  },
  "62": {
    "cen_loss": 1.5483118146061898,
    "cen_accuracy": 0.527875
  },
  "63": {
    "cen_loss": 1.6328541992902756,
    "cen_accuracy": 0.518625
  },
  "64": {
    "cen_loss": 2.013927126646042,
    "cen_accuracy": 0.43875
  },
  "65": {
    "cen_loss": 2.4994940999746325,
    "cen_accuracy": 0.414375
  },
  "66": {
    "cen_loss": 3.049914909362793,
    "cen_accuracy": 0.34425
  },
  "67": {
    "cen_loss": 2.034693510890007,
    "cen_accuracy": 0.4455
  },
  "68": {
    "cen_loss": 2.0699307111501692,
    "cen_accuracy": 0.444375
  },
  "69": {
    "cen_loss": 1.4481563215255737,
    "cen_accuracy": 0.581125
  },
  "70": {
    "cen_loss": 1.8393615889549255,
    "cen_accuracy": 0.549625
  },
  "71": {
    "cen_loss": 3.3280237736701967,
    "cen_accuracy": 0.377125
  },
  "72": {
    "cen_loss": 2.1097813930511475,
    "cen_accuracy": 0.338125
  },
  "73": {
    "cen_loss": 1.4813212006092071,
    "cen_accuracy": 0.54625
  },
  "74": {
    "cen_loss": 3.088785493850708,
    "cen_accuracy": 0.359875
  },
  "75": {
    "cen_loss": 2.0014645481705666,
    "cen_accuracy": 0.463
  },
  "76": {
    "cen_loss": 3.073076599359512,
    "cen_accuracy": 0.298375
  },
  "77": {
    "cen_loss": 1.6767308739423752,
    "cen_accuracy": 0.496375
  },
  "78": {
    "cen_loss": 1.433853010892868,
    "cen_accuracy": 0.56325
  },
  "79": {
    "cen_loss": 1.5012114942073822,
    "cen_accuracy": 0.56175
  },
  "80": {
    "cen_loss": 1.869184796690941,
    "cen_accuracy": 0.54775
  },
  "81": {
    "cen_loss": 2.7752209310531617,
    "cen_accuracy": 0.4455
  },
  "82": {
    "cen_loss": 1.8772465685606003,
    "cen_accuracy": 0.539375
  },
  "83": {
    "cen_loss": 1.859392056107521,
    "cen_accuracy": 0.44775
  },
  "84": {
    "cen_loss": 1.6405942240953446,
    "cen_accuracy": 0.50175
  },
  "85": {
    "cen_loss": 1.812883477807045,
    "cen_accuracy": 0.479875
  },
  "86": {
    "cen_loss": 1.5059499341249465,
    "cen_accuracy": 0.510625
  },
  "87": {
    "cen_loss": 1.9212802472114563,
    "cen_accuracy": 0.453125
  },
  "88": {
    "cen_loss": 1.673714203953743,
    "cen_accuracy": 0.483875
  },
  "89": {
    "cen_loss": 2.1633201459646223,
    "cen_accuracy": 0.408625
  },
  "90": {
    "cen_loss": 2.215883052110672,
    "cen_accuracy": 0.4075
  },
  "91": {
    "cen_loss": 1.512466094493866,
    "cen_accuracy": 0.550125
  },
  "92": {
    "cen_loss": 1.3213678586483002,
    "cen_accuracy": 0.59475
  },
  "93": {
    "cen_loss": 1.3130640799999238,
    "cen_accuracy": 0.59125
  },
  "94": {
    "cen_loss": 1.3798088131844997,
    "cen_accuracy": 0.58575
  },
  "95": {
    "cen_loss": 1.874824412703514,
    "cen_accuracy": 0.511875
  },
  "96": {
    "cen_loss": 1.2816054808199406,
    "cen_accuracy": 0.609625
  },
  "97": {
    "cen_loss": 1.3174807965755462,
    "cen_accuracy": 0.59875
  },
  "98": {
    "cen_loss": 1.7883593524694443,
    "cen_accuracy": 0.499625
  },
  "99": {
    "cen_loss": 1.8051868432760239,
    "cen_accuracy": 0.5
  },
  "100": {
    "cen_loss": 2.9490439133644104,
    "cen_accuracy": 0.33525
  },