{
  "0": {
    "cen_loss": 2.302691418170929,
    "cen_accuracy": 0.101125
  },
  "1": {
    "cen_loss": 2.302691418170929,
    "cen_accuracy": 0.101125
  },
  "2": {
    "cen_loss": 3.0577942509651184,
    "cen_accuracy": 0.099625
  },
  "3": {
    "cen_loss": 4.686578301429749,
    "cen_accuracy": 0.0995
  },
  "4": {
    "cen_loss": 4.107024887084961,
    "cen_accuracy": 0.099625
  },
  "5": {
    "cen_loss": 4.202961030960083,
    "cen_accuracy": 0.144
  },
  "6": {
    "cen_loss": 4.178715441226959,
    "cen_accuracy": 0.099625
  },
  "7": {
    "cen_loss": 4.8501729373931886,
    "cen_accuracy": 0.101375
  },
  "8": {
    "cen_loss": 4.579138939380646,
    "cen_accuracy": 0.101625
  },
  "9": {
    "cen_loss": 3.4909995770454407,
    "cen_accuracy": 0.178125
  },
  "10": {
    "cen_loss": 1.5584815462827684,
    "cen_accuracy": 0.42275
  },
  "11": {
    "cen_loss": 3.8348876605033873,
    "cen_accuracy": 0.127125
  },
  "12": {
    "cen_loss": 3.1096427266597746,
    "cen_accuracy": 0.19825
  },
  "13": {
    "cen_loss": 2.785724133491516,
    "cen_accuracy": 0.221625
  },
  "14": {
    "cen_loss": 2.2632799897193907,
    "cen_accuracy": 0.27725
  },
  "15": {
    "cen_loss": 2.1865898036956786,
    "cen_accuracy": 0.28575
  },
  "16": {
    "cen_loss": 1.869323517203331,
    "cen_accuracy": 0.352
  },
  "17": {
    "cen_loss": 2.0217250657081602,
    "cen_accuracy": 0.33625
  },
  "18": {
    "cen_loss": 1.7316550534963608,
    "cen_accuracy": 0.434625
  },
  "19": {
    "cen_loss": 1.7416057752370835,
    "cen_accuracy": 0.421375
  },
  "20": {
    "cen_loss": 1.3838136491179467,
    "cen_accuracy": 0.536625
  },
  "21": {
    "cen_loss": 1.7103553596735002,
    "cen_accuracy": 0.438
  },
  "22": {
    "cen_loss": 1.7670361149311065,
    "cen_accuracy": 0.4535
  },
  "23": {
    "cen_loss": 1.7037415453791618,
    "cen_accuracy": 0.469
  },
  "24": {
    "cen_loss": 1.637321474790573,
    "cen_accuracy": 0.486125
  },
  "25": {
    "cen_loss": 1.711288493692875,
    "cen_accuracy": 0.4915
  },
  "26": {
    "cen_loss": 1.551646627664566,
    "cen_accuracy": 0.52275
  },
  "27": {
    "cen_loss": 1.616029840886593,
    "cen_accuracy": 0.514375
  },
  "28": {
    "cen_loss": 1.493162037909031,
    "cen_accuracy": 0.53425
  },
  "29": {
    "cen_loss": 1.4588625352978706,
    "cen_accuracy": 0.548875
  },
  "30": {
    "cen_loss": 1.3550603982210159,
    "cen_accuracy": 0.5825
  },
  "31": {
    "cen_loss": 1.6156525066494942,
    "cen_accuracy": 0.533
  },
  "32": {
    "cen_loss": 1.5492831050157547,
    "cen_accuracy": 0.546125
  },
  "33": {
    "cen_loss": 1.4337838773727416,
    "cen_accuracy": 0.569875
  },
  "34": {
    "cen_loss": 1.3409190495014192,
    "cen_accuracy": 0.582375
  },
  "35": {
    "cen_loss": 1.4377539442181588,
    "cen_accuracy": 0.584125
  },
  "36": {
    "cen_loss": 1.4840750514864922,
    "cen_accuracy": 0.577375
  },
  "37": {
    "cen_loss": 1.362932520210743,
    "cen_accuracy": 0.59025
  },
  "38": {
    "cen_loss": 1.4501883937716484,
    "cen_accuracy": 0.5725
  },
  "39": {
    "cen_loss": 1.3876633410453796,
    "cen_accuracy": 0.59175
  },
  "40": {
    "cen_loss": 1.210739173054695,
    "cen_accuracy": 0.627875
  },
  "41": {
    "cen_loss": 1.488154129087925,
    "cen_accuracy": 0.5765
  },
  "42": {
    "cen_loss": 1.3663408974409104,
    "cen_accuracy": 0.59975
  },
  "43": {
    "cen_loss": 1.368998732805252,
    "cen_accuracy": 0.601875
  },
  "44": {
    "cen_loss": 1.2704934970736503,
    "cen_accuracy": 0.624125
  },
  "45": {
    "cen_loss": 1.3854598618149758,
    "cen_accuracy": 0.59925
  },
  "46": {
    "cen_loss": 1.3462809348702431,
    "cen_accuracy": 0.617125
  },
  "47": {
    "cen_loss": 1.2762329022288323,
    "cen_accuracy": 0.62375
  },
  "48": {
    "cen_loss": 1.2934971593618394,
    "cen_accuracy": 0.616625
  },
  "49": {
    "cen_loss": 1.2220909774899482,
    "cen_accuracy": 0.636625
  },
  "50": {
    "cen_loss": 1.1682704824209214,
    "cen_accuracy": 0.6435
  },
  "51": {
    "cen_loss": 1.276291210591793,
    "cen_accuracy": 0.633
  },
  "52": {
    "cen_loss": 1.1786877791285515,
    "cen_accuracy": 0.64875
  },
  "53": {
    "cen_loss": 1.2044736242592335,
    "cen_accuracy": 0.642
  },
  "54": {
    "cen_loss": 1.2620887413024902,
    "cen_accuracy": 0.638
  },
  "55": {
    "cen_loss": 1.1991552471220492,
    "cen_accuracy": 0.641875
  },
  "56": {
    "cen_loss": 1.154375469237566,
    "cen_accuracy": 0.649625
  },
  "57": {
    "cen_loss": 1.1947656327337026,
    "cen_accuracy": 0.650875
  },
  "58": {
    "cen_loss": 1.2182407516688107,
    "cen_accuracy": 0.6435
  },
  "59": {
    "cen_loss": 1.1638506438434124,
    "cen_accuracy": 0.652625
  },
  "60": {
    "cen_loss": 1.1872708297222854,
    "cen_accuracy": 0.6535
  },
  "61": {
    "cen_loss": 1.1523138688206673,
    "cen_accuracy": 0.657125
  },
  "62": {
    "cen_loss": 1.1643034613132477,
    "cen_accuracy": 0.64625
  },
  "63": {
    "cen_loss": 1.1909030640125275,
    "cen_accuracy": 0.652
  },
  "64": {
    "cen_loss": 1.1354351074695588,
    "cen_accuracy": 0.668
  },
  "65": {
    "cen_loss": 1.247580484777689,
    "cen_accuracy": 0.6445
  },
  "66": {
    "cen_loss": 1.1613793393671512,
    "cen_accuracy": 0.658375
  },
  "67": {
    "cen_loss": 1.1797314642071723,
    "cen_accuracy": 0.659875
  },
  "68": {
    "cen_loss": 1.1595058211684226,
    "cen_accuracy": 0.665625
  },
  "69": {
    "cen_loss": 1.1143414039313793,
    "cen_accuracy": 0.66375
  },
  "70": {
    "cen_loss": 1.1193499560654163,
    "cen_accuracy": 0.671625
  },
  "71": {
    "cen_loss": 1.1683158157765865,
    "cen_accuracy": 0.6635
  },
  "72": {
    "cen_loss": 1.160820007145405,
    "cen_accuracy": 0.66325
  },
  "73": {
    "cen_loss": 1.1356712443530559,
    "cen_accuracy": 0.66375
  },
  "74": {
    "cen_loss": 1.1164895176291465,
    "cen_accuracy": 0.670875
  },
  "75": {
    "cen_loss": 1.1573929072618485,
    "cen_accuracy": 0.661
  },
  "76": {
    "cen_loss": 1.1357144883871078,
    "cen_accuracy": 0.675375
  },
  "77": {
    "cen_loss": 1.1601620770990848,
    "cen_accuracy": 0.672875
  },
  "78": {
    "cen_loss": 1.183647028774023,
    "cen_accuracy": 0.66825
  },
  "79": {
    "cen_loss": 1.1186765900552273,
    "cen_accuracy": 0.6815
  },
  "80": {
    "cen_loss": 1.1744145028591155,
    "cen_accuracy": 0.67825
  },
  "81": {
    "cen_loss": 1.1020294983983039,
    "cen_accuracy": 0.67825
  },
  "82": {
    "cen_loss": 1.1109859269857407,
    "cen_accuracy": 0.674625
  },
  "83": {
    "cen_loss": 1.102872364103794,
    "cen_accuracy": 0.67675
  },
  "84": {
    "cen_loss": 1.070102853178978,
    "cen_accuracy": 0.684625
  },
  "85": {
    "cen_loss": 1.1873132149577141,
    "cen_accuracy": 0.661625
  },
  "86": {
    "cen_loss": 1.1012049140930176,
    "cen_accuracy": 0.684875
  },
  "87": {
    "cen_loss": 1.100763167977333,
    "cen_accuracy": 0.67775
  },
  "88": {
    "cen_loss": 1.0801650516986847,
    "cen_accuracy": 0.6845
  },
  "89": {
    "cen_loss": 1.0708986812233925,
    "cen_accuracy": 0.68725
  },
  "90": {
    "cen_loss": 1.1106228085160255,
    "cen_accuracy": 0.682125
  },
  "91": {
    "cen_loss": 1.0701238205432893,
    "cen_accuracy": 0.6865
  },
  "92": {
    "cen_loss": 1.090617126584053,
    "cen_accuracy": 0.687375
  },
  "93": {
    "cen_loss": 1.1153753239512443,
    "cen_accuracy": 0.683
  },
  "94": {
    "cen_loss": 1.185586077451706,
    "cen_accuracy": 0.674
  },
  "95": {
    "cen_loss": 1.098711589485407,
    "cen_accuracy": 0.688
  },
  "96": {
    "cen_loss": 1.0769416527152063,
    "cen_accuracy": 0.69
  },
  "97": {
    "cen_loss": 1.0647368678450584,
    "cen_accuracy": 0.696875
  },
  "98": {
    "cen_loss": 1.0469140953719616,
    "cen_accuracy": 0.698625
  },
  "99": {
    "cen_loss": 1.071499393194914,
    "cen_accuracy": 0.698625
  },
  "100": {
    "cen_loss": 1.1407089727520943,
    "cen_accuracy": 0.68725
  },
  "101": {
    "cen_loss": 1.0398370576500893,