{
  "0": {
    "cen_loss": 2.3026313900947573,
    "cen_accuracy": 0.10175
  },
  "1": {
    "cen_loss": 2.3026313900947573,
    "cen_accuracy": 0.10175
  },
  "2": {
    "cen_loss": 2.851927405834198,
    "cen_accuracy": 0.10175
  },
  "3": {
    "cen_loss": 2.926224479198456,
    "cen_accuracy": 0.10075
  },
  "4": {
    "cen_loss": 4.576161915779114,
    "cen_accuracy": 0.10175
  },
  "5": {
    "cen_loss": 7.803657454490661,
    "cen_accuracy": 0.1
  },
  "6": {
    "cen_loss": 5.477527875423432,
    "cen_accuracy": 0.1
  },
  "7": {
    "cen_loss": 4.11947066116333,
    "cen_accuracy": 0.13
  },
  "8": {
    "cen_loss": 3.925902205944061,
    "cen_accuracy": 0.172625
  },
  "9": {
    "cen_loss": 2.8128062834739684,
    "cen_accuracy": 0.212125
  },
  "10": {
    "cen_loss": 2.61931720495224,
    "cen_accuracy": 0.28975
  },
  "11": {
    "cen_loss": 3.5382949817180633,
    "cen_accuracy": 0.28025
  },
  "12": {
    "cen_loss": 3.7427929379940035,
    "cen_accuracy": 0.215125
  },
  "13": {
    "cen_loss": 2.491420073032379,
    "cen_accuracy": 0.2505
  },
  "14": {
    "cen_loss": 2.607200325012207,
    "cen_accuracy": 0.285625
  },
  "15": {
    "cen_loss": 2.7824582724571227,
    "cen_accuracy": 0.28525
  },
  "16": {
    "cen_loss": 2.523618354320526,
    "cen_accuracy": 0.343875
  },
  "17": {
    "cen_loss": 2.775455744743347,
    "cen_accuracy": 0.364125
  },
  "18": {
    "cen_loss": 3.017941224336624,
    "cen_accuracy": 0.3085
  },
  "19": {
    "cen_loss": 2.377838344335556,
    "cen_accuracy": 0.34925
  },
  "20": {
    "cen_loss": 2.0585543303489686,
    "cen_accuracy": 0.399375
  },
  "21": {
    "cen_loss": 1.9892878657579423,
    "cen_accuracy": 0.393875
  },
  "22": {
    "cen_loss": 2.5971114835739137,
    "cen_accuracy": 0.3305
  },
  "23": {
    "cen_loss": 2.7630703530311584,
    "cen_accuracy": 0.318375
  },
  "24": {
    "cen_loss": 2.3630897265672686,
    "cen_accuracy": 0.37125
  },
  "25": {
    "cen_loss": 2.9475256180763245,
    "cen_accuracy": 0.323625
  },
  "26": {
    "cen_loss": 2.102458854675293,
    "cen_accuracy": 0.3905
  },
  "27": {
    "cen_loss": 2.6074831691980362,
    "cen_accuracy": 0.342625
  },
  "28": {
    "cen_loss": 2.9567991931438447,
    "cen_accuracy": 0.375
  },
  "29": {
    "cen_loss": 2.9051593012809755,
    "cen_accuracy": 0.37
  },
  "30": {
    "cen_loss": 2.805000834584236,
    "cen_accuracy": 0.3865
  },
  "31": {
    "cen_loss": 2.3359990664720534,
    "cen_accuracy": 0.40775
  },
  "32": {
    "cen_loss": 1.7905719711780548,
    "cen_accuracy": 0.47875
  },
  "33": {
    "cen_loss": 2.4357738161087035,
    "cen_accuracy": 0.391375
  },
  "34": {
    "cen_loss": 2.039866911828518,
    "cen_accuracy": 0.44625
  },
  "35": {
    "cen_loss": 2.7629841561317443,
    "cen_accuracy": 0.384125
  },
  "36": {
    "cen_loss": 1.6955028513669967,
    "cen_accuracy": 0.4965
  },
  "37": {
    "cen_loss": 3.6902913835048676,
    "cen_accuracy": 0.308875
  },
  "38": {
    "cen_loss": 2.1585349819660187,
    "cen_accuracy": 0.46325
  },
  "39": {
    "cen_loss": 2.274929056406021,
    "cen_accuracy": 0.431625
  },
  "40": {
    "cen_loss": 2.189434102356434,
    "cen_accuracy": 0.463
  },
  "41": {
    "cen_loss": 3.133236798286438,
    "cen_accuracy": 0.36875
  },
  "42": {
    "cen_loss": 3.040199898123741,
    "cen_accuracy": 0.382875
  },
  "43": {
    "cen_loss": 2.1127499704957007,
    "cen_accuracy": 0.446125
  },
  "44": {
    "cen_loss": 1.759752147436142,
    "cen_accuracy": 0.489125
  },
  "45": {
    "cen_loss": 2.237738825112581,
    "cen_accuracy": 0.442375
  },
  "46": {
    "cen_loss": 3.025778576016426,
    "cen_accuracy": 0.39675
  },
  "47": {
    "cen_loss": 3.0847963852882385,
    "cen_accuracy": 0.389875
  },
  "48": {
    "cen_loss": 2.8954876519441606,
    "cen_accuracy": 0.3965
  },
  "49": {
    "cen_loss": 2.402445900321007,
    "cen_accuracy": 0.415375
  },
  "50": {
    "cen_loss": 2.1966487758159636,
    "cen_accuracy": 0.458625
  },
  "51": {
    "cen_loss": 1.9700611402988435,
    "cen_accuracy": 0.45525
  },
  "52": {
    "cen_loss": 2.6650437760353087,
    "cen_accuracy": 0.39425
  },
  "53": {
    "cen_loss": 2.330562277674675,
    "cen_accuracy": 0.425
  },
  "54": {
    "cen_loss": 1.8449040212631225,
    "cen_accuracy": 0.488375
  },
  "55": {
    "cen_loss": 1.6869187415242195,
    "cen_accuracy": 0.5215
  },
  "56": {
    "cen_loss": 2.22669875729084,
    "cen_accuracy": 0.454125
  },
  "57": {
    "cen_loss": 2.4509431005716324,
    "cen_accuracy": 0.466
  },
  "58": {
    "cen_loss": 2.3914698683023454,
    "cen_accuracy": 0.455875
  },
  "59": {
    "cen_loss": 2.4731540330052377,
    "cen_accuracy": 0.4185
  },
  "60": {
    "cen_loss": 2.3100406870245935,
    "cen_accuracy": 0.442625
  },
  "61": {
    "cen_loss": 2.1559069174528123,
    "cen_accuracy": 0.473125
  },
  "62": {
    "cen_loss": 2.04522020816803,
    "cen_accuracy": 0.478875
  },
  "63": {
    "cen_loss": 1.9254031473398208,
    "cen_accuracy": 0.4925
  },
  "64": {
    "cen_loss": 2.0750165923833848,
    "cen_accuracy": 0.477875
  },
  "65": {
    "cen_loss": 1.8892782217264175,
    "cen_accuracy": 0.5035
  },
  "66": {
    "cen_loss": 2.029724615097046,
    "cen_accuracy": 0.476625
  },
  "67": {
    "cen_loss": 2.3237525535821915,
    "cen_accuracy": 0.451375
  },
  "68": {
    "cen_loss": 2.198480234503746,
    "cen_accuracy": 0.461125
  },
  "69": {
    "cen_loss": 2.1114094504117964,
    "cen_accuracy": 0.481875
  },
  "70": {
    "cen_loss": 2.005730882704258,
    "cen_accuracy": 0.494375
  },
  "71": {
    "cen_loss": 1.5819027246832849,
    "cen_accuracy": 0.54825
  },
  "72": {
    "cen_loss": 1.7019013167023658,
    "cen_accuracy": 0.53625
  },
  "73": {
    "cen_loss": 1.8164711537361145,
    "cen_accuracy": 0.527
  },
  "74": {
    "cen_loss": 1.863394850373268,
    "cen_accuracy": 0.50775
  },
  "75": {
    "cen_loss": 1.6098703911006451,
    "cen_accuracy": 0.552875
  },
  "76": {
    "cen_loss": 1.8985106414854527,
    "cen_accuracy": 0.497625
  },
  "77": {
    "cen_loss": 2.0004482287168504,
    "cen_accuracy": 0.48225
  },
  "78": {
    "cen_loss": 2.0867924987077715,
    "cen_accuracy": 0.48625
  },
  "79": {
    "cen_loss": 1.9080896018743514,
    "cen_accuracy": 0.5065
  },
  "80": {
    "cen_loss": 1.9602174429893493,
    "cen_accuracy": 0.51425
  },
  "81": {
    "cen_loss": 1.9078085852861404,
    "cen_accuracy": 0.4985
  },
  "82": {
    "cen_loss": 1.7429033398628235,
    "cen_accuracy": 0.523
  },
  "83": {
    "cen_loss": 2.3202238746881485,
    "cen_accuracy": 0.465125
  },
  "84": {
    "cen_loss": 1.7009252325296402,
    "cen_accuracy": 0.531125
  },
  "85": {
    "cen_loss": 1.679395701110363,
    "cen_accuracy": 0.524125
  },
  "86": {
    "cen_loss": 1.835848633646965,
    "cen_accuracy": 0.49975
  },
  "87": {
    "cen_loss": 1.9047042924165725,
    "cen_accuracy": 0.5015
  },
  "88": {
    "cen_loss": 1.9074609212875366,
    "cen_accuracy": 0.508
  },
  "89": {
    "cen_loss": 1.8294308179020882,
    "cen_accuracy": 0.521
  },
  "90": {
    "cen_loss": 1.8592513059973717,
    "cen_accuracy": 0.531375
  },
  "91": {
    "cen_loss": 1.8442802104353904,
    "cen_accuracy": 0.50825
  },
  "92": {
    "cen_loss": 2.056305175602436,
    "cen_accuracy": 0.500125
  },
  "93": {
    "cen_loss": 2.063477623820305,
    "cen_accuracy": 0.494125
  },
  "94": {
    "cen_loss": 2.2291651842594145,
    "cen_accuracy": 0.47275
  },
  "95": {
    "cen_loss": 2.140523886680603,
    "cen_accuracy": 0.483375
  },
  "96": {
    "cen_loss": 1.5691024837493897,
    "cen_accuracy": 0.548625
  },
  "97": {
    "cen_loss": 1.953627571105957,
    "cen_accuracy": 0.50625
  },
  "98": {
    "cen_loss": 1.8799653353691101,
    "cen_accuracy": 0.516875
  },
  "99": {
    "cen_loss": 1.6197225826978683,
    "cen_accuracy": 0.550875
  },
  "100": {
    "cen_loss": 1.7138827230334281,
    "cen_accuracy": 0.556375
  },
  "101": {
    "cen_loss": 1.8329332174658775,