{
  "0": {
    "cen_loss": 2.3027569942474364,
    "cen_accuracy": 0.100375
  },
  "1": {
    "cen_loss": 2.3027569942474364,
    "cen_accuracy": 0.100375
  },
  "2": {
    "cen_loss": 4.055861785888672,
    "cen_accuracy": 0.099125
  },
  "3": {
    "cen_loss": 4.679165072441101,
    "cen_accuracy": 0.099125
  },
  "4": {
    "cen_loss": 5.9896612315177915,
    "cen_accuracy": 0.099125
  },
  "5": {
    "cen_loss": 5.027001961231232,
    "cen_accuracy": 0.099125
  },
  "6": {
    "cen_loss": 5.324727638721466,
    "cen_accuracy": 0.102375
  },
  "7": {
    "cen_loss": 4.231028877258301,
    "cen_accuracy": 0.15
  },
  "8": {
    "cen_loss": 2.8537546207904816,
    "cen_accuracy": 0.270125
  },
  "9": {
    "cen_loss": 2.237804968714714,
    "cen_accuracy": 0.34125
  },
  "10": {
    "cen_loss": 1.5479171427488327,
    "cen_accuracy": 0.52425
  },
  "11": {
    "cen_loss": 1.963216632604599,
    "cen_accuracy": 0.424125
  },
  "12": {
    "cen_loss": 1.801698482990265,
    "cen_accuracy": 0.4855
  },
  "13": {
    "cen_loss": 1.722152303636074,
    "cen_accuracy": 0.5025
  },
  "14": {
    "cen_loss": 1.9105763945579528,
    "cen_accuracy": 0.493625
  },
  "15": {
    "cen_loss": 1.563258010417223,
    "cen_accuracy": 0.550875
  },
  "16": {
    "cen_loss": 2.0460159511566163,
    "cen_accuracy": 0.4875
  },
  "17": {
    "cen_loss": 1.5702465770244598,
    "cen_accuracy": 0.563
  },
  "18": {
    "cen_loss": 1.4476411737799644,
    "cen_accuracy": 0.579625
  },
  "19": {
    "cen_loss": 1.6957638227343559,
    "cen_accuracy": 0.548875
  },
  "20": {
    "cen_loss": 1.6208931730389595,
    "cen_accuracy": 0.57325
  },
  "21": {
    "cen_loss": 1.3761907955408097,
    "cen_accuracy": 0.601625
  },
  "22": {
    "cen_loss": 1.5392572780251503,
    "cen_accuracy": 0.57675
  },
  "23": {
    "cen_loss": 1.4757288971543312,
    "cen_accuracy": 0.59725
  },
  "24": {
    "cen_loss": 1.4820379431247712,
    "cen_accuracy": 0.593875
  },
  "25": {
    "cen_loss": 1.3611078930944205,
    "cen_accuracy": 0.613
  },
  "26": {
    "cen_loss": 1.3277041460424661,
    "cen_accuracy": 0.62925
  },
  "27": {
    "cen_loss": 1.3707642901241779,
    "cen_accuracy": 0.624625
  },
  "28": {
    "cen_loss": 1.3566943959593774,
    "cen_accuracy": 0.625125
  },
  "29": {
    "cen_loss": 1.3715289657115937,
    "cen_accuracy": 0.6295
  },
  "30": {
    "cen_loss": 1.3274771993756294,
    "cen_accuracy": 0.6385
  },
  "31": {
    "cen_loss": 1.2423877845108509,
    "cen_accuracy": 0.637375
  },
  "32": {
    "cen_loss": 1.2367162739932538,
    "cen_accuracy": 0.642125
  },
  "33": {
    "cen_loss": 1.2114082928299903,
    "cen_accuracy": 0.65
  },
  "34": {
    "cen_loss": 1.273143170773983,
    "cen_accuracy": 0.65075
  },
  "35": {
    "cen_loss": 1.1346305681467057,
    "cen_accuracy": 0.670625
  },
  "36": {
    "cen_loss": 1.2723720214366914,
    "cen_accuracy": 0.653
  },
  "37": {
    "cen_loss": 1.2080808691084386,
    "cen_accuracy": 0.6585
  },
  "38": {
    "cen_loss": 1.197969195842743,
    "cen_accuracy": 0.660125
  },
  "39": {
    "cen_loss": 1.3119786277413368,
    "cen_accuracy": 0.65125
  },
  "40": {
    "cen_loss": 1.305564766675234,
    "cen_accuracy": 0.657625
  },
  "41": {
    "cen_loss": 1.124025393128395,
    "cen_accuracy": 0.6745
  },
  "42": {
    "cen_loss": 1.2438619211018085,
    "cen_accuracy": 0.661875
  },
  "43": {
    "cen_loss": 1.1521412575542926,
    "cen_accuracy": 0.67225
  },
  "44": {
    "cen_loss": 1.136673527508974,
    "cen_accuracy": 0.681625
  },
  "45": {
    "cen_loss": 1.1593627765476704,
    "cen_accuracy": 0.6775
  },
  "46": {
    "cen_loss": 1.0717221148908138,
    "cen_accuracy": 0.69375
  },
  "47": {
    "cen_loss": 1.1608793523013592,
    "cen_accuracy": 0.679
  },
  "48": {
    "cen_loss": 1.1467890663146973,
    "cen_accuracy": 0.681625
  },
  "49": {
    "cen_loss": 1.1428166815042495,
    "cen_accuracy": 0.68625
  },
  "50": {
    "cen_loss": 1.1300865571796894,
    "cen_accuracy": 0.690875
  },
  "51": {
    "cen_loss": 1.1259468758404254,
    "cen_accuracy": 0.686
  },
  "52": {
    "cen_loss": 1.1120704999566078,
    "cen_accuracy": 0.69275
  },
  "53": {
    "cen_loss": 1.1685465937703847,
    "cen_accuracy": 0.694625
  },
  "54": {
    "cen_loss": 1.0330872784852982,
    "cen_accuracy": 0.7095
  },
  "55": {
    "cen_loss": 1.1046963409781456,
    "cen_accuracy": 0.701625
  },
  "56": {
    "cen_loss": 1.1534487909674644,
    "cen_accuracy": 0.692125
  },
  "57": {
    "cen_loss": 0.9972279774844647,
    "cen_accuracy": 0.720375
  },
  "58": {
    "cen_loss": 1.0825087656974792,
    "cen_accuracy": 0.697875
  },
  "59": {
    "cen_loss": 1.0914567312002181,
    "cen_accuracy": 0.697875
  },
  "60": {
    "cen_loss": 1.1495433620214461,
    "cen_accuracy": 0.694125
  },
  "61": {
    "cen_loss": 1.1226108112931252,
    "cen_accuracy": 0.696125
  },
  "62": {
    "cen_loss": 1.090582653403282,
    "cen_accuracy": 0.703
  },
  "63": {
    "cen_loss": 0.9623598648160696,
    "cen_accuracy": 0.728875
  },
  "64": {
    "cen_loss": 0.9698636280894279,
    "cen_accuracy": 0.719125
  },
  "65": {
    "cen_loss": 1.1448817695081235,
    "cen_accuracy": 0.6915
  },
  "66": {
    "cen_loss": 1.0676233504638075,
    "cen_accuracy": 0.707375
  },
  "67": {
    "cen_loss": 0.9830381014943123,
    "cen_accuracy": 0.718125
  },
  "68": {
    "cen_loss": 0.9878143638893961,
    "cen_accuracy": 0.72225
  },
  "69": {
    "cen_loss": 0.9572181805521249,
    "cen_accuracy": 0.725875
  },
  "70": {
    "cen_loss": 1.0056355382427573,
    "cen_accuracy": 0.728875
  },
  "71": {
    "cen_loss": 0.9888864017128944,
    "cen_accuracy": 0.7145
  },
  "72": {
    "cen_loss": 1.008857815489173,
    "cen_accuracy": 0.71725
  },
  "73": {
    "cen_loss": 1.023154191404581,
    "cen_accuracy": 0.7085
  },
  "74": {
    "cen_loss": 1.054287658944726,
    "cen_accuracy": 0.711125
  },
  "75": {
    "cen_loss": 1.0392007688656448,
    "cen_accuracy": 0.713125
  },
  "76": {
    "cen_loss": 0.9962551171034575,
    "cen_accuracy": 0.717875
  },
  "77": {
    "cen_loss": 0.934706628292799,
    "cen_accuracy": 0.72775
  },
  "78": {
    "cen_loss": 0.9748682278543711,
    "cen_accuracy": 0.72425
  },
  "79": {
    "cen_loss": 0.9613624355494976,
    "cen_accuracy": 0.732125
  },
  "80": {
    "cen_loss": 0.9952273443490267,
    "cen_accuracy": 0.730625
  },
  "81": {
    "cen_loss": 1.0556323201283813,
    "cen_accuracy": 0.725
  },
  "82": {
    "cen_loss": 0.963579718220979,
    "cen_accuracy": 0.73675
  },
  "83": {
    "cen_loss": 0.9489942457899452,
    "cen_accuracy": 0.734
  },
  "84": {
    "cen_loss": 0.9205881419926881,
    "cen_accuracy": 0.74275
  },
  "85": {
    "cen_loss": 0.9717225878983736,
    "cen_accuracy": 0.737
  },
  "86": {
    "cen_loss": 1.0539827775321902,
    "cen_accuracy": 0.72025
  },
  "87": {
    "cen_loss": 1.0666336399912835,
    "cen_accuracy": 0.7225
  },
  "88": {
    "cen_loss": 0.9926398637592793,
    "cen_accuracy": 0.733625
  },
  "89": {
    "cen_loss": 0.9488413809910416,
    "cen_accuracy": 0.7405
  },
  "90": {
    "cen_loss": 0.9920129972621798,
    "cen_accuracy": 0.737875
  },
  "91": {
    "cen_loss": 0.9110385400056839,
    "cen_accuracy": 0.748375
  },
  "92": {
    "cen_loss": 1.0061428992822767,
    "cen_accuracy": 0.7335
  },
  "93": {
    "cen_loss": 0.9784365354478359,
    "cen_accuracy": 0.732375
  },
  "94": {
    "cen_loss": 1.002164938107133,
    "cen_accuracy": 0.731125
  },
  "95": {
    "cen_loss": 0.8851940808296204,
    "cen_accuracy": 0.7515
  },
  "96": {
    "cen_loss": 0.9465999930724501,
    "cen_accuracy": 0.73875
  },
  "97": {
    "cen_loss": 0.937551985219121,
    "cen_accuracy": 0.74225
  },
  "98": {
    "cen_loss": 0.9802724410966038,
    "cen_accuracy": 0.738875
  },
  "99": {
    "cen_loss": 0.9648705638647079,
    "cen_accuracy": 0.7405
  },
  "100": {
    "cen_loss": 1.0539001302421094,
    "cen_accuracy": 0.727875
  },