{
  "0": {
    "cen_loss": 2.3041886672973635,
    "cen_accuracy": 0.083375
  },
  "1": {
    "cen_loss": 2.3041886672973635,
    "cen_accuracy": 0.083375
  },
  "2": {
    "cen_loss": 2.4306423330307005,
    "cen_accuracy": 0.101625
  },
  "3": {
    "cen_loss": 2.454947860956192,
    "cen_accuracy": 0.157
  },
  "4": {
    "cen_loss": 2.055182393074036,
    "cen_accuracy": 0.2435
  },
  "5": {
    "cen_loss": 1.8115070009231566,
    "cen_accuracy": 0.330625
  },
  "6": {
    "cen_loss": 2.136801911115646,
    "cen_accuracy": 0.292875
  },
  "7": {
    "cen_loss": 2.1083729774951934,
    "cen_accuracy": 0.259125
  },
  "8": {
    "cen_loss": 1.957671597480774,
    "cen_accuracy": 0.339
  },
  "9": {
    "cen_loss": 1.8451989374160767,
    "cen_accuracy": 0.347375
  },
  "10": {
    "cen_loss": 1.8439262570142747,
    "cen_accuracy": 0.348125
  },
  "11": {
    "cen_loss": 1.905561665058136,
    "cen_accuracy": 0.36025
  },
  "12": {
    "cen_loss": 1.8652266865968705,
    "cen_accuracy": 0.37575
  },
  "13": {
    "cen_loss": 2.1976673669815066,
    "cen_accuracy": 0.322
  },
  "14": {
    "cen_loss": 2.109283190727234,
    "cen_accuracy": 0.3465
  },
  "15": {
    "cen_loss": 2.1645310138463976,
    "cen_accuracy": 0.34625
  },
  "16": {
    "cen_loss": 2.569902400970459,
    "cen_accuracy": 0.296
  },
  "17": {
    "cen_loss": 1.862701140642166,
    "cen_accuracy": 0.371625
  },
  "18": {
    "cen_loss": 3.031997267961502,
    "cen_accuracy": 0.2695
  },
  "19": {
    "cen_loss": 2.0792344439029695,
    "cen_accuracy": 0.355375
  },
  "20": {
    "cen_loss": 2.0792344999313355,
    "cen_accuracy": 0.355375
  },
  "21": {
    "cen_loss": 2.0542125059366225,
    "cen_accuracy": 0.383375
  },
  "22": {
    "cen_loss": 2.292553831934929,
    "cen_accuracy": 0.359375
  },
  "23": {
    "cen_loss": 2.130180583000183,
    "cen_accuracy": 0.379125
  },
  "24": {
    "cen_loss": 2.622575174808502,
    "cen_accuracy": 0.307
  },
  "25": {
    "cen_loss": 2.506503151893616,
    "cen_accuracy": 0.343875
  },
  "26": {
    "cen_loss": 1.9586631026268004,
    "cen_accuracy": 0.4155
  },
  "27": {
    "cen_loss": 1.879547665953636,
    "cen_accuracy": 0.402875
  },
  "28": {
    "cen_loss": 2.0139876985549927,
    "cen_accuracy": 0.394125
  },
  "29": {
    "cen_loss": 1.722584991812706,
    "cen_accuracy": 0.434375
  },
  "30": {
    "cen_loss": 1.7225850436687469,
    "cen_accuracy": 0.434375
  },
  "31": {
    "cen_loss": 2.101727980852127,
    "cen_accuracy": 0.377125
  },
  "32": {
    "cen_loss": 2.0273351647853852,
    "cen_accuracy": 0.397625
  },
  "33": {
    "cen_loss": 1.9151126164197922,
    "cen_accuracy": 0.421
  },
  "34": {
    "cen_loss": 3.107961495041847,
    "cen_accuracy": 0.346625
  },
  "35": {
    "cen_loss": 2.1034197039604186,
    "cen_accuracy": 0.3985
  },
  "36": {
    "cen_loss": 1.8341128817796708,
    "cen_accuracy": 0.412125
  },
  "37": {
    "cen_loss": 1.9158310123682023,
    "cen_accuracy": 0.42675
  },
  "38": {
    "cen_loss": 2.6224562027454374,
    "cen_accuracy": 0.31325
  },
  "39": {
    "cen_loss": 2.0465748455524446,
    "cen_accuracy": 0.401125
  },
  "40": {
    "cen_loss": 2.046574701666832,
    "cen_accuracy": 0.401125
  },
  "41": {
    "cen_loss": 1.8809325524568559,
    "cen_accuracy": 0.41725
  },
  "42": {
    "cen_loss": 2.4667258467674253,
    "cen_accuracy": 0.337875
  },
  "43": {
    "cen_loss": 2.34850407576561,
    "cen_accuracy": 0.364125
  },
  "44": {
    "cen_loss": 2.2429626789093016,
    "cen_accuracy": 0.371375
  },
  "45": {
    "cen_loss": 2.2169646637439726,
    "cen_accuracy": 0.36275
  },
  "46": {
    "cen_loss": 1.7826415283679962,
    "cen_accuracy": 0.432125
  },
  "47": {
    "cen_loss": 2.7496473631858827,
    "cen_accuracy": 0.34275
  },
  "48": {
    "cen_loss": 1.7206047810316085,
    "cen_accuracy": 0.45975
  },
  "49": {
    "cen_loss": 2.3431048542261124,
    "cen_accuracy": 0.391
  },
  "50": {
    "cen_loss": 2.34310487306118,
    "cen_accuracy": 0.391
  },
  "51": {
    "cen_loss": 2.0146614252328874,
    "cen_accuracy": 0.432125
  },
  "52": {
    "cen_loss": 2.9814116084575653,
    "cen_accuracy": 0.284375
  },
  "53": {
    "cen_loss": 1.8071440975666047,
    "cen_accuracy": 0.458
  },
  "54": {
    "cen_loss": 1.994807375073433,
    "cen_accuracy": 0.40875
  },
  "55": {
    "cen_loss": 2.1583458276987075,
    "cen_accuracy": 0.371625
  },
  "56": {
    "cen_loss": 2.228552079319954,
    "cen_accuracy": 0.413375
  },
  "57": {
    "cen_loss": 2.0920101625919343,
    "cen_accuracy": 0.395625
  },
  "58": {
    "cen_loss": 2.714706529259682,
    "cen_accuracy": 0.356125
  },
  "59": {
    "cen_loss": 2.1462365089654925,
    "cen_accuracy": 0.38375
  },
  "60": {
    "cen_loss": 2.146236473083496,
    "cen_accuracy": 0.38375
  },
  "61": {
    "cen_loss": 2.309080244541168,
    "cen_accuracy": 0.357625
  },
  "62": {
    "cen_loss": 2.1923680267333983,
    "cen_accuracy": 0.393125
  },
  "63": {
    "cen_loss": 1.927630078315735,
    "cen_accuracy": 0.43725
  },
  "64": {
    "cen_loss": 1.8797014472484588,
    "cen_accuracy": 0.4265
  },
  "65": {
    "cen_loss": 2.7099066063165664,
    "cen_accuracy": 0.38575
  },
  "66": {
    "cen_loss": 2.1261262288093565,
    "cen_accuracy": 0.399125
  },
  "67": {
    "cen_loss": 1.6817292366027832,
    "cen_accuracy": 0.468875
  },
  "68": {
    "cen_loss": 1.7800327355861665,
    "cen_accuracy": 0.455125
  },
  "69": {
    "cen_loss": 1.7486267062425613,
    "cen_accuracy": 0.44275
  },
  "70": {
    "cen_loss": 1.7486266143321991,
    "cen_accuracy": 0.44275
  },
  "71": {
    "cen_loss": 2.546896535873413,
    "cen_accuracy": 0.3595
  },
  "72": {
    "cen_loss": 1.9890373586416243,
    "cen_accuracy": 0.4335
  },
  "73": {
    "cen_loss": 2.682395406961441,
    "cen_accuracy": 0.3575
  },
  "74": {
    "cen_loss": 2.6234782574176787,
    "cen_accuracy": 0.360625
  },
  "75": {
    "cen_loss": 2.418495123386383,
    "cen_accuracy": 0.395125
  },
  "76": {
    "cen_loss": 2.4218796240091325,
    "cen_accuracy": 0.38525
  },
  "77": {
    "cen_loss": 2.021415534853935,
    "cen_accuracy": 0.436
  },
  "78": {
    "cen_loss": 2.4046744112968446,
    "cen_accuracy": 0.41725
  },
  "79": {
    "cen_loss": 1.9568227581977844,
    "cen_accuracy": 0.426625
  },
  "80": {
    "cen_loss": 1.9568227596282959,
    "cen_accuracy": 0.426625
  },
  "81": {
    "cen_loss": 1.9282554807662964,
    "cen_accuracy": 0.433375
  },
  "82": {
    "cen_loss": 2.6103028061389923,
    "cen_accuracy": 0.38275
  },
  "83": {
    "cen_loss": 2.212820677638054,
    "cen_accuracy": 0.416125
  },
  "84": {
    "cen_loss": 2.150735367655754,
    "cen_accuracy": 0.4045
  },
  "85": {
    "cen_loss": 2.014440833568573,
    "cen_accuracy": 0.433125
  },
  "86": {
    "cen_loss": 2.3500262186527254,
    "cen_accuracy": 0.35925
  },
  "87": {
    "cen_loss": 1.8066104097366333,
    "cen_accuracy": 0.46475
  },
  "88": {
    "cen_loss": 2.241681890964508,
    "cen_accuracy": 0.40175
  },
  "89": {
    "cen_loss": 1.8972632820606232,
    "cen_accuracy": 0.44525
  },
  "90": {
    "cen_loss": 1.897263333082199,
    "cen_accuracy": 0.44525
  },
  "91": {
    "cen_loss": 2.011897498846054,
    "cen_accuracy": 0.413875
  },
  "92": {
    "cen_loss": 2.7663633818626403,
    "cen_accuracy": 0.36425
  },
  "93": {
    "cen_loss": 2.841399355888367,
    "cen_accuracy": 0.35725
  },
  "94": {
    "cen_loss": 2.0188185411691664,
    "cen_accuracy": 0.42725
  },
  "95": {
    "cen_loss": 1.8546518305540085,
    "cen_accuracy": 0.45425
  },
  "96": {
    "cen_loss": 2.110125781416893,
    "cen_accuracy": 0.43425
  },
  "97": {
    "cen_loss": 2.1883503082990647,
    "cen_accuracy": 0.438625
  },
  "98": {
    "cen_loss": 1.9261101988554001,
    "cen_accuracy": 0.42975
  },
  "99": {
    "cen_loss": 2.827441329360008,
    "cen_accuracy": 0.341
  },
  "100": {
    "cen_loss": 2.8274417601823805,
    "cen_accuracy": 0.341
  },
  "101": {
    "cen_loss": 3.056017767190933,