{
  "0": {
    "cen_loss": 2.3027670545578003,
    "cen_accuracy": 0.0985
  },
  "1": {
    "cen_loss": 2.3027670545578003,
    "cen_accuracy": 0.0985
  },
  "2": {
    "cen_loss": 3.2970799975395204,
    "cen_accuracy": 0.099875
  },
  "3": {
    "cen_loss": 3.876131760120392,
    "cen_accuracy": 0.099875
  },
  "4": {
    "cen_loss": 4.86376823091507,
    "cen_accuracy": 0.099875
  },
  "5": {
    "cen_loss": 4.8857435789108274,
    "cen_accuracy": 0.099875
  },
  "6": {
    "cen_loss": 5.860352433681488,
    "cen_accuracy": 0.099875
  },
  "7": {
    "cen_loss": 4.619929137706756,
    "cen_accuracy": 0.163125
  },
  "8": {
    "cen_loss": 4.109209059238434,
    "cen_accuracy": 0.174125
  },
  "9": {
    "cen_loss": 3.27707568693161,
    "cen_accuracy": 0.21575
  },
  "10": {
    "cen_loss": 1.78988716006279,
    "cen_accuracy": 0.476625
  },
  "11": {
    "cen_loss": 2.739747969388962,
    "cen_accuracy": 0.28
  },
  "12": {
    "cen_loss": 2.4912515301704405,
    "cen_accuracy": 0.336875
  },
  "13": {
    "cen_loss": 2.445346333026886,
    "cen_accuracy": 0.361125
  },
  "14": {
    "cen_loss": 2.1039626905918123,
    "cen_accuracy": 0.404875
  },
  "15": {
    "cen_loss": 2.3694750983715056,
    "cen_accuracy": 0.38125
  },
  "16": {
    "cen_loss": 1.9604171961545944,
    "cen_accuracy": 0.4795
  },
  "17": {
    "cen_loss": 1.7777489778995514,
    "cen_accuracy": 0.51825
  },
  "18": {
    "cen_loss": 1.5202610836029053,
    "cen_accuracy": 0.5595
  },
  "19": {
    "cen_loss": 1.502502776145935,
    "cen_accuracy": 0.56175
  },
  "20": {
    "cen_loss": 1.554459123760462,
    "cen_accuracy": 0.579125
  },
  "21": {
    "cen_loss": 1.4584372133910657,
    "cen_accuracy": 0.5765
  },
  "22": {
    "cen_loss": 1.4995114113092423,
    "cen_accuracy": 0.573375
  },
  "23": {
    "cen_loss": 1.4952741321921348,
    "cen_accuracy": 0.571
  },
  "24": {
    "cen_loss": 1.5671847104430199,
    "cen_accuracy": 0.564375
  },
  "25": {
    "cen_loss": 1.4623328804969788,
    "cen_accuracy": 0.5915
  },
  "26": {
    "cen_loss": 1.4248370278775693,
    "cen_accuracy": 0.588375
  },
  "27": {
    "cen_loss": 1.2819463746249675,
    "cen_accuracy": 0.6255
  },
  "28": {
    "cen_loss": 1.4326634057462215,
    "cen_accuracy": 0.60225
  },
  "29": {
    "cen_loss": 1.3028753973841667,
    "cen_accuracy": 0.6305
  },
  "30": {
    "cen_loss": 1.4619783350676299,
    "cen_accuracy": 0.618375
  },
  "31": {
    "cen_loss": 1.3563271712064744,
    "cen_accuracy": 0.61025
  },
  "32": {
    "cen_loss": 1.2856753086149693,
    "cen_accuracy": 0.63325
  },
  "33": {
    "cen_loss": 1.3550511741936206,
    "cen_accuracy": 0.630875
  },
  "34": {
    "cen_loss": 1.2807230791300535,
    "cen_accuracy": 0.645
  },
  "35": {
    "cen_loss": 1.3292145678102971,
    "cen_accuracy": 0.631625
  },
  "36": {
    "cen_loss": 1.3035563248991966,
    "cen_accuracy": 0.643625
  },
  "37": {
    "cen_loss": 1.3456530086100102,
    "cen_accuracy": 0.635625
  },
  "38": {
    "cen_loss": 1.2718651472628117,
    "cen_accuracy": 0.6415
  },
  "39": {
    "cen_loss": 1.359769209742546,
    "cen_accuracy": 0.640125
  },
  "40": {
    "cen_loss": 1.5452332671284676,
    "cen_accuracy": 0.62325
  },
  "41": {
    "cen_loss": 1.2299274947941303,
    "cen_accuracy": 0.662125
  },
  "42": {
    "cen_loss": 1.270326530456543,
    "cen_accuracy": 0.65025
  },
  "43": {
    "cen_loss": 1.2514974181354046,
    "cen_accuracy": 0.65375
  },
  "44": {
    "cen_loss": 1.1513992710113525,
    "cen_accuracy": 0.66975
  },
  "45": {
    "cen_loss": 1.1612140375673772,
    "cen_accuracy": 0.665875
  },
  "46": {
    "cen_loss": 1.1883184362798929,
    "cen_accuracy": 0.668375
  },
  "47": {
    "cen_loss": 1.1335222909301519,
    "cen_accuracy": 0.679375
  },
  "48": {
    "cen_loss": 1.1085886466503143,
    "cen_accuracy": 0.686375
  },
  "49": {
    "cen_loss": 1.1002692496031523,
    "cen_accuracy": 0.693
  },
  "50": {
    "cen_loss": 1.1588758101165295,
    "cen_accuracy": 0.68825
  },
  "51": {
    "cen_loss": 1.1568795155882836,
    "cen_accuracy": 0.67725
  },
  "52": {
    "cen_loss": 1.2141392445266246,
    "cen_accuracy": 0.666125
  },
  "53": {
    "cen_loss": 1.1372824476361274,
    "cen_accuracy": 0.677
  },
  "54": {
    "cen_loss": 1.126974756166339,
    "cen_accuracy": 0.686
  },
  "55": {
    "cen_loss": 1.129661301612854,
    "cen_accuracy": 0.684625
  },
  "56": {
    "cen_loss": 1.1061748264282942,
    "cen_accuracy": 0.692625
  },
  "57": {
    "cen_loss": 1.0641085345447063,
    "cen_accuracy": 0.694
  },
  "58": {
    "cen_loss": 1.066540546774864,
    "cen_accuracy": 0.69775
  },
  "59": {
    "cen_loss": 1.0891235222816467,
    "cen_accuracy": 0.690375
  },
  "60": {
    "cen_loss": 1.132397259414196,
    "cen_accuracy": 0.69575
  },
  "61": {
    "cen_loss": 1.0611817752718926,
    "cen_accuracy": 0.7035
  },
  "62": {
    "cen_loss": 1.1556511757671832,
    "cen_accuracy": 0.684
  },
  "63": {
    "cen_loss": 1.1068586113154888,
    "cen_accuracy": 0.6925
  },
  "64": {
    "cen_loss": 1.170524391412735,
    "cen_accuracy": 0.68025
  },
  "65": {
    "cen_loss": 1.0780637559592723,
    "cen_accuracy": 0.69875
  },
  "66": {
    "cen_loss": 1.0785854191184043,
    "cen_accuracy": 0.698875
  },
  "67": {
    "cen_loss": 1.0534021231234074,
    "cen_accuracy": 0.702125
  },
  "68": {
    "cen_loss": 1.0664946427047253,
    "cen_accuracy": 0.704125
  },
  "69": {
    "cen_loss": 1.0694677628278733,
    "cen_accuracy": 0.698625
  },
  "70": {
    "cen_loss": 1.1150421039164067,
    "cen_accuracy": 0.693375
  },
  "71": {
    "cen_loss": 1.079525840446353,
    "cen_accuracy": 0.703125
  },
  "72": {
    "cen_loss": 0.9764093426093459,
    "cen_accuracy": 0.716875
  },
  "73": {
    "cen_loss": 1.017662998586893,
    "cen_accuracy": 0.714625
  },
  "74": {
    "cen_loss": 1.1444765851944685,
    "cen_accuracy": 0.698125
  },
  "75": {
    "cen_loss": 1.0811297863721847,
    "cen_accuracy": 0.69825
  },
  "76": {
    "cen_loss": 1.02668426848948,
    "cen_accuracy": 0.70825
  },
  "77": {
    "cen_loss": 1.0514310955703259,
    "cen_accuracy": 0.709125
  },
  "78": {
    "cen_loss": 0.9548814859986305,
    "cen_accuracy": 0.726125
  },
  "79": {
    "cen_loss": 1.0060618336647749,
    "cen_accuracy": 0.714625
  },
  "80": {
    "cen_loss": 1.0066285820752383,
    "cen_accuracy": 0.71675
  },
  "81": {
    "cen_loss": 0.940535311460495,
    "cen_accuracy": 0.725875
  },
  "82": {
    "cen_loss": 1.0008322000950576,
    "cen_accuracy": 0.72175
  },
  "83": {
    "cen_loss": 0.9976608767956495,
    "cen_accuracy": 0.72525
  },
  "84": {
    "cen_loss": 0.9781160514205695,
    "cen_accuracy": 0.72325
  },
  "85": {
    "cen_loss": 1.0665409680306912,
    "cen_accuracy": 0.705375
  },
  "86": {
    "cen_loss": 1.0244229652658106,
    "cen_accuracy": 0.72375
  },
  "87": {
    "cen_loss": 0.980123340293765,
    "cen_accuracy": 0.728125
  },
  "88": {
    "cen_loss": 1.0347473022192717,
    "cen_accuracy": 0.717125
  },
  "89": {
    "cen_loss": 0.9944324755370617,
    "cen_accuracy": 0.7185
  },
  "90": {
    "cen_loss": 1.0781421235799789,
    "cen_accuracy": 0.710125
  },
  "91": {
    "cen_loss": 0.9799351057559251,
    "cen_accuracy": 0.721625
  },
  "92": {
    "cen_loss": 0.9697013310045004,
    "cen_accuracy": 0.723125
  },
  "93": {
    "cen_loss": 0.9970094840601087,
    "cen_accuracy": 0.72975
  },
  "94": {
    "cen_loss": 1.0206609982326627,
    "cen_accuracy": 0.71625
  },
  "95": {
    "cen_loss": 0.9560489427149296,
    "cen_accuracy": 0.731875
  },
  "96": {
    "cen_loss": 0.9397338375374675,
    "cen_accuracy": 0.735375
  },
  "97": {
    "cen_loss": 0.9397338375374675,
    "cen_accuracy": 0.735375
  },
  "98": {
    "cen_loss": 0.9397338375374675,
    "cen_accuracy": 0.735375
  },
  "99": {
    "cen_loss": 0.877439377181232,
    "cen_accuracy": 0.748625
  },
  "100": {
    "cen_loss": 0.877439377181232,
    "cen_accuracy": 0.748625
  },