{
  "0": {
    "cen_loss": 3.776069500892091,
    "cen_accuracy": 0.008032128514056224
  },
  "1": {
    "cen_loss": 3.776069503658215,
    "cen_accuracy": 0.008032128514056224
  },
  "2": {
    "cen_loss": 3.4889772331964646,
    "cen_accuracy": 0.007585899152164213
  },
  "3": {
    "cen_loss": 3.85545856194111,
    "cen_accuracy": 0.06894243641231593
  },
  "4": {
    "cen_loss": 4.111962554817591,
    "cen_accuracy": 0.14011601963409193
  },
  "5": {
    "cen_loss": 3.7063843573060007,
    "cen_accuracy": 0.13699241410084784
  },
  "6": {
    "cen_loss": 3.0324869853798058,
    "cen_accuracy": 0.2686300758589915
  },
  "7": {
    "cen_loss": 2.913537130324982,
    "cen_accuracy": 0.3246318607764391
  },
  "8": {
    "cen_loss": 2.8054240863805155,
    "cen_accuracy": 0.3543061133422579
  },
  "9": {
    "cen_loss": 2.9076635048145802,
    "cen_accuracy": 0.36501561802766624
  },
  "10": {
    "cen_loss": 2.907036854187754,
    "cen_accuracy": 0.36501561802766624
  },
  "11": {
    "cen_loss": 2.830973257075884,
    "cen_accuracy": 0.393797411869701
  },
  "12": {
    "cen_loss": 2.8480485323442513,
    "cen_accuracy": 0.34515841142347164
  },
  "13": {
    "cen_loss": 3.1051117723831796,
    "cen_accuracy": 0.3527443105756359
  },
  "14": {
    "cen_loss": 2.9694674673063424,
    "cen_accuracy": 0.3636769299419902
  },
  "15": {
    "cen_loss": 2.810983490459837,
    "cen_accuracy": 0.35787594823739405
  },
  "16": {
    "cen_loss": 3.207219686746491,
    "cen_accuracy": 0.3293172690763052
  },
  "17": {
    "cen_loss": 2.610887714923891,
    "cen_accuracy": 0.4138777331548416
  },
  "18": {
    "cen_loss": 2.6503703994231795,
    "cen_accuracy": 0.3897813476126729
  },
  "19": {
    "cen_loss": 2.788080457862282,
    "cen_accuracy": 0.40450691655510934
  },
  "20": {
    "cen_loss": 2.7880804782358464,
    "cen_accuracy": 0.40450691655510934
  },
  "21": {
    "cen_loss": 2.6199632281705982,
    "cen_accuracy": 0.4361892012494422
  },
  "22": {
    "cen_loss": 2.4100830550706585,
    "cen_accuracy": 0.48817492190986167
  },
  "23": {
    "cen_loss": 2.3400484671926773,
    "cen_accuracy": 0.49352967425256583
  },
  "24": {
    "cen_loss": 2.6572118689576625,
    "cen_accuracy": 0.4067380633645694
  },
  "25": {
    "cen_loss": 2.1279636525192838,
    "cen_accuracy": 0.5435073627844712
  },
  "26": {
    "cen_loss": 2.466173384350254,
    "cen_accuracy": 0.48125836680053546
  },
  "27": {
    "cen_loss": 2.2646127346103504,
    "cen_accuracy": 0.5113788487282463
  },
  "28": {
    "cen_loss": 2.5142287682311335,
    "cen_accuracy": 0.47121820615796517
  },
  "29": {
    "cen_loss": 2.3843527788363668,
    "cen_accuracy": 0.5140562248995983
  },
  "30": {
    "cen_loss": 2.384352746847244,
    "cen_accuracy": 0.5140562248995983
  },
  "31": {
    "cen_loss": 2.541585809681257,
    "cen_accuracy": 0.4837126282909415
  },
  "32": {
    "cen_loss": 2.4126130576939095,
    "cen_accuracy": 0.47211066488174924
  },
  "33": {
    "cen_loss": 2.305555054993568,
    "cen_accuracy": 0.5075858991521642
  },
  "34": {
    "cen_loss": 2.4761025601335533,
    "cen_accuracy": 0.4779116465863454
  },
  "35": {
    "cen_loss": 2.616322657935378,
    "cen_accuracy": 0.4326193663543061
  },
  "36": {
    "cen_loss": 2.3864332050789896,
    "cen_accuracy": 0.48772869254796963
  },
  "37": {
    "cen_loss": 2.4692098324663774,
    "cen_accuracy": 0.48460508701472554
  },
  "38": {
    "cen_loss": 2.7339350739423316,
    "cen_accuracy": 0.4145470771976796
  },
  "39": {
    "cen_loss": 2.207675702121842,
    "cen_accuracy": 0.5218652387327086
  },
  "40": {
    "cen_loss": 2.2076756206009867,
    "cen_accuracy": 0.5218652387327086
  },
  "41": {
    "cen_loss": 2.2958906453829266,
    "cen_accuracy": 0.48348951360999554
  },
  "42": {
    "cen_loss": 2.273600359541638,
    "cen_accuracy": 0.5124944221329764
  },
  "43": {
    "cen_loss": 2.2556500272099753,
    "cen_accuracy": 0.49129852744310576
  },
  "44": {
    "cen_loss": 2.2902582905711153,
    "cen_accuracy": 0.4964301651048639
  },
  "45": {
    "cen_loss": 2.386365863905587,
    "cen_accuracy": 0.49018295403837575
  },
  "46": {
    "cen_loss": 2.178701336870019,
    "cen_accuracy": 0.5292280232039268
  },
  "47": {
    "cen_loss": 2.3474551740899146,
    "cen_accuracy": 0.49754573850959394
  },
  "48": {
    "cen_loss": 2.2903784675717302,
    "cen_accuracy": 0.4825970548862115
  },
  "49": {
    "cen_loss": 2.752791487089442,
    "cen_accuracy": 0.4426595269968764
  },
  "50": {
    "cen_loss": 2.752791574734335,
    "cen_accuracy": 0.4426595269968764
  },
  "51": {
    "cen_loss": 2.4528616000796366,
    "cen_accuracy": 0.48527443105756357
  },
  "52": {
    "cen_loss": 2.392602456461793,
    "cen_accuracy": 0.5124944221329764
  },
  "53": {
    "cen_loss": 2.5543307230335324,
    "cen_accuracy": 0.4788041053101294
  },
  "54": {
    "cen_loss": 2.6466715168814634,
    "cen_accuracy": 0.4616242748772869
  },
  "55": {
    "cen_loss": 1.9322722727355548,
    "cen_accuracy": 0.5624721106648818
  },
  "56": {
    "cen_loss": 2.227307096489409,
    "cen_accuracy": 0.5153949129852744
  },
  "57": {
    "cen_loss": 2.2273070986171963,
    "cen_accuracy": 0.5153949129852744
  },
  "58": {
    "cen_loss": 2.11662692930059,
    "cen_accuracy": 0.5363676929941991
  },
  "59": {
    "cen_loss": 2.116626934194501,
    "cen_accuracy": 0.5363676929941991
  },
  "60": {
    "cen_loss": 2.0768002311548237,
    "cen_accuracy": 0.5435073627844712
  },
  "61": {
    "cen_loss": 2.0768002357827613,
    "cen_accuracy": 0.5435073627844712
  },
  "62": {
    "cen_loss": 2.0132510827647314,
    "cen_accuracy": 0.569388665774208
  },
  "63": {
    "cen_loss": 2.0132510795065572,
    "cen_accuracy": 0.569388665774208
  },
  "64": {
    "cen_loss": 1.9135665870149026,
    "cen_accuracy": 0.5780901383311022
  },
  "65": {
    "cen_loss": 1.913566595699766,
    "cen_accuracy": 0.5780901383311022
  },
  "66": {
    "cen_loss": 2.1579321620188776,
    "cen_accuracy": 0.5323516287371709
  },
  "67": {
    "cen_loss": 2.15793215608767,
    "cen_accuracy": 0.5323516287371709
  },
  "68": {
    "cen_loss": 1.992355586135563,
    "cen_accuracy": 0.5613565372601517
  },
  "69": {
    "cen_loss": 1.9923555805235236,
    "cen_accuracy": 0.5613565372601517
  },
  "70": {
    "cen_loss": 1.98426204129874,
    "cen_accuracy": 0.574520303435966
  },
  "71": {
    "cen_loss": 1.9842620435329166,
    "cen_accuracy": 0.574520303435966
  },
  "72": {
    "cen_loss": 1.9458796876926925,
    "cen_accuracy": 0.5671575189647479
  },
  "73": {
    "cen_loss": 1.9458796909176201,
    "cen_accuracy": 0.5671575189647479
  },
  "74": {
    "cen_loss": 1.908025054727373,
    "cen_accuracy": 0.5865684962070504
  },
  "75": {
    "cen_loss": 1.908025063876859,
    "cen_accuracy": 0.5865684962070504
  },
  "76": {
    "cen_loss": 1.8880485168050198,
    "cen_accuracy": 0.5861222668451584
  },
  "77": {
    "cen_loss": 1.8880485104216576,
    "cen_accuracy": 0.5861222668451584
  },
  "78": {
    "cen_loss": 1.8775639586576203,
    "cen_accuracy": 0.5919232485497545
  },
  "79": {
    "cen_loss": 1.8775639590382949,
    "cen_accuracy": 0.5919232485497545
  },
  "80": {
    "cen_loss": 1.878940333643432,
    "cen_accuracy": 0.5912539045069165
  },
  "81": {
    "cen_loss": 1.8789403389629005,
    "cen_accuracy": 0.5912539045069165
  },
  "82": {
    "cen_loss": 1.8648568097633318,
    "cen_accuracy": 0.5941543953592147
  },
  "83": {
    "cen_loss": 1.8648568271047992,
    "cen_accuracy": 0.5941543953592147
  },
  "84": {
    "cen_loss": 1.6841714020015566,
    "cen_accuracy": 0.6146809460062472
  },
  "85": {
    "cen_loss": 1.6841714101303693,
    "cen_accuracy": 0.6146809460062472
  },
  "86": {
    "cen_loss": 1.693777585098755,
    "cen_accuracy": 0.6231593038821954
  },
  "87": {
    "cen_loss": 1.693777586242441,
    "cen_accuracy": 0.6231593038821954
  },
  "88": {
    "cen_loss": 1.8162701613187044,
    "cen_accuracy": 0.606425702811245
  },