{
  "0": {
    "cen_loss": 2.3027670545578003,
    "cen_accuracy": 0.0985
  },
  "1": {
    "cen_loss": 2.3027670545578003,
    "cen_accuracy": 0.0985
  },
  "2": {
    "cen_loss": 3.744992618560791,
    "cen_accuracy": 0.097625
  },
  "3": {
    "cen_loss": 5.4544681792259215,
    "cen_accuracy": 0.097625
  },
  "4": {
    "cen_loss": 4.911357039928436,
    "cen_accuracy": 0.10175
  },
  "5": {
    "cen_loss": 4.044774918556214,
    "cen_accuracy": 0.1525
  },
  "6": {
    "cen_loss": 3.379738063812256,
    "cen_accuracy": 0.1515
  },
  "7": {
    "cen_loss": 2.712511433124542,
    "cen_accuracy": 0.251
  },
  "8": {
    "cen_loss": 3.1445060732364656,
    "cen_accuracy": 0.2625
  },
  "9": {
    "cen_loss": 2.6271538469791413,
    "cen_accuracy": 0.274875
  },
  "10": {
    "cen_loss": 3.0410927028656007,
    "cen_accuracy": 0.278
  },
  "11": {
    "cen_loss": 4.556250336170197,
    "cen_accuracy": 0.299
  },
  "12": {
    "cen_loss": 2.8095792236328125,
    "cen_accuracy": 0.24725
  },
  "13": {
    "cen_loss": 2.872278791666031,
    "cen_accuracy": 0.2905
  },
  "14": {
    "cen_loss": 2.2838349108695986,
    "cen_accuracy": 0.3115
  },
  "15": {
    "cen_loss": 1.9678063349723816,
    "cen_accuracy": 0.36075
  },
  "16": {
    "cen_loss": 1.81931585252285,
    "cen_accuracy": 0.40175
  },
  "17": {
    "cen_loss": 1.9844745445251464,
    "cen_accuracy": 0.371
  },
  "18": {
    "cen_loss": 1.9048675140142441,
    "cen_accuracy": 0.388875
  },
  "19": {
    "cen_loss": 2.009471418619156,
    "cen_accuracy": 0.3945
  },
  "20": {
    "cen_loss": 1.7977451003789902,
    "cen_accuracy": 0.46475
  },
  "21": {
    "cen_loss": 1.9046131583452224,
    "cen_accuracy": 0.425625
  },
  "22": {
    "cen_loss": 1.9531413083076477,
    "cen_accuracy": 0.420875
  },
  "23": {
    "cen_loss": 1.9501573247909545,
    "cen_accuracy": 0.42
  },
  "24": {
    "cen_loss": 2.0931326137781143,
    "cen_accuracy": 0.404625
  },
  "25": {
    "cen_loss": 1.8619315388202666,
    "cen_accuracy": 0.450625
  },
  "26": {
    "cen_loss": 2.180505419254303,
    "cen_accuracy": 0.425
  },
  "27": {
    "cen_loss": 1.9348301458358765,
    "cen_accuracy": 0.43575
  },
  "28": {
    "cen_loss": 1.8606715366840363,
    "cen_accuracy": 0.449
  },
  "29": {
    "cen_loss": 1.7744208198785782,
    "cen_accuracy": 0.4695
  },
  "30": {
    "cen_loss": 1.7395211590528488,
    "cen_accuracy": 0.500375
  },
  "31": {
    "cen_loss": 1.8559053809642791,
    "cen_accuracy": 0.463875
  },
  "32": {
    "cen_loss": 1.7916590535640717,
    "cen_accuracy": 0.457625
  },
  "33": {
    "cen_loss": 1.9345425219535828,
    "cen_accuracy": 0.464875
  },
  "34": {
    "cen_loss": 1.7316464293003082,
    "cen_accuracy": 0.482
  },
  "35": {
    "cen_loss": 1.7873647758960725,
    "cen_accuracy": 0.47025
  },
  "36": {
    "cen_loss": 1.7277193907499313,
    "cen_accuracy": 0.488125
  },
  "37": {
    "cen_loss": 1.7102054543495178,
    "cen_accuracy": 0.49525
  },
  "38": {
    "cen_loss": 1.7384534877538682,
    "cen_accuracy": 0.49675
  },
  "39": {
    "cen_loss": 1.6027015634775161,
    "cen_accuracy": 0.51725
  },
  "40": {
    "cen_loss": 1.7256240398287772,
    "cen_accuracy": 0.527
  },
  "41": {
    "cen_loss": 1.6981372901201248,
    "cen_accuracy": 0.50475
  },
  "42": {
    "cen_loss": 1.6063769719600678,
    "cen_accuracy": 0.52275
  },
  "43": {
    "cen_loss": 1.6419475067853928,
    "cen_accuracy": 0.510125
  },
  "44": {
    "cen_loss": 1.6017622868418693,
    "cen_accuracy": 0.520375
  },
  "45": {
    "cen_loss": 1.6815980398058892,
    "cen_accuracy": 0.50375
  },
  "46": {
    "cen_loss": 1.7045823177099229,
    "cen_accuracy": 0.501125
  },
  "47": {
    "cen_loss": 1.5050090437531471,
    "cen_accuracy": 0.539375
  },
  "48": {
    "cen_loss": 1.7816015593409538,
    "cen_accuracy": 0.5215
  },
  "49": {
    "cen_loss": 1.4959283193945885,
    "cen_accuracy": 0.542125
  },
  "50": {
    "cen_loss": 1.5509073387384416,
    "cen_accuracy": 0.560125
  },
  "51": {
    "cen_loss": 1.6891426953077315,
    "cen_accuracy": 0.52425
  },
  "52": {
    "cen_loss": 1.6838577721118928,
    "cen_accuracy": 0.51925
  },
  "53": {
    "cen_loss": 1.7460866621732711,
    "cen_accuracy": 0.52475
  },
  "54": {
    "cen_loss": 1.6900580463409425,
    "cen_accuracy": 0.5315
  },
  "55": {
    "cen_loss": 1.858140708565712,
    "cen_accuracy": 0.51325
  },
  "56": {
    "cen_loss": 1.8683563265800476,
    "cen_accuracy": 0.515125
  },
  "57": {
    "cen_loss": 1.7545088762044907,
    "cen_accuracy": 0.53675
  },
  "58": {
    "cen_loss": 1.6939901922345162,
    "cen_accuracy": 0.54125
  },
  "59": {
    "cen_loss": 1.6559531979560853,
    "cen_accuracy": 0.5535
  },
  "60": {
    "cen_loss": 1.6991827799081802,
    "cen_accuracy": 0.5785
  },
  "61": {
    "cen_loss": 1.8749078079462052,
    "cen_accuracy": 0.524375
  },
  "62": {
    "cen_loss": 1.6023475801050664,
    "cen_accuracy": 0.5575
  },
  "63": {
    "cen_loss": 1.881715858578682,
    "cen_accuracy": 0.522875
  },
  "64": {
    "cen_loss": 1.7156086075305939,
    "cen_accuracy": 0.53275
  },
  "65": {
    "cen_loss": 1.7672444907426834,
    "cen_accuracy": 0.533125
  },
  "66": {
    "cen_loss": 1.7401916280388832,
    "cen_accuracy": 0.536625
  },
  "67": {
    "cen_loss": 1.7824264123439788,
    "cen_accuracy": 0.53375
  },
  "68": {
    "cen_loss": 1.7707165412306785,
    "cen_accuracy": 0.545375
  },
  "69": {
    "cen_loss": 1.7769594432115554,
    "cen_accuracy": 0.538375
  },
  "70": {
    "cen_loss": 1.796853162229061,
    "cen_accuracy": 0.553625
  },
  "71": {
    "cen_loss": 1.7096075950860976,
    "cen_accuracy": 0.54725
  },
  "72": {
    "cen_loss": 1.68214662194252,
    "cen_accuracy": 0.55375
  },
  "73": {
    "cen_loss": 1.6920414139032365,
    "cen_accuracy": 0.5415
  },
  "74": {
    "cen_loss": 1.5848844460844993,
    "cen_accuracy": 0.5655
  },
  "75": {
    "cen_loss": 1.7874967643022537,
    "cen_accuracy": 0.529
  },
  "76": {
    "cen_loss": 1.6482227483391763,
    "cen_accuracy": 0.559
  },
  "77": {
    "cen_loss": 1.6116662186980248,
    "cen_accuracy": 0.577125
  },
  "78": {
    "cen_loss": 1.726623754322529,
    "cen_accuracy": 0.563375
  },
  "79": {
    "cen_loss": 1.654963548898697,
    "cen_accuracy": 0.585375
  },
  "80": {
    "cen_loss": 1.7864357832074165,
    "cen_accuracy": 0.582875
  },
  "81": {
    "cen_loss": 1.7386304861307145,
    "cen_accuracy": 0.577875
  },
  "82": {
    "cen_loss": 1.7937705689668655,
    "cen_accuracy": 0.566625
  },
  "83": {
    "cen_loss": 1.692067295730114,
    "cen_accuracy": 0.585625
  },
  "84": {
    "cen_loss": 1.803325968027115,
    "cen_accuracy": 0.565375
  },
  "85": {
    "cen_loss": 1.6694058014154434,
    "cen_accuracy": 0.563625
  },
  "86": {
    "cen_loss": 1.520812900185585,
    "cen_accuracy": 0.57275
  },
  "87": {
    "cen_loss": 1.5203427733182908,
    "cen_accuracy": 0.584875
  },
  "88": {
    "cen_loss": 1.533463728606701,
    "cen_accuracy": 0.570625
  },
  "89": {
    "cen_loss": 1.729223187506199,
    "cen_accuracy": 0.55025
  },
  "90": {
    "cen_loss": 1.9096319464445115,
    "cen_accuracy": 0.55825
  },
  "91": {
    "cen_loss": 1.7459911817312241,
    "cen_accuracy": 0.54075
  },
  "92": {
    "cen_loss": 1.8146402342319488,
    "cen_accuracy": 0.540375
  },
  "93": {
    "cen_loss": 1.778808159828186,
    "cen_accuracy": 0.540625
  },
  "94": {
    "cen_loss": 1.7593298318386077,
    "cen_accuracy": 0.550875
  },
  "95": {
    "cen_loss": 1.8049552072286605,
    "cen_accuracy": 0.54675
  },
  "96": {
    "cen_loss": 1.7946809031963349,
    "cen_accuracy": 0.540875
  },
  "97": {
    "cen_loss": 1.5416353660821915,
    "cen_accuracy": 0.578125
  },
  "98": {
    "cen_loss": 1.5665695771574975,
    "cen_accuracy": 0.584125
  },
  "99": {
    "cen_loss": 1.6341305748820305,
    "cen_accuracy": 0.586625
  },
  "100": {
    "cen_loss": 1.7509832555651665,
    "cen_accuracy": 0.587375
  },
  "101": {
    "cen_loss": 1.600989643394947,