{
  "0": {
    "cen_loss": 2.3026313900947573,
    "cen_accuracy": 0.10175
  },
  "1": {
    "cen_loss": 2.3026313900947573,
    "cen_accuracy": 0.10175
  },
  "2": {
    "cen_loss": 3.585049331665039,
    "cen_accuracy": 0.10175
  },
  "3": {
    "cen_loss": 4.6102405133247375,
    "cen_accuracy": 0.09975
  },
  "4": {
    "cen_loss": 3.4804379892349244,
    "cen_accuracy": 0.131625
  },
  "5": {
    "cen_loss": 2.8123941962718964,
    "cen_accuracy": 0.1125
  },
  "6": {
    "cen_loss": 3.8159498500823976,
    "cen_accuracy": 0.12925
  },
  "7": {
    "cen_loss": 3.074821499347687,
    "cen_accuracy": 0.2495
  },
  "8": {
    "cen_loss": 2.5802638428211213,
    "cen_accuracy": 0.266625
  },
  "9": {
    "cen_loss": 3.347333347797394,
    "cen_accuracy": 0.257875
  },
  "10": {
    "cen_loss": 3.0564084911346434,
    "cen_accuracy": 0.297125
  },
  "11": {
    "cen_loss": 1.9079018585681915,
    "cen_accuracy": 0.333125
  },
  "12": {
    "cen_loss": 2.499267001628876,
    "cen_accuracy": 0.28275
  },
  "13": {
    "cen_loss": 2.2923856756687164,
    "cen_accuracy": 0.3505
  },
  "14": {
    "cen_loss": 1.954302041053772,
    "cen_accuracy": 0.355125
  },
  "15": {
    "cen_loss": 3.1341032655239105,
    "cen_accuracy": 0.287125
  },
  "16": {
    "cen_loss": 2.8343919005393983,
    "cen_accuracy": 0.336875
  },
  "17": {
    "cen_loss": 2.8429435288906095,
    "cen_accuracy": 0.34625
  },
  "18": {
    "cen_loss": 2.9268417568206786,
    "cen_accuracy": 0.3195
  },
  "19": {
    "cen_loss": 2.777220913410187,
    "cen_accuracy": 0.33675
  },
  "20": {
    "cen_loss": 2.363760149240494,
    "cen_accuracy": 0.366375
  },
  "21": {
    "cen_loss": 3.6577867920398712,
    "cen_accuracy": 0.288375
  },
  "22": {
    "cen_loss": 2.512274980664253,
    "cen_accuracy": 0.396375
  },
  "23": {
    "cen_loss": 2.1810801767110823,
    "cen_accuracy": 0.415875
  },
  "24": {
    "cen_loss": 3.208814839363098,
    "cen_accuracy": 0.368375
  },
  "25": {
    "cen_loss": 3.371423801898956,
    "cen_accuracy": 0.33925
  },
  "26": {
    "cen_loss": 2.153115276813507,
    "cen_accuracy": 0.415625
  },
  "27": {
    "cen_loss": 3.485449200153351,
    "cen_accuracy": 0.330375
  },
  "28": {
    "cen_loss": 2.598558918952942,
    "cen_accuracy": 0.3565
  },
  "29": {
    "cen_loss": 2.720411263227463,
    "cen_accuracy": 0.34725
  },
  "30": {
    "cen_loss": 2.7696537768840788,
    "cen_accuracy": 0.359375
  },
  "31": {
    "cen_loss": 3.8514148406982422,
    "cen_accuracy": 0.320375
  },
  "32": {
    "cen_loss": 2.268947426915169,
    "cen_accuracy": 0.38425
  },
  "33": {
    "cen_loss": 2.446907443523407,
    "cen_accuracy": 0.38675
  },
  "34": {
    "cen_loss": 3.027610273838043,
    "cen_accuracy": 0.355875
  },
  "35": {
    "cen_loss": 2.2979745304584505,
    "cen_accuracy": 0.4105
  },
  "36": {
    "cen_loss": 2.801302346944809,
    "cen_accuracy": 0.39325
  },
  "37": {
    "cen_loss": 2.772293891906738,
    "cen_accuracy": 0.3805
  },
  "38": {
    "cen_loss": 2.6266278618574144,
    "cen_accuracy": 0.395125
  },
  "39": {
    "cen_loss": 2.6380839520692825,
    "cen_accuracy": 0.3955
  },
  "40": {
    "cen_loss": 2.3244005372524263,
    "cen_accuracy": 0.426875
  },
  "41": {
    "cen_loss": 2.684028077125549,
    "cen_accuracy": 0.40375
  },
  "42": {
    "cen_loss": 2.404038472175598,
    "cen_accuracy": 0.41175
  },
  "43": {
    "cen_loss": 2.8370451500415803,
    "cen_accuracy": 0.398
  },
  "44": {
    "cen_loss": 2.837137229681015,
    "cen_accuracy": 0.41975
  },
  "45": {
    "cen_loss": 3.243585101366043,
    "cen_accuracy": 0.392625
  },
  "46": {
    "cen_loss": 2.707843858003616,
    "cen_accuracy": 0.387125
  },
  "47": {
    "cen_loss": 2.4911662743091583,
    "cen_accuracy": 0.4375
  },
  "48": {
    "cen_loss": 2.123776897549629,
    "cen_accuracy": 0.446125
  },
  "49": {
    "cen_loss": 2.365420709133148,
    "cen_accuracy": 0.434
  },
  "50": {
    "cen_loss": 2.300429257750511,
    "cen_accuracy": 0.4565
  },
  "51": {
    "cen_loss": 2.495655359983444,
    "cen_accuracy": 0.42475
  },
  "52": {
    "cen_loss": 2.3830127773284913,
    "cen_accuracy": 0.447875
  },
  "53": {
    "cen_loss": 2.075053668677807,
    "cen_accuracy": 0.482125
  },
  "54": {
    "cen_loss": 2.403753219366074,
    "cen_accuracy": 0.4465
  },
  "55": {
    "cen_loss": 2.6027904295921327,
    "cen_accuracy": 0.42825
  },
  "56": {
    "cen_loss": 2.6822444866895676,
    "cen_accuracy": 0.429
  },
  "57": {
    "cen_loss": 2.526895336031914,
    "cen_accuracy": 0.4505
  },
  "58": {
    "cen_loss": 2.2597425314188,
    "cen_accuracy": 0.475375
  },
  "59": {
    "cen_loss": 2.3280394006967544,
    "cen_accuracy": 0.48175
  },
  "60": {
    "cen_loss": 2.2278917412757875,
    "cen_accuracy": 0.48825
  },
  "61": {
    "cen_loss": 2.2922607678174973,
    "cen_accuracy": 0.484
  },
  "62": {
    "cen_loss": 2.072128119468689,
    "cen_accuracy": 0.4855
  },
  "63": {
    "cen_loss": 2.4584429289102556,
    "cen_accuracy": 0.47575
  },
  "64": {
    "cen_loss": 2.514569887161255,
    "cen_accuracy": 0.447125
  },
  "65": {
    "cen_loss": 1.9923294727802277,
    "cen_accuracy": 0.510375
  },
  "66": {
    "cen_loss": 2.4634791160821914,
    "cen_accuracy": 0.46
  },
  "67": {
    "cen_loss": 2.295814644932747,
    "cen_accuracy": 0.491375
  },
  "68": {
    "cen_loss": 2.0828796652555464,
    "cen_accuracy": 0.486375
  },
  "69": {
    "cen_loss": 2.0657448143362998,
    "cen_accuracy": 0.492
  },
  "70": {
    "cen_loss": 2.0455449020862577,
    "cen_accuracy": 0.50475
  },
  "71": {
    "cen_loss": 2.377150517761707,
    "cen_accuracy": 0.432
  },
  "72": {
    "cen_loss": 1.9299392660856247,
    "cen_accuracy": 0.5225
  },
  "73": {
    "cen_loss": 1.9647382344007491,
    "cen_accuracy": 0.518
  },
  "74": {
    "cen_loss": 2.9339849557876585,
    "cen_accuracy": 0.392
  },
  "75": {
    "cen_loss": 1.9493476778268815,
    "cen_accuracy": 0.511625
  },
  "76": {
    "cen_loss": 2.3214977438151836,
    "cen_accuracy": 0.471625
  },
  "77": {
    "cen_loss": 1.9960490037202836,
    "cen_accuracy": 0.510875
  },
  "78": {
    "cen_loss": 1.9987979730665684,
    "cen_accuracy": 0.502625
  },
  "79": {
    "cen_loss": 2.3485960199832916,
    "cen_accuracy": 0.4625
  },
  "80": {
    "cen_loss": 2.385287130475044,
    "cen_accuracy": 0.459625
  },
  "81": {
    "cen_loss": 1.833016285419464,
    "cen_accuracy": 0.52275
  },
  "82": {
    "cen_loss": 2.0777631249427797,
    "cen_accuracy": 0.494
  },
  "83": {
    "cen_loss": 1.998263291478157,
    "cen_accuracy": 0.508875
  },
  "84": {
    "cen_loss": 1.4772786137461662,
    "cen_accuracy": 0.568625
  },
  "85": {
    "cen_loss": 1.654991012275219,
    "cen_accuracy": 0.544125
  },
  "86": {
    "cen_loss": 1.5393459094166755,
    "cen_accuracy": 0.566875
  },
  "87": {
    "cen_loss": 1.7001362825632096,
    "cen_accuracy": 0.552375
  },
  "88": {
    "cen_loss": 2.0869219633340834,
    "cen_accuracy": 0.481625
  },
  "89": {
    "cen_loss": 1.68755391228199,
    "cen_accuracy": 0.531625
  },
  "90": {
    "cen_loss": 1.6449949108362198,
    "cen_accuracy": 0.54725
  },
  "91": {
    "cen_loss": 1.772991949915886,
    "cen_accuracy": 0.5235
  },
  "92": {
    "cen_loss": 1.7545013362765312,
    "cen_accuracy": 0.532375
  },
  "93": {
    "cen_loss": 1.6026963548064233,
    "cen_accuracy": 0.54125
  },
  "94": {
    "cen_loss": 1.859540156006813,
    "cen_accuracy": 0.514375
  },
  "95": {
    "cen_loss": 1.8047539262771606,
    "cen_accuracy": 0.52725
  },
  "96": {
    "cen_loss": 1.740657065987587,
    "cen_accuracy": 0.53575
  },
  "97": {
    "cen_loss": 1.8108446486592293,
    "cen_accuracy": 0.537
  },
  "98": {
    "cen_loss": 1.9371532295942306,
    "cen_accuracy": 0.517
  },
  "99": {
    "cen_loss": 1.707444077014923,
    "cen_accuracy": 0.545375
  },
  "100": {
    "cen_loss": 1.712526586174965,
    "cen_accuracy": 0.554375
  },
  "101": {
    "cen_loss": 1.9732930850982666,