{
  "0": {
    "cen_loss": 2.3027041506767274,
    "cen_accuracy": 0.101375
  },
  "1": {
    "cen_loss": 2.3027041506767274,
    "cen_accuracy": 0.101375
  },
  "2": {
    "cen_loss": 3.0064493813514708,
    "cen_accuracy": 0.101125
  },
  "3": {
    "cen_loss": 5.4238379492759705,
    "cen_accuracy": 0.10125
  },
  "4": {
    "cen_loss": 3.352596200942993,
    "cen_accuracy": 0.101125
  },
  "5": {
    "cen_loss": 2.7182216324806214,
    "cen_accuracy": 0.10075
  },
  "6": {
    "cen_loss": 3.814521877527237,
    "cen_accuracy": 0.098625
  },
  "7": {
    "cen_loss": 3.8244189977645875,
    "cen_accuracy": 0.166
  },
  "8": {
    "cen_loss": 3.8402996163368224,
    "cen_accuracy": 0.10925
  },
  "9": {
    "cen_loss": 2.950194901227951,
    "cen_accuracy": 0.159125
  },
  "10": {
    "cen_loss": 2.2570921459198,
    "cen_accuracy": 0.316625
  },
  "11": {
    "cen_loss": 4.111753262042999,
    "cen_accuracy": 0.192625
  },
  "12": {
    "cen_loss": 2.2869571998119356,
    "cen_accuracy": 0.317875
  },
  "13": {
    "cen_loss": 2.963780727148056,
    "cen_accuracy": 0.2755
  },
  "14": {
    "cen_loss": 2.208058295369148,
    "cen_accuracy": 0.32775
  },
  "15": {
    "cen_loss": 2.5552031058073044,
    "cen_accuracy": 0.333625
  },
  "16": {
    "cen_loss": 2.286616155385971,
    "cen_accuracy": 0.292125
  },
  "17": {
    "cen_loss": 2.264830540418625,
    "cen_accuracy": 0.37075
  },
  "18": {
    "cen_loss": 3.130972182035446,
    "cen_accuracy": 0.306875
  },
  "19": {
    "cen_loss": 2.6586243252754214,
    "cen_accuracy": 0.38
  },
  "20": {
    "cen_loss": 3.528676826953888,
    "cen_accuracy": 0.340875
  },
  "21": {
    "cen_loss": 2.3411823823451994,
    "cen_accuracy": 0.41975
  },
  "22": {
    "cen_loss": 2.6910421350002287,
    "cen_accuracy": 0.2865
  },
  "23": {
    "cen_loss": 2.8023143166303637,
    "cen_accuracy": 0.382875
  },
  "24": {
    "cen_loss": 2.2128173553943635,
    "cen_accuracy": 0.38925
  },
  "25": {
    "cen_loss": 2.4803372800350187,
    "cen_accuracy": 0.387375
  },
  "26": {
    "cen_loss": 2.030956531047821,
    "cen_accuracy": 0.426125
  },
  "27": {
    "cen_loss": 2.0175868335962295,
    "cen_accuracy": 0.383875
  },
  "28": {
    "cen_loss": 2.06626478600502,
    "cen_accuracy": 0.398375
  },
  "29": {
    "cen_loss": 1.4123731484413147,
    "cen_accuracy": 0.5075
  },
  "30": {
    "cen_loss": 1.579767421245575,
    "cen_accuracy": 0.494625
  },
  "31": {
    "cen_loss": 1.6243347576856613,
    "cen_accuracy": 0.476625
  },
  "32": {
    "cen_loss": 1.576033615231514,
    "cen_accuracy": 0.499125
  },
  "33": {
    "cen_loss": 1.7877438344955445,
    "cen_accuracy": 0.524125
  },
  "34": {
    "cen_loss": 1.2815377581119538,
    "cen_accuracy": 0.542625
  },
  "35": {
    "cen_loss": 1.7958980385661125,
    "cen_accuracy": 0.530875
  },
  "36": {
    "cen_loss": 1.9184298570156098,
    "cen_accuracy": 0.42525
  },
  "37": {
    "cen_loss": 2.717188803434372,
    "cen_accuracy": 0.303375
  },
  "38": {
    "cen_loss": 1.7360163562297821,
    "cen_accuracy": 0.479
  },
  "39": {
    "cen_loss": 1.4124944343566894,
    "cen_accuracy": 0.495125
  },
  "40": {
    "cen_loss": 1.8290096262693405,
    "cen_accuracy": 0.399875
  },
  "41": {
    "cen_loss": 1.5502610974311828,
    "cen_accuracy": 0.530125
  },
  "42": {
    "cen_loss": 1.512057916164398,
    "cen_accuracy": 0.495125
  },
  "43": {
    "cen_loss": 1.2989259656667709,
    "cen_accuracy": 0.5495
  },
  "44": {
    "cen_loss": 1.777575355052948,
    "cen_accuracy": 0.451875
  },
  "45": {
    "cen_loss": 1.4504445676803588,
    "cen_accuracy": 0.52625
  },
  "46": {
    "cen_loss": 1.5793123014569284,
    "cen_accuracy": 0.496125
  },
  "47": {
    "cen_loss": 2.5235860397815704,
    "cen_accuracy": 0.302375
  },
  "48": {
    "cen_loss": 1.6370075355768203,
    "cen_accuracy": 0.59225
  },
  "49": {
    "cen_loss": 2.279075283527374,
    "cen_accuracy": 0.28475
  },
  "50": {
    "cen_loss": 3.094390294075012,
    "cen_accuracy": 0.25225
  },
  "51": {
    "cen_loss": 2.0509596226215363,
    "cen_accuracy": 0.44525
  },
  "52": {
    "cen_loss": 1.4980977878570556,
    "cen_accuracy": 0.505875
  },
  "53": {
    "cen_loss": 1.7264111872911454,
    "cen_accuracy": 0.4725
  },
  "54": {
    "cen_loss": 1.4558752949237823,
    "cen_accuracy": 0.510875
  },
  "55": {
    "cen_loss": 1.3429911015629767,
    "cen_accuracy": 0.6125
  },
  "56": {
    "cen_loss": 1.517026363492012,
    "cen_accuracy": 0.54525
  },
  "57": {
    "cen_loss": 2.079082960486412,
    "cen_accuracy": 0.385375
  },
  "58": {
    "cen_loss": 1.304075559258461,
    "cen_accuracy": 0.54175
  },
  "59": {
    "cen_loss": 1.6643127512931823,
    "cen_accuracy": 0.514625
  },
  "60": {
    "cen_loss": 1.8469333791732787,
    "cen_accuracy": 0.51175
  },
  "61": {
    "cen_loss": 1.789092504143715,
    "cen_accuracy": 0.490875
  },
  "62": {
    "cen_loss": 1.4056556391716004,
    "cen_accuracy": 0.574
  },
  "63": {
    "cen_loss": 1.6878081532120706,
    "cen_accuracy": 0.528375
  },
  "64": {
    "cen_loss": 1.180687344431877,
    "cen_accuracy": 0.57925
  },
  "65": {
    "cen_loss": 1.6641943354606628,
    "cen_accuracy": 0.480125
  },
  "66": {
    "cen_loss": 1.080991338342428,
    "cen_accuracy": 0.628875
  },
  "67": {
    "cen_loss": 1.1861115132570266,
    "cen_accuracy": 0.575875
  },
  "68": {
    "cen_loss": 1.2466474891901016,
    "cen_accuracy": 0.568625
  },
  "69": {
    "cen_loss": 1.152008038043976,
    "cen_accuracy": 0.614375
  },
  "70": {
    "cen_loss": 1.3457349060177803,
    "cen_accuracy": 0.585
  },
  "71": {
    "cen_loss": 1.3528674712181092,
    "cen_accuracy": 0.58975
  },
  "72": {
    "cen_loss": 0.9704962748885154,
    "cen_accuracy": 0.672
  },
  "73": {
    "cen_loss": 1.3509156685769559,
    "cen_accuracy": 0.6125
  },
  "74": {
    "cen_loss": 1.2198447387814522,
    "cen_accuracy": 0.566
  },
  "75": {
    "cen_loss": 1.2759915803670883,
    "cen_accuracy": 0.5785
  },
  "76": {
    "cen_loss": 1.3729699404239655,
    "cen_accuracy": 0.57075
  },
  "77": {
    "cen_loss": 1.8713151963949204,
    "cen_accuracy": 0.459875
  },
  "78": {
    "cen_loss": 1.4284897701740265,
    "cen_accuracy": 0.534375
  },
  "79": {
    "cen_loss": 1.0013413395881652,
    "cen_accuracy": 0.652625
  },
  "80": {
    "cen_loss": 1.1076818662285806,
    "cen_accuracy": 0.632625
  },
  "81": {
    "cen_loss": 1.0169173240363598,
    "cen_accuracy": 0.654375
  },
  "82": {
    "cen_loss": 1.7598164432644845,
    "cen_accuracy": 0.545125
  },
  "83": {
    "cen_loss": 1.2153415414094926,
    "cen_accuracy": 0.612125
  },
  "84": {
    "cen_loss": 1.2029948914647102,
    "cen_accuracy": 0.586875
  },
  "85": {
    "cen_loss": 1.1443266457319259,
    "cen_accuracy": 0.614125
  },
  "86": {
    "cen_loss": 1.2634948197305202,
    "cen_accuracy": 0.649875
  },
  "87": {
    "cen_loss": 1.029749794304371,
    "cen_accuracy": 0.642375
  },
  "88": {
    "cen_loss": 1.0106210268735885,
    "cen_accuracy": 0.64825
  },
  "89": {
    "cen_loss": 2.217115191459656,
    "cen_accuracy": 0.382625
  },
  "90": {
    "cen_loss": 2.984640982866287,
    "cen_accuracy": 0.3195
  },
  "91": {
    "cen_loss": 0.985114091694355,
    "cen_accuracy": 0.654875
  },
  "92": {
    "cen_loss": 0.9650628145337105,
    "cen_accuracy": 0.65425
  },
  "93": {
    "cen_loss": 0.8284280603528023,
    "cen_accuracy": 0.712875
  },
  "94": {
    "cen_loss": 1.1076206955313683,
    "cen_accuracy": 0.626
  },
  "95": {
    "cen_loss": 1.0069311956763267,
    "cen_accuracy": 0.659625
  },
  "96": {
    "cen_loss": 1.457307714521885,
    "cen_accuracy": 0.57025
  },
  "97": {
    "cen_loss": 1.739105815410614,
    "cen_accuracy": 0.51825
  },
  "98": {
    "cen_loss": 1.1679724887907506,
    "cen_accuracy": 0.63
  },
  "99": {
    "cen_loss": 1.6314148071408272,
    "cen_accuracy": 0.509
  },
  "100": {
    "cen_loss": 1.8891509407758713,
    "cen_accuracy": 0.479375
  },