{
  "0": {
    "cen_loss": 2.3028162007331847,
    "cen_accuracy": 0.1005
  },
  "1": {
    "cen_loss": 2.3028162007331847,
    "cen_accuracy": 0.1005
  },
  "2": {
    "cen_loss": 3.8965354180336,
    "cen_accuracy": 0.101625
  },
  "3": {
    "cen_loss": 2.9388967390060423,
    "cen_accuracy": 0.1005
  },
  "4": {
    "cen_loss": 3.308328685760498,
    "cen_accuracy": 0.1005
  },
  "5": {
    "cen_loss": 3.555844292640686,
    "cen_accuracy": 0.101625
  },
  "6": {
    "cen_loss": 3.9139701776504516,
    "cen_accuracy": 0.11075
  },
  "7": {
    "cen_loss": 4.033424516677856,
    "cen_accuracy": 0.161875
  },
  "8": {
    "cen_loss": 3.797504099845886,
    "cen_accuracy": 0.177875
  },
  "9": {
    "cen_loss": 3.80843874168396,
    "cen_accuracy": 0.185
  },
  "10": {
    "cen_loss": 3.2399451971054076,
    "cen_accuracy": 0.216375
  },
  "11": {
    "cen_loss": 2.5893834969997407,
    "cen_accuracy": 0.234625
  },
  "12": {
    "cen_loss": 4.327613950252533,
    "cen_accuracy": 0.208
  },
  "13": {
    "cen_loss": 2.085389482975006,
    "cen_accuracy": 0.2595
  },
  "14": {
    "cen_loss": 3.2454513046741487,
    "cen_accuracy": 0.22075
  },
  "15": {
    "cen_loss": 3.0841281132698057,
    "cen_accuracy": 0.250875
  },
  "16": {
    "cen_loss": 4.045314560890198,
    "cen_accuracy": 0.20275
  },
  "17": {
    "cen_loss": 2.957309724807739,
    "cen_accuracy": 0.191125
  },
  "18": {
    "cen_loss": 2.6893206346035003,
    "cen_accuracy": 0.284375
  },
  "19": {
    "cen_loss": 3.0085448508262633,
    "cen_accuracy": 0.35025
  },
  "20": {
    "cen_loss": 2.6744325172901156,
    "cen_accuracy": 0.3655
  },
  "21": {
    "cen_loss": 1.8219210051298143,
    "cen_accuracy": 0.428
  },
  "22": {
    "cen_loss": 3.1442167019844054,
    "cen_accuracy": 0.25725
  },
  "23": {
    "cen_loss": 3.354725546360016,
    "cen_accuracy": 0.288125
  },
  "24": {
    "cen_loss": 2.5143119699954988,
    "cen_accuracy": 0.347125
  },
  "25": {
    "cen_loss": 2.2858336231708525,
    "cen_accuracy": 0.314375
  },
  "26": {
    "cen_loss": 2.389381511449814,
    "cen_accuracy": 0.356
  },
  "27": {
    "cen_loss": 2.6100907101631163,
    "cen_accuracy": 0.29725
  },
  "28": {
    "cen_loss": 3.23342928814888,
    "cen_accuracy": 0.253125
  },
  "29": {
    "cen_loss": 2.7827197670936585,
    "cen_accuracy": 0.2865
  },
  "30": {
    "cen_loss": 3.3209070241451264,
    "cen_accuracy": 0.28
  },
  "31": {
    "cen_loss": 2.2588027181625367,
    "cen_accuracy": 0.311
  },
  "32": {
    "cen_loss": 2.4006852338314055,
    "cen_accuracy": 0.37475
  },
  "33": {
    "cen_loss": 2.6142611014842987,
    "cen_accuracy": 0.325
  },
  "34": {
    "cen_loss": 2.861838648080826,
    "cen_accuracy": 0.358125
  },
  "35": {
    "cen_loss": 2.3220131661891936,
    "cen_accuracy": 0.336625
  },
  "36": {
    "cen_loss": 1.819757979631424,
    "cen_accuracy": 0.4355
  },
  "37": {
    "cen_loss": 2.2916095798015594,
    "cen_accuracy": 0.347125
  },
  "38": {
    "cen_loss": 1.8785975774526595,
    "cen_accuracy": 0.402875
  },
  "39": {
    "cen_loss": 1.8227932966947555,
    "cen_accuracy": 0.411625
  },
  "40": {
    "cen_loss": 2.1385704526901246,
    "cen_accuracy": 0.373125
  },
  "41": {
    "cen_loss": 1.92052081656456,
    "cen_accuracy": 0.46475
  },
  "42": {
    "cen_loss": 1.6137943246364594,
    "cen_accuracy": 0.437625
  },
  "43": {
    "cen_loss": 3.893781440496445,
    "cen_accuracy": 0.3715
  },
  "44": {
    "cen_loss": 2.6202892382144927,
    "cen_accuracy": 0.32775
  },
  "45": {
    "cen_loss": 2.66887357544899,
    "cen_accuracy": 0.403375
  },
  "46": {
    "cen_loss": 2.4929641621112824,
    "cen_accuracy": 0.37225
  },
  "47": {
    "cen_loss": 3.373032178401947,
    "cen_accuracy": 0.31975
  },
  "48": {
    "cen_loss": 1.8798109003305434,
    "cen_accuracy": 0.403875
  },
  "49": {
    "cen_loss": 3.0177404375076295,
    "cen_accuracy": 0.393625
  },
  "50": {
    "cen_loss": 4.6572858321666715,
    "cen_accuracy": 0.293875
  },
  "51": {
    "cen_loss": 1.7804038910865783,
    "cen_accuracy": 0.400125
  },
  "52": {
    "cen_loss": 3.0253581411838533,
    "cen_accuracy": 0.2665
  },
  "53": {
    "cen_loss": 3.1779632873535157,
    "cen_accuracy": 0.274375
  },
  "54": {
    "cen_loss": 1.7306488834619522,
    "cen_accuracy": 0.462625
  },
  "55": {
    "cen_loss": 2.686638526201248,
    "cen_accuracy": 0.3645
  },
  "56": {
    "cen_loss": 1.8016436029672622,
    "cen_accuracy": 0.425125
  },
  "57": {
    "cen_loss": 2.008110345005989,
    "cen_accuracy": 0.466875
  },
  "58": {
    "cen_loss": 2.5386024816036223,
    "cen_accuracy": 0.324875
  },
  "59": {
    "cen_loss": 1.5969178477525712,
    "cen_accuracy": 0.484125
  },
  "60": {
    "cen_loss": 1.6529176310300826,
    "cen_accuracy": 0.47325
  },
  "61": {
    "cen_loss": 1.7102793718576432,
    "cen_accuracy": 0.481
  },
  "62": {
    "cen_loss": 1.7584420198798179,
    "cen_accuracy": 0.5055
  },
  "63": {
    "cen_loss": 2.0888436282873153,
    "cen_accuracy": 0.460625
  },
  "64": {
    "cen_loss": 1.3125143822431564,
    "cen_accuracy": 0.55575
  },
  "65": {
    "cen_loss": 2.325658079624176,
    "cen_accuracy": 0.397375
  },
  "66": {
    "cen_loss": 1.5885158407092095,
    "cen_accuracy": 0.507625
  },
  "67": {
    "cen_loss": 2.1495943624973295,
    "cen_accuracy": 0.423125
  },
  "68": {
    "cen_loss": 1.4875231422781945,
    "cen_accuracy": 0.510375
  },
  "69": {
    "cen_loss": 1.5164791889190674,
    "cen_accuracy": 0.51425
  },
  "70": {
    "cen_loss": 1.7523402585983276,
    "cen_accuracy": 0.475375
  },
  "71": {
    "cen_loss": 1.6560206085443496,
    "cen_accuracy": 0.46575
  },
  "72": {
    "cen_loss": 1.390696179986,
    "cen_accuracy": 0.5205
  },
  "73": {
    "cen_loss": 1.6779820013046265,
    "cen_accuracy": 0.510375
  },
  "74": {
    "cen_loss": 1.5938815832138062,
    "cen_accuracy": 0.519875
  },
  "75": {
    "cen_loss": 1.8545103499293327,
    "cen_accuracy": 0.449875
  },
  "76": {
    "cen_loss": 2.0868040034770967,
    "cen_accuracy": 0.4775
  },
  "77": {
    "cen_loss": 2.0216294330358506,
    "cen_accuracy": 0.493875
  },
  "78": {
    "cen_loss": 2.0231964801549913,
    "cen_accuracy": 0.395625
  },
  "79": {
    "cen_loss": 1.6721780442595482,
    "cen_accuracy": 0.512875
  },
  "80": {
    "cen_loss": 1.7067509204745293,
    "cen_accuracy": 0.499875
  },
  "81": {
    "cen_loss": 1.3931817583441735,
    "cen_accuracy": 0.553125
  },
  "82": {
    "cen_loss": 1.5487470552325249,
    "cen_accuracy": 0.521625
  },
  "83": {
    "cen_loss": 1.4001600419282914,
    "cen_accuracy": 0.504125
  },
  "84": {
    "cen_loss": 2.257743374824524,
    "cen_accuracy": 0.39775
  },
  "85": {
    "cen_loss": 1.9470383607149124,
    "cen_accuracy": 0.421625
  },
  "86": {
    "cen_loss": 1.4162890501618386,
    "cen_accuracy": 0.513
  },
  "87": {
    "cen_loss": 1.2994931079149246,
    "cen_accuracy": 0.54375
  },
  "88": {
    "cen_loss": 1.4096090973615647,
    "cen_accuracy": 0.57775
  },
  "89": {
    "cen_loss": 1.5265961319208146,
    "cen_accuracy": 0.540125
  },
  "90": {
    "cen_loss": 1.680009694814682,
    "cen_accuracy": 0.51475
  },
  "91": {
    "cen_loss": 1.4131260274648667,
    "cen_accuracy": 0.563625
  },
  "92": {
    "cen_loss": 1.6095346436500548,
    "cen_accuracy": 0.483
  },
  "93": {
    "cen_loss": 1.391828020453453,
    "cen_accuracy": 0.54325
  },
  "94": {
    "cen_loss": 1.6274407189488411,
    "cen_accuracy": 0.525375
  },
  "95": {
    "cen_loss": 2.3428562681674956,
    "cen_accuracy": 0.436875
  },
  "96": {
    "cen_loss": 1.9960859397649764,
    "cen_accuracy": 0.4615
  },
  "97": {
    "cen_loss": 1.6691299930810928,
    "cen_accuracy": 0.512375
  },
  "98": {
    "cen_loss": 1.4984782786369324,
    "cen_accuracy": 0.524625
  },
  "99": {
    "cen_loss": 1.252838244497776,
    "cen_accuracy": 0.5905
  },
  "100": {
    "cen_loss": 1.3953881667256356,
    "cen_accuracy": 0.563125
  },
  "101": {
    "cen_loss": 1.449444003611803,