{
  "0": {
    "cen_loss": 2.3027041506767274,
    "cen_accuracy": 0.101375
  },
  "1": {
    "cen_loss": 2.3027041506767274,
    "cen_accuracy": 0.101375
  },
  "2": {
    "cen_loss": 2.7734310421943666,
    "cen_accuracy": 0.10075
  },
  "3": {
    "cen_loss": 3.57796227812767,
    "cen_accuracy": 0.101125
  },
  "4": {
    "cen_loss": 4.22819881439209,
    "cen_accuracy": 0.098625
  },
  "5": {
    "cen_loss": 3.5143485174179077,
    "cen_accuracy": 0.100375
  },
  "6": {
    "cen_loss": 4.466033538818359,
    "cen_accuracy": 0.098625
  },
  "7": {
    "cen_loss": 3.411695803642273,
    "cen_accuracy": 0.152
  },
  "8": {
    "cen_loss": 7.066522257804871,
    "cen_accuracy": 0.10125
  },
  "9": {
    "cen_loss": 4.11948718214035,
    "cen_accuracy": 0.13325
  },
  "10": {
    "cen_loss": 3.828086573600769,
    "cen_accuracy": 0.26275
  },
  "11": {
    "cen_loss": 3.57416224527359,
    "cen_accuracy": 0.232
  },
  "12": {
    "cen_loss": 2.4693831849098205,
    "cen_accuracy": 0.2855
  },
  "13": {
    "cen_loss": 1.8246530085802077,
    "cen_accuracy": 0.408125
  },
  "14": {
    "cen_loss": 3.1900312261581423,
    "cen_accuracy": 0.307625
  },
  "15": {
    "cen_loss": 2.3053713088035583,
    "cen_accuracy": 0.309625
  },
  "16": {
    "cen_loss": 2.5819487689733505,
    "cen_accuracy": 0.359375
  },
  "17": {
    "cen_loss": 3.684984986782074,
    "cen_accuracy": 0.222125
  },
  "18": {
    "cen_loss": 1.7460731547474861,
    "cen_accuracy": 0.4335
  },
  "19": {
    "cen_loss": 1.4345569809675216,
    "cen_accuracy": 0.489375
  },
  "20": {
    "cen_loss": 1.4336439543366433,
    "cen_accuracy": 0.508875
  },
  "21": {
    "cen_loss": 2.3349484978318213,
    "cen_accuracy": 0.353
  },
  "22": {
    "cen_loss": 1.7702960218191146,
    "cen_accuracy": 0.48175
  },
  "23": {
    "cen_loss": 2.209976331949234,
    "cen_accuracy": 0.454625
  },
  "24": {
    "cen_loss": 1.5061912655830383,
    "cen_accuracy": 0.45025
  },
  "25": {
    "cen_loss": 1.4301506543159486,
    "cen_accuracy": 0.557
  },
  "26": {
    "cen_loss": 2.0075433777570724,
    "cen_accuracy": 0.435125
  },
  "27": {
    "cen_loss": 1.9900274863243104,
    "cen_accuracy": 0.439
  },
  "28": {
    "cen_loss": 1.9364398292303084,
    "cen_accuracy": 0.431
  },
  "29": {
    "cen_loss": 1.5181135241985322,
    "cen_accuracy": 0.496875
  },
  "30": {
    "cen_loss": 1.7382041455507278,
    "cen_accuracy": 0.484625
  },
  "31": {
    "cen_loss": 1.6551158769130707,
    "cen_accuracy": 0.476875
  },
  "32": {
    "cen_loss": 1.5982683861255647,
    "cen_accuracy": 0.47375
  },
  "33": {
    "cen_loss": 1.3858710103034972,
    "cen_accuracy": 0.570875
  },
  "34": {
    "cen_loss": 1.1128268504142762,
    "cen_accuracy": 0.6375
  },
  "35": {
    "cen_loss": 1.905170665383339,
    "cen_accuracy": 0.486
  },
  "36": {
    "cen_loss": 1.568631866455078,
    "cen_accuracy": 0.533375
  },
  "37": {
    "cen_loss": 1.691079157948494,
    "cen_accuracy": 0.4835
  },
  "38": {
    "cen_loss": 1.2810342805981636,
    "cen_accuracy": 0.5745
  },
  "39": {
    "cen_loss": 1.432372119307518,
    "cen_accuracy": 0.5415
  },
  "40": {
    "cen_loss": 1.7887337628602982,
    "cen_accuracy": 0.479625
  },
  "41": {
    "cen_loss": 1.472531970977783,
    "cen_accuracy": 0.57275
  },
  "42": {
    "cen_loss": 1.0530088596940042,
    "cen_accuracy": 0.643875
  },
  "43": {
    "cen_loss": 1.737666668176651,
    "cen_accuracy": 0.52625
  },
  "44": {
    "cen_loss": 1.690674575805664,
    "cen_accuracy": 0.456125
  },
  "45": {
    "cen_loss": 1.2193549814224243,
    "cen_accuracy": 0.6085
  },
  "46": {
    "cen_loss": 2.1208326711058616,
    "cen_accuracy": 0.415875
  },
  "47": {
    "cen_loss": 1.1618394384682178,
    "cen_accuracy": 0.625125
  },
  "48": {
    "cen_loss": 1.7206441400051118,
    "cen_accuracy": 0.490375
  },
  "49": {
    "cen_loss": 1.3029608663320542,
    "cen_accuracy": 0.574625
  },
  "50": {
    "cen_loss": 1.5575815464854241,
    "cen_accuracy": 0.550625
  },
  "51": {
    "cen_loss": 1.0416208298206329,
    "cen_accuracy": 0.632875
  },
  "52": {
    "cen_loss": 1.079502204477787,
    "cen_accuracy": 0.6245
  },
  "53": {
    "cen_loss": 1.3084722211956978,
    "cen_accuracy": 0.615375
  },
  "54": {
    "cen_loss": 1.7141083149909973,
    "cen_accuracy": 0.54175
  },
  "55": {
    "cen_loss": 1.4415752602815628,
    "cen_accuracy": 0.581625
  },
  "56": {
    "cen_loss": 0.9659973789155484,
    "cen_accuracy": 0.65275
  },
  "57": {
    "cen_loss": 1.4357279346585274,
    "cen_accuracy": 0.593125
  },
  "58": {
    "cen_loss": 1.3040829546451569,
    "cen_accuracy": 0.60975
  },
  "59": {
    "cen_loss": 1.1268544784784318,
    "cen_accuracy": 0.62225
  },
  "60": {
    "cen_loss": 1.3423543333113193,
    "cen_accuracy": 0.57675
  },
  "61": {
    "cen_loss": 1.535349269360304,
    "cen_accuracy": 0.582875
  },
  "62": {
    "cen_loss": 1.2724263538122178,
    "cen_accuracy": 0.633375
  },
  "63": {
    "cen_loss": 1.0333392485380173,
    "cen_accuracy": 0.656875
  },
  "64": {
    "cen_loss": 1.0980255029797554,
    "cen_accuracy": 0.650125
  },
  "65": {
    "cen_loss": 1.1881728371977807,
    "cen_accuracy": 0.593625
  },
  "66": {
    "cen_loss": 0.8137188865542412,
    "cen_accuracy": 0.717625
  },
  "67": {
    "cen_loss": 1.1141511079072952,
    "cen_accuracy": 0.624375
  },
  "68": {
    "cen_loss": 1.0003135625123978,
    "cen_accuracy": 0.6395
  },
  "69": {
    "cen_loss": 0.897130729675293,
    "cen_accuracy": 0.69375
  },
  "70": {
    "cen_loss": 0.9446489253044128,
    "cen_accuracy": 0.690125
  },
  "71": {
    "cen_loss": 1.0850400058627128,
    "cen_accuracy": 0.614
  },
  "72": {
    "cen_loss": 0.9098001525104046,
    "cen_accuracy": 0.678875
  },
  "73": {
    "cen_loss": 1.3515951347947122,
    "cen_accuracy": 0.58925
  },
  "74": {
    "cen_loss": 1.1446125571727752,
    "cen_accuracy": 0.624
  },
  "75": {
    "cen_loss": 1.2775903096199035,
    "cen_accuracy": 0.618375
  },
  "76": {
    "cen_loss": 1.4681407509446145,
    "cen_accuracy": 0.552
  },
  "77": {
    "cen_loss": 1.062749587982893,
    "cen_accuracy": 0.64175
  },
  "78": {
    "cen_loss": 1.3128513697981834,
    "cen_accuracy": 0.599125
  },
  "79": {
    "cen_loss": 1.1921713719367981,
    "cen_accuracy": 0.6115
  },
  "80": {
    "cen_loss": 1.286141367018223,
    "cen_accuracy": 0.584375
  },
  "81": {
    "cen_loss": 0.899825144380331,
    "cen_accuracy": 0.7015
  },
  "82": {
    "cen_loss": 0.9919874439239502,
    "cen_accuracy": 0.685875
  },
  "83": {
    "cen_loss": 0.9115800186395645,
    "cen_accuracy": 0.692625
  },
  "84": {
    "cen_loss": 1.188470621407032,
    "cen_accuracy": 0.689
  },
  "85": {
    "cen_loss": 1.0172773704081775,
    "cen_accuracy": 0.698
  },
  "86": {
    "cen_loss": 0.9644081066250801,
    "cen_accuracy": 0.67725
  },
  "87": {
    "cen_loss": 0.8110681661367416,
    "cen_accuracy": 0.7185
  },
  "88": {
    "cen_loss": 1.17896040391922,
    "cen_accuracy": 0.640125
  },
  "89": {
    "cen_loss": 1.0075119730830193,
    "cen_accuracy": 0.698875
  },
  "90": {
    "cen_loss": 1.1191706634759904,
    "cen_accuracy": 0.691625
  },
  "91": {
    "cen_loss": 0.8434279984533787,
    "cen_accuracy": 0.711625
  },
  "92": {
    "cen_loss": 1.0361745744943618,
    "cen_accuracy": 0.677375
  },
  "93": {
    "cen_loss": 0.9606957658529282,
    "cen_accuracy": 0.688125
  },
  "94": {
    "cen_loss": 1.2685799225568772,
    "cen_accuracy": 0.632
  },
  "95": {
    "cen_loss": 1.211648913860321,
    "cen_accuracy": 0.630875
  },
  "96": {
    "cen_loss": 0.9760287330299616,
    "cen_accuracy": 0.713875
  },
  "97": {
    "cen_loss": 1.2054614108204842,
    "cen_accuracy": 0.589125
  },
  "98": {
    "cen_loss": 0.9790508846342564,
    "cen_accuracy": 0.680625
  },
  "99": {
    "cen_loss": 1.2063545164465905,
    "cen_accuracy": 0.6565
  },
  "100": {
    "cen_loss": 1.4024660938680171,
    "cen_accuracy": 0.63925
  },