{
  "0": {
    "cen_loss": 2.302691418170929,
    "cen_accuracy": 0.101125
  },
  "1": {
    "cen_loss": 2.302691418170929,
    "cen_accuracy": 0.101125
  },
  "2": {
    "cen_loss": 3.057794410228729,
    "cen_accuracy": 0.099625
  },
  "3": {
    "cen_loss": 4.631825560092926,
    "cen_accuracy": 0.0995
  },
  "4": {
    "cen_loss": 4.828990455150604,
    "cen_accuracy": 0.101
  },
  "5": {
    "cen_loss": 4.2042742938995366,
    "cen_accuracy": 0.104375
  },
  "6": {
    "cen_loss": 4.556947646617889,
    "cen_accuracy": 0.099625
  },
  "7": {
    "cen_loss": 4.703026354312897,
    "cen_accuracy": 0.1085
  },
  "8": {
    "cen_loss": 4.258534006595611,
    "cen_accuracy": 0.10325
  },
  "9": {
    "cen_loss": 3.45279056429863,
    "cen_accuracy": 0.171625
  },
  "10": {
    "cen_loss": 1.5238027403354644,
    "cen_accuracy": 0.421875
  },
  "11": {
    "cen_loss": 3.404690453529358,
    "cen_accuracy": 0.127875
  },
  "12": {
    "cen_loss": 2.6837971668243408,
    "cen_accuracy": 0.20975
  },
  "13": {
    "cen_loss": 2.6394209694862365,
    "cen_accuracy": 0.225875
  },
  "14": {
    "cen_loss": 1.8621220343112945,
    "cen_accuracy": 0.353875
  },
  "15": {
    "cen_loss": 2.0697179148197176,
    "cen_accuracy": 0.331125
  },
  "16": {
    "cen_loss": 1.784644491314888,
    "cen_accuracy": 0.380625
  },
  "17": {
    "cen_loss": 1.754564126610756,
    "cen_accuracy": 0.39325
  },
  "18": {
    "cen_loss": 1.70130166721344,
    "cen_accuracy": 0.436875
  },
  "19": {
    "cen_loss": 1.7584833701848983,
    "cen_accuracy": 0.421375
  },
  "20": {
    "cen_loss": 1.2953462722897529,
    "cen_accuracy": 0.564625
  },
  "21": {
    "cen_loss": 1.726910610795021,
    "cen_accuracy": 0.452875
  },
  "22": {
    "cen_loss": 1.5625203833580017,
    "cen_accuracy": 0.4935
  },
  "23": {
    "cen_loss": 1.6930076776742935,
    "cen_accuracy": 0.47975
  },
  "24": {
    "cen_loss": 1.5199073252677917,
    "cen_accuracy": 0.517
  },
  "25": {
    "cen_loss": 1.4242999933958054,
    "cen_accuracy": 0.553625
  },
  "26": {
    "cen_loss": 1.4146949516534806,
    "cen_accuracy": 0.549625
  },
  "27": {
    "cen_loss": 1.6163958895802497,
    "cen_accuracy": 0.51825
  },
  "28": {
    "cen_loss": 1.5159058229923248,
    "cen_accuracy": 0.547625
  },
  "29": {
    "cen_loss": 1.4178177374005319,
    "cen_accuracy": 0.56875
  },
  "30": {
    "cen_loss": 1.1711413732767104,
    "cen_accuracy": 0.62825
  },
  "31": {
    "cen_loss": 1.370501502096653,
    "cen_accuracy": 0.584375
  },
  "32": {
    "cen_loss": 1.2758320758044719,
    "cen_accuracy": 0.607875
  },
  "33": {
    "cen_loss": 1.2086878058314323,
    "cen_accuracy": 0.6225
  },
  "34": {
    "cen_loss": 1.2662595379948616,
    "cen_accuracy": 0.613
  },
  "35": {
    "cen_loss": 1.4144527866244316,
    "cen_accuracy": 0.590375
  },
  "36": {
    "cen_loss": 1.2895961916446685,
    "cen_accuracy": 0.614875
  },
  "37": {
    "cen_loss": 1.270656763136387,
    "cen_accuracy": 0.61775
  },
  "38": {
    "cen_loss": 1.2712382901310921,
    "cen_accuracy": 0.6165
  },
  "39": {
    "cen_loss": 1.2409406449198723,
    "cen_accuracy": 0.627625
  },
  "40": {
    "cen_loss": 1.1632960937917232,
    "cen_accuracy": 0.649375
  },
  "41": {
    "cen_loss": 1.2225573593974113,
    "cen_accuracy": 0.62925
  },
  "42": {
    "cen_loss": 1.28739375436306,
    "cen_accuracy": 0.6215
  },
  "43": {
    "cen_loss": 1.2301876004934311,
    "cen_accuracy": 0.638375
  },
  "44": {
    "cen_loss": 1.1672030690908433,
    "cen_accuracy": 0.64725
  },
  "45": {
    "cen_loss": 1.219554808035493,
    "cen_accuracy": 0.645375
  },
  "46": {
    "cen_loss": 1.2185312355160713,
    "cen_accuracy": 0.638375
  },
  "47": {
    "cen_loss": 1.2212248890101909,
    "cen_accuracy": 0.6415
  },
  "48": {
    "cen_loss": 1.105991709113121,
    "cen_accuracy": 0.66475
  },
  "49": {
    "cen_loss": 1.218619026273489,
    "cen_accuracy": 0.64875
  },
  "50": {
    "cen_loss": 1.1845803312063217,
    "cen_accuracy": 0.661375
  },
  "51": {
    "cen_loss": 1.2214338421821593,
    "cen_accuracy": 0.648125
  },
  "52": {
    "cen_loss": 1.1442476037442684,
    "cen_accuracy": 0.666
  },
  "53": {
    "cen_loss": 1.1445888835787774,
    "cen_accuracy": 0.6635
  },
  "54": {
    "cen_loss": 1.1445594621300696,
    "cen_accuracy": 0.6605
  },
  "55": {
    "cen_loss": 1.193367451608181,
    "cen_accuracy": 0.654625
  },
  "56": {
    "cen_loss": 1.1463134132921695,
    "cen_accuracy": 0.669
  },
  "57": {
    "cen_loss": 1.1086549426317216,
    "cen_accuracy": 0.671
  },
  "58": {
    "cen_loss": 1.2025060918331145,
    "cen_accuracy": 0.65725
  },
  "59": {
    "cen_loss": 1.1142737470567226,
    "cen_accuracy": 0.671875
  },
  "60": {
    "cen_loss": 1.1539988376200199,
    "cen_accuracy": 0.66875
  },
  "61": {
    "cen_loss": 1.1637637855410576,
    "cen_accuracy": 0.66175
  },
  "62": {
    "cen_loss": 1.1392651008367538,
    "cen_accuracy": 0.67275
  },
  "63": {
    "cen_loss": 1.1206849345862866,
    "cen_accuracy": 0.67175
  },
  "64": {
    "cen_loss": 1.158269407272339,
    "cen_accuracy": 0.669
  },
  "65": {
    "cen_loss": 1.1619965074062348,
    "cen_accuracy": 0.662875
  },
  "66": {
    "cen_loss": 1.1395333448052407,
    "cen_accuracy": 0.681125
  },
  "67": {
    "cen_loss": 1.1272206620573997,
    "cen_accuracy": 0.676875
  },
  "68": {
    "cen_loss": 1.1616164115071297,
    "cen_accuracy": 0.676375
  },
  "69": {
    "cen_loss": 1.16306687438488,
    "cen_accuracy": 0.662625
  },
  "70": {
    "cen_loss": 1.1120372995734216,
    "cen_accuracy": 0.676375
  },
  "71": {
    "cen_loss": 1.1033102773427963,
    "cen_accuracy": 0.678875
  },
  "72": {
    "cen_loss": 1.034336010068655,
    "cen_accuracy": 0.691
  },
  "73": {
    "cen_loss": 1.1299849246144296,
    "cen_accuracy": 0.68475
  },
  "74": {
    "cen_loss": 1.149162562996149,
    "cen_accuracy": 0.675375
  },
  "75": {
    "cen_loss": 1.1514845061302186,
    "cen_accuracy": 0.67425
  },
  "76": {
    "cen_loss": 1.2179763766229152,
    "cen_accuracy": 0.670125
  },
  "77": {
    "cen_loss": 1.2105884129405022,
    "cen_accuracy": 0.673375
  },
  "78": {
    "cen_loss": 1.1659314696490766,
    "cen_accuracy": 0.674125
  },
  "79": {
    "cen_loss": 1.1735917706489563,
    "cen_accuracy": 0.679375
  },
  "80": {
    "cen_loss": 1.1830480952858924,
    "cen_accuracy": 0.682375
  },
  "81": {
    "cen_loss": 1.1592813189327718,
    "cen_accuracy": 0.676375
  },
  "82": {
    "cen_loss": 1.185121894478798,
    "cen_accuracy": 0.679875
  },
  "83": {
    "cen_loss": 1.2018895819187165,
    "cen_accuracy": 0.669625
  },
  "84": {
    "cen_loss": 1.1148183317184448,
    "cen_accuracy": 0.67875
  },
  "85": {
    "cen_loss": 1.1910180293023587,
    "cen_accuracy": 0.68125
  },
  "86": {
    "cen_loss": 1.1596964223980903,
    "cen_accuracy": 0.680375
  },
  "87": {
    "cen_loss": 1.1934663674235344,
    "cen_accuracy": 0.68275
  },
  "88": {
    "cen_loss": 1.1729650572538375,
    "cen_accuracy": 0.67575
  },
  "89": {
    "cen_loss": 1.1731707367300988,
    "cen_accuracy": 0.674875
  },
  "90": {
    "cen_loss": 1.209377294562757,
    "cen_accuracy": 0.675625
  },
  "91": {
    "cen_loss": 1.1472005203664304,
    "cen_accuracy": 0.685625
  },
  "92": {
    "cen_loss": 1.1984111037254332,
    "cen_accuracy": 0.67975
  },
  "93": {
    "cen_loss": 1.1152396153211594,
    "cen_accuracy": 0.679375
  },
  "94": {
    "cen_loss": 1.1218174511790275,
    "cen_accuracy": 0.689875
  },
  "95": {
    "cen_loss": 1.078607165366411,
    "cen_accuracy": 0.689625
  },
  "96": {
    "cen_loss": 1.094795427799225,
    "cen_accuracy": 0.693
  },
  "97": {
    "cen_loss": 1.1343061105012893,
    "cen_accuracy": 0.68975
  },
  "98": {
    "cen_loss": 1.0773450895547867,
    "cen_accuracy": 0.693875
  },
  "99": {
    "cen_loss": 1.2127325400412083,
    "cen_accuracy": 0.683875
  },
  "100": {
    "cen_loss": 1.1916653912961483,
    "cen_accuracy": 0.688375
  },