{
  "0": {
    "cen_loss": 2.3027041506767274,
    "js_div": 0,
    "cen_accuracy": 0.101375
  },
  "1": {
    "cen_loss": 2.3027041506767274,
    "js_div": 0,
    "cen_accuracy": 0.101375
  },
  "2": {
    "cen_loss": 2.844497432231903,
    "js_div": 0.16846503442448063,
    "cen_accuracy": 0.10125
  },
  "3": {
    "cen_loss": 6.801514079093933,
    "js_div": 0.5294225781724269,
    "cen_accuracy": 0.097875
  },
  "4": {
    "cen_loss": 4.959100331306457,
    "js_div": 0.25952664873859255,
    "cen_accuracy": 0.10125
  },
  "5": {
    "cen_loss": 4.992011358737946,
    "js_div": 0.3529483512245739,
    "cen_accuracy": 0.167
  },
  "6": {
    "cen_loss": 5.483120374202728,
    "js_div": 0.21404787050684798,
    "cen_accuracy": 0.169125
  },
  "7": {
    "cen_loss": 3.891298379898071,
    "js_div": 0.2750909383432092,
    "cen_accuracy": 0.103
  },
  "8": {
    "cen_loss": 4.632286457538605,
    "js_div": 0.27459467095875884,
    "cen_accuracy": 0.107625
  },
  "9": {
    "cen_loss": 4.129707921504974,
    "js_div": 0.29685959045056687,
    "cen_accuracy": 0.18475
  },
  "10": {
    "cen_loss": 4.712144375801087,
    "js_div": 0.23947196779873547,
    "cen_accuracy": 0.179375
  },
  "11": {
    "cen_loss": 3.1870805082321167,
    "js_div": 0.21484982288277504,
    "cen_accuracy": 0.11825
  },
  "12": {
    "cen_loss": 3.5421935102939606,
    "js_div": 0.17669709483679402,
    "cen_accuracy": 0.153875
  },
  "13": {
    "cen_loss": 4.280170348644257,
    "js_div": 0.10063147294349618,
    "cen_accuracy": 0.165875
  },
  "14": {
    "cen_loss": 3.223992433786392,
    "js_div": 0.24544666001650295,
    "cen_accuracy": 0.173875
  },
  "15": {
    "cen_loss": 3.0774305293560027,
    "js_div": 0.25089165793866625,
    "cen_accuracy": 0.26625
  },
  "16": {
    "cen_loss": 2.822129278182983,
    "js_div": 0.20529601146374749,
    "cen_accuracy": 0.25375
  },
  "17": {
    "cen_loss": 2.3682420135736466,
    "js_div": 0.14938632561248055,
    "cen_accuracy": 0.376125
  },
  "18": {
    "cen_loss": 3.4308716316223142,
    "js_div": 0.310101114890475,
    "cen_accuracy": 0.2095
  },
  "19": {
    "cen_loss": 3.6365244085788726,
    "js_div": 0.14676481060761626,
    "cen_accuracy": 0.252375
  },
  "20": {
    "cen_loss": 3.488317267894745,
    "js_div": 0.2634873627318513,
    "cen_accuracy": 0.266875
  },
  "21": {
    "cen_loss": 2.776009471178055,
    "js_div": 0.20330155593143592,
    "cen_accuracy": 0.396875
  },
  "22": {
    "cen_loss": 4.292113537549972,
    "js_div": 0.3280771413765358,
    "cen_accuracy": 0.244375
  },
  "23": {
    "cen_loss": 3.9333124203681944,
    "js_div": 0.25529673358127897,
    "cen_accuracy": 0.22725
  },
  "24": {
    "cen_loss": 2.617889848947525,
    "js_div": 0.22899661747432876,
    "cen_accuracy": 0.365
  },
  "25": {
    "cen_loss": 2.7765483382940293,
    "js_div": 0.14213740088949797,
    "cen_accuracy": 0.356625
  },
  "26": {
    "cen_loss": 2.154847156882286,
    "js_div": 0.2463177012183832,
    "cen_accuracy": 0.34925
  },
  "27": {
    "cen_loss": 1.5543927248716354,
    "js_div": 0.04198839842099883,
    "cen_accuracy": 0.486625
  },
  "28": {
    "cen_loss": 1.7003388233184815,
    "js_div": 0.09017322914687957,
    "cen_accuracy": 0.473875
  },
  "29": {
    "cen_loss": 1.309347826719284,
    "js_div": 0.0693009109823863,
    "cen_accuracy": 0.56425
  },
  "30": {
    "cen_loss": 1.3629938523173333,
    "js_div": 0.06483492045206415,
    "cen_accuracy": 0.54325
  },
  "31": {
    "cen_loss": 1.387593533039093,
    "js_div": 0.07033219987492664,
    "cen_accuracy": 0.5345
  },
  "32": {
    "cen_loss": 1.2560245148539544,
    "js_div": 0.05767856365572611,
    "cen_accuracy": 0.561
  },
  "33": {
    "cen_loss": 1.4278858898878097,
    "js_div": 0.03855106964751798,
    "cen_accuracy": 0.536125
  },
  "34": {
    "cen_loss": 1.3148236701488494,
    "js_div": 0.06691025905851461,
    "cen_accuracy": 0.55725
  },
  "35": {
    "cen_loss": 1.511484301686287,
    "js_div": 0.06334278318265969,
    "cen_accuracy": 0.494375
  },
  "36": {
    "cen_loss": 1.2934479367136955,
    "js_div": 0.07187184687650218,
    "cen_accuracy": 0.54675
  },
  "37": {
    "cen_loss": 1.7979838719367982,
    "js_div": 0.0888636815567302,
    "cen_accuracy": 0.472875
  },
  "38": {
    "cen_loss": 1.4866091468930245,
    "js_div": 0.08512755679877469,
    "cen_accuracy": 0.49275
  },
  "39": {
    "cen_loss": 1.8234046757817268,
    "js_div": 0.08550130404128399,
    "cen_accuracy": 0.493625
  },
  "40": {
    "cen_loss": 1.6480866634249687,
    "js_div": 0.029441139326435585,
    "cen_accuracy": 0.5465
  },
  "41": {
    "cen_loss": 1.2656946662664414,
    "js_div": 0.05953143495807611,
    "cen_accuracy": 0.582
  },
  "42": {
    "cen_loss": 1.214521619617939,
    "js_div": 0.046564455280911514,
    "cen_accuracy": 0.60375
  },
  "43": {
    "cen_loss": 1.424455565214157,
    "js_div": 0.07772547587302743,
    "cen_accuracy": 0.5735
  },
  "44": {
    "cen_loss": 1.747593140602112,
    "js_div": 0.09853611123323414,
    "cen_accuracy": 0.517375
  },
  "45": {
    "cen_loss": 1.2325509089827538,
    "js_div": 0.06711751340689524,
    "cen_accuracy": 0.590875
  },
  "46": {
    "cen_loss": 0.9339985169768333,
    "js_div": 0.04689414308494006,
    "cen_accuracy": 0.67525
  },
  "47": {
    "cen_loss": 1.1043590699136256,
    "js_div": 0.0418245588438553,
    "cen_accuracy": 0.650375
  },
  "48": {
    "cen_loss": 1.2616809552907944,
    "js_div": 0.062231645508101306,
    "cen_accuracy": 0.61075
  },
  "49": {
    "cen_loss": 1.2510400177240373,
    "js_div": 0.05963034392259035,
    "cen_accuracy": 0.59575
  },
  "50": {
    "cen_loss": 1.3009602261185647,
    "js_div": 0.07295433269222035,
    "cen_accuracy": 0.5965
  },
  "51": {
    "cen_loss": 1.3305995876193046,
    "js_div": 0.10258464984738545,
    "cen_accuracy": 0.525875
  }
}