{
  "0": {
    "cen_loss": 2.3027041506767274,
    "cen_accuracy": 0.101375
  },
  "1": {
    "cen_loss": 2.3027041506767274,
    "cen_accuracy": 0.101375
  },
  "2": {
    "cen_loss": 3.238299533367157,
    "cen_accuracy": 0.101125
  },
  "3": {
    "cen_loss": 5.132488658428192,
    "cen_accuracy": 0.101125
  },
  "4": {
    "cen_loss": 5.174409789562225,
    "cen_accuracy": 0.09925
  },
  "5": {
    "cen_loss": 5.130331666469574,
    "cen_accuracy": 0.099
  },
  "6": {
    "cen_loss": 4.187740602016449,
    "cen_accuracy": 0.118
  },
  "7": {
    "cen_loss": 2.660017067193985,
    "cen_accuracy": 0.2495
  },
  "8": {
    "cen_loss": 3.224609359264374,
    "cen_accuracy": 0.17075
  },
  "9": {
    "cen_loss": 3.8600080063343047,
    "cen_accuracy": 0.16175
  },
  "10": {
    "cen_loss": 4.3585928835868835,
    "cen_accuracy": 0.1745
  },
  "11": {
    "cen_loss": 3.409381370782852,
    "cen_accuracy": 0.192
  },
  "12": {
    "cen_loss": 4.136664526939392,
    "cen_accuracy": 0.200875
  },
  "13": {
    "cen_loss": 2.6261614429950715,
    "cen_accuracy": 0.27875
  },
  "14": {
    "cen_loss": 3.3126907024383545,
    "cen_accuracy": 0.197125
  },
  "15": {
    "cen_loss": 2.7891652894020083,
    "cen_accuracy": 0.280625
  },
  "16": {
    "cen_loss": 2.1804141820669174,
    "cen_accuracy": 0.293375
  },
  "17": {
    "cen_loss": 3.1816040991544723,
    "cen_accuracy": 0.31025
  },
  "18": {
    "cen_loss": 5.2338791122436525,
    "cen_accuracy": 0.22475
  },
  "19": {
    "cen_loss": 3.7162304291725157,
    "cen_accuracy": 0.213875
  },
  "20": {
    "cen_loss": 4.364243357181549,
    "cen_accuracy": 0.211375
  },
  "21": {
    "cen_loss": 3.845429579257965,
    "cen_accuracy": 0.15375
  },
  "22": {
    "cen_loss": 2.61959809422493,
    "cen_accuracy": 0.35675
  },
  "23": {
    "cen_loss": 3.174602060317993,
    "cen_accuracy": 0.21875
  },
  "24": {
    "cen_loss": 1.9675233862400054,
    "cen_accuracy": 0.324625
  },
  "25": {
    "cen_loss": 2.529655709981918,
    "cen_accuracy": 0.22975
  },
  "26": {
    "cen_loss": 1.7145480575561522,
    "cen_accuracy": 0.406
  },
  "27": {
    "cen_loss": 3.511375494480133,
    "cen_accuracy": 0.309125
  },
  "28": {
    "cen_loss": 3.605795729637146,
    "cen_accuracy": 0.297125
  },
  "29": {
    "cen_loss": 3.34066583609581,
    "cen_accuracy": 0.24175
  },
  "30": {
    "cen_loss": 4.145505637168884,
    "cen_accuracy": 0.221
  },
  "31": {
    "cen_loss": 3.245809656858444,
    "cen_accuracy": 0.358125
  },
  "32": {
    "cen_loss": 4.4363476657867436,
    "cen_accuracy": 0.259
  },
  "33": {
    "cen_loss": 4.760825768470764,
    "cen_accuracy": 0.2675
  },
  "34": {
    "cen_loss": 2.3538189140558243,
    "cen_accuracy": 0.41125
  },
  "35": {
    "cen_loss": 1.9710884717702866,
    "cen_accuracy": 0.377875
  },
  "36": {
    "cen_loss": 2.327475939631462,
    "cen_accuracy": 0.346375
  },
  "37": {
    "cen_loss": 3.402256974697113,
    "cen_accuracy": 0.30475
  },
  "38": {
    "cen_loss": 3.7972381280660628,
    "cen_accuracy": 0.275625
  },
  "39": {
    "cen_loss": 2.8413325304985046,
    "cen_accuracy": 0.293125
  },
  "40": {
    "cen_loss": 2.8374848706722258,
    "cen_accuracy": 0.29525
  },
  "41": {
    "cen_loss": 1.99789630484581,
    "cen_accuracy": 0.356875
  },
  "42": {
    "cen_loss": 3.3512031999826433,
    "cen_accuracy": 0.38575
  },
  "43": {
    "cen_loss": 2.0610781325101852,
    "cen_accuracy": 0.299625
  },
  "44": {
    "cen_loss": 2.3514432995319368,
    "cen_accuracy": 0.337625
  },
  "45": {
    "cen_loss": 3.20343453669548,
    "cen_accuracy": 0.20975
  },
  "46": {
    "cen_loss": 1.798089438199997,
    "cen_accuracy": 0.435
  },
  "47": {
    "cen_loss": 2.908321968317032,
    "cen_accuracy": 0.34125
  },
  "48": {
    "cen_loss": 2.4411619492769243,
    "cen_accuracy": 0.381375
  },
  "49": {
    "cen_loss": 1.7699744082689286,
    "cen_accuracy": 0.459
  },
  "50": {
    "cen_loss": 2.4460731638669966,
    "cen_accuracy": 0.403875
  },
  "51": {
    "cen_loss": 2.0130919224023818,
    "cen_accuracy": 0.391625
  },
  "52": {
    "cen_loss": 2.340801725387573,
    "cen_accuracy": 0.443625
  },
  "53": {
    "cen_loss": 2.091901208639145,
    "cen_accuracy": 0.426375
  },
  "54": {
    "cen_loss": 1.7141374066472053,
    "cen_accuracy": 0.560625
  },
  "55": {
    "cen_loss": 1.3789442660808564,
    "cen_accuracy": 0.519625
  },
  "56": {
    "cen_loss": 1.5143095762133598,
    "cen_accuracy": 0.55025
  },
  "57": {
    "cen_loss": 1.5781348857879638,
    "cen_accuracy": 0.484125
  },
  "58": {
    "cen_loss": 2.9116062316894533,
    "cen_accuracy": 0.278125
  },
  "59": {
    "cen_loss": 1.4780490682125091,
    "cen_accuracy": 0.49125
  },
  "60": {
    "cen_loss": 1.6608719314336777,
    "cen_accuracy": 0.445875
  },
  "61": {
    "cen_loss": 1.640457991719246,
    "cen_accuracy": 0.53975
  },
  "62": {
    "cen_loss": 2.152399088025093,
    "cen_accuracy": 0.4695
  },
  "63": {
    "cen_loss": 3.3164451961517334,
    "cen_accuracy": 0.336
  },
  "64": {
    "cen_loss": 2.034672996401787,
    "cen_accuracy": 0.37575
  },
  "65": {
    "cen_loss": 1.3739877678751946,
    "cen_accuracy": 0.55775
  },
  "66": {
    "cen_loss": 1.7468092983961105,
    "cen_accuracy": 0.4665
  },
  "67": {
    "cen_loss": 1.7541583899259567,
    "cen_accuracy": 0.453125
  },
  "68": {
    "cen_loss": 2.077933082580566,
    "cen_accuracy": 0.474375
  },
  "69": {
    "cen_loss": 1.8806513868570327,
    "cen_accuracy": 0.427375
  },
  "70": {
    "cen_loss": 2.7110445692539216,
    "cen_accuracy": 0.34325
  },
  "71": {
    "cen_loss": 1.7259036395549774,
    "cen_accuracy": 0.437
  },
  "72": {
    "cen_loss": 1.4436199063062667,
    "cen_accuracy": 0.555
  },
  "73": {
    "cen_loss": 1.3366175712943078,
    "cen_accuracy": 0.5815
  },
  "74": {
    "cen_loss": 1.431135468184948,
    "cen_accuracy": 0.545625
  },
  "75": {
    "cen_loss": 1.3691559964418412,
    "cen_accuracy": 0.625375
  },
  "76": {
    "cen_loss": 2.9897285985946653,
    "cen_accuracy": 0.29675
  },
  "77": {
    "cen_loss": 1.149837385892868,
    "cen_accuracy": 0.61175
  },
  "78": {
    "cen_loss": 2.311430466890335,
    "cen_accuracy": 0.365375
  },
  "79": {
    "cen_loss": 3.2321624877452853,
    "cen_accuracy": 0.31925
  },
  "80": {
    "cen_loss": 4.456911503076554,
    "cen_accuracy": 0.213375
  },
  "81": {
    "cen_loss": 1.4626493544578552,
    "cen_accuracy": 0.53375
  },
  "82": {
    "cen_loss": 3.3412425742149354,
    "cen_accuracy": 0.354
  },
  "83": {
    "cen_loss": 1.640326902270317,
    "cen_accuracy": 0.492
  },
  "84": {
    "cen_loss": 1.1551669746041298,
    "cen_accuracy": 0.607
  },
  "85": {
    "cen_loss": 1.4672673033475876,
    "cen_accuracy": 0.50875
  },
  "86": {
    "cen_loss": 1.1456463271975517,
    "cen_accuracy": 0.62275
  },
  "87": {
    "cen_loss": 1.510810492992401,
    "cen_accuracy": 0.5425
  },
  "88": {
    "cen_loss": 1.5021186002492906,
    "cen_accuracy": 0.482625
  },
  "89": {
    "cen_loss": 1.6103913788795472,
    "cen_accuracy": 0.496625
  },
  "90": {
    "cen_loss": 1.8910650745630264,
    "cen_accuracy": 0.454125
  },
  "91": {
    "cen_loss": 2.2663080637454986,
    "cen_accuracy": 0.466125
  },
  "92": {
    "cen_loss": 1.6735564544200898,
    "cen_accuracy": 0.513
  },
  "93": {
    "cen_loss": 1.8281282002925874,
    "cen_accuracy": 0.4515
  },
  "94": {
    "cen_loss": 1.3055908688902855,
    "cen_accuracy": 0.518625
  },
  "95": {
    "cen_loss": 1.3038914594650268,
    "cen_accuracy": 0.565875
  },
  "96": {
    "cen_loss": 2.530372942328453,
    "cen_accuracy": 0.423375
  },
  "97": {
    "cen_loss": 2.2279020524024964,
    "cen_accuracy": 0.471125
  },
  "98": {
    "cen_loss": 1.321316781103611,
    "cen_accuracy": 0.593
  },
  "99": {
    "cen_loss": 2.2462958092689513,
    "cen_accuracy": 0.356625
  },
  "100": {
    "cen_loss": 3.525158945322037,
    "cen_accuracy": 0.249875
  },
  "101": {
    "cen_loss": 2.4363728773593905,