{
  "0": {
    "cen_loss": 3.5268017416923825,
    "cen_accuracy": 0.026550647032574745
  },
  "1": {
    "cen_loss": 3.5268017444585062,
    "cen_accuracy": 0.026550647032574745
  },
  "2": {
    "cen_loss": 3.207402340485974,
    "cen_accuracy": 0.07786702365015619
  },
  "3": {
    "cen_loss": 3.2208573980982522,
    "cen_accuracy": 0.07251227130745203
  },
  "4": {
    "cen_loss": 3.33359520427886,
    "cen_accuracy": 0.16532797858099063
  },
  "5": {
    "cen_loss": 3.154086905044937,
    "cen_accuracy": 0.10263275323516287
  },
  "6": {
    "cen_loss": 3.1344321421989636,
    "cen_accuracy": 0.1108879964301651
  },
  "7": {
    "cen_loss": 3.1604441407002386,
    "cen_accuracy": 0.18429272646140116
  },
  "8": {
    "cen_loss": 3.058057558424821,
    "cen_accuracy": 0.15997322623828647
  },
  "9": {
    "cen_loss": 3.062570912451789,
    "cen_accuracy": 0.19143239625167335
  },
  "10": {
    "cen_loss": 3.0625484396122973,
    "cen_accuracy": 0.19120928157072736
  },
  "11": {
    "cen_loss": 3.2294438328928097,
    "cen_accuracy": 0.19968763944667559
  },
  "12": {
    "cen_loss": 3.0120575309384887,
    "cen_accuracy": 0.24074074074074073
  },
  "13": {
    "cen_loss": 2.9700572435369668,
    "cen_accuracy": 0.19098616688978134
  },
  "14": {
    "cen_loss": 2.9215190163790674,
    "cen_accuracy": 0.2186523873270861
  },
  "15": {
    "cen_loss": 2.847843770308454,
    "cen_accuracy": 0.2251227130745203
  },
  "16": {
    "cen_loss": 3.0863615890955725,
    "cen_accuracy": 0.19210174029451138
  },
  "17": {
    "cen_loss": 3.0106769429419202,
    "cen_accuracy": 0.20682730923694778
  },
  "18": {
    "cen_loss": 3.0770209647352704,
    "cen_accuracy": 0.20191878625613566
  },
  "19": {
    "cen_loss": 2.9991895445007026,
    "cen_accuracy": 0.22690763052208834
  },
  "20": {
    "cen_loss": 2.9991895365214996,
    "cen_accuracy": 0.22690763052208834
  },
  "21": {
    "cen_loss": 3.0085677847379237,
    "cen_accuracy": 0.21285140562248997
  },
  "22": {
    "cen_loss": 2.823081757808466,
    "cen_accuracy": 0.2657295850066934
  },
  "23": {
    "cen_loss": 2.7874857271850666,
    "cen_accuracy": 0.2463186077643909
  },
  "24": {
    "cen_loss": 2.8068539133459156,
    "cen_accuracy": 0.2603748326639893
  },
  "25": {
    "cen_loss": 2.94403343166639,
    "cen_accuracy": 0.2820169567157519
  },
  "26": {
    "cen_loss": 3.0794593659111134,
    "cen_accuracy": 0.2469879518072289
  },
  "27": {
    "cen_loss": 2.728953473432848,
    "cen_accuracy": 0.28402498884426597
  },
  "28": {
    "cen_loss": 2.5409695831381387,
    "cen_accuracy": 0.31258366800535475
  },
  "29": {
    "cen_loss": 2.721921226426141,
    "cen_accuracy": 0.3072289156626506
  },
  "30": {
    "cen_loss": 2.7219212276496187,
    "cen_accuracy": 0.3072289156626506
  },
  "31": {
    "cen_loss": 2.855912851148926,
    "cen_accuracy": 0.27286925479696567
  },
  "32": {
    "cen_loss": 2.698748648352838,
    "cen_accuracy": 0.3275323516287372
  },
  "33": {
    "cen_loss": 2.525087811275552,
    "cen_accuracy": 0.33177153056671127
  },
  "34": {
    "cen_loss": 2.991372508483505,
    "cen_accuracy": 0.29161088799643015
  },
  "35": {
    "cen_loss": 2.459261547050961,
    "cen_accuracy": 0.3679161088799643
  },
  "36": {
    "cen_loss": 2.608167186585562,
    "cen_accuracy": 0.34917447568049975
  },
  "37": {
    "cen_loss": 2.4329189694603337,
    "cen_accuracy": 0.39558232931726905
  },
  "38": {
    "cen_loss": 2.370649957593027,
    "cen_accuracy": 0.39535921463632306
  },
  "39": {
    "cen_loss": 2.4951685480324617,
    "cen_accuracy": 0.39245872378402497
  },
  "40": {
    "cen_loss": 2.4951685507453907,
    "cen_accuracy": 0.39245872378402497
  },
  "41": {
    "cen_loss": 2.324076644334874,
    "cen_accuracy": 0.39468987059348504
  },
  "42": {
    "cen_loss": 2.2209488356927314,
    "cen_accuracy": 0.43685854529228024
  },
  "43": {
    "cen_loss": 2.6088315865015783,
    "cen_accuracy": 0.3536367692994199
  },
  "44": {
    "cen_loss": 2.3606840020468702,
    "cen_accuracy": 0.42168674698795183
  },
  "45": {
    "cen_loss": 2.341445026999869,
    "cen_accuracy": 0.42079428826416776
  },
  "46": {
    "cen_loss": 2.3267245062862534,
    "cen_accuracy": 0.4201249442213298
  },
  "47": {
    "cen_loss": 2.467028072294195,
    "cen_accuracy": 0.39045069165551094
  },
  "48": {
    "cen_loss": 2.1487683600636798,
    "cen_accuracy": 0.4683177153056671
  },
  "49": {
    "cen_loss": 2.4107252531209094,
    "cen_accuracy": 0.4500223114680946
  },
  "50": {
    "cen_loss": 2.410725217161302,
    "cen_accuracy": 0.4500223114680946
  },
  "51": {
    "cen_loss": 2.3941862937437004,
    "cen_accuracy": 0.42280232039268184
  },
  "52": {
    "cen_loss": 2.5510410791207296,
    "cen_accuracy": 0.392681838464971
  },
  "53": {
    "cen_loss": 2.225473201152524,
    "cen_accuracy": 0.4475680499776885
  },
  "54": {
    "cen_loss": 2.1372784459660066,
    "cen_accuracy": 0.465640339134315
  },
  "55": {
    "cen_loss": 2.159728835598266,
    "cen_accuracy": 0.4569388665774208
  },
  "56": {
    "cen_loss": 2.815438068216265,
    "cen_accuracy": 0.3514056224899598
  },
  "57": {
    "cen_loss": 2.1213997603127703,
    "cen_accuracy": 0.4759036144578313
  },
  "58": {
    "cen_loss": 2.336538040866707,
    "cen_accuracy": 0.4578313253012048
  },
  "59": {
    "cen_loss": 2.412516785008415,
    "cen_accuracy": 0.41186970102632753
  },
  "60": {
    "cen_loss": 2.412516828840835,
    "cen_accuracy": 0.41186970102632753
  },
  "61": {
    "cen_loss": 2.3675458164206575,
    "cen_accuracy": 0.41186970102632753
  },
  "62": {
    "cen_loss": 2.224428477961801,
    "cen_accuracy": 0.4444444444444444
  },
  "63": {
    "cen_loss": 1.9350412666451873,
    "cen_accuracy": 0.5189647478804106
  },
  "64": {
    "cen_loss": 2.1755868070416025,
    "cen_accuracy": 0.45626952253458275
  },
  "65": {
    "cen_loss": 2.3393918454035325,
    "cen_accuracy": 0.40941543953592147
  },
  "66": {
    "cen_loss": 1.8989209904302609,
    "cen_accuracy": 0.5238732708612227
  },
  "67": {
    "cen_loss": 1.966261277503065,
    "cen_accuracy": 0.5098170459616242
  },
  "68": {
    "cen_loss": 1.9495738628239356,
    "cen_accuracy": 0.5118250780901383
  },
  "69": {
    "cen_loss": 2.2978813805414173,
    "cen_accuracy": 0.47010263275323516
  },
  "70": {
    "cen_loss": 2.2978813251391523,
    "cen_accuracy": 0.47010263275323516
  },
  "71": {
    "cen_loss": 2.0751378334749493,
    "cen_accuracy": 0.4908522980812137
  },
  "72": {
    "cen_loss": 2.10419076041471,
    "cen_accuracy": 0.49419901829540386
  },
  "73": {
    "cen_loss": 2.0852881563342827,
    "cen_accuracy": 0.47746541722445335
  },
  "74": {
    "cen_loss": 2.0491193290907908,
    "cen_accuracy": 0.4685408299866131
  },
  "75": {
    "cen_loss": 1.816986445282677,
    "cen_accuracy": 0.5147255689424364
  },
  "76": {
    "cen_loss": 1.7994939386179702,
    "cen_accuracy": 0.5330209727800089
  },
  "77": {
    "cen_loss": 2.131572672321774,
    "cen_accuracy": 0.44109772423025434
  },
  "78": {
    "cen_loss": 1.932738513306335,
    "cen_accuracy": 0.49843819723337796
  },
  "79": {
    "cen_loss": 1.8215232218870463,
    "cen_accuracy": 0.5423917893797412
  },
  "80": {
    "cen_loss": 1.8215231001776067,
    "cen_accuracy": 0.5423917893797412
  },
  "81": {
    "cen_loss": 2.466270026805304,
    "cen_accuracy": 0.4067380633645694
  },
  "82": {
    "cen_loss": 1.9907907741190014,
    "cen_accuracy": 0.48326639892904955
  },
  "83": {
    "cen_loss": 1.9127868219897557,
    "cen_accuracy": 0.5080321285140562
  },
  "84": {
    "cen_loss": 2.024856702497313,
    "cen_accuracy": 0.4979919678714859
  },
  "85": {
    "cen_loss": 2.1901684231866634,
    "cen_accuracy": 0.47634984381972334
  },
  "86": {
    "cen_loss": 2.1160417899043895,
    "cen_accuracy": 0.49442213297634985
  },
  "87": {
    "cen_loss": 1.9710674860391273,
    "cen_accuracy": 0.5100401606425703
  },
  "88": {
    "cen_loss": 1.8513500580879154,