{
  "0": {
    "cen_loss": 2.3026963715553284,
    "cen_accuracy": 0.098
  },
  "1": {
    "cen_loss": 2.3026963715553284,
    "cen_accuracy": 0.098
  },
  "2": {
    "cen_loss": 2.587998272895813,
    "cen_accuracy": 0.099375
  },
  "3": {
    "cen_loss": 3.1912378454208374,
    "cen_accuracy": 0.100625
  },
  "4": {
    "cen_loss": 3.487690586566925,
    "cen_accuracy": 0.1
  },
  "5": {
    "cen_loss": 3.5881932973861694,
    "cen_accuracy": 0.1055
  },
  "6": {
    "cen_loss": 5.581255712509155,
    "cen_accuracy": 0.099125
  },
  "7": {
    "cen_loss": 4.257696751594543,
    "cen_accuracy": 0.1055
  },
  "8": {
    "cen_loss": 4.568306550502777,
    "cen_accuracy": 0.14125
  },
  "9": {
    "cen_loss": 2.6655299818515776,
    "cen_accuracy": 0.2395
  },
  "10": {
    "cen_loss": 1.5809168330430985,
    "cen_accuracy": 0.493875
  },
  "11": {
    "cen_loss": 2.0275666254758833,
    "cen_accuracy": 0.36025
  },
  "12": {
    "cen_loss": 1.6639883544445038,
    "cen_accuracy": 0.460875
  },
  "13": {
    "cen_loss": 2.1726993339061735,
    "cen_accuracy": 0.379375
  },
  "14": {
    "cen_loss": 1.4120606864690781,
    "cen_accuracy": 0.547875
  },
  "15": {
    "cen_loss": 2.953342434167862,
    "cen_accuracy": 0.36
  },
  "16": {
    "cen_loss": 1.594028017938137,
    "cen_accuracy": 0.53575
  },
  "17": {
    "cen_loss": 2.376097373843193,
    "cen_accuracy": 0.429875
  },
  "18": {
    "cen_loss": 1.5130380237698555,
    "cen_accuracy": 0.56475
  },
  "19": {
    "cen_loss": 1.418953700184822,
    "cen_accuracy": 0.57975
  },
  "20": {
    "cen_loss": 1.2534523595273495,
    "cen_accuracy": 0.641875
  },
  "21": {
    "cen_loss": 1.3575265944600106,
    "cen_accuracy": 0.5845
  },
  "22": {
    "cen_loss": 1.6170433989167214,
    "cen_accuracy": 0.553125
  },
  "23": {
    "cen_loss": 1.157719366133213,
    "cen_accuracy": 0.636625
  },
  "24": {
    "cen_loss": 1.0481586801111697,
    "cen_accuracy": 0.661625
  },
  "25": {
    "cen_loss": 1.1425907124876975,
    "cen_accuracy": 0.652625
  },
  "26": {
    "cen_loss": 1.1993778485059738,
    "cen_accuracy": 0.64525
  },
  "27": {
    "cen_loss": 1.0856278414428233,
    "cen_accuracy": 0.6585
  },
  "28": {
    "cen_loss": 1.2659550384283065,
    "cen_accuracy": 0.63275
  },
  "29": {
    "cen_loss": 1.1985698519051076,
    "cen_accuracy": 0.641375
  },
  "30": {
    "cen_loss": 1.1862458485364913,
    "cen_accuracy": 0.65075
  },
  "31": {
    "cen_loss": 1.3286344980150462,
    "cen_accuracy": 0.629625
  },
  "32": {
    "cen_loss": 1.0878923959434033,
    "cen_accuracy": 0.66275
  },
  "33": {
    "cen_loss": 1.126750833928585,
    "cen_accuracy": 0.67575
  },
  "34": {
    "cen_loss": 1.0561851621568203,
    "cen_accuracy": 0.6945
  },
  "35": {
    "cen_loss": 1.1154731195271015,
    "cen_accuracy": 0.660875
  },
  "36": {
    "cen_loss": 0.9183500251919031,
    "cen_accuracy": 0.721375
  },
  "37": {
    "cen_loss": 1.0687421866208315,
    "cen_accuracy": 0.684375
  },
  "38": {
    "cen_loss": 1.1617478710860014,
    "cen_accuracy": 0.656625
  },
  "39": {
    "cen_loss": 1.0104079798534513,
    "cen_accuracy": 0.71125
  },
  "40": {
    "cen_loss": 1.1887686575576664,
    "cen_accuracy": 0.693
  },
  "41": {
    "cen_loss": 1.0398529103398324,
    "cen_accuracy": 0.696375
  },
  "42": {
    "cen_loss": 1.000175194747746,
    "cen_accuracy": 0.693625
  },
  "43": {
    "cen_loss": 1.2163304550796747,
    "cen_accuracy": 0.676125
  },
  "44": {
    "cen_loss": 1.014772766917944,
    "cen_accuracy": 0.6965
  },
  "45": {
    "cen_loss": 0.8897099735736846,
    "cen_accuracy": 0.727375
  },
  "46": {
    "cen_loss": 0.8431763466894626,
    "cen_accuracy": 0.732125
  },
  "47": {
    "cen_loss": 1.0116018223427237,
    "cen_accuracy": 0.708
  },
  "48": {
    "cen_loss": 1.0544174648821354,
    "cen_accuracy": 0.682125
  },
  "49": {
    "cen_loss": 1.1443497135341167,
    "cen_accuracy": 0.674625
  },
  "50": {
    "cen_loss": 1.186080773383379,
    "cen_accuracy": 0.6825
  },
  "51": {
    "cen_loss": 0.9922403560634703,
    "cen_accuracy": 0.708875
  },
  "52": {
    "cen_loss": 0.8326811600737274,
    "cen_accuracy": 0.744375
  },
  "53": {
    "cen_loss": 0.8519073027148842,
    "cen_accuracy": 0.734625
  },
  "54": {
    "cen_loss": 0.8357427431121468,
    "cen_accuracy": 0.75025
  },
  "55": {
    "cen_loss": 0.8242686350420118,
    "cen_accuracy": 0.754875
  },
  "56": {
    "cen_loss": 0.8369112784937024,
    "cen_accuracy": 0.754375
  },
  "57": {
    "cen_loss": 0.9786449138373137,
    "cen_accuracy": 0.707875
  },
  "58": {
    "cen_loss": 1.1066188064217568,
    "cen_accuracy": 0.695
  },
  "59": {
    "cen_loss": 0.9893196605890989,
    "cen_accuracy": 0.71925
  },
  "60": {
    "cen_loss": 1.0951361415311693,
    "cen_accuracy": 0.711
  },
  "61": {
    "cen_loss": 0.9142872240841389,
    "cen_accuracy": 0.724625
  },
  "62": {
    "cen_loss": 0.7581386388130485,
    "cen_accuracy": 0.7665
  },
  "63": {
    "cen_loss": 0.8859114700406789,
    "cen_accuracy": 0.733625
  },
  "64": {
    "cen_loss": 0.7020487174652517,
    "cen_accuracy": 0.778
  },
  "65": {
    "cen_loss": 0.7218702402226627,
    "cen_accuracy": 0.779375
  },
  "66": {
    "cen_loss": 0.7674640801846981,
    "cen_accuracy": 0.768875
  },
  "67": {
    "cen_loss": 0.8578503371691332,
    "cen_accuracy": 0.75225
  },
  "68": {
    "cen_loss": 0.8287929102778435,
    "cen_accuracy": 0.745375
  },
  "69": {
    "cen_loss": 0.8173212375566363,
    "cen_accuracy": 0.752875
  },
  "70": {
    "cen_loss": 0.9497019981220365,
    "cen_accuracy": 0.72875
  },
  "71": {
    "cen_loss": 0.8406451139748097,
    "cen_accuracy": 0.75125
  },
  "72": {
    "cen_loss": 0.7247644206471742,
    "cen_accuracy": 0.77375
  },
  "73": {
    "cen_loss": 0.7185662986338138,
    "cen_accuracy": 0.785375
  },
  "74": {
    "cen_loss": 0.7017448526006193,
    "cen_accuracy": 0.77925
  },
  "75": {
    "cen_loss": 0.7173990859240293,
    "cen_accuracy": 0.779125
  },
  "76": {
    "cen_loss": 0.6828567042741924,
    "cen_accuracy": 0.79225
  },
  "77": {
    "cen_loss": 0.699610797919333,
    "cen_accuracy": 0.78025
  },
  "78": {
    "cen_loss": 0.7620993795208633,
    "cen_accuracy": 0.781
  },
  "79": {
    "cen_loss": 0.7261237021703273,
    "cen_accuracy": 0.7745
  },
  "80": {
    "cen_loss": 0.7617385983355344,
    "cen_accuracy": 0.77925
  },
  "81": {
    "cen_loss": 0.7358611002266408,
    "cen_accuracy": 0.777
  },
  "82": {
    "cen_loss": 0.7596236327532678,
    "cen_accuracy": 0.766625
  },
  "83": {
    "cen_loss": 0.6894366641268134,
    "cen_accuracy": 0.789
  },
  "84": {
    "cen_loss": 0.724150708872825,
    "cen_accuracy": 0.782875
  },
  "85": {
    "cen_loss": 0.7087901058159769,
    "cen_accuracy": 0.788
  },
  "86": {
    "cen_loss": 0.653274876948446,
    "cen_accuracy": 0.801125
  },
  "87": {
    "cen_loss": 0.7125189614156261,
    "cen_accuracy": 0.785
  },
  "88": {
    "cen_loss": 0.7433736142739653,
    "cen_accuracy": 0.786125
  },
  "89": {
    "cen_loss": 0.6958707804046571,
    "cen_accuracy": 0.789625
  },
  "90": {
    "cen_loss": 0.7328322532661259,
    "cen_accuracy": 0.78675
  },
  "91": {
    "cen_loss": 0.6780875140056014,
    "cen_accuracy": 0.799375
  },
  "92": {
    "cen_loss": 0.7199866667278111,
    "cen_accuracy": 0.787625
  },
  "93": {
    "cen_loss": 0.64955074454844,
    "cen_accuracy": 0.79875
  },
  "94": {
    "cen_loss": 0.6558810659795999,
    "cen_accuracy": 0.797625
  },
  "95": {
    "cen_loss": 0.7529476699177176,
    "cen_accuracy": 0.78225
  },
  "96": {
    "cen_loss": 0.7066808759234846,
    "cen_accuracy": 0.78225
  },
  "97": {
    "cen_loss": 0.6757138805910945,
    "cen_accuracy": 0.794375
  },
  "98": {
    "cen_loss": 0.7509612198919058,
    "cen_accuracy": 0.780625
  },
  "99": {
    "cen_loss": 0.6922407849077136,
    "cen_accuracy": 0.786875
  },
  "100": {
    "cen_loss": 0.7734270390383899,
    "cen_accuracy": 0.778125
  },