{
  "2": {
    "total_mJ": 929951134.9428474,
    "total_ceq": 108.34661259298176,
    "selected_mJ": 171598113.35258478,
    "unselected_mJ": 758353021.5902624,
    "selected_ceq": 20.337009994960482,
    "unselected_ceq": 88.00960259802116,
    "num_expired_thresh": 0,
    "num_depleted": 0,
    "num_transmited_bytes": 178934560,
    "num_participants": 10,
    "num_failures": 0
  },
  "3": {
    "total_mJ": 1183982545.4885967,
    "total_ceq": 137.48942542781202,
    "selected_mJ": 215656550.0194235,
    "unselected_mJ": 968325995.4691722,
    "selected_ceq": 24.775115156009793,
    "unselected_ceq": 112.71431027180219,
    "num_expired_thresh": 0,
    "num_depleted": 0,
    "num_transmited_bytes": 178934560,
    "num_participants": 10,
    "num_failures": 0
  },
  "4": {
    "total_mJ": 843663812.8807228,
    "total_ceq": 98.09833484902661,
    "selected_mJ": 191950410.6528763,
    "unselected_mJ": 651713402.2278477,
    "selected_ceq": 22.33026835787632,
    "unselected_ceq": 75.76806649115025,
    "num_expired_thresh": 0,
    "num_depleted": 0,
    "num_transmited_bytes": 214721472,
    "num_participants": 12,
    "num_failures": 0
  },
  "5": {
    "total_mJ": 1230520159.2362154,
    "total_ceq": 143.21491456822815,
    "selected_mJ": 298436133.4420177,
    "unselected_mJ": 932084025.7941968,
    "selected_ceq": 34.87417361402938,
    "unselected_ceq": 108.34074095419874,
    "num_expired_thresh": 0,
    "num_depleted": 0,
    "num_transmited_bytes": 250508384,
    "num_participants": 14,
    "num_failures": 0
  },
  "6": {
    "total_mJ": 1177709714.4128728,
    "total_ceq": 137.48705687393493,
    "selected_mJ": 294381441.8905344,
    "unselected_mJ": 883328272.5223386,
    "selected_ceq": 35.26230484153601,
    "unselected_ceq": 102.22475203239894,
    "num_expired_thresh": 0,
    "num_depleted": 0,
    "num_transmited_bytes": 286295296,
    "num_participants": 16,
    "num_failures": 0
  },
  "7": {
    "total_mJ": 1248862562.0578945,
    "total_ceq": 145.54424773496362,
    "selected_mJ": 353020505.93867177,
    "unselected_mJ": 895842056.1192217,
    "selected_ceq": 41.57707609836829,
    "unselected_ceq": 103.96717163659528,
    "num_expired_thresh": 0,
    "num_depleted": 0,
    "num_transmited_bytes": 322082208,
    "num_participants": 18,
    "num_failures": 0
  },
  "8": {
    "total_mJ": 1156066322.3047822,
    "total_ceq": 134.93203074561256,
    "selected_mJ": 364804078.13127375,
    "unselected_mJ": 791262244.1735085,
    "selected_ceq": 43.32619725788271,
    "unselected_ceq": 91.60583348772965,
    "num_expired_thresh": 0,
    "num_depleted": 0,
    "num_transmited_bytes": 357869120,
    "num_participants": 20,
    "num_failures": 0
  },
  "9": {
    "total_mJ": 1144025609.1290834,
    "total_ceq": 133.1989193997025,
    "selected_mJ": 360006829.2657945,
    "unselected_mJ": 784018779.863289,
    "selected_ceq": 42.17180070452792,
    "unselected_ceq": 91.02711869517437,
    "num_expired_thresh": 0,
    "num_depleted": 0,
    "num_transmited_bytes": 339975664,
    "num_participants": 19,
    "num_failures": 0
  },
  "10": {
    "total_mJ": 1262473639.151416,
    "total_ceq": 146.7733235324025,
    "selected_mJ": 381920827.5177745,
    "unselected_mJ": 880552811.6336408,
    "selected_ceq": 44.356132553095144,
    "unselected_ceq": 102.41719097930726,
    "num_expired_thresh": 0,
    "num_depleted": 0,
    "num_transmited_bytes": 322082208,
    "num_participants": 18,
    "num_failures": 0
  },
  "11": {
    "total_mJ": 1147104808.6982477,
    "total_ceq": 133.85205646835988,
    "selected_mJ": 311971445.89801383,
    "unselected_mJ": 835133362.8002332,
    "selected_ceq": 37.07094844354976,
    "unselected_ceq": 96.78110802480995,
    "num_expired_thresh": 0,
    "num_depleted": 0,
    "num_transmited_bytes": 304188752,
    "num_participants": 17,
    "num_failures": 0
  },
  "12": {
    "total_mJ": 871559595.2395517,
    "total_ceq": 101.39287129578513,
    "selected_mJ": 249825921.55695862,
    "unselected_mJ": 621733673.6825945,
    "selected_ceq": 29.14187947023583,
    "unselected_ceq": 72.25099182554922,
    "num_expired_thresh": 0,
    "num_depleted": 0,
    "num_transmited_bytes": 286295296,
    "num_participants": 16,
    "num_failures": 0
  },
  "13": {
    "total_mJ": 1163419546.4826975,
    "total_ceq": 135.80933589003945,
    "selected_mJ": 273378100.4116028,
    "unselected_mJ": 890041446.0710949,
    "selected_ceq": 32.73982420505108,
    "unselected_ceq": 103.0695116849884,
    "num_expired_thresh": 0,
    "num_depleted": 0,
    "num_transmited_bytes": 268401840,
    "num_participants": 15,
    "num_failures": 0
  },
  "14": {
    "total_mJ": 1221490107.0099666,
    "total_ceq": 142.34244780467588,
    "selected_mJ": 274116836.730188,
    "unselected_mJ": 947373270.2797778,
    "selected_ceq": 32.45172619318909,
    "unselected_ceq": 109.89072161148674,
    "num_expired_thresh": 0,
    "num_depleted": 0,
    "num_transmited_bytes": 250508384,
    "num_participants": 14,
    "num_failures": 0
  },
  "15": {
    "total_mJ": 1090250272.038155,
    "total_ceq": 126.53677951164921,
    "selected_mJ": 264648641.50508747,
    "unselected_mJ": 825601630.5330677,
    "selected_ceq": 29.301772742672743,
    "unselected_ceq": 97.23500676897633,
    "num_expired_thresh": 0,
    "num_depleted": 0,
    "num_transmited_bytes": 232614928,
    "num_participants": 13,
    "num_failures": 0
  },
  "16": {
    "total_mJ": 900926781.17776,
    "total_ceq": 104.68501034047958,
    "selected_mJ": 209003462.35238135,
    "unselected_mJ": 691923318.8253785,
    "selected_ceq": 24.1589658100664,
    "unselected_ceq": 80.52604453041305,
    "num_expired_thresh": 0,
    "num_depleted": 0,
    "num_transmited_bytes": 214721472,
    "num_participants": 12,
    "num_failures": 0
  },
  "17": {
    "total_mJ": 1073082912.4757959,
    "total_ceq": 124.61301234562522,
    "selected_mJ": 224562807.5643618,
    "unselected_mJ": 848520104.9114345,
    "selected_ceq": 25.802072332093218,
    "unselected_ceq": 98.81094001353188,
    "num_expired_thresh": 0,
    "num_depleted": 0,
    "num_transmited_bytes": 196828016,
    "num_participants": 11,
    "num_failures": 0
  },
  "18": {
    "total_mJ": 833694356.8121864,
    "total_ceq": 97.39250702668976,
    "selected_mJ": 136575631.5354757,
    "unselected_mJ": 697118725.2767109,
    "selected_ceq": 16.720722550357557,
    "unselected_ceq": 80.67178447633225,
    "num_expired_thresh": 0,
    "num_depleted": 0,
    "num_transmited_bytes": 178934560,
    "num_participants": 10,
    "num_failures": 0
  },
  "19": {
    "total_mJ": 990667374.4472427,
    "total_ceq": 115.35699873210021,
    "selected_mJ": 156033973.33526847,
    "unselected_mJ": 834633401.1119742,
    "selected_ceq": 18.529840100658767,
    "unselected_ceq": 96.8271586314415,
    "num_expired_thresh": 0,
    "num_depleted": 0,
    "num_transmited_bytes": 161041104,
    "num_participants": 9,
    "num_failures": 0
  }
}