{
  "0": {
    "cen_loss": 2.302756995201111,
    "cen_accuracy": 0.100375
  },
  "1": {
    "cen_loss": 2.302756995201111,
    "cen_accuracy": 0.100375
  },
  "2": {
    "cen_loss": 3.869710935115814,
    "cen_accuracy": 0.100625
  },
  "3": {
    "cen_loss": 5.083558117389679,
    "cen_accuracy": 0.100375
  },
  "4": {
    "cen_loss": 5.464571232795715,
    "cen_accuracy": 0.09925
  },
  "5": {
    "cen_loss": 6.576748600959778,
    "cen_accuracy": 0.099125
  },
  "6": {
    "cen_loss": 5.7990365061759945,
    "cen_accuracy": 0.102625
  },
  "7": {
    "cen_loss": 4.524454088687897,
    "cen_accuracy": 0.15875
  },
  "8": {
    "cen_loss": 2.9244941782951357,
    "cen_accuracy": 0.267
  },
  "9": {
    "cen_loss": 2.3628080422878264,
    "cen_accuracy": 0.340875
  },
  "10": {
    "cen_loss": 1.6069427253007889,
    "cen_accuracy": 0.514375
  },
  "11": {
    "cen_loss": 2.2508527998924257,
    "cen_accuracy": 0.37375
  },
  "12": {
    "cen_loss": 2.0658970214128494,
    "cen_accuracy": 0.427625
  },
  "13": {
    "cen_loss": 1.7817758128643035,
    "cen_accuracy": 0.493
  },
  "14": {
    "cen_loss": 2.0104296028614046,
    "cen_accuracy": 0.464125
  },
  "15": {
    "cen_loss": 1.9079863549470901,
    "cen_accuracy": 0.494
  },
  "16": {
    "cen_loss": 1.675990562915802,
    "cen_accuracy": 0.53525
  },
  "17": {
    "cen_loss": 1.771618191599846,
    "cen_accuracy": 0.522
  },
  "18": {
    "cen_loss": 1.5840688994526864,
    "cen_accuracy": 0.56925
  },
  "19": {
    "cen_loss": 1.4605791059732438,
    "cen_accuracy": 0.580125
  },
  "20": {
    "cen_loss": 1.507820124208927,
    "cen_accuracy": 0.585875
  },
  "21": {
    "cen_loss": 1.5824471951723098,
    "cen_accuracy": 0.558625
  },
  "22": {
    "cen_loss": 1.605193418443203,
    "cen_accuracy": 0.569375
  },
  "23": {
    "cen_loss": 1.346080456316471,
    "cen_accuracy": 0.61475
  },
  "24": {
    "cen_loss": 1.4642287787795067,
    "cen_accuracy": 0.5985
  },
  "25": {
    "cen_loss": 1.3291733958721161,
    "cen_accuracy": 0.623375
  },
  "26": {
    "cen_loss": 1.3624778079390525,
    "cen_accuracy": 0.62475
  },
  "27": {
    "cen_loss": 1.404746949315071,
    "cen_accuracy": 0.62175
  },
  "28": {
    "cen_loss": 1.2834645071923734,
    "cen_accuracy": 0.634625
  },
  "29": {
    "cen_loss": 1.3196091600954534,
    "cen_accuracy": 0.631375
  },
  "30": {
    "cen_loss": 1.400083504870534,
    "cen_accuracy": 0.63525
  },
  "31": {
    "cen_loss": 1.267705590814352,
    "cen_accuracy": 0.648625
  },
  "32": {
    "cen_loss": 1.2219835196733475,
    "cen_accuracy": 0.6525
  },
  "33": {
    "cen_loss": 1.272844026863575,
    "cen_accuracy": 0.656875
  },
  "34": {
    "cen_loss": 1.2313025766313077,
    "cen_accuracy": 0.659375
  },
  "35": {
    "cen_loss": 1.240866881966591,
    "cen_accuracy": 0.65525
  },
  "36": {
    "cen_loss": 1.2086379643380643,
    "cen_accuracy": 0.66225
  },
  "37": {
    "cen_loss": 1.203397155791521,
    "cen_accuracy": 0.6625
  },
  "38": {
    "cen_loss": 1.1453329491019248,
    "cen_accuracy": 0.670875
  },
  "39": {
    "cen_loss": 1.2460237398445606,
    "cen_accuracy": 0.665125
  },
  "40": {
    "cen_loss": 1.2248763998746872,
    "cen_accuracy": 0.67025
  },
  "41": {
    "cen_loss": 1.2202590952217578,
    "cen_accuracy": 0.6695
  },
  "42": {
    "cen_loss": 1.2675454554259777,
    "cen_accuracy": 0.654
  },
  "43": {
    "cen_loss": 1.1388682345151901,
    "cen_accuracy": 0.6805
  },
  "44": {
    "cen_loss": 1.1454837594926357,
    "cen_accuracy": 0.678625
  },
  "45": {
    "cen_loss": 1.219546506524086,
    "cen_accuracy": 0.67
  },
  "46": {
    "cen_loss": 1.0634979811310767,
    "cen_accuracy": 0.695875
  },
  "47": {
    "cen_loss": 1.051054181739688,
    "cen_accuracy": 0.700375
  },
  "48": {
    "cen_loss": 1.214174919642508,
    "cen_accuracy": 0.67675
  },
  "49": {
    "cen_loss": 1.060120129495859,
    "cen_accuracy": 0.69975
  },
  "50": {
    "cen_loss": 1.0871325292922556,
    "cen_accuracy": 0.70125
  },
  "51": {
    "cen_loss": 1.1123745677769183,
    "cen_accuracy": 0.6975
  },
  "52": {
    "cen_loss": 1.1666045763194561,
    "cen_accuracy": 0.679
  },
  "53": {
    "cen_loss": 1.13796626958251,
    "cen_accuracy": 0.69225
  },
  "54": {
    "cen_loss": 1.0866133687198163,
    "cen_accuracy": 0.6965
  },
  "55": {
    "cen_loss": 1.1723354797661305,
    "cen_accuracy": 0.68675
  },
  "56": {
    "cen_loss": 1.1140721130520106,
    "cen_accuracy": 0.699625
  },
  "57": {
    "cen_loss": 1.0878527941256761,
    "cen_accuracy": 0.705875
  },
  "58": {
    "cen_loss": 1.0336330547183752,
    "cen_accuracy": 0.716875
  },
  "59": {
    "cen_loss": 0.9892197701483965,
    "cen_accuracy": 0.71675
  },
  "60": {
    "cen_loss": 1.0154644808024167,
    "cen_accuracy": 0.721375
  },
  "61": {
    "cen_loss": 1.10721504342556,
    "cen_accuracy": 0.702625
  },
  "62": {
    "cen_loss": 1.077936889961362,
    "cen_accuracy": 0.702875
  },
  "63": {
    "cen_loss": 0.994547882989049,
    "cen_accuracy": 0.724125
  },
  "64": {
    "cen_loss": 0.9759568489342928,
    "cen_accuracy": 0.72725
  },
  "65": {
    "cen_loss": 1.0131746493428946,
    "cen_accuracy": 0.713375
  },
  "66": {
    "cen_loss": 0.9787073531150818,
    "cen_accuracy": 0.72425
  },
  "67": {
    "cen_loss": 1.0146226733922958,
    "cen_accuracy": 0.71975
  },
  "68": {
    "cen_loss": 1.004798585511744,
    "cen_accuracy": 0.72125
  },
  "69": {
    "cen_loss": 0.9760239959582686,
    "cen_accuracy": 0.72425
  },
  "70": {
    "cen_loss": 1.0298856741786002,
    "cen_accuracy": 0.724125
  },
  "71": {
    "cen_loss": 0.9480848122239113,
    "cen_accuracy": 0.73175
  },
  "72": {
    "cen_loss": 0.9865284820199013,
    "cen_accuracy": 0.730375
  },
  "73": {
    "cen_loss": 1.0214495869129896,
    "cen_accuracy": 0.721375
  },
  "74": {
    "cen_loss": 1.0446051481440664,
    "cen_accuracy": 0.715
  },
  "75": {
    "cen_loss": 0.9778687171936035,
    "cen_accuracy": 0.730375
  },
  "76": {
    "cen_loss": 0.9488730114251375,
    "cen_accuracy": 0.733875
  },
  "77": {
    "cen_loss": 1.0682992286086082,
    "cen_accuracy": 0.7165
  },
  "78": {
    "cen_loss": 0.9972251393347978,
    "cen_accuracy": 0.731375
  },
  "79": {
    "cen_loss": 0.9819326505549252,
    "cen_accuracy": 0.73125
  },
  "80": {
    "cen_loss": 1.0658984359502792,
    "cen_accuracy": 0.72775
  },
  "81": {
    "cen_loss": 0.9778010779991746,
    "cen_accuracy": 0.724
  },
  "82": {
    "cen_loss": 0.9781533565595746,
    "cen_accuracy": 0.73925
  },
  "83": {
    "cen_loss": 0.9949943247959018,
    "cen_accuracy": 0.723625
  },
  "84": {
    "cen_loss": 0.9593879723846912,
    "cen_accuracy": 0.733375
  },
  "85": {
    "cen_loss": 0.9541411955803633,
    "cen_accuracy": 0.734125
  },
  "86": {
    "cen_loss": 0.9244035161733627,
    "cen_accuracy": 0.74225
  },
  "87": {
    "cen_loss": 0.9810294938981533,
    "cen_accuracy": 0.726875
  },
  "88": {
    "cen_loss": 0.9469913850426674,
    "cen_accuracy": 0.741625
  },
  "89": {
    "cen_loss": 0.9204211728870869,
    "cen_accuracy": 0.7465
  },
  "90": {
    "cen_loss": 0.9343631971850991,
    "cen_accuracy": 0.745875
  },
  "91": {
    "cen_loss": 0.9107421559765935,
    "cen_accuracy": 0.744625
  },
  "92": {
    "cen_loss": 0.8908091582357883,
    "cen_accuracy": 0.750375
  },
  "93": {
    "cen_loss": 0.8952645189166069,
    "cen_accuracy": 0.745875
  },
  "94": {
    "cen_loss": 0.9496600659936667,
    "cen_accuracy": 0.744
  },
  "95": {
    "cen_loss": 0.9394204633757473,
    "cen_accuracy": 0.742125
  },
  "96": {
    "cen_loss": 0.9616702764332294,
    "cen_accuracy": 0.7355
  },
  "97": {
    "cen_loss": 0.8778381722643972,
    "cen_accuracy": 0.7575
  },
  "98": {
    "cen_loss": 0.9074410124048591,
    "cen_accuracy": 0.753625
  },
  "99": {
    "cen_loss": 0.9078184678703547,
    "cen_accuracy": 0.74825
  },
  "100": {
    "cen_loss": 0.9907902255430817,
    "cen_accuracy": 0.737125
  },