{
  "0": {
    "cen_loss": 2.3028162007331847,
    "cen_accuracy": 0.1005
  },
  "1": {
    "cen_loss": 2.3028162007331847,
    "cen_accuracy": 0.1005
  },
  "2": {
    "cen_loss": 3.2017059619426727,
    "cen_accuracy": 0.1005
  },
  "3": {
    "cen_loss": 3.653316722869873,
    "cen_accuracy": 0.0995
  },
  "4": {
    "cen_loss": 4.546683226108551,
    "cen_accuracy": 0.0995
  },
  "5": {
    "cen_loss": 5.724252093315124,
    "cen_accuracy": 0.0995
  },
  "6": {
    "cen_loss": 5.456762092113495,
    "cen_accuracy": 0.100375
  },
  "7": {
    "cen_loss": 4.260249495029449,
    "cen_accuracy": 0.127375
  },
  "8": {
    "cen_loss": 3.2544480309486388,
    "cen_accuracy": 0.215125
  },
  "9": {
    "cen_loss": 2.6205954003334044,
    "cen_accuracy": 0.27625
  },
  "10": {
    "cen_loss": 1.6290546891689301,
    "cen_accuracy": 0.50275
  },
  "11": {
    "cen_loss": 2.3066799807548524,
    "cen_accuracy": 0.33
  },
  "12": {
    "cen_loss": 1.8141082638502122,
    "cen_accuracy": 0.434125
  },
  "13": {
    "cen_loss": 1.8891046108007432,
    "cen_accuracy": 0.453
  },
  "14": {
    "cen_loss": 1.7871005905866624,
    "cen_accuracy": 0.4775
  },
  "15": {
    "cen_loss": 1.7799962757825851,
    "cen_accuracy": 0.495125
  },
  "16": {
    "cen_loss": 1.4726158640384674,
    "cen_accuracy": 0.567875
  },
  "17": {
    "cen_loss": 1.5198573042154313,
    "cen_accuracy": 0.56375
  },
  "18": {
    "cen_loss": 1.4531959082484245,
    "cen_accuracy": 0.579
  },
  "19": {
    "cen_loss": 1.4406557411551475,
    "cen_accuracy": 0.586
  },
  "20": {
    "cen_loss": 1.4609768720269203,
    "cen_accuracy": 0.59225
  },
  "21": {
    "cen_loss": 1.347746212720871,
    "cen_accuracy": 0.612625
  },
  "22": {
    "cen_loss": 1.3735891803503038,
    "cen_accuracy": 0.60675
  },
  "23": {
    "cen_loss": 1.4178964939713479,
    "cen_accuracy": 0.606875
  },
  "24": {
    "cen_loss": 1.3801221440434457,
    "cen_accuracy": 0.61175
  },
  "25": {
    "cen_loss": 1.304441632926464,
    "cen_accuracy": 0.632625
  },
  "26": {
    "cen_loss": 1.2711627105474472,
    "cen_accuracy": 0.64225
  },
  "27": {
    "cen_loss": 1.2715661265850067,
    "cen_accuracy": 0.6405
  },
  "28": {
    "cen_loss": 1.3555508050322533,
    "cen_accuracy": 0.6325
  },
  "29": {
    "cen_loss": 1.2750859911441803,
    "cen_accuracy": 0.646625
  },
  "30": {
    "cen_loss": 1.2915204050540925,
    "cen_accuracy": 0.659
  },
  "31": {
    "cen_loss": 1.3425987524092198,
    "cen_accuracy": 0.63775
  },
  "32": {
    "cen_loss": 1.2730061892271043,
    "cen_accuracy": 0.6405
  },
  "33": {
    "cen_loss": 1.2845486103892327,
    "cen_accuracy": 0.652875
  },
  "34": {
    "cen_loss": 1.2697360643446445,
    "cen_accuracy": 0.656
  },
  "35": {
    "cen_loss": 1.275134489864111,
    "cen_accuracy": 0.65025
  },
  "36": {
    "cen_loss": 1.1961150641739369,
    "cen_accuracy": 0.67
  },
  "37": {
    "cen_loss": 1.2794711542129518,
    "cen_accuracy": 0.662375
  },
  "38": {
    "cen_loss": 1.2004497922956943,
    "cen_accuracy": 0.670625
  },
  "39": {
    "cen_loss": 1.2215607813596725,
    "cen_accuracy": 0.677375
  },
  "40": {
    "cen_loss": 1.2621769858300687,
    "cen_accuracy": 0.6765
  },
  "41": {
    "cen_loss": 1.1976857274323702,
    "cen_accuracy": 0.679
  },
  "42": {
    "cen_loss": 1.2654285439029336,
    "cen_accuracy": 0.671375
  },
  "43": {
    "cen_loss": 1.2490456791073083,
    "cen_accuracy": 0.669625
  },
  "44": {
    "cen_loss": 1.2626296806335449,
    "cen_accuracy": 0.67
  },
  "45": {
    "cen_loss": 1.2639157445132732,
    "cen_accuracy": 0.675125
  },
  "46": {
    "cen_loss": 1.213992185562849,
    "cen_accuracy": 0.6875
  },
  "47": {
    "cen_loss": 1.2288578239679337,
    "cen_accuracy": 0.685125
  },
  "48": {
    "cen_loss": 1.2104388785660267,
    "cen_accuracy": 0.689625
  },
  "49": {
    "cen_loss": 1.2048205016851425,
    "cen_accuracy": 0.68925
  },
  "50": {
    "cen_loss": 1.267659448802471,
    "cen_accuracy": 0.684875
  },
  "51": {
    "cen_loss": 1.1725590786337852,
    "cen_accuracy": 0.69
  },
  "52": {
    "cen_loss": 1.2029207141846419,
    "cen_accuracy": 0.68725
  },
  "53": {
    "cen_loss": 1.1331234258413314,
    "cen_accuracy": 0.6965
  },
  "54": {
    "cen_loss": 1.147985550045967,
    "cen_accuracy": 0.696625
  },
  "55": {
    "cen_loss": 1.1733652630746365,
    "cen_accuracy": 0.7005
  },
  "56": {
    "cen_loss": 1.1897427661418916,
    "cen_accuracy": 0.69375
  },
  "57": {
    "cen_loss": 1.2372168247997761,
    "cen_accuracy": 0.685625
  },
  "58": {
    "cen_loss": 1.1122544404268264,
    "cen_accuracy": 0.702625
  },
  "59": {
    "cen_loss": 1.183411886394024,
    "cen_accuracy": 0.697125
  },
  "60": {
    "cen_loss": 1.2104284234642984,
    "cen_accuracy": 0.701125
  },
  "61": {
    "cen_loss": 1.158907725393772,
    "cen_accuracy": 0.697875
  },
  "62": {
    "cen_loss": 1.190544653236866,
    "cen_accuracy": 0.696625
  },
  "63": {
    "cen_loss": 1.234521079927683,
    "cen_accuracy": 0.68675
  },
  "64": {
    "cen_loss": 1.2619351654499769,
    "cen_accuracy": 0.685875
  },
  "65": {
    "cen_loss": 1.2326099405959248,
    "cen_accuracy": 0.69
  },
  "66": {
    "cen_loss": 1.1780674667656421,
    "cen_accuracy": 0.693875
  },
  "67": {
    "cen_loss": 1.1755115518569945,
    "cen_accuracy": 0.698875
  },
  "68": {
    "cen_loss": 1.188216619759798,
    "cen_accuracy": 0.701625
  },
  "69": {
    "cen_loss": 1.201327046573162,
    "cen_accuracy": 0.696
  },
  "70": {
    "cen_loss": 1.2668613545000553,
    "cen_accuracy": 0.693375
  },
  "71": {
    "cen_loss": 1.1837318671941757,
    "cen_accuracy": 0.69525
  },
  "72": {
    "cen_loss": 1.136665337920189,
    "cen_accuracy": 0.704125
  },
  "73": {
    "cen_loss": 1.1519433083236217,
    "cen_accuracy": 0.704375
  },
  "74": {
    "cen_loss": 1.1125572302043438,
    "cen_accuracy": 0.707625
  },
  "75": {
    "cen_loss": 1.1665222297906876,
    "cen_accuracy": 0.700875
  },
  "76": {
    "cen_loss": 1.1526095560193061,
    "cen_accuracy": 0.695625
  },
  "77": {
    "cen_loss": 1.1598991399109364,
    "cen_accuracy": 0.70125
  },
  "78": {
    "cen_loss": 1.1527419525682927,
    "cen_accuracy": 0.70025
  },
  "79": {
    "cen_loss": 1.0992296274602413,
    "cen_accuracy": 0.70875
  },
  "80": {
    "cen_loss": 1.1449944550096989,
    "cen_accuracy": 0.70825
  },
  "81": {
    "cen_loss": 1.1208334687948227,
    "cen_accuracy": 0.707625
  },
  "82": {
    "cen_loss": 1.0939609085023403,
    "cen_accuracy": 0.712375
  },
  "83": {
    "cen_loss": 1.101783362865448,
    "cen_accuracy": 0.70825
  },
  "84": {
    "cen_loss": 1.1422127762138843,
    "cen_accuracy": 0.708
  },
  "85": {
    "cen_loss": 1.1083926344960928,
    "cen_accuracy": 0.711625
  },
  "86": {
    "cen_loss": 1.1263681836724282,
    "cen_accuracy": 0.7045
  },
  "87": {
    "cen_loss": 1.1129653545022011,
    "cen_accuracy": 0.709875
  },
  "88": {
    "cen_loss": 1.1160102664232254,
    "cen_accuracy": 0.720625
  },
  "89": {
    "cen_loss": 1.1182050324976445,
    "cen_accuracy": 0.716
  },
  "90": {
    "cen_loss": 1.1605948982536793,
    "cen_accuracy": 0.716625
  },
  "91": {
    "cen_loss": 1.1532101102620362,
    "cen_accuracy": 0.714375
  },
  "92": {
    "cen_loss": 1.1389949796646834,
    "cen_accuracy": 0.713875
  },
  "93": {
    "cen_loss": 1.1674865043759346,
    "cen_accuracy": 0.715
  },
  "94": {
    "cen_loss": 1.1743403054773807,
    "cen_accuracy": 0.7095
  },
  "95": {
    "cen_loss": 1.1232617262005806,
    "cen_accuracy": 0.718125
  },
  "96": {
    "cen_loss": 1.1482750622928142,
    "cen_accuracy": 0.715875
  },
  "97": {
    "cen_loss": 1.1463465215563775,
    "cen_accuracy": 0.71325
  },
  "98": {
    "cen_loss": 1.1679273483157158,
    "cen_accuracy": 0.71125
  },
  "99": {
    "cen_loss": 1.140224534958601,
    "cen_accuracy": 0.715
  },
  "100": {
    "cen_loss": 1.2103402855545282,
    "cen_accuracy": 0.711875
  },
  "101": {
    "cen_loss": 1.1091164946854115,