{
  "0": {
    "cen_loss": 2.3027569942474364,
    "cen_accuracy": 0.100375
  },
  "1": {
    "cen_loss": 2.3027569942474364,
    "cen_accuracy": 0.100375
  },
  "2": {
    "cen_loss": 3.7593738136291504,
    "cen_accuracy": 0.100625
  },
  "3": {
    "cen_loss": 5.153253077507019,
    "cen_accuracy": 0.099125
  },
  "4": {
    "cen_loss": 6.001524894714356,
    "cen_accuracy": 0.099125
  },
  "5": {
    "cen_loss": 5.593927696228027,
    "cen_accuracy": 0.099125
  },
  "6": {
    "cen_loss": 6.21097243976593,
    "cen_accuracy": 0.09925
  },
  "7": {
    "cen_loss": 4.7665222878456115,
    "cen_accuracy": 0.1485
  },
  "8": {
    "cen_loss": 3.7490879323482513,
    "cen_accuracy": 0.2
  },
  "9": {
    "cen_loss": 2.9724618225097656,
    "cen_accuracy": 0.275625
  },
  "10": {
    "cen_loss": 1.5629431220889092,
    "cen_accuracy": 0.5155
  },
  "11": {
    "cen_loss": 2.349019583940506,
    "cen_accuracy": 0.35825
  },
  "12": {
    "cen_loss": 2.245154039978981,
    "cen_accuracy": 0.395625
  },
  "13": {
    "cen_loss": 1.8592657967805863,
    "cen_accuracy": 0.457
  },
  "14": {
    "cen_loss": 1.7243019689321517,
    "cen_accuracy": 0.510625
  },
  "15": {
    "cen_loss": 1.6822003399729728,
    "cen_accuracy": 0.5305
  },
  "16": {
    "cen_loss": 1.753092447400093,
    "cen_accuracy": 0.527625
  },
  "17": {
    "cen_loss": 1.5351991107463836,
    "cen_accuracy": 0.57725
  },
  "18": {
    "cen_loss": 1.4238512521386146,
    "cen_accuracy": 0.5895
  },
  "19": {
    "cen_loss": 1.3480506560802459,
    "cen_accuracy": 0.60925
  },
  "20": {
    "cen_loss": 1.427113114118576,
    "cen_accuracy": 0.614
  },
  "21": {
    "cen_loss": 1.313712205529213,
    "cen_accuracy": 0.6155
  },
  "22": {
    "cen_loss": 1.5503201048970223,
    "cen_accuracy": 0.582625
  },
  "23": {
    "cen_loss": 1.3648847709000111,
    "cen_accuracy": 0.61075
  },
  "24": {
    "cen_loss": 1.486680042207241,
    "cen_accuracy": 0.599875
  },
  "25": {
    "cen_loss": 1.3572753065228462,
    "cen_accuracy": 0.621125
  },
  "26": {
    "cen_loss": 1.4083017188310623,
    "cen_accuracy": 0.608
  },
  "27": {
    "cen_loss": 1.3288478628396987,
    "cen_accuracy": 0.626375
  },
  "28": {
    "cen_loss": 1.1906849002540112,
    "cen_accuracy": 0.648875
  },
  "29": {
    "cen_loss": 1.4085250199735164,
    "cen_accuracy": 0.621875
  },
  "30": {
    "cen_loss": 1.3908957657516003,
    "cen_accuracy": 0.632
  },
  "31": {
    "cen_loss": 1.186670083373785,
    "cen_accuracy": 0.651375
  },
  "32": {
    "cen_loss": 1.2828708930909634,
    "cen_accuracy": 0.643125
  },
  "33": {
    "cen_loss": 1.204075141131878,
    "cen_accuracy": 0.6585
  },
  "34": {
    "cen_loss": 1.2241990177035331,
    "cen_accuracy": 0.659625
  },
  "35": {
    "cen_loss": 1.3571608557701111,
    "cen_accuracy": 0.6475
  },
  "36": {
    "cen_loss": 1.1920885183513164,
    "cen_accuracy": 0.66075
  },
  "37": {
    "cen_loss": 1.22968820810318,
    "cen_accuracy": 0.663375
  },
  "38": {
    "cen_loss": 1.1191561127901077,
    "cen_accuracy": 0.67675
  },
  "39": {
    "cen_loss": 1.1058854790329933,
    "cen_accuracy": 0.687125
  },
  "40": {
    "cen_loss": 1.1690705346465111,
    "cen_accuracy": 0.6815
  },
  "41": {
    "cen_loss": 1.0787782829850912,
    "cen_accuracy": 0.69175
  },
  "42": {
    "cen_loss": 1.1345793480277062,
    "cen_accuracy": 0.687125
  },
  "43": {
    "cen_loss": 1.1242242017388344,
    "cen_accuracy": 0.68325
  },
  "44": {
    "cen_loss": 1.1272396742701531,
    "cen_accuracy": 0.686625
  },
  "45": {
    "cen_loss": 1.001486709266901,
    "cen_accuracy": 0.712125
  },
  "46": {
    "cen_loss": 1.088710069000721,
    "cen_accuracy": 0.691625
  },
  "47": {
    "cen_loss": 1.1225303274095058,
    "cen_accuracy": 0.6925
  },
  "48": {
    "cen_loss": 1.1373018493056297,
    "cen_accuracy": 0.699125
  },
  "49": {
    "cen_loss": 1.0384326982051133,
    "cen_accuracy": 0.7045
  },
  "50": {
    "cen_loss": 1.1415630488544704,
    "cen_accuracy": 0.6995
  },
  "51": {
    "cen_loss": 1.0829138415306807,
    "cen_accuracy": 0.703375
  },
  "52": {
    "cen_loss": 1.0937922478839754,
    "cen_accuracy": 0.696
  },
  "53": {
    "cen_loss": 0.9959824197888374,
    "cen_accuracy": 0.71725
  },
  "54": {
    "cen_loss": 1.044052551075816,
    "cen_accuracy": 0.713625
  },
  "55": {
    "cen_loss": 1.0669875187426805,
    "cen_accuracy": 0.70575
  },
  "56": {
    "cen_loss": 1.0564252440184354,
    "cen_accuracy": 0.70175
  },
  "57": {
    "cen_loss": 1.0790708951056003,
    "cen_accuracy": 0.7065
  },
  "58": {
    "cen_loss": 0.9962938759922981,
    "cen_accuracy": 0.725125
  },
  "59": {
    "cen_loss": 1.0885602540075778,
    "cen_accuracy": 0.71025
  },
  "60": {
    "cen_loss": 1.103917002916336,
    "cen_accuracy": 0.7155
  },
  "61": {
    "cen_loss": 1.0218483086526393,
    "cen_accuracy": 0.717625
  },
  "62": {
    "cen_loss": 1.0810235647112132,
    "cen_accuracy": 0.712125
  },
  "63": {
    "cen_loss": 1.0947378275692463,
    "cen_accuracy": 0.702375
  },
  "64": {
    "cen_loss": 0.9772083250731229,
    "cen_accuracy": 0.720375
  },
  "65": {
    "cen_loss": 1.013905384272337,
    "cen_accuracy": 0.721375
  },
  "66": {
    "cen_loss": 0.9633851179778576,
    "cen_accuracy": 0.723
  },
  "67": {
    "cen_loss": 0.9399332379698754,
    "cen_accuracy": 0.732875
  },
  "68": {
    "cen_loss": 0.9788285983949899,
    "cen_accuracy": 0.7255
  },
  "69": {
    "cen_loss": 0.9887021936178207,
    "cen_accuracy": 0.72675
  },
  "70": {
    "cen_loss": 1.0319180653691291,
    "cen_accuracy": 0.7225
  },
  "71": {
    "cen_loss": 1.0163789685368538,
    "cen_accuracy": 0.7205
  },
  "72": {
    "cen_loss": 0.9398652107417583,
    "cen_accuracy": 0.730875
  },
  "73": {
    "cen_loss": 0.9376386127918959,
    "cen_accuracy": 0.736125
  },
  "74": {
    "cen_loss": 0.972339269399643,
    "cen_accuracy": 0.724125
  },
  "75": {
    "cen_loss": 0.9158070369511843,
    "cen_accuracy": 0.740875
  },
  "76": {
    "cen_loss": 0.9493772423192859,
    "cen_accuracy": 0.737125
  },
  "77": {
    "cen_loss": 0.9526046871244908,
    "cen_accuracy": 0.732625
  },
  "78": {
    "cen_loss": 0.9619642698168754,
    "cen_accuracy": 0.731625
  },
  "79": {
    "cen_loss": 0.9859412083923816,
    "cen_accuracy": 0.733
  },
  "80": {
    "cen_loss": 1.0311789833456277,
    "cen_accuracy": 0.73375
  },
  "81": {
    "cen_loss": 0.8799618345201016,
    "cen_accuracy": 0.746875
  },
  "82": {
    "cen_loss": 0.8895428752154112,
    "cen_accuracy": 0.743375
  },
  "83": {
    "cen_loss": 0.9860034375786781,
    "cen_accuracy": 0.730125
  },
  "84": {
    "cen_loss": 0.9052415985912085,
    "cen_accuracy": 0.745125
  },
  "85": {
    "cen_loss": 0.9364515588730573,
    "cen_accuracy": 0.7415
  },
  "86": {
    "cen_loss": 0.956931426152587,
    "cen_accuracy": 0.738625
  },
  "87": {
    "cen_loss": 0.9325901073366404,
    "cen_accuracy": 0.74075
  },
  "88": {
    "cen_loss": 0.916942510779947,
    "cen_accuracy": 0.743875
  },
  "89": {
    "cen_loss": 0.905175315156579,
    "cen_accuracy": 0.745625
  },
  "90": {
    "cen_loss": 0.968926525041461,
    "cen_accuracy": 0.741625
  },
  "91": {
    "cen_loss": 0.880529839605093,
    "cen_accuracy": 0.75225
  },
  "92": {
    "cen_loss": 0.9189651880785823,
    "cen_accuracy": 0.75
  },
  "93": {
    "cen_loss": 0.8823607800751925,
    "cen_accuracy": 0.758625
  },
  "94": {
    "cen_loss": 0.9278659618087113,
    "cen_accuracy": 0.745125
  },
  "95": {
    "cen_loss": 0.9357449965178967,
    "cen_accuracy": 0.74275
  },
  "96": {
    "cen_loss": 0.8570449270755053,
    "cen_accuracy": 0.75875
  },
  "97": {
    "cen_loss": 0.9244839312806725,
    "cen_accuracy": 0.75175
  },
  "98": {
    "cen_loss": 1.0019055174440146,
    "cen_accuracy": 0.732125
  },
  "99": {
    "cen_loss": 0.8674779148474335,
    "cen_accuracy": 0.755375
  },
  "100": {
    "cen_loss": 0.9263123239800334,
    "cen_accuracy": 0.7565
  },