{
  "0": {
    "cen_loss": 3.537089335072631,
    "cen_accuracy": 0.08723784024988844
  },
  "1": {
    "cen_loss": 3.5370893336895692,
    "cen_accuracy": 0.08723784024988844
  },
  "2": {
    "cen_loss": 3.4552432075774546,
    "cen_accuracy": 0.005131637661758144
  },
  "3": {
    "cen_loss": 3.549119586553067,
    "cen_accuracy": 0.1106648817492191
  },
  "4": {
    "cen_loss": 3.187823974570224,
    "cen_accuracy": 0.1501561802766622
  },
  "5": {
    "cen_loss": 2.9963996766774263,
    "cen_accuracy": 0.2460954930834449
  },
  "6": {
    "cen_loss": 3.2413428020179404,
    "cen_accuracy": 0.23360107095046853
  },
  "7": {
    "cen_loss": 2.8249014578244345,
    "cen_accuracy": 0.3130298973672468
  },
  "8": {
    "cen_loss": 3.0574783244498973,
    "cen_accuracy": 0.32686300758589915
  },
  "9": {
    "cen_loss": 2.704680786128557,
    "cen_accuracy": 0.35787594823739405
  },
  "10": {
    "cen_loss": 2.704635102426511,
    "cen_accuracy": 0.35787594823739405
  },
  "11": {
    "cen_loss": 4.4316178710797915,
    "cen_accuracy": 0.20102632753235164
  },
  "12": {
    "cen_loss": 3.2476574674561216,
    "cen_accuracy": 0.26639892904953144
  },
  "13": {
    "cen_loss": 3.070090347291741,
    "cen_accuracy": 0.28759482373940204
  },
  "14": {
    "cen_loss": 2.872008324467354,
    "cen_accuracy": 0.36925479696564034
  },
  "15": {
    "cen_loss": 2.904824911829937,
    "cen_accuracy": 0.41767068273092367
  },
  "16": {
    "cen_loss": 3.128371773208693,
    "cen_accuracy": 0.3639000446229362
  },
  "17": {
    "cen_loss": 2.5186306184447806,
    "cen_accuracy": 0.44489067380633646
  },
  "18": {
    "cen_loss": 3.107960933236765,
    "cen_accuracy": 0.3253012048192771
  },
  "19": {
    "cen_loss": 2.926759116487916,
    "cen_accuracy": 0.3596608656849621
  },
  "20": {
    "cen_loss": 2.926759158365432,
    "cen_accuracy": 0.3596608656849621
  },
  "21": {
    "cen_loss": 2.611913468996258,
    "cen_accuracy": 0.4433288710397144
  },
  "22": {
    "cen_loss": 2.9501450653322996,
    "cen_accuracy": 0.3708165997322624
  },
  "23": {
    "cen_loss": 3.1865217416534355,
    "cen_accuracy": 0.3150379294957608
  },
  "24": {
    "cen_loss": 2.5784654417297554,
    "cen_accuracy": 0.4134315037929496
  },
  "25": {
    "cen_loss": 2.719229431463001,
    "cen_accuracy": 0.42681838464970995
  },
  "26": {
    "cen_loss": 2.4962402130545702,
    "cen_accuracy": 0.45626952253458275
  },
  "27": {
    "cen_loss": 2.5544228398443494,
    "cen_accuracy": 0.4243641231593039
  },
  "28": {
    "cen_loss": 2.4576834533322023,
    "cen_accuracy": 0.4455600178491745
  },
  "29": {
    "cen_loss": 2.619032985980039,
    "cen_accuracy": 0.4344042838018742
  },
  "30": {
    "cen_loss": 2.6190329136352677,
    "cen_accuracy": 0.4344042838018742
  },
  "31": {
    "cen_loss": 2.5690858830090666,
    "cen_accuracy": 0.4359660865684962
  },
  "32": {
    "cen_loss": 2.417346473572138,
    "cen_accuracy": 0.47612672913877735
  },
  "33": {
    "cen_loss": 2.459003225281429,
    "cen_accuracy": 0.49464524765729584
  },
  "34": {
    "cen_loss": 2.5685957566482154,
    "cen_accuracy": 0.4455600178491745
  },
  "35": {
    "cen_loss": 2.7535961041329218,
    "cen_accuracy": 0.39870593485051314
  },
  "36": {
    "cen_loss": 2.464513041860341,
    "cen_accuracy": 0.4395359214636323
  },
  "37": {
    "cen_loss": 2.2570751249550813,
    "cen_accuracy": 0.500446229361892
  },
  "38": {
    "cen_loss": 2.3421231201321673,
    "cen_accuracy": 0.48125836680053546
  },
  "39": {
    "cen_loss": 2.208663690201888,
    "cen_accuracy": 0.5113788487282463
  },
  "40": {
    "cen_loss": 2.2086637119585144,
    "cen_accuracy": 0.5113788487282463
  },
  "41": {
    "cen_loss": 2.2559128610856933,
    "cen_accuracy": 0.5069165551093262
  },
  "42": {
    "cen_loss": 2.1287232264510654,
    "cen_accuracy": 0.5294511378848729
  },
  "43": {
    "cen_loss": 2.1184850330599607,
    "cen_accuracy": 0.5312360553324409
  },
  "44": {
    "cen_loss": 2.148293463974553,
    "cen_accuracy": 0.5401606425702812
  },
  "45": {
    "cen_loss": 2.54210500598007,
    "cen_accuracy": 0.44399821508255244
  },
  "46": {
    "cen_loss": 2.2364539490486566,
    "cen_accuracy": 0.5169567157518965
  },
  "47": {
    "cen_loss": 2.354499735825831,
    "cen_accuracy": 0.5033467202141901
  },
  "48": {
    "cen_loss": 2.1718555375009387,
    "cen_accuracy": 0.5414993306559571
  },
  "49": {
    "cen_loss": 2.2482397106543868,
    "cen_accuracy": 0.5292280232039268
  },
  "50": {
    "cen_loss": 2.248239669268922,
    "cen_accuracy": 0.5292280232039268
  },
  "51": {
    "cen_loss": 2.652626839986288,
    "cen_accuracy": 0.465640339134315
  },
  "52": {
    "cen_loss": 2.3382156553783355,
    "cen_accuracy": 0.5265506470325747
  },
  "53": {
    "cen_loss": 2.37716387617221,
    "cen_accuracy": 0.4970995091477019
  },
  "54": {
    "cen_loss": 2.2803715612674496,
    "cen_accuracy": 0.5334672021419009
  },
  "55": {
    "cen_loss": 2.3244080600702355,
    "cen_accuracy": 0.5261044176706827
  },
  "56": {
    "cen_loss": 2.311813639988063,
    "cen_accuracy": 0.50111557340473
  },
  "57": {
    "cen_loss": 2.2042318880965284,
    "cen_accuracy": 0.5225345827755467
  },
  "58": {
    "cen_loss": 2.6483878296488688,
    "cen_accuracy": 0.4263721552878179
  },
  "59": {
    "cen_loss": 2.410296192130889,
    "cen_accuracy": 0.4718875502008032
  },
  "60": {
    "cen_loss": 2.410296185428359,
    "cen_accuracy": 0.4718875502008032
  },
  "61": {
    "cen_loss": 1.9828380163840447,
    "cen_accuracy": 0.535921463632307
  },
  "62": {
    "cen_loss": 2.504932226106983,
    "cen_accuracy": 0.49152164212405175
  },
  "63": {
    "cen_loss": 2.0701432382352967,
    "cen_accuracy": 0.5310129406514948
  },
  "64": {
    "cen_loss": 2.4160599206399302,
    "cen_accuracy": 0.46653279785809904
  },
  "65": {
    "cen_loss": 1.9990486238003842,
    "cen_accuracy": 0.5446229361892012
  },
  "66": {
    "cen_loss": 2.025787140204937,
    "cen_accuracy": 0.5439535921463632
  },
  "67": {
    "cen_loss": 2.1794331524054,
    "cen_accuracy": 0.5149486836233824
  },
  "68": {
    "cen_loss": 2.4372820421182273,
    "cen_accuracy": 0.4859437751004016
  },
  "69": {
    "cen_loss": 1.9992660889929823,
    "cen_accuracy": 0.5441767068273092
  },
  "70": {
    "cen_loss": 1.9992660647495044,
    "cen_accuracy": 0.5441767068273092
  },
  "71": {
    "cen_loss": 2.010067161254083,
    "cen_accuracy": 0.5535475234270415
  },
  "72": {
    "cen_loss": 2.320029808227463,
    "cen_accuracy": 0.49352967425256583
  },
  "73": {
    "cen_loss": 2.241349338926624,
    "cen_accuracy": 0.5040160642570282
  },
  "74": {
    "cen_loss": 2.09110344610593,
    "cen_accuracy": 0.5082552431950023
  },
  "75": {
    "cen_loss": 2.1942041655940066,
    "cen_accuracy": 0.5214190093708166
  },
  "76": {
    "cen_loss": 2.004783091881295,
    "cen_accuracy": 0.537706381079875
  },
  "77": {
    "cen_loss": 1.9983244363695636,
    "cen_accuracy": 0.5484158857652833
  },
  "78": {
    "cen_loss": 2.0400232483351513,
    "cen_accuracy": 0.5452922802320392
  },
  "79": {
    "cen_loss": 1.9877157131511682,
    "cen_accuracy": 0.5477465417224453
  },
  "80": {
    "cen_loss": 1.9877156772181586,
    "cen_accuracy": 0.5477465417224453
  },
  "81": {
    "cen_loss": 1.9532478320537427,
    "cen_accuracy": 0.5493083444890674
  },
  "82": {
    "cen_loss": 1.9039975420165838,
    "cen_accuracy": 0.5452922802320392
  },
  "83": {
    "cen_loss": 1.7855938625410166,
    "cen_accuracy": 0.5729585006693441
  },
  "84": {
    "cen_loss": 1.9887399171304085,
    "cen_accuracy": 0.5200803212851406
  },
  "85": {
    "cen_loss": 2.0358716921846765,
    "cen_accuracy": 0.5388219544846051
  },
  "86": {
    "cen_loss": 2.202004148126553,
    "cen_accuracy": 0.5033467202141901
  },
  "87": {
    "cen_loss": 2.0152178692636826,
    "cen_accuracy": 0.533690316822847
  },
  "88": {
    "cen_loss": 2.292993785759425,
    "cen_accuracy": 0.4888442659526997
  },