{
  "0": {
    "cen_loss": 2.3027670545578003,
    "cen_accuracy": 0.0985
  },
  "1": {
    "cen_loss": 2.3027670545578003,
    "cen_accuracy": 0.0985
  },
  "2": {
    "cen_loss": 3.76849205493927,
    "cen_accuracy": 0.099875
  },
  "3": {
    "cen_loss": 5.296455859661102,
    "cen_accuracy": 0.12175
  },
  "4": {
    "cen_loss": 5.057676726341247,
    "cen_accuracy": 0.102
  },
  "5": {
    "cen_loss": 4.789907157421112,
    "cen_accuracy": 0.1155
  },
  "6": {
    "cen_loss": 4.556975437164307,
    "cen_accuracy": 0.162875
  },
  "7": {
    "cen_loss": 3.3574919192790986,
    "cen_accuracy": 0.24825
  },
  "8": {
    "cen_loss": 2.5540372240543365,
    "cen_accuracy": 0.3215
  },
  "9": {
    "cen_loss": 2.251298265814781,
    "cen_accuracy": 0.421125
  },
  "10": {
    "cen_loss": 2.529000872373581,
    "cen_accuracy": 0.452125
  },
  "11": {
    "cen_loss": 1.8872252737283706,
    "cen_accuracy": 0.474375
  },
  "12": {
    "cen_loss": 1.7971825805902482,
    "cen_accuracy": 0.514375
  },
  "13": {
    "cen_loss": 2.1413388463258745,
    "cen_accuracy": 0.488625
  },
  "14": {
    "cen_loss": 2.0011943845152853,
    "cen_accuracy": 0.53425
  },
  "15": {
    "cen_loss": 1.9487310381531715,
    "cen_accuracy": 0.541375
  },
  "16": {
    "cen_loss": 1.9106613489985467,
    "cen_accuracy": 0.55925
  },
  "17": {
    "cen_loss": 1.8981273412108421,
    "cen_accuracy": 0.559375
  },
  "18": {
    "cen_loss": 1.8793321299552916,
    "cen_accuracy": 0.569375
  },
  "19": {
    "cen_loss": 1.7036964812278748,
    "cen_accuracy": 0.590625
  },
  "20": {
    "cen_loss": 2.0596245414018632,
    "cen_accuracy": 0.5635
  },
  "21": {
    "cen_loss": 1.6846149624288083,
    "cen_accuracy": 0.603
  },
  "22": {
    "cen_loss": 1.7653752930760385,
    "cen_accuracy": 0.597375
  },
  "23": {
    "cen_loss": 1.805070190191269,
    "cen_accuracy": 0.591
  },
  "24": {
    "cen_loss": 1.6576268630623818,
    "cen_accuracy": 0.60925
  },
  "25": {
    "cen_loss": 1.6708109950125218,
    "cen_accuracy": 0.6115
  },
  "26": {
    "cen_loss": 1.6730109210610389,
    "cen_accuracy": 0.608375
  },
  "27": {
    "cen_loss": 1.507038555920124,
    "cen_accuracy": 0.636
  },
  "28": {
    "cen_loss": 1.4988600618243217,
    "cen_accuracy": 0.6295
  },
  "29": {
    "cen_loss": 1.498655566096306,
    "cen_accuracy": 0.64125
  },
  "30": {
    "cen_loss": 1.6267480662763119,
    "cen_accuracy": 0.62325
  },
  "31": {
    "cen_loss": 1.5541441740393638,
    "cen_accuracy": 0.636
  },
  "32": {
    "cen_loss": 1.4503131591677665,
    "cen_accuracy": 0.647125
  },
  "33": {
    "cen_loss": 1.3678294763863086,
    "cen_accuracy": 0.657375
  },
  "34": {
    "cen_loss": 1.5323361687958241,
    "cen_accuracy": 0.630125
  },
  "35": {
    "cen_loss": 1.469858480900526,
    "cen_accuracy": 0.65025
  },
  "36": {
    "cen_loss": 1.3294500138908625,
    "cen_accuracy": 0.66675
  },
  "37": {
    "cen_loss": 1.2528773656189442,
    "cen_accuracy": 0.67575
  },
  "38": {
    "cen_loss": 1.2960049827098847,
    "cen_accuracy": 0.664625
  },
  "39": {
    "cen_loss": 1.2873477857559918,
    "cen_accuracy": 0.669875
  },
  "40": {
    "cen_loss": 1.4160312726795674,
    "cen_accuracy": 0.65875
  },
  "41": {
    "cen_loss": 1.2882286984175444,
    "cen_accuracy": 0.667375
  },
  "42": {
    "cen_loss": 1.3167448539435864,
    "cen_accuracy": 0.665
  },
  "43": {
    "cen_loss": 1.3085075583457946,
    "cen_accuracy": 0.667375
  },
  "44": {
    "cen_loss": 1.247417440801859,
    "cen_accuracy": 0.684625
  },
  "45": {
    "cen_loss": 1.2602833978533745,
    "cen_accuracy": 0.680625
  },
  "46": {
    "cen_loss": 1.2532060079574585,
    "cen_accuracy": 0.67925
  },
  "47": {
    "cen_loss": 1.1766889867186547,
    "cen_accuracy": 0.69
  },
  "48": {
    "cen_loss": 1.2283782567977906,
    "cen_accuracy": 0.686625
  },
  "49": {
    "cen_loss": 1.2088893571794033,
    "cen_accuracy": 0.686
  },
  "50": {
    "cen_loss": 1.3892801009267568,
    "cen_accuracy": 0.66425
  },
  "51": {
    "cen_loss": 1.1343367565125226,
    "cen_accuracy": 0.704375
  },
  "52": {
    "cen_loss": 1.1998205928504466,
    "cen_accuracy": 0.6935
  },
  "53": {
    "cen_loss": 1.1918126720041036,
    "cen_accuracy": 0.69325
  },
  "54": {
    "cen_loss": 1.1666218357980251,
    "cen_accuracy": 0.699875
  },
  "55": {
    "cen_loss": 1.116265226766467,
    "cen_accuracy": 0.7135
  },
  "56": {
    "cen_loss": 1.0923732596486806,
    "cen_accuracy": 0.716125
  },
  "57": {
    "cen_loss": 1.0844225153177978,
    "cen_accuracy": 0.7155
  },
  "58": {
    "cen_loss": 1.0844126269221306,
    "cen_accuracy": 0.714625
  },
  "59": {
    "cen_loss": 1.1104087557792663,
    "cen_accuracy": 0.7065
  },
  "60": {
    "cen_loss": 1.2276433275043965,
    "cen_accuracy": 0.68575
  },
  "61": {
    "cen_loss": 1.0882715104930103,
    "cen_accuracy": 0.712125
  },
  "62": {
    "cen_loss": 1.1232598162703216,
    "cen_accuracy": 0.70925
  },
  "63": {
    "cen_loss": 1.03799872110039,
    "cen_accuracy": 0.726
  },
  "64": {
    "cen_loss": 1.045696853965521,
    "cen_accuracy": 0.72
  },
  "65": {
    "cen_loss": 1.0407836433798074,
    "cen_accuracy": 0.72475
  },
  "66": {
    "cen_loss": 1.0653734582662582,
    "cen_accuracy": 0.718375
  },
  "67": {
    "cen_loss": 1.0265806563273072,
    "cen_accuracy": 0.722
  },
  "68": {
    "cen_loss": 1.0603173895925284,
    "cen_accuracy": 0.72025
  },
  "69": {
    "cen_loss": 0.9963546267077327,
    "cen_accuracy": 0.726625
  },
  "70": {
    "cen_loss": 1.1023104159981012,
    "cen_accuracy": 0.70675
  },
  "71": {
    "cen_loss": 1.0586942197158933,
    "cen_accuracy": 0.718125
  },
  "72": {
    "cen_loss": 1.0361918581575156,
    "cen_accuracy": 0.724625
  },
  "73": {
    "cen_loss": 1.0025118898004293,
    "cen_accuracy": 0.729625
  },
  "74": {
    "cen_loss": 1.0105665966123343,
    "cen_accuracy": 0.726
  },
  "75": {
    "cen_loss": 1.002903837546706,
    "cen_accuracy": 0.72825
  },
  "76": {
    "cen_loss": 0.9919698519557715,
    "cen_accuracy": 0.737125
  },
  "77": {
    "cen_loss": 0.9889780470281839,
    "cen_accuracy": 0.735125
  },
  "78": {
    "cen_loss": 0.9851973628699779,
    "cen_accuracy": 0.73025
  },
  "79": {
    "cen_loss": 0.975661444351077,
    "cen_accuracy": 0.734875
  },
  "80": {
    "cen_loss": 1.0689452114850282,
    "cen_accuracy": 0.72125
  },
  "81": {
    "cen_loss": 0.9866522763520479,
    "cen_accuracy": 0.726375
  },
  "82": {
    "cen_loss": 0.9650405427366495,
    "cen_accuracy": 0.731375
  },
  "83": {
    "cen_loss": 0.9825046203359962,
    "cen_accuracy": 0.732875
  },
  "84": {
    "cen_loss": 0.9667563449293375,
    "cen_accuracy": 0.733375
  },
  "85": {
    "cen_loss": 0.9421409472078085,
    "cen_accuracy": 0.737875
  },
  "86": {
    "cen_loss": 0.9287856573015452,
    "cen_accuracy": 0.745375
  },
  "87": {
    "cen_loss": 0.9195393894761801,
    "cen_accuracy": 0.743375
  },
  "88": {
    "cen_loss": 0.9400558277070522,
    "cen_accuracy": 0.747
  },
  "89": {
    "cen_loss": 0.9075019851326942,
    "cen_accuracy": 0.746375
  },
  "90": {
    "cen_loss": 0.9564938589334487,
    "cen_accuracy": 0.740875
  },
  "91": {
    "cen_loss": 0.9327337922267616,
    "cen_accuracy": 0.741375
  },
  "92": {
    "cen_loss": 0.9399065551683307,
    "cen_accuracy": 0.746125
  },
  "93": {
    "cen_loss": 0.9136624053567648,
    "cen_accuracy": 0.750125
  },
  "94": {
    "cen_loss": 0.9230178281664848,
    "cen_accuracy": 0.749375
  },
  "95": {
    "cen_loss": 0.9106379219442606,
    "cen_accuracy": 0.7535
  },
  "96": {
    "cen_loss": 0.9113150037676095,
    "cen_accuracy": 0.75025
  },
  "97": {
    "cen_loss": 0.904970407217741,
    "cen_accuracy": 0.751875
  },
  "98": {
    "cen_loss": 0.9250817201584578,
    "cen_accuracy": 0.751125
  },
  "99": {
    "cen_loss": 0.9044830039441586,
    "cen_accuracy": 0.75675
  },
  "100": {
    "cen_loss": 0.9453356533646583,
    "cen_accuracy": 0.748375
  },