{
  "0": {
    "cen_loss": 2.302691418170929,
    "cen_accuracy": 0.101125
  },
  "1": {
    "cen_loss": 2.302691418170929,
    "cen_accuracy": 0.101125
  },
  "2": {
    "cen_loss": 3.247549014568329,
    "cen_accuracy": 0.100375
  },
  "3": {
    "cen_loss": 4.581872185230255,
    "cen_accuracy": 0.099625
  },
  "4": {
    "cen_loss": 4.2578211874961855,
    "cen_accuracy": 0.1395
  },
  "5": {
    "cen_loss": 4.273426737308502,
    "cen_accuracy": 0.163875
  },
  "6": {
    "cen_loss": 4.576586874961853,
    "cen_accuracy": 0.099625
  },
  "7": {
    "cen_loss": 3.825564926624298,
    "cen_accuracy": 0.15875
  },
  "8": {
    "cen_loss": 3.5322813482284547,
    "cen_accuracy": 0.161875
  },
  "9": {
    "cen_loss": 3.4236428389549256,
    "cen_accuracy": 0.182625
  },
  "10": {
    "cen_loss": 1.6850739380121231,
    "cen_accuracy": 0.401875
  },
  "11": {
    "cen_loss": 2.8204186871051786,
    "cen_accuracy": 0.202125
  },
  "12": {
    "cen_loss": 2.218106030702591,
    "cen_accuracy": 0.281125
  },
  "13": {
    "cen_loss": 2.1314540286064148,
    "cen_accuracy": 0.311375
  },
  "14": {
    "cen_loss": 1.9262749211788177,
    "cen_accuracy": 0.356125
  },
  "15": {
    "cen_loss": 1.7064751836061478,
    "cen_accuracy": 0.412125
  },
  "16": {
    "cen_loss": 1.7956253774166107,
    "cen_accuracy": 0.40275
  },
  "17": {
    "cen_loss": 1.601884470462799,
    "cen_accuracy": 0.459625
  },
  "18": {
    "cen_loss": 1.723904066681862,
    "cen_accuracy": 0.44025
  },
  "19": {
    "cen_loss": 1.4691256337165832,
    "cen_accuracy": 0.503125
  },
  "20": {
    "cen_loss": 1.34033628231287,
    "cen_accuracy": 0.558125
  },
  "21": {
    "cen_loss": 1.6446073390245437,
    "cen_accuracy": 0.47525
  },
  "22": {
    "cen_loss": 1.6580796726942062,
    "cen_accuracy": 0.4765
  },
  "23": {
    "cen_loss": 1.8267670115232468,
    "cen_accuracy": 0.453375
  },
  "24": {
    "cen_loss": 1.5217186406850816,
    "cen_accuracy": 0.51575
  },
  "25": {
    "cen_loss": 1.477153424859047,
    "cen_accuracy": 0.54325
  },
  "26": {
    "cen_loss": 1.407146705031395,
    "cen_accuracy": 0.552625
  },
  "27": {
    "cen_loss": 1.2927282437384129,
    "cen_accuracy": 0.58475
  },
  "28": {
    "cen_loss": 1.2700273725986482,
    "cen_accuracy": 0.586875
  },
  "29": {
    "cen_loss": 1.2846903882622718,
    "cen_accuracy": 0.58975
  },
  "30": {
    "cen_loss": 1.2108315529823304,
    "cen_accuracy": 0.6055
  },
  "31": {
    "cen_loss": 1.3538967672586442,
    "cen_accuracy": 0.58675
  },
  "32": {
    "cen_loss": 1.2504532361626626,
    "cen_accuracy": 0.60025
  },
  "33": {
    "cen_loss": 1.2343043130040168,
    "cen_accuracy": 0.61575
  },
  "34": {
    "cen_loss": 1.266398258626461,
    "cen_accuracy": 0.6075
  },
  "35": {
    "cen_loss": 1.2226525975465774,
    "cen_accuracy": 0.6175
  },
  "36": {
    "cen_loss": 1.1704192944169045,
    "cen_accuracy": 0.63325
  },
  "37": {
    "cen_loss": 1.2122824252843858,
    "cen_accuracy": 0.623375
  },
  "38": {
    "cen_loss": 1.1641609574854375,
    "cen_accuracy": 0.639375
  },
  "39": {
    "cen_loss": 1.1099249268770217,
    "cen_accuracy": 0.657125
  },
  "40": {
    "cen_loss": 1.0955001485049725,
    "cen_accuracy": 0.6625
  },
  "41": {
    "cen_loss": 1.1061560325026512,
    "cen_accuracy": 0.648125
  },
  "42": {
    "cen_loss": 1.1062222343683243,
    "cen_accuracy": 0.658
  },
  "43": {
    "cen_loss": 1.0312134889364242,
    "cen_accuracy": 0.670625
  },
  "44": {
    "cen_loss": 1.0654832995533943,
    "cen_accuracy": 0.664125
  },
  "45": {
    "cen_loss": 1.0603249908685684,
    "cen_accuracy": 0.6645
  },
  "46": {
    "cen_loss": 1.0889077935218812,
    "cen_accuracy": 0.660375
  },
  "47": {
    "cen_loss": 1.1715010936260224,
    "cen_accuracy": 0.650375
  },
  "48": {
    "cen_loss": 1.0389018650650979,
    "cen_accuracy": 0.673375
  },
  "49": {
    "cen_loss": 1.0190729730129242,
    "cen_accuracy": 0.681875
  },
  "50": {
    "cen_loss": 1.0227851822078229,
    "cen_accuracy": 0.67675
  },
  "51": {
    "cen_loss": 1.018127112329006,
    "cen_accuracy": 0.685375
  },
  "52": {
    "cen_loss": 1.0442848918437957,
    "cen_accuracy": 0.679
  },
  "53": {
    "cen_loss": 0.9950034826099873,
    "cen_accuracy": 0.68725
  },
  "54": {
    "cen_loss": 1.0241347146332265,
    "cen_accuracy": 0.68925
  },
  "55": {
    "cen_loss": 0.961540875673294,
    "cen_accuracy": 0.694625
  },
  "56": {
    "cen_loss": 0.9831396597623825,
    "cen_accuracy": 0.689375
  },
  "57": {
    "cen_loss": 1.000871960401535,
    "cen_accuracy": 0.6865
  },
  "58": {
    "cen_loss": 0.9635272583961487,
    "cen_accuracy": 0.69675
  },
  "59": {
    "cen_loss": 1.0441712405979633,
    "cen_accuracy": 0.682875
  },
  "60": {
    "cen_loss": 1.0505769275426864,
    "cen_accuracy": 0.67825
  },
  "61": {
    "cen_loss": 0.9442693610787392,
    "cen_accuracy": 0.7085
  },
  "62": {
    "cen_loss": 1.0316028808951379,
    "cen_accuracy": 0.68675
  },
  "63": {
    "cen_loss": 0.9310410903692246,
    "cen_accuracy": 0.709625
  },
  "64": {
    "cen_loss": 0.9480983496904373,
    "cen_accuracy": 0.707
  },
  "65": {
    "cen_loss": 0.9267440766990185,
    "cen_accuracy": 0.711875
  },
  "66": {
    "cen_loss": 0.9371693783998489,
    "cen_accuracy": 0.71575
  },
  "67": {
    "cen_loss": 0.9228229141831398,
    "cen_accuracy": 0.7165
  },
  "68": {
    "cen_loss": 0.9219639245271682,
    "cen_accuracy": 0.7135
  },
  "69": {
    "cen_loss": 0.9437725280225276,
    "cen_accuracy": 0.71025
  },
  "70": {
    "cen_loss": 0.9283039057850838,
    "cen_accuracy": 0.712
  },
  "71": {
    "cen_loss": 0.941523074388504,
    "cen_accuracy": 0.719375
  },
  "72": {
    "cen_loss": 0.9765920792818069,
    "cen_accuracy": 0.713875
  },
  "73": {
    "cen_loss": 0.8835841226279736,
    "cen_accuracy": 0.72125
  },
  "74": {
    "cen_loss": 0.9062488579750061,
    "cen_accuracy": 0.718
  },
  "75": {
    "cen_loss": 0.8967010133117438,
    "cen_accuracy": 0.724625
  },
  "76": {
    "cen_loss": 0.882471686244011,
    "cen_accuracy": 0.72625
  },
  "77": {
    "cen_loss": 0.8914838165044785,
    "cen_accuracy": 0.720625
  },
  "78": {
    "cen_loss": 0.9884966894388199,
    "cen_accuracy": 0.71325
  },
  "79": {
    "cen_loss": 0.861240139067173,
    "cen_accuracy": 0.732125
  },
  "80": {
    "cen_loss": 0.8694699949622154,
    "cen_accuracy": 0.730625
  },
  "81": {
    "cen_loss": 0.8805251210331917,
    "cen_accuracy": 0.72725
  },
  "82": {
    "cen_loss": 0.8923310113400221,
    "cen_accuracy": 0.7305
  },
  "83": {
    "cen_loss": 0.8778207521438599,
    "cen_accuracy": 0.7265
  },
  "84": {
    "cen_loss": 0.8800911291837692,
    "cen_accuracy": 0.727625
  },
  "85": {
    "cen_loss": 0.8508582410216331,
    "cen_accuracy": 0.7345
  },
  "86": {
    "cen_loss": 0.8553006584346294,
    "cen_accuracy": 0.734
  },
  "87": {
    "cen_loss": 0.8774826245605946,
    "cen_accuracy": 0.7285
  },
  "88": {
    "cen_loss": 0.865738083690405,
    "cen_accuracy": 0.734
  },
  "89": {
    "cen_loss": 0.8800909462720156,
    "cen_accuracy": 0.732625
  },
  "90": {
    "cen_loss": 0.8854348077476024,
    "cen_accuracy": 0.735625
  },
  "91": {
    "cen_loss": 0.8675904571861028,
    "cen_accuracy": 0.733625
  },
  "92": {
    "cen_loss": 0.8488162145465612,
    "cen_accuracy": 0.739
  },
  "93": {
    "cen_loss": 0.8639129163324832,
    "cen_accuracy": 0.736625
  },
  "94": {
    "cen_loss": 0.939485191166401,
    "cen_accuracy": 0.71675
  },
  "95": {
    "cen_loss": 0.8579298833310605,
    "cen_accuracy": 0.73325
  },
  "96": {
    "cen_loss": 0.8396730590164662,
    "cen_accuracy": 0.74225
  },
  "97": {
    "cen_loss": 0.8497808150649071,
    "cen_accuracy": 0.7435
  },
  "98": {
    "cen_loss": 0.904379006832838,
    "cen_accuracy": 0.7335
  },
  "99": {
    "cen_loss": 0.8297435100227595,
    "cen_accuracy": 0.7415
  },
  "100": {
    "cen_loss": 0.8257649821192026,
    "cen_accuracy": 0.74575
  },