{
  "0": {
    "cen_loss": 4.375000893138216,
    "cen_accuracy": 0.011249064662789613
  },
  "1": {
    "cen_loss": 4.375000893138216,
    "cen_accuracy": 0.011249064662789613
  },
  "2": {
    "cen_loss": 2.5806660872879528,
    "cen_accuracy": 0.28937570647810573
  },
  "3": {
    "cen_loss": 2.164856488839361,
    "cen_accuracy": 0.388618111767395
  },
  "4": {
    "cen_loss": 1.9583882484367257,
    "cen_accuracy": 0.4429688797105174
  },
  "5": {
    "cen_loss": 1.9022344073050865,
    "cen_accuracy": 0.4645629444983977
  },
  "6": {
    "cen_loss": 1.8988878554896758,
    "cen_accuracy": 0.4728996704428893
  },
  "7": {
    "cen_loss": 1.9035149816800512,
    "cen_accuracy": 0.48101805627261585
  },
  "8": {
    "cen_loss": 1.9253941965444878,
    "cen_accuracy": 0.4834345809803016
  },
  "9": {
    "cen_loss": 1.9267119748767345,
    "cen_accuracy": 0.4868609287187757
  },
  "10": {
    "cen_loss": 1.9265359853193211,
    "cen_accuracy": 0.4868484196497006
  },
  "11": {
    "cen_loss": 1.872867998710448,
    "cen_accuracy": 0.4946449812477683
  },
  "12": {
    "cen_loss": 1.9025257277340293,
    "cen_accuracy": 0.49786208637625917
  },
  "13": {
    "cen_loss": 1.9257738548657088,
    "cen_accuracy": 0.49817822466742934
  },
  "14": {
    "cen_loss": 1.936952929212749,
    "cen_accuracy": 0.5004048389627935
  },
  "15": {
    "cen_loss": 1.9307812372560278,
    "cen_accuracy": 0.5033763114621738
  },
  "16": {
    "cen_loss": 1.9700347896971446,
    "cen_accuracy": 0.5035775937554727
  },
  "17": {
    "cen_loss": 2.0027082734701565,
    "cen_accuracy": 0.5016091211582943
  },
  "18": {
    "cen_loss": 2.013320863549902,
    "cen_accuracy": 0.5005572221678899
  },
  "19": {
    "cen_loss": 2.026108093698949,
    "cen_accuracy": 0.5019161619446826
  },
  "20": {
    "cen_loss": 2.026107308786948,
    "cen_accuracy": 0.5019104760041939
  },
  "21": {
    "cen_loss": 1.9805127715132644,
    "cen_accuracy": 0.5058508327628439
  },
  "22": {
    "cen_loss": 1.9483402086124255,
    "cen_accuracy": 0.5093010614513704
  },
  "23": {
    "cen_loss": 1.9366310842977779,
    "cen_accuracy": 0.5072927872707713
  },
  "24": {
    "cen_loss": 1.9394678387827715,
    "cen_accuracy": 0.5096046906734656
  },
  "25": {
    "cen_loss": 1.9369530314638725,
    "cen_accuracy": 0.510943161064499
  },
  "26": {
    "cen_loss": 1.9508237872324168,
    "cen_accuracy": 0.5109101826096647
  },
  "27": {
    "cen_loss": 1.9522034227517957,
    "cen_accuracy": 0.5122156745458639
  },
  "28": {
    "cen_loss": 1.9246602498801857,
    "cen_accuracy": 0.513384703910335
  },
  "29": {
    "cen_loss": 1.9344835788784465,
    "cen_accuracy": 0.5129468864927073
  },
  "30": {
    "cen_loss": 1.9344838600487015,
    "cen_accuracy": 0.5129514352450981
  },
  "31": {
    "cen_loss": 1.9418712297886835,
    "cen_accuracy": 0.5133790179698463
  },
  "32": {
    "cen_loss": 1.9583652769187943,
    "cen_accuracy": 0.5153452161908293
  },
  "33": {
    "cen_loss": 2.0067750814677177,
    "cen_accuracy": 0.5108146588094551
  },
  "34": {
    "cen_loss": 1.9549944292279708,
    "cen_accuracy": 0.5164198589431883
  },
  "35": {
    "cen_loss": 1.9135389252822188,
    "cen_accuracy": 0.5182734755424956
  },
  "36": {
    "cen_loss": 1.9668132999560028,
    "cen_accuracy": 0.5175638701695092
  },
  "37": {
    "cen_loss": 1.9273509471935968,
    "cen_accuracy": 0.518263240849616
  },
  "38": {
    "cen_loss": 1.92228571959196,
    "cen_accuracy": 0.5218362858526977
  },
  "39": {
    "cen_loss": 1.9617324617669316,
    "cen_accuracy": 0.518721527653003
  },
  "40": {
    "cen_loss": 1.9617325607596534,
    "cen_accuracy": 0.5187181160887098
  },
  "41": {
    "cen_loss": 1.950075939206408,
    "cen_accuracy": 0.5190274312512936
  },
  "42": {
    "cen_loss": 1.983588325305907,
    "cen_accuracy": 0.5199280842246993
  },
  "43": {
    "cen_loss": 2.0315358354752715,
    "cen_accuracy": 0.5170043736254238
  },
  "44": {
    "cen_loss": 1.8840347644216573,
    "cen_accuracy": 0.5252876517293219
  },
  "45": {
    "cen_loss": 1.9624939765814589,
    "cen_accuracy": 0.5227403503903967
  },
  "46": {
    "cen_loss": 1.9804078028070349,
    "cen_accuracy": 0.5213950568707768
  },
  "47": {
    "cen_loss": 1.9390048895232042,
    "cen_accuracy": 0.5238604806666651
  },
  "48": {
    "cen_loss": 1.95980697865198,
    "cen_accuracy": 0.5217907983287884
  },
  "49": {
    "cen_loss": 1.984114153772559,
    "cen_accuracy": 0.5206467871024675
  },
  "50": {
    "cen_loss": 1.9841146726090164,
    "cen_accuracy": 0.5206547474191516
  },
  "51": {
    "cen_loss": 1.950276742021503,
    "cen_accuracy": 0.5236432777399979
  },
  "52": {
    "cen_loss": 1.9573801490610319,
    "cen_accuracy": 0.5221979116677773
  },
  "53": {
    "cen_loss": 1.9201597912592805,
    "cen_accuracy": 0.525595829703808
  },
  "54": {
    "cen_loss": 2.0015089538970456,
    "cen_accuracy": 0.5210175104223289
  },
  "55": {
    "cen_loss": 1.959287501771862,
    "cen_accuracy": 0.5236910396401027
  },
  "56": {
    "cen_loss": 1.887404320360569,
    "cen_accuracy": 0.5270753114189606
  },
  "57": {
    "cen_loss": 1.9458188821544442,
    "cen_accuracy": 0.5234977176634878
  },
  "58": {
    "cen_loss": 1.963185729935158,
    "cen_accuracy": 0.5245587141586742
  },
  "59": {
    "cen_loss": 1.9633708033249726,
    "cen_accuracy": 0.5241788933340308
  },
  "60": {
    "cen_loss": 1.9633705703408586,
    "cen_accuracy": 0.5241754817697376
  },
  "61": {
    "cen_loss": 1.9246762230760877,
    "cen_accuracy": 0.5263429622840196
  },
  "62": {
    "cen_loss": 1.9494731078079706,
    "cen_accuracy": 0.5243346881034204
  },
  "63": {
    "cen_loss": 2.006398740751469,
    "cen_accuracy": 0.5210482145009677
  },
  "64": {
    "cen_loss": 1.9916409371002939,
    "cen_accuracy": 0.5225436168494886
  },
  "65": {
    "cen_loss": 1.990239231140469,
    "cen_accuracy": 0.5245803207325311
  },
  "66": {
    "cen_loss": 1.9218910888413656,
    "cen_accuracy": 0.5257311550874384
  },
  "67": {
    "cen_loss": 1.9961528487753626,
    "cen_accuracy": 0.5220659978484401
  },
  "68": {
    "cen_loss": 2.0142805088209514,
    "cen_accuracy": 0.5227710544690355
  },
  "69": {
    "cen_loss": 2.0162755897360722,
    "cen_accuracy": 0.5226471009663824
  },
  "70": {
    "cen_loss": 2.0162756482758666,
    "cen_accuracy": 0.5226516497187734
  },
  "71": {
    "cen_loss": 1.9751728205289492,
    "cen_accuracy": 0.5260086289832856
  },
  "72": {
    "cen_loss": 1.9657336421877676,
    "cen_accuracy": 0.5273527853148078
  },
  "73": {
    "cen_loss": 1.979403723600403,
    "cen_accuracy": 0.5271560517738997
  },
  "74": {
    "cen_loss": 1.9273043769727836,
    "cen_accuracy": 0.5284092330576031
  },
  "75": {
    "cen_loss": 2.0102406590637782,
    "cen_accuracy": 0.5245314216443285
  },
  "76": {
    "cen_loss": 1.9342830366474932,
    "cen_accuracy": 0.5273505109386123
  },
  "77": {
    "cen_loss": 1.970665087220397,
    "cen_accuracy": 0.5262906516315238
  },
  "78": {
    "cen_loss": 1.9649880436753582,
    "cen_accuracy": 0.5257163716421679
  },
  "79": {
    "cen_loss": 1.994839858665651,
    "cen_accuracy": 0.5270821345475469
  },
  "80": {
    "cen_loss": 1.994840767019772,
    "cen_accuracy": 0.5270764486070583
  },
  "81": {
    "cen_loss": 1.9780152645198843,
    "cen_accuracy": 0.5284945221649332
  },
  "82": {
    "cen_loss": 1.9902885051889292,
    "cen_accuracy": 0.5255469306156054
  },
  "83": {
    "cen_loss": 1.9449179622351784,
    "cen_accuracy": 0.5262281062861484
  },
  "84": {
    "cen_loss": 1.98547834418605,
    "cen_accuracy": 0.5266670608918739
  },
  "85": {
    "cen_loss": 1.9922325517315485,
    "cen_accuracy": 0.5254707390130572
  },
  "86": {
    "cen_loss": 2.0026298426733646,
    "cen_accuracy": 0.5269433975996234
  },
  "87": {
    "cen_loss": 1.9652853237206942,
    "cen_accuracy": 0.5297079018652159
  },
  "88": {
    "cen_loss": 2.0203388325489122,
    "cen_accuracy": 0.5236967255805914
  },