{
  "0": {
    "cen_loss": 2.303691922664642,
    "cen_accuracy": 0.09875
  },
  "1": {
    "cen_loss": 2.303691922664642,
    "cen_accuracy": 0.09875
  },
  "2": {
    "cen_loss": 2.4737631356716157,
    "cen_accuracy": 0.09975
  },
  "3": {
    "cen_loss": 2.4737631356716157,
    "cen_accuracy": 0.09975
  },
  "4": {
    "cen_loss": 2.172153151512146,
    "cen_accuracy": 0.237625
  },
  "5": {
    "cen_loss": 1.9509997794628142,
    "cen_accuracy": 0.25825
  },
  "6": {
    "cen_loss": 1.9804442594051361,
    "cen_accuracy": 0.283625
  },
  "7": {
    "cen_loss": 2.1451715414524077,
    "cen_accuracy": 0.276625
  },
  "8": {
    "cen_loss": 1.67048826110363,
    "cen_accuracy": 0.40525
  },
  "9": {
    "cen_loss": 2.0163010194301605,
    "cen_accuracy": 0.322875
  },
  "10": {
    "cen_loss": 2.0148961243629455,
    "cen_accuracy": 0.322875
  },
  "11": {
    "cen_loss": 2.1974053827524185,
    "cen_accuracy": 0.314
  },
  "12": {
    "cen_loss": 2.144426230669022,
    "cen_accuracy": 0.32375
  },
  "13": {
    "cen_loss": 1.9881120146512985,
    "cen_accuracy": 0.351375
  },
  "14": {
    "cen_loss": 2.4079169313907625,
    "cen_accuracy": 0.29075
  },
  "15": {
    "cen_loss": 2.338491638660431,
    "cen_accuracy": 0.320375
  },
  "16": {
    "cen_loss": 3.042678200960159,
    "cen_accuracy": 0.265625
  },
  "17": {
    "cen_loss": 1.9742108998298644,
    "cen_accuracy": 0.376375
  },
  "18": {
    "cen_loss": 2.0418859283924102,
    "cen_accuracy": 0.370625
  },
  "19": {
    "cen_loss": 2.084248992204666,
    "cen_accuracy": 0.40475
  },
  "20": {
    "cen_loss": 2.0842489260435104,
    "cen_accuracy": 0.40475
  },
  "21": {
    "cen_loss": 1.9735505737066268,
    "cen_accuracy": 0.363625
  },
  "22": {
    "cen_loss": 1.8576990716457367,
    "cen_accuracy": 0.38825
  },
  "23": {
    "cen_loss": 2.056514857530594,
    "cen_accuracy": 0.38925
  },
  "24": {
    "cen_loss": 2.0252812762260435,
    "cen_accuracy": 0.38325
  },
  "25": {
    "cen_loss": 2.1160380256175997,
    "cen_accuracy": 0.366375
  },
  "26": {
    "cen_loss": 1.9438266159296036,
    "cen_accuracy": 0.405875
  },
  "27": {
    "cen_loss": 2.364956626415253,
    "cen_accuracy": 0.33975
  },
  "28": {
    "cen_loss": 2.1097537481784823,
    "cen_accuracy": 0.375125
  },
  "29": {
    "cen_loss": 1.9336741958856583,
    "cen_accuracy": 0.396375
  },
  "30": {
    "cen_loss": 1.9336742407083511,
    "cen_accuracy": 0.396375
  },
  "31": {
    "cen_loss": 1.8866121051311493,
    "cen_accuracy": 0.403375
  },
  "32": {
    "cen_loss": 2.17763072013855,
    "cen_accuracy": 0.377625
  },
  "33": {
    "cen_loss": 1.8260844844579696,
    "cen_accuracy": 0.4275
  },
  "34": {
    "cen_loss": 2.0723761233091356,
    "cen_accuracy": 0.3885
  },
  "35": {
    "cen_loss": 1.929627470612526,
    "cen_accuracy": 0.400625
  },
  "36": {
    "cen_loss": 2.392740063905716,
    "cen_accuracy": 0.33525
  },
  "37": {
    "cen_loss": 1.9448809645175933,
    "cen_accuracy": 0.388125
  },
  "38": {
    "cen_loss": 2.1630930376052855,
    "cen_accuracy": 0.376625
  },
  "39": {
    "cen_loss": 1.8303022450208664,
    "cen_accuracy": 0.421375
  },
  "40": {
    "cen_loss": 1.8303022450208664,
    "cen_accuracy": 0.421375
  },
  "41": {
    "cen_loss": 2.3589661136865616,
    "cen_accuracy": 0.358125
  },
  "42": {
    "cen_loss": 2.922641630411148,
    "cen_accuracy": 0.308625
  },
  "43": {
    "cen_loss": 1.8781275728940963,
    "cen_accuracy": 0.41425
  },
  "44": {
    "cen_loss": 2.209533319234848,
    "cen_accuracy": 0.38225
  },
  "45": {
    "cen_loss": 2.3592549691200255,
    "cen_accuracy": 0.376875
  },
  "46": {
    "cen_loss": 1.909888398528099,
    "cen_accuracy": 0.412875
  },
  "47": {
    "cen_loss": 2.0222573714256287,
    "cen_accuracy": 0.41275
  },
  "48": {
    "cen_loss": 2.050583655953407,
    "cen_accuracy": 0.41425
  },
  "49": {
    "cen_loss": 2.687888119220734,
    "cen_accuracy": 0.32675
  },
  "50": {
    "cen_loss": 2.6878880660533904,
    "cen_accuracy": 0.32675
  },
  "51": {
    "cen_loss": 2.0314559308290483,
    "cen_accuracy": 0.40575
  },
  "52": {
    "cen_loss": 2.7598899931907654,
    "cen_accuracy": 0.298875
  },
  "53": {
    "cen_loss": 2.413940016746521,
    "cen_accuracy": 0.36225
  },
  "54": {
    "cen_loss": 2.112905003666878,
    "cen_accuracy": 0.404125
  },
  "55": {
    "cen_loss": 2.1404772732257844,
    "cen_accuracy": 0.366
  },
  "56": {
    "cen_loss": 2.089501280784607,
    "cen_accuracy": 0.375375
  },
  "57": {
    "cen_loss": 1.8162656475305556,
    "cen_accuracy": 0.435625
  },
  "58": {
    "cen_loss": 1.8408235405683517,
    "cen_accuracy": 0.43025
  },
  "59": {
    "cen_loss": 1.642781938433647,
    "cen_accuracy": 0.46375
  },
  "60": {
    "cen_loss": 1.6427818719148637,
    "cen_accuracy": 0.46375
  },
  "61": {
    "cen_loss": 2.4205969970226286,
    "cen_accuracy": 0.3735
  },
  "62": {
    "cen_loss": 2.339250988006592,
    "cen_accuracy": 0.35475
  },
  "63": {
    "cen_loss": 2.044367767930031,
    "cen_accuracy": 0.388875
  },
  "64": {
    "cen_loss": 1.9168976291418076,
    "cen_accuracy": 0.426
  },
  "65": {
    "cen_loss": 2.400551893234253,
    "cen_accuracy": 0.372
  },
  "66": {
    "cen_loss": 1.9464161957502366,
    "cen_accuracy": 0.4125
  },
  "67": {
    "cen_loss": 1.9820805764198304,
    "cen_accuracy": 0.415875
  },
  "68": {
    "cen_loss": 1.9851774487495422,
    "cen_accuracy": 0.416625
  },
  "69": {
    "cen_loss": 2.039337573647499,
    "cen_accuracy": 0.404
  },
  "70": {
    "cen_loss": 2.039337539076805,
    "cen_accuracy": 0.404
  },
  "71": {
    "cen_loss": 1.8579445399045944,
    "cen_accuracy": 0.43475
  },
  "72": {
    "cen_loss": 2.1854129083156586,
    "cen_accuracy": 0.404125
  },
  "73": {
    "cen_loss": 1.9030439525842666,
    "cen_accuracy": 0.414625
  },
  "74": {
    "cen_loss": 1.8340174465179444,
    "cen_accuracy": 0.432
  },
  "75": {
    "cen_loss": 2.20464011490345,
    "cen_accuracy": 0.400375
  },
  "76": {
    "cen_loss": 2.2329527248144148,
    "cen_accuracy": 0.385
  },
  "77": {
    "cen_loss": 2.1436253442764284,
    "cen_accuracy": 0.37525
  },
  "78": {
    "cen_loss": 2.0885172806978227,
    "cen_accuracy": 0.39575
  },
  "79": {
    "cen_loss": 1.8723549960851669,
    "cen_accuracy": 0.429375
  },
  "80": {
    "cen_loss": 1.8723550350666047,
    "cen_accuracy": 0.429375
  },
  "81": {
    "cen_loss": 1.8530713938474654,
    "cen_accuracy": 0.427625
  },
  "82": {
    "cen_loss": 2.387745063185692,
    "cen_accuracy": 0.349375
  },
  "83": {
    "cen_loss": 2.0142229993343355,
    "cen_accuracy": 0.39375
  },
  "84": {
    "cen_loss": 2.431054529428482,
    "cen_accuracy": 0.347875
  },
  "85": {
    "cen_loss": 2.431054529428482,
    "cen_accuracy": 0.347875
  },
  "86": {
    "cen_loss": 2.018546658039093,
    "cen_accuracy": 0.42025
  },
  "87": {
    "cen_loss": 2.018546658039093,
    "cen_accuracy": 0.42025
  },
  "88": {
    "cen_loss": 2.4680164382457734,
    "cen_accuracy": 0.3715
  },
  "89": {
    "cen_loss": 2.361963653564453,
    "cen_accuracy": 0.387
  },
  "90": {
    "cen_loss": 2.361963627576828,
    "cen_accuracy": 0.387
  },
  "91": {
    "cen_loss": 2.361963627576828,
    "cen_accuracy": 0.387
  },
  "92": {
    "cen_loss": 2.231504939556122,
    "cen_accuracy": 0.3765
  },
  "93": {
    "cen_loss": 2.385819829106331,
    "cen_accuracy": 0.336625
  },
  "94": {
    "cen_loss": 2.298208350777626,
    "cen_accuracy": 0.384375
  },
  "95": {
    "cen_loss": 2.0183204278945923,
    "cen_accuracy": 0.41
  },
  "96": {
    "cen_loss": 1.9794780811071395,
    "cen_accuracy": 0.403875
  },
  "97": {
    "cen_loss": 2.391586084485054,
    "cen_accuracy": 0.38525
  },
  "98": {
    "cen_loss": 1.9730762677192688,
    "cen_accuracy": 0.431875
  },
  "99": {
    "cen_loss": 2.0939050199985503,
    "cen_accuracy": 0.422875
  },
  "100": {
    "cen_loss": 2.0939051930904387,
    "cen_accuracy": 0.422875
  },
  "101": {
    "cen_loss": 1.905370226264,