{
  "0": {
    "cen_loss": 2.302809526920319,
    "cen_accuracy": 0.10075
  },
  "1": {
    "cen_loss": 2.302809526920319,
    "cen_accuracy": 0.10075
  },
  "2": {
    "cen_loss": 3.0135976021289825,
    "cen_accuracy": 0.09975
  },
  "3": {
    "cen_loss": 4.620156969070434,
    "cen_accuracy": 0.098625
  },
  "4": {
    "cen_loss": 4.208037075042725,
    "cen_accuracy": 0.101125
  },
  "5": {
    "cen_loss": 3.8111320819854737,
    "cen_accuracy": 0.144625
  },
  "6": {
    "cen_loss": 4.114335902214051,
    "cen_accuracy": 0.107625
  },
  "7": {
    "cen_loss": 5.097943017959595,
    "cen_accuracy": 0.1585
  },
  "8": {
    "cen_loss": 2.6588881566524507,
    "cen_accuracy": 0.207625
  },
  "9": {
    "cen_loss": 3.1120199966430664,
    "cen_accuracy": 0.256625
  },
  "10": {
    "cen_loss": 2.760718600511551,
    "cen_accuracy": 0.30875
  },
  "11": {
    "cen_loss": 2.8463286380767823,
    "cen_accuracy": 0.228875
  },
  "12": {
    "cen_loss": 3.045512131690979,
    "cen_accuracy": 0.245125
  },
  "13": {
    "cen_loss": 2.187539611816406,
    "cen_accuracy": 0.292625
  },
  "14": {
    "cen_loss": 2.3775569753646852,
    "cen_accuracy": 0.23825
  },
  "15": {
    "cen_loss": 2.567949892282486,
    "cen_accuracy": 0.242125
  },
  "16": {
    "cen_loss": 2.68914497756958,
    "cen_accuracy": 0.2385
  },
  "17": {
    "cen_loss": 2.347607350707054,
    "cen_accuracy": 0.324
  },
  "18": {
    "cen_loss": 2.5253215517997742,
    "cen_accuracy": 0.307375
  },
  "19": {
    "cen_loss": 2.108309642314911,
    "cen_accuracy": 0.333625
  },
  "20": {
    "cen_loss": 2.011084787130356,
    "cen_accuracy": 0.372
  },
  "21": {
    "cen_loss": 1.7599202250242234,
    "cen_accuracy": 0.41325
  },
  "22": {
    "cen_loss": 3.164094975709915,
    "cen_accuracy": 0.31175
  },
  "23": {
    "cen_loss": 2.2328396770954133,
    "cen_accuracy": 0.336125
  },
  "24": {
    "cen_loss": 2.1686600751876832,
    "cen_accuracy": 0.325625
  },
  "25": {
    "cen_loss": 2.5228697135448455,
    "cen_accuracy": 0.287125
  },
  "26": {
    "cen_loss": 3.684234484910965,
    "cen_accuracy": 0.1605
  },
  "27": {
    "cen_loss": 2.9770585589408873,
    "cen_accuracy": 0.3085
  },
  "28": {
    "cen_loss": 1.9276147639751435,
    "cen_accuracy": 0.355
  },
  "29": {
    "cen_loss": 4.061485244750976,
    "cen_accuracy": 0.165
  },
  "30": {
    "cen_loss": 4.209026204586029,
    "cen_accuracy": 0.166375
  },
  "31": {
    "cen_loss": 2.200993476867676,
    "cen_accuracy": 0.368
  },
  "32": {
    "cen_loss": 4.06141335439682,
    "cen_accuracy": 0.16025
  },
  "33": {
    "cen_loss": 2.808363345861435,
    "cen_accuracy": 0.3555
  },
  "34": {
    "cen_loss": 2.2102655076980593,
    "cen_accuracy": 0.337
  },
  "35": {
    "cen_loss": 2.848040331840515,
    "cen_accuracy": 0.334
  },
  "36": {
    "cen_loss": 2.1009674355983736,
    "cen_accuracy": 0.3595
  },
  "37": {
    "cen_loss": 1.743043151676655,
    "cen_accuracy": 0.470875
  },
  "38": {
    "cen_loss": 1.9706983952522277,
    "cen_accuracy": 0.404875
  },
  "39": {
    "cen_loss": 2.321445075392723,
    "cen_accuracy": 0.34975
  },
  "40": {
    "cen_loss": 3.8703496193885805,
    "cen_accuracy": 0.196125
  },
  "41": {
    "cen_loss": 1.777424593448639,
    "cen_accuracy": 0.419125
  },
  "42": {
    "cen_loss": 1.9393215763568878,
    "cen_accuracy": 0.42125
  },
  "43": {
    "cen_loss": 1.6742363554239272,
    "cen_accuracy": 0.449375
  },
  "44": {
    "cen_loss": 2.456308806180954,
    "cen_accuracy": 0.352375
  },
  "45": {
    "cen_loss": 2.702769818305969,
    "cen_accuracy": 0.357
  },
  "46": {
    "cen_loss": 2.3620191588401793,
    "cen_accuracy": 0.295375
  },
  "47": {
    "cen_loss": 2.1412562682628633,
    "cen_accuracy": 0.361375
  },
  "48": {
    "cen_loss": 2.465811750650406,
    "cen_accuracy": 0.366625
  },
  "49": {
    "cen_loss": 1.9518480780124665,
    "cen_accuracy": 0.444875
  },
  "50": {
    "cen_loss": 1.8899506986141206,
    "cen_accuracy": 0.4455
  },
  "51": {
    "cen_loss": 1.6763065005540847,
    "cen_accuracy": 0.468625
  },
  "52": {
    "cen_loss": 1.8586674362421036,
    "cen_accuracy": 0.45225
  },
  "53": {
    "cen_loss": 1.8249888579845428,
    "cen_accuracy": 0.3735
  },
  "54": {
    "cen_loss": 2.1675092785358427,
    "cen_accuracy": 0.335
  },
  "55": {
    "cen_loss": 1.9374672139883042,
    "cen_accuracy": 0.458625
  },
  "56": {
    "cen_loss": 2.098574872612953,
    "cen_accuracy": 0.466625
  },
  "57": {
    "cen_loss": 3.789796350479126,
    "cen_accuracy": 0.205125
  },
  "58": {
    "cen_loss": 1.6563885283470154,
    "cen_accuracy": 0.452375
  },
  "59": {
    "cen_loss": 3.3736170995235444,
    "cen_accuracy": 0.251375
  },
  "60": {
    "cen_loss": 3.872385708808899,
    "cen_accuracy": 0.211875
  },
  "61": {
    "cen_loss": 3.4037980858683587,
    "cen_accuracy": 0.314
  },
  "62": {
    "cen_loss": 1.9890809699296952,
    "cen_accuracy": 0.37675
  },
  "63": {
    "cen_loss": 1.9608882270455361,
    "cen_accuracy": 0.534125
  },
  "64": {
    "cen_loss": 1.4956080676317216,
    "cen_accuracy": 0.491875
  },
  "65": {
    "cen_loss": 1.8634632951021195,
    "cen_accuracy": 0.44725
  },
  "66": {
    "cen_loss": 1.566259577691555,
    "cen_accuracy": 0.524
  },
  "67": {
    "cen_loss": 1.2629767754077912,
    "cen_accuracy": 0.548375
  },
  "68": {
    "cen_loss": 2.3271044331789015,
    "cen_accuracy": 0.3895
  },
  "69": {
    "cen_loss": 2.3404674654006956,
    "cen_accuracy": 0.4075
  },
  "70": {
    "cen_loss": 2.206274868965149,
    "cen_accuracy": 0.423875
  },
  "71": {
    "cen_loss": 1.6689492130279542,
    "cen_accuracy": 0.51025
  },
  "72": {
    "cen_loss": 2.743817374110222,
    "cen_accuracy": 0.425125
  },
  "73": {
    "cen_loss": 3.12978928732872,
    "cen_accuracy": 0.313125
  },
  "74": {
    "cen_loss": 1.930601036310196,
    "cen_accuracy": 0.441875
  },
  "75": {
    "cen_loss": 1.518153815448284,
    "cen_accuracy": 0.531625
  },
  "76": {
    "cen_loss": 2.1105019764900206,
    "cen_accuracy": 0.42625
  },
  "77": {
    "cen_loss": 1.7213246319293976,
    "cen_accuracy": 0.4745
  },
  "78": {
    "cen_loss": 1.9586710280179978,
    "cen_accuracy": 0.428125
  },
  "79": {
    "cen_loss": 1.8717014580965041,
    "cen_accuracy": 0.38375
  },
  "80": {
    "cen_loss": 2.257507732272148,
    "cen_accuracy": 0.309625
  },
  "81": {
    "cen_loss": 1.2962657486796378,
    "cen_accuracy": 0.5465
  },
  "82": {
    "cen_loss": 1.469336763858795,
    "cen_accuracy": 0.521875
  },
  "83": {
    "cen_loss": 1.5297075307369232,
    "cen_accuracy": 0.56
  },
  "84": {
    "cen_loss": 3.029125022470951,
    "cen_accuracy": 0.30975
  },
  "85": {
    "cen_loss": 1.801595401763916,
    "cen_accuracy": 0.378875
  },
  "86": {
    "cen_loss": 1.2713549539446831,
    "cen_accuracy": 0.598625
  },
  "87": {
    "cen_loss": 2.0067433494329454,
    "cen_accuracy": 0.489
  },
  "88": {
    "cen_loss": 1.7479056037664413,
    "cen_accuracy": 0.53175
  },
  "89": {
    "cen_loss": 1.50829587996006,
    "cen_accuracy": 0.55375
  },
  "90": {
    "cen_loss": 1.4724746007323266,
    "cen_accuracy": 0.567375
  },
  "91": {
    "cen_loss": 1.2657822107076644,
    "cen_accuracy": 0.564375
  },
  "92": {
    "cen_loss": 1.8643086471557617,
    "cen_accuracy": 0.4995
  },
  "93": {
    "cen_loss": 1.4977748256325722,
    "cen_accuracy": 0.544625
  },
  "94": {
    "cen_loss": 1.693741110920906,
    "cen_accuracy": 0.4745
  },
  "95": {
    "cen_loss": 2.925507248401642,
    "cen_accuracy": 0.41125
  },
  "96": {
    "cen_loss": 2.461115133047104,
    "cen_accuracy": 0.27025
  },
  "97": {
    "cen_loss": 2.795057287633419,
    "cen_accuracy": 0.333625
  },
  "98": {
    "cen_loss": 1.7328657692074776,
    "cen_accuracy": 0.431625
  },
  "99": {
    "cen_loss": 2.160018644928932,
    "cen_accuracy": 0.398625
  },
  "100": {
    "cen_loss": 2.719787816286087,
    "cen_accuracy": 0.37325
  },
  "101": {
    "cen_loss": 1.689615198969841,