{
  "0": {
    "cen_loss": 2.3028162007331847,
    "cen_accuracy": 0.1005
  },
  "1": {
    "cen_loss": 2.3028162007331847,
    "cen_accuracy": 0.1005
  },
  "2": {
    "cen_loss": 3.390819097518921,
    "cen_accuracy": 0.101625
  },
  "3": {
    "cen_loss": 3.863369514465332,
    "cen_accuracy": 0.101625
  },
  "4": {
    "cen_loss": 3.449402370452881,
    "cen_accuracy": 0.0995
  },
  "5": {
    "cen_loss": 3.968377342700958,
    "cen_accuracy": 0.0995
  },
  "6": {
    "cen_loss": 4.6134093446731566,
    "cen_accuracy": 0.151875
  },
  "7": {
    "cen_loss": 3.8758094792366027,
    "cen_accuracy": 0.114875
  },
  "8": {
    "cen_loss": 2.1349958610534667,
    "cen_accuracy": 0.304
  },
  "9": {
    "cen_loss": 1.87695871591568,
    "cen_accuracy": 0.36625
  },
  "10": {
    "cen_loss": 1.5128874415159226,
    "cen_accuracy": 0.50075
  },
  "11": {
    "cen_loss": 1.836938881278038,
    "cen_accuracy": 0.3985
  },
  "12": {
    "cen_loss": 1.6471469804048537,
    "cen_accuracy": 0.46575
  },
  "13": {
    "cen_loss": 1.798987116932869,
    "cen_accuracy": 0.445125
  },
  "14": {
    "cen_loss": 1.7726799646615983,
    "cen_accuracy": 0.494125
  },
  "15": {
    "cen_loss": 1.5363959790468216,
    "cen_accuracy": 0.54475
  },
  "16": {
    "cen_loss": 1.7755159204602242,
    "cen_accuracy": 0.513875
  },
  "17": {
    "cen_loss": 1.4489038777947425,
    "cen_accuracy": 0.5825
  },
  "18": {
    "cen_loss": 1.6837519871294497,
    "cen_accuracy": 0.548875
  },
  "19": {
    "cen_loss": 1.3646299538314342,
    "cen_accuracy": 0.60675
  },
  "20": {
    "cen_loss": 1.4868525242209434,
    "cen_accuracy": 0.596125
  },
  "21": {
    "cen_loss": 1.2607602679133416,
    "cen_accuracy": 0.62875
  },
  "22": {
    "cen_loss": 1.4728450009077787,
    "cen_accuracy": 0.596
  },
  "23": {
    "cen_loss": 1.4206629219651221,
    "cen_accuracy": 0.609375
  },
  "24": {
    "cen_loss": 1.365778279900551,
    "cen_accuracy": 0.6195
  },
  "25": {
    "cen_loss": 1.322884251832962,
    "cen_accuracy": 0.630875
  },
  "26": {
    "cen_loss": 1.3559404813647271,
    "cen_accuracy": 0.635625
  },
  "27": {
    "cen_loss": 1.277755125105381,
    "cen_accuracy": 0.6525
  },
  "28": {
    "cen_loss": 1.4131555193662644,
    "cen_accuracy": 0.62425
  },
  "29": {
    "cen_loss": 1.3178124318420887,
    "cen_accuracy": 0.644
  },
  "30": {
    "cen_loss": 1.313361908942461,
    "cen_accuracy": 0.649125
  },
  "31": {
    "cen_loss": 1.374697599887848,
    "cen_accuracy": 0.64675
  },
  "32": {
    "cen_loss": 1.26864521291852,
    "cen_accuracy": 0.654375
  },
  "33": {
    "cen_loss": 1.3774144889712334,
    "cen_accuracy": 0.651875
  },
  "34": {
    "cen_loss": 1.403482794880867,
    "cen_accuracy": 0.631625
  },
  "35": {
    "cen_loss": 1.406423234939575,
    "cen_accuracy": 0.64325
  },
  "36": {
    "cen_loss": 1.3405116315484047,
    "cen_accuracy": 0.655625
  },
  "37": {
    "cen_loss": 1.3179499256312848,
    "cen_accuracy": 0.665
  },
  "38": {
    "cen_loss": 1.4219121494442224,
    "cen_accuracy": 0.6485
  },
  "39": {
    "cen_loss": 1.340172499537468,
    "cen_accuracy": 0.66775
  },
  "40": {
    "cen_loss": 1.4037739008963108,
    "cen_accuracy": 0.66175
  },
  "41": {
    "cen_loss": 1.3833915878236294,
    "cen_accuracy": 0.65725
  },
  "42": {
    "cen_loss": 1.524835215240717,
    "cen_accuracy": 0.629375
  },
  "43": {
    "cen_loss": 1.3285502282530068,
    "cen_accuracy": 0.666
  },
  "44": {
    "cen_loss": 1.3175231474637985,
    "cen_accuracy": 0.665625
  },
  "45": {
    "cen_loss": 1.3272242929637432,
    "cen_accuracy": 0.667375
  },
  "46": {
    "cen_loss": 1.2615985208153724,
    "cen_accuracy": 0.674875
  },
  "47": {
    "cen_loss": 1.307177272081375,
    "cen_accuracy": 0.67725
  },
  "48": {
    "cen_loss": 1.2569625681787728,
    "cen_accuracy": 0.676
  },
  "49": {
    "cen_loss": 1.3163865722566843,
    "cen_accuracy": 0.6695
  },
  "50": {
    "cen_loss": 1.412403783917427,
    "cen_accuracy": 0.658625
  },
  "51": {
    "cen_loss": 1.31731874281168,
    "cen_accuracy": 0.673375
  },
  "52": {
    "cen_loss": 1.387018697321415,
    "cen_accuracy": 0.666
  },
  "53": {
    "cen_loss": 1.3400150517076255,
    "cen_accuracy": 0.6705
  },
  "54": {
    "cen_loss": 1.3011964131742715,
    "cen_accuracy": 0.676625
  },
  "55": {
    "cen_loss": 1.2909197692275047,
    "cen_accuracy": 0.67925
  },
  "56": {
    "cen_loss": 1.337279837846756,
    "cen_accuracy": 0.66975
  },
  "57": {
    "cen_loss": 1.2468585064709186,
    "cen_accuracy": 0.684
  },
  "58": {
    "cen_loss": 1.3687746281474829,
    "cen_accuracy": 0.67075
  },
  "59": {
    "cen_loss": 1.3347181192040443,
    "cen_accuracy": 0.6675
  },
  "60": {
    "cen_loss": 1.4270790645331144,
    "cen_accuracy": 0.65775
  },
  "61": {
    "cen_loss": 1.3905182502791285,
    "cen_accuracy": 0.660625
  },
  "62": {
    "cen_loss": 1.281349904537201,
    "cen_accuracy": 0.677125
  },
  "63": {
    "cen_loss": 1.3087994831502439,
    "cen_accuracy": 0.6795
  },
  "64": {
    "cen_loss": 1.287979424715042,
    "cen_accuracy": 0.68775
  },
  "65": {
    "cen_loss": 1.3227266842722893,
    "cen_accuracy": 0.685125
  },
  "66": {
    "cen_loss": 1.354150937795639,
    "cen_accuracy": 0.679125
  },
  "67": {
    "cen_loss": 1.3574394836723804,
    "cen_accuracy": 0.67625
  },
  "68": {
    "cen_loss": 1.3151591342538596,
    "cen_accuracy": 0.678375
  },
  "69": {
    "cen_loss": 1.360131698548794,
    "cen_accuracy": 0.670875
  },
  "70": {
    "cen_loss": 1.4088353585898876,
    "cen_accuracy": 0.671125
  },
  "71": {
    "cen_loss": 1.2863708220422267,
    "cen_accuracy": 0.684375
  },
  "72": {
    "cen_loss": 1.2490674866139888,
    "cen_accuracy": 0.68225
  },
  "73": {
    "cen_loss": 1.2714196475446224,
    "cen_accuracy": 0.69025
  },
  "74": {
    "cen_loss": 1.241761791229248,
    "cen_accuracy": 0.683625
  },
  "75": {
    "cen_loss": 1.2557664892673492,
    "cen_accuracy": 0.685
  },
  "76": {
    "cen_loss": 1.2362985207438468,
    "cen_accuracy": 0.69325
  },
  "77": {
    "cen_loss": 1.273283906251192,
    "cen_accuracy": 0.6835
  },
  "78": {
    "cen_loss": 1.2516673790216446,
    "cen_accuracy": 0.693875
  },
  "79": {
    "cen_loss": 1.2855738351643085,
    "cen_accuracy": 0.693
  },
  "80": {
    "cen_loss": 1.3678921550810337,
    "cen_accuracy": 0.688
  },
  "81": {
    "cen_loss": 1.317545214265585,
    "cen_accuracy": 0.664875
  },
  "82": {
    "cen_loss": 1.301078850030899,
    "cen_accuracy": 0.684375
  },
  "83": {
    "cen_loss": 1.2865870672166348,
    "cen_accuracy": 0.689125
  },
  "84": {
    "cen_loss": 1.2890663655996322,
    "cen_accuracy": 0.695875
  },
  "85": {
    "cen_loss": 1.243522241383791,
    "cen_accuracy": 0.687375
  },
  "86": {
    "cen_loss": 1.2276343115121127,
    "cen_accuracy": 0.685875
  },
  "87": {
    "cen_loss": 1.234380932122469,
    "cen_accuracy": 0.68425
  },
  "88": {
    "cen_loss": 1.0912588088735937,
    "cen_accuracy": 0.707375
  },
  "89": {
    "cen_loss": 1.111685129210353,
    "cen_accuracy": 0.70625
  },
  "90": {
    "cen_loss": 1.1973409920632838,
    "cen_accuracy": 0.698625
  },
  "91": {
    "cen_loss": 1.1014761033058167,
    "cen_accuracy": 0.70025
  },
  "92": {
    "cen_loss": 1.07289424559474,
    "cen_accuracy": 0.6995
  },
  "93": {
    "cen_loss": 1.0994304419159888,
    "cen_accuracy": 0.704375
  },
  "94": {
    "cen_loss": 1.1135650646984576,
    "cen_accuracy": 0.710125
  },
  "95": {
    "cen_loss": 1.1964985961318015,
    "cen_accuracy": 0.6975
  },
  "96": {
    "cen_loss": 1.1492482919692992,
    "cen_accuracy": 0.705375
  },
  "97": {
    "cen_loss": 1.117392490401864,
    "cen_accuracy": 0.7065
  },
  "98": {
    "cen_loss": 1.154455060184002,
    "cen_accuracy": 0.707375
  },
  "99": {
    "cen_loss": 1.1960417333692313,
    "cen_accuracy": 0.70375
  },
  "100": {
    "cen_loss": 1.2131612650454044,
    "cen_accuracy": 0.7105
  },
  "101": {
    "cen_loss": 1.1992747182548047,