{
  "0": {
    "cen_loss": 2.3028095273971556,
    "cen_accuracy": 0.10075
  },
  "1": {
    "cen_loss": 2.3028095273971556,
    "cen_accuracy": 0.10075
  },
  "2": {
    "cen_loss": 3.9331235666275024,
    "cen_accuracy": 0.101125
  },
  "3": {
    "cen_loss": 5.4725889115333555,
    "cen_accuracy": 0.101125
  },
  "4": {
    "cen_loss": 4.533017002105713,
    "cen_accuracy": 0.101125
  },
  "5": {
    "cen_loss": 5.123524273395538,
    "cen_accuracy": 0.101125
  },
  "6": {
    "cen_loss": 4.466175038814544,
    "cen_accuracy": 0.094375
  },
  "7": {
    "cen_loss": 4.452940079927444,
    "cen_accuracy": 0.158125
  },
  "8": {
    "cen_loss": 4.140259692907334,
    "cen_accuracy": 0.16175
  },
  "9": {
    "cen_loss": 2.8444090135097504,
    "cen_accuracy": 0.267
  },
  "10": {
    "cen_loss": 1.5894198470115661,
    "cen_accuracy": 0.497125
  },
  "11": {
    "cen_loss": 2.265874534845352,
    "cen_accuracy": 0.337875
  },
  "12": {
    "cen_loss": 1.9525500580072404,
    "cen_accuracy": 0.38875
  },
  "13": {
    "cen_loss": 1.8633372542858124,
    "cen_accuracy": 0.441
  },
  "14": {
    "cen_loss": 1.7173415879011154,
    "cen_accuracy": 0.47725
  },
  "15": {
    "cen_loss": 1.7047091997861863,
    "cen_accuracy": 0.49225
  },
  "16": {
    "cen_loss": 1.6678195299506187,
    "cen_accuracy": 0.52775
  },
  "17": {
    "cen_loss": 1.7555063861012459,
    "cen_accuracy": 0.51375
  },
  "18": {
    "cen_loss": 1.5151492418646813,
    "cen_accuracy": 0.5525
  },
  "19": {
    "cen_loss": 1.6070121138095856,
    "cen_accuracy": 0.550875
  },
  "20": {
    "cen_loss": 1.6590154626965523,
    "cen_accuracy": 0.559625
  },
  "21": {
    "cen_loss": 1.536874203622341,
    "cen_accuracy": 0.553
  },
  "22": {
    "cen_loss": 1.561418192744255,
    "cen_accuracy": 0.565625
  },
  "23": {
    "cen_loss": 1.4514687361717225,
    "cen_accuracy": 0.5775
  },
  "24": {
    "cen_loss": 1.4916956807374955,
    "cen_accuracy": 0.565875
  },
  "25": {
    "cen_loss": 1.3912279384732247,
    "cen_accuracy": 0.60175
  },
  "26": {
    "cen_loss": 1.5638221448659897,
    "cen_accuracy": 0.566125
  },
  "27": {
    "cen_loss": 1.6316602225899697,
    "cen_accuracy": 0.571125
  },
  "28": {
    "cen_loss": 1.484578246474266,
    "cen_accuracy": 0.59275
  },
  "29": {
    "cen_loss": 1.3908737564980984,
    "cen_accuracy": 0.614375
  },
  "30": {
    "cen_loss": 1.4091730366647244,
    "cen_accuracy": 0.6205
  },
  "31": {
    "cen_loss": 1.374031108558178,
    "cen_accuracy": 0.60725
  },
  "32": {
    "cen_loss": 1.372233762204647,
    "cen_accuracy": 0.622125
  },
  "33": {
    "cen_loss": 1.2910043802857398,
    "cen_accuracy": 0.6355
  },
  "34": {
    "cen_loss": 1.2574714371562004,
    "cen_accuracy": 0.646625
  },
  "35": {
    "cen_loss": 1.2906346997022629,
    "cen_accuracy": 0.637125
  },
  "36": {
    "cen_loss": 1.2772786251306534,
    "cen_accuracy": 0.64675
  },
  "37": {
    "cen_loss": 1.3004313824176787,
    "cen_accuracy": 0.635625
  },
  "38": {
    "cen_loss": 1.3399634455442428,
    "cen_accuracy": 0.649375
  },
  "39": {
    "cen_loss": 1.1975481347441674,
    "cen_accuracy": 0.66025
  },
  "40": {
    "cen_loss": 1.2233041466772556,
    "cen_accuracy": 0.663375
  },
  "41": {
    "cen_loss": 1.2336200742423535,
    "cen_accuracy": 0.663
  },
  "42": {
    "cen_loss": 1.1884678421616555,
    "cen_accuracy": 0.656875
  },
  "43": {
    "cen_loss": 1.1929170907735824,
    "cen_accuracy": 0.6695
  },
  "44": {
    "cen_loss": 1.274117097914219,
    "cen_accuracy": 0.654375
  },
  "45": {
    "cen_loss": 1.287383596226573,
    "cen_accuracy": 0.65225
  },
  "46": {
    "cen_loss": 1.3490030454099178,
    "cen_accuracy": 0.651625
  },
  "47": {
    "cen_loss": 1.182271305322647,
    "cen_accuracy": 0.67825
  },
  "48": {
    "cen_loss": 1.1385612903237343,
    "cen_accuracy": 0.683
  },
  "49": {
    "cen_loss": 1.11669079464674,
    "cen_accuracy": 0.679625
  },
  "50": {
    "cen_loss": 1.228070750594139,
    "cen_accuracy": 0.667125
  },
  "51": {
    "cen_loss": 1.1573276990056038,
    "cen_accuracy": 0.67775
  },
  "52": {
    "cen_loss": 1.1914097654819489,
    "cen_accuracy": 0.67
  },
  "53": {
    "cen_loss": 1.1783270729631186,
    "cen_accuracy": 0.679625
  },
  "54": {
    "cen_loss": 1.1229478197470308,
    "cen_accuracy": 0.69025
  },
  "55": {
    "cen_loss": 1.1214419350773097,
    "cen_accuracy": 0.6925
  },
  "56": {
    "cen_loss": 1.0905190510004759,
    "cen_accuracy": 0.687875
  },
  "57": {
    "cen_loss": 1.0804642194658518,
    "cen_accuracy": 0.6945
  },
  "58": {
    "cen_loss": 1.1654114234745503,
    "cen_accuracy": 0.681125
  },
  "59": {
    "cen_loss": 1.1040709213614464,
    "cen_accuracy": 0.6915
  },
  "60": {
    "cen_loss": 1.1761694733053445,
    "cen_accuracy": 0.679125
  },
  "61": {
    "cen_loss": 1.0468948801010847,
    "cen_accuracy": 0.70225
  },
  "62": {
    "cen_loss": 1.0514653767645359,
    "cen_accuracy": 0.707375
  },
  "63": {
    "cen_loss": 1.090256874397397,
    "cen_accuracy": 0.700125
  },
  "64": {
    "cen_loss": 1.0321118885427714,
    "cen_accuracy": 0.713375
  },
  "65": {
    "cen_loss": 1.1980818685591221,
    "cen_accuracy": 0.687875
  },
  "66": {
    "cen_loss": 1.031985476270318,
    "cen_accuracy": 0.715125
  },
  "67": {
    "cen_loss": 1.1002303107529878,
    "cen_accuracy": 0.701
  },
  "68": {
    "cen_loss": 1.057136801868677,
    "cen_accuracy": 0.710125
  },
  "69": {
    "cen_loss": 1.1853885038793086,
    "cen_accuracy": 0.687375
  },
  "70": {
    "cen_loss": 1.207859628304839,
    "cen_accuracy": 0.6835
  },
  "71": {
    "cen_loss": 1.012738058105111,
    "cen_accuracy": 0.719625
  },
  "72": {
    "cen_loss": 1.064240627631545,
    "cen_accuracy": 0.7105
  },
  "73": {
    "cen_loss": 1.0464453478753566,
    "cen_accuracy": 0.712625
  },
  "74": {
    "cen_loss": 0.9801979918777942,
    "cen_accuracy": 0.723125
  },
  "75": {
    "cen_loss": 1.088652529463172,
    "cen_accuracy": 0.7065
  },
  "76": {
    "cen_loss": 0.9965003810375929,
    "cen_accuracy": 0.7205
  },
  "77": {
    "cen_loss": 1.0330026616826653,
    "cen_accuracy": 0.717375
  },
  "78": {
    "cen_loss": 0.9934446467906237,
    "cen_accuracy": 0.72175
  },
  "79": {
    "cen_loss": 1.0229439428597689,
    "cen_accuracy": 0.720875
  },
  "80": {
    "cen_loss": 1.0548008211106061,
    "cen_accuracy": 0.7165
  },
  "81": {
    "cen_loss": 1.0267627844661473,
    "cen_accuracy": 0.726125
  },
  "82": {
    "cen_loss": 0.9789649497717618,
    "cen_accuracy": 0.731125
  },
  "83": {
    "cen_loss": 0.9486796008571983,
    "cen_accuracy": 0.735125
  },
  "84": {
    "cen_loss": 1.0131116190701723,
    "cen_accuracy": 0.717875
  },
  "85": {
    "cen_loss": 0.930375356271863,
    "cen_accuracy": 0.73825
  },
  "86": {
    "cen_loss": 0.9573634161800146,
    "cen_accuracy": 0.737125
  },
  "87": {
    "cen_loss": 0.9752139278128743,
    "cen_accuracy": 0.734375
  },
  "88": {
    "cen_loss": 0.9968816500604153,
    "cen_accuracy": 0.732625
  },
  "89": {
    "cen_loss": 0.9382888513952493,
    "cen_accuracy": 0.74275
  },
  "90": {
    "cen_loss": 0.960979717515409,
    "cen_accuracy": 0.74125
  },
  "91": {
    "cen_loss": 1.0079854723662138,
    "cen_accuracy": 0.733125
  },
  "92": {
    "cen_loss": 1.0173403472080826,
    "cen_accuracy": 0.72675
  },
  "93": {
    "cen_loss": 0.9975629746466875,
    "cen_accuracy": 0.726875
  },
  "94": {
    "cen_loss": 0.9464768404662609,
    "cen_accuracy": 0.7395
  },
  "95": {
    "cen_loss": 0.9908263943344354,
    "cen_accuracy": 0.733
  },
  "96": {
    "cen_loss": 0.9907621294185519,
    "cen_accuracy": 0.730875
  },
  "97": {
    "cen_loss": 0.9185683027505874,
    "cen_accuracy": 0.742625
  },
  "98": {
    "cen_loss": 0.9536755480319261,
    "cen_accuracy": 0.736125
  },
  "99": {
    "cen_loss": 0.945828255161643,
    "cen_accuracy": 0.737375
  },
  "100": {
    "cen_loss": 1.0269749408364297,
    "cen_accuracy": 0.726
  },