{
  "0": {
    "cen_loss": 2.3026313900947573,
    "cen_accuracy": 0.10175
  },
  "1": {
    "cen_loss": 2.3026313900947573,
    "cen_accuracy": 0.10175
  },
  "2": {
    "cen_loss": 4.176747708797455,
    "cen_accuracy": 0.1
  },
  "3": {
    "cen_loss": 4.646097289085388,
    "cen_accuracy": 0.1
  },
  "4": {
    "cen_loss": 4.948833165645599,
    "cen_accuracy": 0.100375
  },
  "5": {
    "cen_loss": 3.9435713891983033,
    "cen_accuracy": 0.1
  },
  "6": {
    "cen_loss": 5.466354362487793,
    "cen_accuracy": 0.109375
  },
  "7": {
    "cen_loss": 4.541836988449097,
    "cen_accuracy": 0.115875
  },
  "8": {
    "cen_loss": 3.415010810136795,
    "cen_accuracy": 0.192375
  },
  "9": {
    "cen_loss": 2.600391102075577,
    "cen_accuracy": 0.29175
  },
  "10": {
    "cen_loss": 1.7132621480822563,
    "cen_accuracy": 0.48725
  },
  "11": {
    "cen_loss": 2.9108000791072843,
    "cen_accuracy": 0.302625
  },
  "12": {
    "cen_loss": 2.5686752209663393,
    "cen_accuracy": 0.330125
  },
  "13": {
    "cen_loss": 2.161601139187813,
    "cen_accuracy": 0.403125
  },
  "14": {
    "cen_loss": 2.2493074439764023,
    "cen_accuracy": 0.4225
  },
  "15": {
    "cen_loss": 1.8245333530902863,
    "cen_accuracy": 0.487875
  },
  "16": {
    "cen_loss": 1.589036922812462,
    "cen_accuracy": 0.524625
  },
  "17": {
    "cen_loss": 1.7872383605241775,
    "cen_accuracy": 0.502
  },
  "18": {
    "cen_loss": 1.6532321313619613,
    "cen_accuracy": 0.5325
  },
  "19": {
    "cen_loss": 1.9956727203130722,
    "cen_accuracy": 0.499125
  },
  "20": {
    "cen_loss": 1.7537406861186027,
    "cen_accuracy": 0.556125
  },
  "21": {
    "cen_loss": 1.8638662881851196,
    "cen_accuracy": 0.518
  },
  "22": {
    "cen_loss": 1.7003968660831452,
    "cen_accuracy": 0.54
  },
  "23": {
    "cen_loss": 1.9349133906364442,
    "cen_accuracy": 0.5035
  },
  "24": {
    "cen_loss": 1.6174969034790994,
    "cen_accuracy": 0.5605
  },
  "25": {
    "cen_loss": 1.8057458362579346,
    "cen_accuracy": 0.524875
  },
  "26": {
    "cen_loss": 1.5757168760299682,
    "cen_accuracy": 0.568125
  },
  "27": {
    "cen_loss": 1.4750458583235742,
    "cen_accuracy": 0.587375
  },
  "28": {
    "cen_loss": 1.5494155959486962,
    "cen_accuracy": 0.579375
  },
  "29": {
    "cen_loss": 1.461387356877327,
    "cen_accuracy": 0.600375
  },
  "30": {
    "cen_loss": 1.456093235015869,
    "cen_accuracy": 0.607
  },
  "31": {
    "cen_loss": 1.573770513176918,
    "cen_accuracy": 0.583875
  },
  "32": {
    "cen_loss": 1.6043699100017548,
    "cen_accuracy": 0.584125
  },
  "33": {
    "cen_loss": 1.5970024448633193,
    "cen_accuracy": 0.58475
  },
  "34": {
    "cen_loss": 1.4916149681508541,
    "cen_accuracy": 0.604875
  },
  "35": {
    "cen_loss": 1.5517085631787777,
    "cen_accuracy": 0.59825
  },
  "36": {
    "cen_loss": 1.3830656191557646,
    "cen_accuracy": 0.6175
  },
  "37": {
    "cen_loss": 1.3873488425910472,
    "cen_accuracy": 0.6245
  },
  "38": {
    "cen_loss": 1.4793833579421043,
    "cen_accuracy": 0.607875
  },
  "39": {
    "cen_loss": 1.304848848760128,
    "cen_accuracy": 0.63625
  },
  "40": {
    "cen_loss": 1.3132058280929924,
    "cen_accuracy": 0.644625
  },
  "41": {
    "cen_loss": 1.297555672109127,
    "cen_accuracy": 0.63875
  },
  "42": {
    "cen_loss": 1.3090454927384854,
    "cen_accuracy": 0.645375
  },
  "43": {
    "cen_loss": 1.3059462779164315,
    "cen_accuracy": 0.64725
  },
  "44": {
    "cen_loss": 1.411251620039344,
    "cen_accuracy": 0.63075
  },
  "45": {
    "cen_loss": 1.2362245659530162,
    "cen_accuracy": 0.65825
  },
  "46": {
    "cen_loss": 1.3208932393342256,
    "cen_accuracy": 0.6515
  },
  "47": {
    "cen_loss": 1.3234825698137282,
    "cen_accuracy": 0.647125
  },
  "48": {
    "cen_loss": 1.2664018754214048,
    "cen_accuracy": 0.6535
  },
  "49": {
    "cen_loss": 1.2579320050925016,
    "cen_accuracy": 0.6575
  },
  "50": {
    "cen_loss": 1.2645253446996212,
    "cen_accuracy": 0.6665
  },
  "51": {
    "cen_loss": 1.3584775949716568,
    "cen_accuracy": 0.6445
  },
  "52": {
    "cen_loss": 1.2645154474675655,
    "cen_accuracy": 0.65675
  },
  "53": {
    "cen_loss": 1.1577484005987644,
    "cen_accuracy": 0.67175
  },
  "54": {
    "cen_loss": 1.3513587672114373,
    "cen_accuracy": 0.645875
  },
  "55": {
    "cen_loss": 1.2123209097981453,
    "cen_accuracy": 0.669625
  },
  "56": {
    "cen_loss": 1.2215392861962318,
    "cen_accuracy": 0.6715
  },
  "57": {
    "cen_loss": 1.1692698003053665,
    "cen_accuracy": 0.67425
  },
  "58": {
    "cen_loss": 1.1586158539205789,
    "cen_accuracy": 0.6835
  },
  "59": {
    "cen_loss": 1.1353382664322853,
    "cen_accuracy": 0.68625
  },
  "60": {
    "cen_loss": 1.1778589058816433,
    "cen_accuracy": 0.6815
  },
  "61": {
    "cen_loss": 1.1358293084055184,
    "cen_accuracy": 0.68275
  },
  "62": {
    "cen_loss": 1.1454857066571713,
    "cen_accuracy": 0.686875
  },
  "63": {
    "cen_loss": 1.210667748004198,
    "cen_accuracy": 0.6785
  },
  "64": {
    "cen_loss": 1.1468661145418881,
    "cen_accuracy": 0.680125
  },
  "65": {
    "cen_loss": 1.1644002377986908,
    "cen_accuracy": 0.68525
  },
  "66": {
    "cen_loss": 1.2107049293667078,
    "cen_accuracy": 0.678125
  },
  "67": {
    "cen_loss": 1.0773630533218383,
    "cen_accuracy": 0.689125
  },
  "68": {
    "cen_loss": 1.0888345845788718,
    "cen_accuracy": 0.7015
  },
  "69": {
    "cen_loss": 1.0703685881048441,
    "cen_accuracy": 0.704375
  },
  "70": {
    "cen_loss": 1.088775744497776,
    "cen_accuracy": 0.70375
  },
  "71": {
    "cen_loss": 1.1247130102813243,
    "cen_accuracy": 0.68275
  },
  "72": {
    "cen_loss": 1.0180356577336789,
    "cen_accuracy": 0.70275
  },
  "73": {
    "cen_loss": 1.115309245660901,
    "cen_accuracy": 0.688625
  },
  "74": {
    "cen_loss": 1.0686373132169247,
    "cen_accuracy": 0.6995
  },
  "75": {
    "cen_loss": 1.0331349984183908,
    "cen_accuracy": 0.708875
  },
  "76": {
    "cen_loss": 1.1330484334230424,
    "cen_accuracy": 0.694375
  },
  "77": {
    "cen_loss": 1.0985034016370774,
    "cen_accuracy": 0.69525
  },
  "78": {
    "cen_loss": 1.0322870421856642,
    "cen_accuracy": 0.7035
  },
  "79": {
    "cen_loss": 1.008776050552726,
    "cen_accuracy": 0.712125
  },
  "80": {
    "cen_loss": 1.0857113351821899,
    "cen_accuracy": 0.701
  },
  "81": {
    "cen_loss": 1.117583692461252,
    "cen_accuracy": 0.69325
  },
  "82": {
    "cen_loss": 1.0957291569411756,
    "cen_accuracy": 0.70125
  },
  "83": {
    "cen_loss": 1.0590061592012643,
    "cen_accuracy": 0.703625
  },
  "84": {
    "cen_loss": 1.085064673230052,
    "cen_accuracy": 0.696625
  },
  "85": {
    "cen_loss": 1.1356883578747512,
    "cen_accuracy": 0.70025
  },
  "86": {
    "cen_loss": 1.0304895174577833,
    "cen_accuracy": 0.711875
  },
  "87": {
    "cen_loss": 1.0389599271267653,
    "cen_accuracy": 0.702625
  },
  "88": {
    "cen_loss": 1.027230263262987,
    "cen_accuracy": 0.714875
  },
  "89": {
    "cen_loss": 0.993816535025835,
    "cen_accuracy": 0.721
  },
  "90": {
    "cen_loss": 1.048120856821537,
    "cen_accuracy": 0.71375
  },
  "91": {
    "cen_loss": 1.0196187857687473,
    "cen_accuracy": 0.718625
  },
  "92": {
    "cen_loss": 1.0090925515294076,
    "cen_accuracy": 0.718375
  },
  "93": {
    "cen_loss": 1.0754966398030519,
    "cen_accuracy": 0.7015
  },
  "94": {
    "cen_loss": 1.0105083858519792,
    "cen_accuracy": 0.724625
  },
  "95": {
    "cen_loss": 1.0132106449902059,
    "cen_accuracy": 0.7175
  },
  "96": {
    "cen_loss": 0.9560728653967381,
    "cen_accuracy": 0.7295
  },
  "97": {
    "cen_loss": 0.998616716131568,
    "cen_accuracy": 0.715375
  },
  "98": {
    "cen_loss": 0.9661497348695993,
    "cen_accuracy": 0.7305
  },
  "99": {
    "cen_loss": 0.9541304668039083,
    "cen_accuracy": 0.728
  },
  "100": {
    "cen_loss": 0.9953941670954227,
    "cen_accuracy": 0.7275
  },
  "101": {
    "cen_loss": 0.9794261779040098,