{
  "0": {
    "cen_loss": 2.3026313900947573,
    "cen_accuracy": 0.10175
  },
  "1": {
    "cen_loss": 2.3026313900947573,
    "cen_accuracy": 0.10175
  },
  "2": {
    "cen_loss": 3.1708509187698364,
    "cen_accuracy": 0.09975
  },
  "3": {
    "cen_loss": 3.712035273551941,
    "cen_accuracy": 0.09975
  },
  "4": {
    "cen_loss": 3.2261184515953065,
    "cen_accuracy": 0.10175
  },
  "5": {
    "cen_loss": 4.448829578876495,
    "cen_accuracy": 0.10175
  },
  "6": {
    "cen_loss": 3.0980620827674867,
    "cen_accuracy": 0.106875
  },
  "7": {
    "cen_loss": 3.587426385641098,
    "cen_accuracy": 0.168
  },
  "8": {
    "cen_loss": 2.9809747145175933,
    "cen_accuracy": 0.211
  },
  "9": {
    "cen_loss": 3.276330910921097,
    "cen_accuracy": 0.255625
  },
  "10": {
    "cen_loss": 3.2359082198143003,
    "cen_accuracy": 0.265125
  },
  "11": {
    "cen_loss": 3.4455462555885314,
    "cen_accuracy": 0.216625
  },
  "12": {
    "cen_loss": 3.2465091977119447,
    "cen_accuracy": 0.20675
  },
  "13": {
    "cen_loss": 2.255027138233185,
    "cen_accuracy": 0.289625
  },
  "14": {
    "cen_loss": 1.994542657971382,
    "cen_accuracy": 0.360625
  },
  "15": {
    "cen_loss": 3.5699988944530485,
    "cen_accuracy": 0.26775
  },
  "16": {
    "cen_loss": 3.0737918355464937,
    "cen_accuracy": 0.25925
  },
  "17": {
    "cen_loss": 3.2573759846687316,
    "cen_accuracy": 0.267375
  },
  "18": {
    "cen_loss": 1.9316201053857804,
    "cen_accuracy": 0.36
  },
  "19": {
    "cen_loss": 2.4412802782058716,
    "cen_accuracy": 0.33775
  },
  "20": {
    "cen_loss": 2.2461482243537905,
    "cen_accuracy": 0.356875
  },
  "21": {
    "cen_loss": 3.0789202489852907,
    "cen_accuracy": 0.312125
  },
  "22": {
    "cen_loss": 4.569613916873932,
    "cen_accuracy": 0.26025
  },
  "23": {
    "cen_loss": 2.481480942964554,
    "cen_accuracy": 0.323375
  },
  "24": {
    "cen_loss": 2.532194153547287,
    "cen_accuracy": 0.30825
  },
  "25": {
    "cen_loss": 1.911527169585228,
    "cen_accuracy": 0.4285
  },
  "26": {
    "cen_loss": 2.6738917760848997,
    "cen_accuracy": 0.326375
  },
  "27": {
    "cen_loss": 2.659957043647766,
    "cen_accuracy": 0.3495
  },
  "28": {
    "cen_loss": 2.0686632249355315,
    "cen_accuracy": 0.418625
  },
  "29": {
    "cen_loss": 2.233075084209442,
    "cen_accuracy": 0.438625
  },
  "30": {
    "cen_loss": 2.0718181176185606,
    "cen_accuracy": 0.453125
  },
  "31": {
    "cen_loss": 1.5828736871480942,
    "cen_accuracy": 0.472
  },
  "32": {
    "cen_loss": 1.4848917766809464,
    "cen_accuracy": 0.486625
  },
  "33": {
    "cen_loss": 4.317765625476837,
    "cen_accuracy": 0.223
  },
  "34": {
    "cen_loss": 1.7477484295368195,
    "cen_accuracy": 0.473125
  },
  "35": {
    "cen_loss": 1.708857758641243,
    "cen_accuracy": 0.516375
  },
  "36": {
    "cen_loss": 1.5315158262252808,
    "cen_accuracy": 0.519
  },
  "37": {
    "cen_loss": 1.577222321510315,
    "cen_accuracy": 0.5335
  },
  "38": {
    "cen_loss": 3.3191340272426606,
    "cen_accuracy": 0.29475
  },
  "39": {
    "cen_loss": 1.695604038834572,
    "cen_accuracy": 0.47925
  },
  "40": {
    "cen_loss": 1.7719051040410996,
    "cen_accuracy": 0.46575
  },
  "41": {
    "cen_loss": 1.3976769638061524,
    "cen_accuracy": 0.532625
  },
  "42": {
    "cen_loss": 2.5656498448848724,
    "cen_accuracy": 0.37225
  },
  "43": {
    "cen_loss": 4.480408922195434,
    "cen_accuracy": 0.21025
  },
  "44": {
    "cen_loss": 1.9815461931228637,
    "cen_accuracy": 0.450125
  },
  "45": {
    "cen_loss": 1.9407134336233138,
    "cen_accuracy": 0.48925
  },
  "46": {
    "cen_loss": 2.3666038670539855,
    "cen_accuracy": 0.399625
  },
  "47": {
    "cen_loss": 2.5345197587013244,
    "cen_accuracy": 0.405375
  },
  "48": {
    "cen_loss": 3.5604805705547333,
    "cen_accuracy": 0.264
  },
  "49": {
    "cen_loss": 1.378045843541622,
    "cen_accuracy": 0.541
  },
  "50": {
    "cen_loss": 1.5058957244157791,
    "cen_accuracy": 0.515125
  },
  "51": {
    "cen_loss": 1.8233538480997085,
    "cen_accuracy": 0.49325
  },
  "52": {
    "cen_loss": 1.4768006036281585,
    "cen_accuracy": 0.526375
  },
  "53": {
    "cen_loss": 1.6137396461963653,
    "cen_accuracy": 0.519625
  },
  "54": {
    "cen_loss": 1.6578977782726287,
    "cen_accuracy": 0.5225
  },
  "55": {
    "cen_loss": 1.6426926758885383,
    "cen_accuracy": 0.537375
  },
  "56": {
    "cen_loss": 1.5436741174459458,
    "cen_accuracy": 0.52425
  },
  "57": {
    "cen_loss": 1.4890676787495614,
    "cen_accuracy": 0.5485
  },
  "58": {
    "cen_loss": 1.7149448006153107,
    "cen_accuracy": 0.517625
  },
  "59": {
    "cen_loss": 1.7588832784295083,
    "cen_accuracy": 0.52425
  },
  "60": {
    "cen_loss": 2.622803824543953,
    "cen_accuracy": 0.439625
  },
  "61": {
    "cen_loss": 1.8003238283991814,
    "cen_accuracy": 0.4925
  },
  "62": {
    "cen_loss": 1.5962229288816452,
    "cen_accuracy": 0.546
  },
  "63": {
    "cen_loss": 1.711192772090435,
    "cen_accuracy": 0.519875
  },
  "64": {
    "cen_loss": 1.4413943895101546,
    "cen_accuracy": 0.541625
  },
  "65": {
    "cen_loss": 1.3310216802954673,
    "cen_accuracy": 0.570875
  },
  "66": {
    "cen_loss": 1.4190251123309134,
    "cen_accuracy": 0.583875
  },
  "67": {
    "cen_loss": 2.6199533928632737,
    "cen_accuracy": 0.399375
  },
  "68": {
    "cen_loss": 1.948102130651474,
    "cen_accuracy": 0.471875
  },
  "69": {
    "cen_loss": 1.7504901860952378,
    "cen_accuracy": 0.46175
  },
  "70": {
    "cen_loss": 3.405265471935272,
    "cen_accuracy": 0.2925
  },
  "71": {
    "cen_loss": 1.7243920458555222,
    "cen_accuracy": 0.488625
  },
  "72": {
    "cen_loss": 1.7547228899002074,
    "cen_accuracy": 0.493875
  },
  "73": {
    "cen_loss": 2.1762855437994,
    "cen_accuracy": 0.431625
  },
  "74": {
    "cen_loss": 1.5924453501701354,
    "cen_accuracy": 0.514
  },
  "75": {
    "cen_loss": 2.0841459670066835,
    "cen_accuracy": 0.459375
  },
  "76": {
    "cen_loss": 1.8345027120113373,
    "cen_accuracy": 0.511125
  },
  "77": {
    "cen_loss": 2.1125046796798705,
    "cen_accuracy": 0.435625
  },
  "78": {
    "cen_loss": 1.447980266749859,
    "cen_accuracy": 0.548125
  },
  "79": {
    "cen_loss": 1.4753088713884355,
    "cen_accuracy": 0.540125
  },
  "80": {
    "cen_loss": 1.7871261623501777,
    "cen_accuracy": 0.485375
  },
  "81": {
    "cen_loss": 2.1093343379497527,
    "cen_accuracy": 0.408
  },
  "82": {
    "cen_loss": 2.3712528413534164,
    "cen_accuracy": 0.445625
  },
  "83": {
    "cen_loss": 1.2465882449746133,
    "cen_accuracy": 0.551875
  },
  "84": {
    "cen_loss": 1.406140632033348,
    "cen_accuracy": 0.5565
  },
  "85": {
    "cen_loss": 1.3803906821012497,
    "cen_accuracy": 0.55775
  },
  "86": {
    "cen_loss": 2.1068800703287125,
    "cen_accuracy": 0.43025
  },
  "87": {
    "cen_loss": 1.7275711847543715,
    "cen_accuracy": 0.497125
  },
  "88": {
    "cen_loss": 1.7914698448181152,
    "cen_accuracy": 0.47575
  },
  "89": {
    "cen_loss": 2.226916262745857,
    "cen_accuracy": 0.340875
  },
  "90": {
    "cen_loss": 2.8447188255786897,
    "cen_accuracy": 0.27375
  },
  "91": {
    "cen_loss": 1.6871844944953918,
    "cen_accuracy": 0.473875
  },
  "92": {
    "cen_loss": 1.3370205078721047,
    "cen_accuracy": 0.53075
  },
  "93": {
    "cen_loss": 1.5413743738532066,
    "cen_accuracy": 0.55
  },
  "94": {
    "cen_loss": 1.7704392268657685,
    "cen_accuracy": 0.4975
  },
  "95": {
    "cen_loss": 1.5377823409438134,
    "cen_accuracy": 0.539125
  },
  "96": {
    "cen_loss": 1.2745635372400284,
    "cen_accuracy": 0.599375
  },
  "97": {
    "cen_loss": 1.9232124207019805,
    "cen_accuracy": 0.439875
  },
  "98": {
    "cen_loss": 1.4903102831542492,
    "cen_accuracy": 0.567625
  },
  "99": {
    "cen_loss": 1.317825886130333,
    "cen_accuracy": 0.593375
  },
  "100": {
    "cen_loss": 1.4260609951615333,
    "cen_accuracy": 0.567125
  },