{
  "0": {
    "cen_loss": 2.3027569942474364,
    "cen_accuracy": 0.100375
  },
  "1": {
    "cen_loss": 2.3027569942474364,
    "cen_accuracy": 0.100375
  },
  "2": {
    "cen_loss": 4.016378422260284,
    "cen_accuracy": 0.099125
  },
  "3": {
    "cen_loss": 4.432038582801819,
    "cen_accuracy": 0.10325
  },
  "4": {
    "cen_loss": 4.8090808296203615,
    "cen_accuracy": 0.099125
  },
  "5": {
    "cen_loss": 4.761557608604432,
    "cen_accuracy": 0.099125
  },
  "6": {
    "cen_loss": 3.80351561164856,
    "cen_accuracy": 0.134375
  },
  "7": {
    "cen_loss": 3.202918748617172,
    "cen_accuracy": 0.21375
  },
  "8": {
    "cen_loss": 2.0673952131271363,
    "cen_accuracy": 0.364625
  },
  "9": {
    "cen_loss": 2.7567780764102934,
    "cen_accuracy": 0.328
  },
  "10": {
    "cen_loss": 2.0681484711170195,
    "cen_accuracy": 0.42275
  },
  "11": {
    "cen_loss": 2.153525215625763,
    "cen_accuracy": 0.417
  },
  "12": {
    "cen_loss": 1.848083139181137,
    "cen_accuracy": 0.455625
  },
  "13": {
    "cen_loss": 1.9750130988359451,
    "cen_accuracy": 0.43375
  },
  "14": {
    "cen_loss": 1.828350887298584,
    "cen_accuracy": 0.468375
  },
  "15": {
    "cen_loss": 2.042045380949974,
    "cen_accuracy": 0.454875
  },
  "16": {
    "cen_loss": 1.7241856365799904,
    "cen_accuracy": 0.50925
  },
  "17": {
    "cen_loss": 1.6244070390462875,
    "cen_accuracy": 0.521375
  },
  "18": {
    "cen_loss": 1.6229862656593323,
    "cen_accuracy": 0.540375
  },
  "19": {
    "cen_loss": 1.7608955737352372,
    "cen_accuracy": 0.525
  },
  "20": {
    "cen_loss": 1.7613303753137588,
    "cen_accuracy": 0.557625
  },
  "21": {
    "cen_loss": 1.978911056816578,
    "cen_accuracy": 0.516
  },
  "22": {
    "cen_loss": 1.675712164402008,
    "cen_accuracy": 0.534
  },
  "23": {
    "cen_loss": 1.5235119917094708,
    "cen_accuracy": 0.57225
  },
  "24": {
    "cen_loss": 1.5604140913784503,
    "cen_accuracy": 0.56025
  },
  "25": {
    "cen_loss": 1.5372167876958847,
    "cen_accuracy": 0.57
  },
  "26": {
    "cen_loss": 1.916156882762909,
    "cen_accuracy": 0.5405
  },
  "27": {
    "cen_loss": 1.6112230734825135,
    "cen_accuracy": 0.574625
  },
  "28": {
    "cen_loss": 1.5622508386075498,
    "cen_accuracy": 0.58975
  },
  "29": {
    "cen_loss": 1.5980330236554146,
    "cen_accuracy": 0.55375
  },
  "30": {
    "cen_loss": 1.7117179124951363,
    "cen_accuracy": 0.556875
  },
  "31": {
    "cen_loss": 1.6779813277721405,
    "cen_accuracy": 0.57775
  },
  "32": {
    "cen_loss": 1.4956964263021946,
    "cen_accuracy": 0.5935
  },
  "33": {
    "cen_loss": 1.7402369917035103,
    "cen_accuracy": 0.57575
  },
  "34": {
    "cen_loss": 1.5176075639128686,
    "cen_accuracy": 0.587125
  },
  "35": {
    "cen_loss": 1.4747825920283795,
    "cen_accuracy": 0.600125
  },
  "36": {
    "cen_loss": 1.5741811588704586,
    "cen_accuracy": 0.59325
  },
  "37": {
    "cen_loss": 1.5894727271199227,
    "cen_accuracy": 0.584
  },
  "38": {
    "cen_loss": 1.6545831005573273,
    "cen_accuracy": 0.5985
  },
  "39": {
    "cen_loss": 1.4503748339414597,
    "cen_accuracy": 0.61025
  },
  "40": {
    "cen_loss": 1.609801985770464,
    "cen_accuracy": 0.600125
  },
  "41": {
    "cen_loss": 1.4264508768320083,
    "cen_accuracy": 0.62
  },
  "42": {
    "cen_loss": 1.6303698989152908,
    "cen_accuracy": 0.604375
  },
  "43": {
    "cen_loss": 1.720775979757309,
    "cen_accuracy": 0.594875
  },
  "44": {
    "cen_loss": 1.530517541527748,
    "cen_accuracy": 0.614875
  },
  "45": {
    "cen_loss": 1.6101470316052438,
    "cen_accuracy": 0.610875
  },
  "46": {
    "cen_loss": 1.5400229065418243,
    "cen_accuracy": 0.6225
  },
  "47": {
    "cen_loss": 1.3829008767008781,
    "cen_accuracy": 0.641125
  },
  "48": {
    "cen_loss": 1.3806855291724205,
    "cen_accuracy": 0.63475
  },
  "49": {
    "cen_loss": 1.4633285607993602,
    "cen_accuracy": 0.626875
  },
  "50": {
    "cen_loss": 1.5844455201029777,
    "cen_accuracy": 0.625875
  },
  "51": {
    "cen_loss": 1.4841718401908874,
    "cen_accuracy": 0.630625
  },
  "52": {
    "cen_loss": 1.5116395027339458,
    "cen_accuracy": 0.611625
  },
  "53": {
    "cen_loss": 1.4758462988734244,
    "cen_accuracy": 0.620375
  },
  "54": {
    "cen_loss": 1.3956899019777775,
    "cen_accuracy": 0.622
  },
  "55": {
    "cen_loss": 1.5093979775905608,
    "cen_accuracy": 0.619375
  },
  "56": {
    "cen_loss": 1.1790430418252944,
    "cen_accuracy": 0.666375
  },
  "57": {
    "cen_loss": 1.3840667992830276,
    "cen_accuracy": 0.65125
  },
  "58": {
    "cen_loss": 1.5330529687404633,
    "cen_accuracy": 0.62575
  },
  "59": {
    "cen_loss": 1.4929137841761113,
    "cen_accuracy": 0.638625
  },
  "60": {
    "cen_loss": 1.5004806873202323,
    "cen_accuracy": 0.64775
  },
  "61": {
    "cen_loss": 1.6587015258967877,
    "cen_accuracy": 0.604125
  },
  "62": {
    "cen_loss": 1.7024920728206634,
    "cen_accuracy": 0.604375
  },
  "63": {
    "cen_loss": 1.3707197094559669,
    "cen_accuracy": 0.641125
  },
  "64": {
    "cen_loss": 1.3248123803436755,
    "cen_accuracy": 0.64725
  },
  "65": {
    "cen_loss": 1.2677488652169704,
    "cen_accuracy": 0.65625
  },
  "66": {
    "cen_loss": 1.2408771591186523,
    "cen_accuracy": 0.65825
  },
  "67": {
    "cen_loss": 1.2028064059317112,
    "cen_accuracy": 0.655625
  },
  "68": {
    "cen_loss": 1.2840593919754029,
    "cen_accuracy": 0.656625
  },
  "69": {
    "cen_loss": 1.255005572795868,
    "cen_accuracy": 0.641125
  },
  "70": {
    "cen_loss": 1.4161411266326904,
    "cen_accuracy": 0.626
  },
  "71": {
    "cen_loss": 1.2372120520174503,
    "cen_accuracy": 0.66225
  },
  "72": {
    "cen_loss": 1.4043934159576892,
    "cen_accuracy": 0.645125
  },
  "73": {
    "cen_loss": 1.2914037927389146,
    "cen_accuracy": 0.665875
  },
  "74": {
    "cen_loss": 1.3452741225659848,
    "cen_accuracy": 0.657625
  },
  "75": {
    "cen_loss": 1.3606283759474755,
    "cen_accuracy": 0.651125
  },
  "76": {
    "cen_loss": 1.452906380444765,
    "cen_accuracy": 0.6435
  },
  "77": {
    "cen_loss": 1.4729854387789965,
    "cen_accuracy": 0.64125
  },
  "78": {
    "cen_loss": 1.3548757851272821,
    "cen_accuracy": 0.654125
  },
  "79": {
    "cen_loss": 1.329634357392788,
    "cen_accuracy": 0.646125
  },
  "80": {
    "cen_loss": 1.429608609586954,
    "cen_accuracy": 0.641125
  },
  "81": {
    "cen_loss": 1.3235736964046956,
    "cen_accuracy": 0.65475
  },
  "82": {
    "cen_loss": 1.3874852367043495,
    "cen_accuracy": 0.64825
  },
  "83": {
    "cen_loss": 1.2784832392930985,
    "cen_accuracy": 0.6695
  },
  "84": {
    "cen_loss": 1.4851111462116242,
    "cen_accuracy": 0.642875
  },
  "85": {
    "cen_loss": 1.4020289098620415,
    "cen_accuracy": 0.65875
  },
  "86": {
    "cen_loss": 1.3661141344606877,
    "cen_accuracy": 0.649625
  },
  "87": {
    "cen_loss": 1.4336907454133034,
    "cen_accuracy": 0.649375
  },
  "88": {
    "cen_loss": 1.4131759449541568,
    "cen_accuracy": 0.644375
  },
  "89": {
    "cen_loss": 1.40003693151474,
    "cen_accuracy": 0.650375
  },
  "90": {
    "cen_loss": 1.4841147774159908,
    "cen_accuracy": 0.6515
  },
  "91": {
    "cen_loss": 1.3762968562841416,
    "cen_accuracy": 0.65625
  },
  "92": {
    "cen_loss": 1.321654946923256,
    "cen_accuracy": 0.66375
  },
  "93": {
    "cen_loss": 1.4217399426698685,
    "cen_accuracy": 0.656125
  },
  "94": {
    "cen_loss": 1.4475788190960883,
    "cen_accuracy": 0.65125
  },
  "95": {
    "cen_loss": 1.4760765670835971,
    "cen_accuracy": 0.6545
  },
  "96": {
    "cen_loss": 1.4648605964481831,
    "cen_accuracy": 0.657
  },
  "97": {
    "cen_loss": 1.5089653771072626,
    "cen_accuracy": 0.646875
  },
  "98": {
    "cen_loss": 1.5448232733607292,
    "cen_accuracy": 0.65125
  },
  "99": {
    "cen_loss": 1.4828974118232727,
    "cen_accuracy": 0.65225
  },
  "100": {
    "cen_loss": 1.6074827247560024,
    "cen_accuracy": 0.646375
  },