{
  "0": {
    "cen_loss": 2.3027670545578003,
    "cen_accuracy": 0.0985
  },
  "1": {
    "cen_loss": 2.3027670545578003,
    "cen_accuracy": 0.0985
  },
  "2": {
    "cen_loss": 2.9455054240226746,
    "cen_accuracy": 0.097625
  },
  "3": {
    "cen_loss": 3.557093791484833,
    "cen_accuracy": 0.097625
  },
  "4": {
    "cen_loss": 4.471740125656128,
    "cen_accuracy": 0.10175
  },
  "5": {
    "cen_loss": 5.59981540441513,
    "cen_accuracy": 0.10175
  },
  "6": {
    "cen_loss": 8.197931384086608,
    "cen_accuracy": 0.10175
  },
  "7": {
    "cen_loss": 6.819030532836914,
    "cen_accuracy": 0.12125
  },
  "8": {
    "cen_loss": 3.0561640574932096,
    "cen_accuracy": 0.219125
  },
  "9": {
    "cen_loss": 3.305507218837738,
    "cen_accuracy": 0.233625
  },
  "10": {
    "cen_loss": 3.029297784566879,
    "cen_accuracy": 0.269125
  },
  "11": {
    "cen_loss": 2.8392483398914337,
    "cen_accuracy": 0.290125
  },
  "12": {
    "cen_loss": 2.1311559052467346,
    "cen_accuracy": 0.3505
  },
  "13": {
    "cen_loss": 2.1942560843229293,
    "cen_accuracy": 0.3445
  },
  "14": {
    "cen_loss": 2.460877264738083,
    "cen_accuracy": 0.303
  },
  "15": {
    "cen_loss": 2.363829571008682,
    "cen_accuracy": 0.35875
  },
  "16": {
    "cen_loss": 1.8506576856374741,
    "cen_accuracy": 0.395875
  },
  "17": {
    "cen_loss": 2.01033381319046,
    "cen_accuracy": 0.375625
  },
  "18": {
    "cen_loss": 2.134558358311653,
    "cen_accuracy": 0.396
  },
  "19": {
    "cen_loss": 2.0549174695014956,
    "cen_accuracy": 0.38425
  },
  "20": {
    "cen_loss": 3.0127987170219424,
    "cen_accuracy": 0.3125
  },
  "21": {
    "cen_loss": 2.059644520521164,
    "cen_accuracy": 0.40325
  },
  "22": {
    "cen_loss": 1.9283956570625305,
    "cen_accuracy": 0.413125
  },
  "23": {
    "cen_loss": 1.993335572719574,
    "cen_accuracy": 0.397375
  },
  "24": {
    "cen_loss": 1.680697952747345,
    "cen_accuracy": 0.452875
  },
  "25": {
    "cen_loss": 1.6702806488275528,
    "cen_accuracy": 0.456875
  },
  "26": {
    "cen_loss": 1.5898905392885208,
    "cen_accuracy": 0.496125
  },
  "27": {
    "cen_loss": 1.6557698884010315,
    "cen_accuracy": 0.459875
  },
  "28": {
    "cen_loss": 1.5276727740764617,
    "cen_accuracy": 0.484875
  },
  "29": {
    "cen_loss": 1.6344392585754395,
    "cen_accuracy": 0.4755
  },
  "30": {
    "cen_loss": 1.8460493156909943,
    "cen_accuracy": 0.466125
  },
  "31": {
    "cen_loss": 2.4483948163986207,
    "cen_accuracy": 0.344375
  },
  "32": {
    "cen_loss": 1.7004381116628646,
    "cen_accuracy": 0.4565
  },
  "33": {
    "cen_loss": 1.766935189962387,
    "cen_accuracy": 0.459875
  },
  "34": {
    "cen_loss": 1.5783015228509902,
    "cen_accuracy": 0.498125
  },
  "35": {
    "cen_loss": 1.4049525881409646,
    "cen_accuracy": 0.534625
  },
  "36": {
    "cen_loss": 1.5440567030906678,
    "cen_accuracy": 0.492125
  },
  "37": {
    "cen_loss": 1.5950426902770996,
    "cen_accuracy": 0.503375
  },
  "38": {
    "cen_loss": 1.4502804147601127,
    "cen_accuracy": 0.51875
  },
  "39": {
    "cen_loss": 1.6252488609552382,
    "cen_accuracy": 0.488
  },
  "40": {
    "cen_loss": 2.1004148931503295,
    "cen_accuracy": 0.425125
  },
  "41": {
    "cen_loss": 1.3794010274410249,
    "cen_accuracy": 0.5335
  },
  "42": {
    "cen_loss": 1.2894139865636824,
    "cen_accuracy": 0.570375
  },
  "43": {
    "cen_loss": 1.3245254666805268,
    "cen_accuracy": 0.551625
  },
  "44": {
    "cen_loss": 1.5265925048589706,
    "cen_accuracy": 0.510625
  },
  "45": {
    "cen_loss": 1.330365793466568,
    "cen_accuracy": 0.546625
  },
  "46": {
    "cen_loss": 1.4804222963452338,
    "cen_accuracy": 0.516375
  },
  "47": {
    "cen_loss": 1.5364769713878632,
    "cen_accuracy": 0.520375
  },
  "48": {
    "cen_loss": 1.634452151298523,
    "cen_accuracy": 0.486625
  },
  "49": {
    "cen_loss": 1.4021640479564668,
    "cen_accuracy": 0.5585
  },
  "50": {
    "cen_loss": 2.31432834815979,
    "cen_accuracy": 0.433875
  },
  "51": {
    "cen_loss": 1.8667125675678253,
    "cen_accuracy": 0.4755
  },
  "52": {
    "cen_loss": 1.4427120236754418,
    "cen_accuracy": 0.5375
  },
  "53": {
    "cen_loss": 1.3439824002981187,
    "cen_accuracy": 0.54825
  },
  "54": {
    "cen_loss": 1.3342334032654761,
    "cen_accuracy": 0.552125
  },
  "55": {
    "cen_loss": 1.5165058163404466,
    "cen_accuracy": 0.513125
  },
  "56": {
    "cen_loss": 1.9882312160730362,
    "cen_accuracy": 0.395375
  },
  "57": {
    "cen_loss": 1.411231201171875,
    "cen_accuracy": 0.5265
  },
  "58": {
    "cen_loss": 1.307813215136528,
    "cen_accuracy": 0.5595
  },
  "59": {
    "cen_loss": 1.3203824279308318,
    "cen_accuracy": 0.56175
  },
  "60": {
    "cen_loss": 2.107902228713036,
    "cen_accuracy": 0.451125
  },
  "61": {
    "cen_loss": 1.4909893190860748,
    "cen_accuracy": 0.529875
  },
  "62": {
    "cen_loss": 1.4489684700965881,
    "cen_accuracy": 0.558375
  },
  "63": {
    "cen_loss": 1.3808171181678772,
    "cen_accuracy": 0.5535
  },
  "64": {
    "cen_loss": 1.4145096639990806,
    "cen_accuracy": 0.55775
  },
  "65": {
    "cen_loss": 1.3720623294115066,
    "cen_accuracy": 0.544
  },
  "66": {
    "cen_loss": 1.5838340485095979,
    "cen_accuracy": 0.50375
  },
  "67": {
    "cen_loss": 1.3045894898176194,
    "cen_accuracy": 0.597875
  },
  "68": {
    "cen_loss": 1.1655435353517531,
    "cen_accuracy": 0.6045
  },
  "69": {
    "cen_loss": 1.9334480555057525,
    "cen_accuracy": 0.454625
  },
  "70": {
    "cen_loss": 2.495196408748627,
    "cen_accuracy": 0.39225
  },
  "71": {
    "cen_loss": 1.3117866681814194,
    "cen_accuracy": 0.586625
  },
  "72": {
    "cen_loss": 1.2947825571894647,
    "cen_accuracy": 0.577
  },
  "73": {
    "cen_loss": 1.5666016498804092,
    "cen_accuracy": 0.528625
  },
  "74": {
    "cen_loss": 1.5734752795100213,
    "cen_accuracy": 0.508625
  },
  "75": {
    "cen_loss": 1.2501186634898185,
    "cen_accuracy": 0.59225
  },
  "76": {
    "cen_loss": 1.1416505851149559,
    "cen_accuracy": 0.612875
  },
  "77": {
    "cen_loss": 1.102729310631752,
    "cen_accuracy": 0.62075
  },
  "78": {
    "cen_loss": 1.2486162153482436,
    "cen_accuracy": 0.58725
  },
  "79": {
    "cen_loss": 1.2803019534349442,
    "cen_accuracy": 0.582375
  },
  "80": {
    "cen_loss": 1.5206868195533751,
    "cen_accuracy": 0.5465
  },
  "81": {
    "cen_loss": 1.227915662407875,
    "cen_accuracy": 0.576625
  },
  "82": {
    "cen_loss": 1.241334208548069,
    "cen_accuracy": 0.607
  },
  "83": {
    "cen_loss": 1.2607619117498399,
    "cen_accuracy": 0.590125
  },
  "84": {
    "cen_loss": 1.2722454819083213,
    "cen_accuracy": 0.579
  },
  "85": {
    "cen_loss": 1.264719332098961,
    "cen_accuracy": 0.588
  },
  "86": {
    "cen_loss": 1.257162052810192,
    "cen_accuracy": 0.60425
  },
  "87": {
    "cen_loss": 1.4908670463562013,
    "cen_accuracy": 0.531
  },
  "88": {
    "cen_loss": 1.3107243167757987,
    "cen_accuracy": 0.589
  },
  "89": {
    "cen_loss": 1.3137632343173027,
    "cen_accuracy": 0.57925
  },
  "90": {
    "cen_loss": 1.4850516588687896,
    "cen_accuracy": 0.556125
  },
  "91": {
    "cen_loss": 1.0901754339337348,
    "cen_accuracy": 0.635
  },
  "92": {
    "cen_loss": 1.5015191394090652,
    "cen_accuracy": 0.539875
  },
  "93": {
    "cen_loss": 1.1084591502547263,
    "cen_accuracy": 0.628625
  },
  "94": {
    "cen_loss": 1.1244989678263664,
    "cen_accuracy": 0.611375
  },
  "95": {
    "cen_loss": 1.1904027515649795,
    "cen_accuracy": 0.60025
  },
  "96": {
    "cen_loss": 1.1828975296020507,
    "cen_accuracy": 0.615125
  },
  "97": {
    "cen_loss": 1.3288758007884025,
    "cen_accuracy": 0.575375
  },
  "98": {
    "cen_loss": 1.2503727596402168,
    "cen_accuracy": 0.603125
  },
  "99": {
    "cen_loss": 1.0260399020910262,
    "cen_accuracy": 0.646875
  },
  "100": {
    "cen_loss": 1.1117762814164163,
    "cen_accuracy": 0.631
  },