{
  "0": {
    "cen_loss": 2.3028161997795107,
    "cen_accuracy": 0.1005
  },
  "1": {
    "cen_loss": 2.3028161997795107,
    "cen_accuracy": 0.1005
  },
  "2": {
    "cen_loss": 3.6429940519332886,
    "cen_accuracy": 0.1005
  },
  "3": {
    "cen_loss": 4.980059529304504,
    "cen_accuracy": 0.098875
  },
  "4": {
    "cen_loss": 4.951220137119293,
    "cen_accuracy": 0.126
  },
  "5": {
    "cen_loss": 5.578852270126343,
    "cen_accuracy": 0.1435
  },
  "6": {
    "cen_loss": 6.025021070957184,
    "cen_accuracy": 0.0995
  },
  "7": {
    "cen_loss": 6.073908198356628,
    "cen_accuracy": 0.100875
  },
  "8": {
    "cen_loss": 4.520599452495575,
    "cen_accuracy": 0.1405
  },
  "9": {
    "cen_loss": 3.1302041172981263,
    "cen_accuracy": 0.22675
  },
  "10": {
    "cen_loss": 1.4656131933927536,
    "cen_accuracy": 0.520125
  },
  "11": {
    "cen_loss": 2.3387121241092683,
    "cen_accuracy": 0.334125
  },
  "12": {
    "cen_loss": 2.1133430477380752,
    "cen_accuracy": 0.393875
  },
  "13": {
    "cen_loss": 1.8826735069751739,
    "cen_accuracy": 0.446
  },
  "14": {
    "cen_loss": 1.7363013789653778,
    "cen_accuracy": 0.479625
  },
  "15": {
    "cen_loss": 1.5791214530467987,
    "cen_accuracy": 0.52675
  },
  "16": {
    "cen_loss": 1.5202026325464248,
    "cen_accuracy": 0.550125
  },
  "17": {
    "cen_loss": 1.4355599591732024,
    "cen_accuracy": 0.570125
  },
  "18": {
    "cen_loss": 1.4193422546386718,
    "cen_accuracy": 0.580625
  },
  "19": {
    "cen_loss": 1.345109656214714,
    "cen_accuracy": 0.599375
  },
  "20": {
    "cen_loss": 1.295929337799549,
    "cen_accuracy": 0.6335
  },
  "21": {
    "cen_loss": 1.3317265723347664,
    "cen_accuracy": 0.603375
  },
  "22": {
    "cen_loss": 1.3392304630279541,
    "cen_accuracy": 0.6145
  },
  "23": {
    "cen_loss": 1.293105126261711,
    "cen_accuracy": 0.621375
  },
  "24": {
    "cen_loss": 1.2260788286924362,
    "cen_accuracy": 0.6365
  },
  "25": {
    "cen_loss": 1.1883100638389588,
    "cen_accuracy": 0.649125
  },
  "26": {
    "cen_loss": 1.1773310669660568,
    "cen_accuracy": 0.65325
  },
  "27": {
    "cen_loss": 1.1825237679481506,
    "cen_accuracy": 0.659
  },
  "28": {
    "cen_loss": 1.2441344787180424,
    "cen_accuracy": 0.652
  },
  "29": {
    "cen_loss": 1.2574358415603637,
    "cen_accuracy": 0.645625
  },
  "30": {
    "cen_loss": 1.2935619295835494,
    "cen_accuracy": 0.657875
  },
  "31": {
    "cen_loss": 1.328201949506998,
    "cen_accuracy": 0.64075
  },
  "32": {
    "cen_loss": 1.3718167709708213,
    "cen_accuracy": 0.636125
  },
  "33": {
    "cen_loss": 1.3114143332540988,
    "cen_accuracy": 0.64125
  },
  "34": {
    "cen_loss": 1.2120803273916245,
    "cen_accuracy": 0.661
  },
  "35": {
    "cen_loss": 1.3429981273412706,
    "cen_accuracy": 0.6435
  },
  "36": {
    "cen_loss": 1.2150648682117462,
    "cen_accuracy": 0.655875
  },
  "37": {
    "cen_loss": 1.151066236913204,
    "cen_accuracy": 0.67125
  },
  "38": {
    "cen_loss": 1.1887014855146407,
    "cen_accuracy": 0.66975
  },
  "39": {
    "cen_loss": 1.1876833746433257,
    "cen_accuracy": 0.674375
  },
  "40": {
    "cen_loss": 1.2671992881894112,
    "cen_accuracy": 0.675
  },
  "41": {
    "cen_loss": 1.1593338458538056,
    "cen_accuracy": 0.679125
  },
  "42": {
    "cen_loss": 1.2510081198811531,
    "cen_accuracy": 0.66525
  },
  "43": {
    "cen_loss": 1.1455871955752372,
    "cen_accuracy": 0.690125
  },
  "44": {
    "cen_loss": 1.0954590077996254,
    "cen_accuracy": 0.69475
  },
  "45": {
    "cen_loss": 1.162856059730053,
    "cen_accuracy": 0.67975
  },
  "46": {
    "cen_loss": 1.1258869287371636,
    "cen_accuracy": 0.690375
  },
  "47": {
    "cen_loss": 1.1601732288897038,
    "cen_accuracy": 0.686625
  },
  "48": {
    "cen_loss": 1.0692203826904296,
    "cen_accuracy": 0.701
  },
  "49": {
    "cen_loss": 1.0761209398061038,
    "cen_accuracy": 0.701
  },
  "50": {
    "cen_loss": 1.1457718399465084,
    "cen_accuracy": 0.69475
  },
  "51": {
    "cen_loss": 1.0174622036218643,
    "cen_accuracy": 0.71175
  },
  "52": {
    "cen_loss": 1.0552856593877078,
    "cen_accuracy": 0.7055
  },
  "53": {
    "cen_loss": 1.065982774347067,
    "cen_accuracy": 0.70625
  },
  "54": {
    "cen_loss": 1.0703837158679963,
    "cen_accuracy": 0.7035
  },
  "55": {
    "cen_loss": 1.040537554398179,
    "cen_accuracy": 0.707875
  },
  "56": {
    "cen_loss": 1.018286016970873,
    "cen_accuracy": 0.71075
  },
  "57": {
    "cen_loss": 1.0730813722610473,
    "cen_accuracy": 0.711875
  },
  "58": {
    "cen_loss": 1.0475811202600598,
    "cen_accuracy": 0.70825
  },
  "59": {
    "cen_loss": 0.9912529662176967,
    "cen_accuracy": 0.719
  },
  "60": {
    "cen_loss": 1.049582952067256,
    "cen_accuracy": 0.72025
  },
  "61": {
    "cen_loss": 1.0191697020083665,
    "cen_accuracy": 0.716625
  },
  "62": {
    "cen_loss": 1.0347240785360337,
    "cen_accuracy": 0.711
  },
  "63": {
    "cen_loss": 1.0195321335345506,
    "cen_accuracy": 0.720875
  },
  "64": {
    "cen_loss": 1.0333981837630273,
    "cen_accuracy": 0.715625
  },
  "65": {
    "cen_loss": 1.011333752259612,
    "cen_accuracy": 0.719
  },
  "66": {
    "cen_loss": 0.9727997242510319,
    "cen_accuracy": 0.7215
  },
  "67": {
    "cen_loss": 1.002651868313551,
    "cen_accuracy": 0.715875
  },
  "68": {
    "cen_loss": 1.077245220273733,
    "cen_accuracy": 0.704625
  },
  "69": {
    "cen_loss": 0.9560978228449821,
    "cen_accuracy": 0.73325
  },
  "70": {
    "cen_loss": 1.0542812663912773,
    "cen_accuracy": 0.7245
  },
  "71": {
    "cen_loss": 1.0098470460474491,
    "cen_accuracy": 0.72125
  },
  "72": {
    "cen_loss": 0.976070667847991,
    "cen_accuracy": 0.72675
  },
  "73": {
    "cen_loss": 0.9131373502165079,
    "cen_accuracy": 0.74
  },
  "74": {
    "cen_loss": 0.9357549224048853,
    "cen_accuracy": 0.734375
  },
  "75": {
    "cen_loss": 1.0057289189100265,
    "cen_accuracy": 0.72775
  },
  "76": {
    "cen_loss": 0.9239072465598583,
    "cen_accuracy": 0.734625
  },
  "77": {
    "cen_loss": 0.9443352953344584,
    "cen_accuracy": 0.736375
  },
  "78": {
    "cen_loss": 0.9356128527671099,
    "cen_accuracy": 0.733125
  },
  "79": {
    "cen_loss": 0.950514280512929,
    "cen_accuracy": 0.737625
  },
  "80": {
    "cen_loss": 0.9871978756934404,
    "cen_accuracy": 0.735375
  },
  "81": {
    "cen_loss": 0.8896545596271753,
    "cen_accuracy": 0.747
  },
  "82": {
    "cen_loss": 0.9433173937872052,
    "cen_accuracy": 0.739875
  },
  "83": {
    "cen_loss": 0.9407341237366199,
    "cen_accuracy": 0.736
  },
  "84": {
    "cen_loss": 0.9750926224887371,
    "cen_accuracy": 0.72625
  },
  "85": {
    "cen_loss": 0.8559603519067168,
    "cen_accuracy": 0.755125
  },
  "86": {
    "cen_loss": 0.9091833403222263,
    "cen_accuracy": 0.743875
  },
  "87": {
    "cen_loss": 0.9460655069351196,
    "cen_accuracy": 0.735
  },
  "88": {
    "cen_loss": 0.9262430958896876,
    "cen_accuracy": 0.73775
  },
  "89": {
    "cen_loss": 0.8757150915116072,
    "cen_accuracy": 0.75175
  },
  "90": {
    "cen_loss": 0.8928796033561229,
    "cen_accuracy": 0.753375
  },
  "91": {
    "cen_loss": 0.8428031537979841,
    "cen_accuracy": 0.757875
  },
  "92": {
    "cen_loss": 0.963153146892786,
    "cen_accuracy": 0.744
  },
  "93": {
    "cen_loss": 0.9288475916609168,
    "cen_accuracy": 0.746
  },
  "94": {
    "cen_loss": 0.8891033987104893,
    "cen_accuracy": 0.74725
  },
  "95": {
    "cen_loss": 0.9137491480633616,
    "cen_accuracy": 0.74325
  },
  "96": {
    "cen_loss": 0.9905678742155433,
    "cen_accuracy": 0.730125
  },
  "97": {
    "cen_loss": 0.8916177491396665,
    "cen_accuracy": 0.746
  },
  "98": {
    "cen_loss": 0.9209006543904543,
    "cen_accuracy": 0.743125
  },
  "99": {
    "cen_loss": 0.8428011145666242,
    "cen_accuracy": 0.76075
  },
  "100": {
    "cen_loss": 0.8694801935181021,
    "cen_accuracy": 0.762625
  },
  "101": {
    "cen_loss": 0.8333683789595961,