{
  "0": {
    "cen_loss": 2.3028161997795107,
    "cen_accuracy": 0.1005
  },
  "1": {
    "cen_loss": 2.3028161997795107,
    "cen_accuracy": 0.1005
  },
  "2": {
    "cen_loss": 2.6961660437583923,
    "cen_accuracy": 0.10075
  },
  "3": {
    "cen_loss": 4.586878989696503,
    "cen_accuracy": 0.0995
  },
  "4": {
    "cen_loss": 3.447511737346649,
    "cen_accuracy": 0.120875
  },
  "5": {
    "cen_loss": 5.111475642681122,
    "cen_accuracy": 0.11975
  },
  "6": {
    "cen_loss": 3.0231378319263458,
    "cen_accuracy": 0.17425
  },
  "7": {
    "cen_loss": 2.481871505737305,
    "cen_accuracy": 0.174875
  },
  "8": {
    "cen_loss": 3.42912895488739,
    "cen_accuracy": 0.192625
  },
  "9": {
    "cen_loss": 2.8083135995864867,
    "cen_accuracy": 0.201875
  },
  "10": {
    "cen_loss": 2.0999711270332337,
    "cen_accuracy": 0.329
  },
  "11": {
    "cen_loss": 2.023690911054611,
    "cen_accuracy": 0.26025
  },
  "12": {
    "cen_loss": 2.7548649590015413,
    "cen_accuracy": 0.203625
  },
  "13": {
    "cen_loss": 2.6393009514808656,
    "cen_accuracy": 0.286
  },
  "14": {
    "cen_loss": 2.5950995622873307,
    "cen_accuracy": 0.291125
  },
  "15": {
    "cen_loss": 3.223682734966278,
    "cen_accuracy": 0.278125
  },
  "16": {
    "cen_loss": 3.520740550041199,
    "cen_accuracy": 0.229
  },
  "17": {
    "cen_loss": 2.0475584785938263,
    "cen_accuracy": 0.331875
  },
  "18": {
    "cen_loss": 2.7459091629981995,
    "cen_accuracy": 0.34475
  },
  "19": {
    "cen_loss": 2.6432853531837464,
    "cen_accuracy": 0.28525
  },
  "20": {
    "cen_loss": 3.231529718875885,
    "cen_accuracy": 0.280375
  },
  "21": {
    "cen_loss": 2.987659712791443,
    "cen_accuracy": 0.362
  },
  "22": {
    "cen_loss": 2.9219332082271574,
    "cen_accuracy": 0.362625
  },
  "23": {
    "cen_loss": 3.522736184835434,
    "cen_accuracy": 0.310125
  },
  "24": {
    "cen_loss": 2.3765308895111086,
    "cen_accuracy": 0.27175
  },
  "25": {
    "cen_loss": 2.4495269978046417,
    "cen_accuracy": 0.326
  },
  "26": {
    "cen_loss": 2.0834642865657806,
    "cen_accuracy": 0.414375
  },
  "27": {
    "cen_loss": 2.2126143441200257,
    "cen_accuracy": 0.422875
  },
  "28": {
    "cen_loss": 2.000662135720253,
    "cen_accuracy": 0.393375
  },
  "29": {
    "cen_loss": 2.3377618359327315,
    "cen_accuracy": 0.365125
  },
  "30": {
    "cen_loss": 2.4376764008998872,
    "cen_accuracy": 0.385625
  },
  "31": {
    "cen_loss": 3.2641719534397127,
    "cen_accuracy": 0.3315
  },
  "32": {
    "cen_loss": 3.8538783075809477,
    "cen_accuracy": 0.259875
  },
  "33": {
    "cen_loss": 3.482117402553558,
    "cen_accuracy": 0.384875
  },
  "34": {
    "cen_loss": 2.361427578091621,
    "cen_accuracy": 0.406625
  },
  "35": {
    "cen_loss": 1.8195346895456315,
    "cen_accuracy": 0.40575
  },
  "36": {
    "cen_loss": 1.8130922156572342,
    "cen_accuracy": 0.428125
  },
  "37": {
    "cen_loss": 1.5396911506652833,
    "cen_accuracy": 0.482
  },
  "38": {
    "cen_loss": 1.9336536680459977,
    "cen_accuracy": 0.424625
  },
  "39": {
    "cen_loss": 2.087063632130623,
    "cen_accuracy": 0.36375
  },
  "40": {
    "cen_loss": 2.83218071603775,
    "cen_accuracy": 0.29925
  },
  "41": {
    "cen_loss": 1.873879031062126,
    "cen_accuracy": 0.3725
  },
  "42": {
    "cen_loss": 1.7865962703227998,
    "cen_accuracy": 0.446875
  },
  "43": {
    "cen_loss": 1.9874082930088044,
    "cen_accuracy": 0.423
  },
  "44": {
    "cen_loss": 3.3387628254890442,
    "cen_accuracy": 0.313375
  },
  "45": {
    "cen_loss": 2.013895410180092,
    "cen_accuracy": 0.345625
  },
  "46": {
    "cen_loss": 1.6360979323387146,
    "cen_accuracy": 0.453
  },
  "47": {
    "cen_loss": 2.1397610704898833,
    "cen_accuracy": 0.320875
  },
  "48": {
    "cen_loss": 2.1199242647886276,
    "cen_accuracy": 0.445625
  },
  "49": {
    "cen_loss": 1.7571405860185623,
    "cen_accuracy": 0.46375
  },
  "50": {
    "cen_loss": 2.1615440413951874,
    "cen_accuracy": 0.40275
  },
  "51": {
    "cen_loss": 2.386906349658966,
    "cen_accuracy": 0.393875
  },
  "52": {
    "cen_loss": 1.6947665404081345,
    "cen_accuracy": 0.474875
  },
  "53": {
    "cen_loss": 1.6450036871433258,
    "cen_accuracy": 0.438
  },
  "54": {
    "cen_loss": 1.8006237394809723,
    "cen_accuracy": 0.45925
  },
  "55": {
    "cen_loss": 2.66949573636055,
    "cen_accuracy": 0.425875
  },
  "56": {
    "cen_loss": 2.0788074733018873,
    "cen_accuracy": 0.463875
  },
  "57": {
    "cen_loss": 2.3416381653547287,
    "cen_accuracy": 0.381125
  },
  "58": {
    "cen_loss": 2.961577889919281,
    "cen_accuracy": 0.344375
  },
  "59": {
    "cen_loss": 2.134169926762581,
    "cen_accuracy": 0.393
  },
  "60": {
    "cen_loss": 3.336412894964218,
    "cen_accuracy": 0.27625
  },
  "61": {
    "cen_loss": 2.468993821144104,
    "cen_accuracy": 0.302375
  },
  "62": {
    "cen_loss": 1.9129272015094758,
    "cen_accuracy": 0.38875
  },
  "63": {
    "cen_loss": 1.8369419177770614,
    "cen_accuracy": 0.41025
  },
  "64": {
    "cen_loss": 1.318578758776188,
    "cen_accuracy": 0.52975
  },
  "65": {
    "cen_loss": 2.57383096075058,
    "cen_accuracy": 0.421625
  },
  "66": {
    "cen_loss": 2.3597508354187013,
    "cen_accuracy": 0.385125
  },
  "67": {
    "cen_loss": 1.8941108387708665,
    "cen_accuracy": 0.414375
  },
  "68": {
    "cen_loss": 2.3561128150224686,
    "cen_accuracy": 0.34925
  },
  "69": {
    "cen_loss": 2.2791706075668334,
    "cen_accuracy": 0.356125
  },
  "70": {
    "cen_loss": 2.6833959321975707,
    "cen_accuracy": 0.334125
  },
  "71": {
    "cen_loss": 1.2420731089115142,
    "cen_accuracy": 0.564375
  },
  "72": {
    "cen_loss": 2.906432906627655,
    "cen_accuracy": 0.33325
  },
  "73": {
    "cen_loss": 2.1411364561319353,
    "cen_accuracy": 0.4875
  },
  "74": {
    "cen_loss": 1.684708845615387,
    "cen_accuracy": 0.40075
  },
  "75": {
    "cen_loss": 1.5140370361804962,
    "cen_accuracy": 0.49825
  },
  "76": {
    "cen_loss": 1.5406161148548125,
    "cen_accuracy": 0.481125
  },
  "77": {
    "cen_loss": 2.477010631084442,
    "cen_accuracy": 0.383375
  },
  "78": {
    "cen_loss": 1.6579779928922653,
    "cen_accuracy": 0.45475
  },
  "79": {
    "cen_loss": 2.256872322320938,
    "cen_accuracy": 0.384625
  },
  "80": {
    "cen_loss": 3.4701526321172715,
    "cen_accuracy": 0.324
  },
  "81": {
    "cen_loss": 2.096797030329704,
    "cen_accuracy": 0.47375
  },
  "82": {
    "cen_loss": 1.5397808887958526,
    "cen_accuracy": 0.519
  },
  "83": {
    "cen_loss": 2.3840248649120332,
    "cen_accuracy": 0.344875
  },
  "84": {
    "cen_loss": 1.5487519917488097,
    "cen_accuracy": 0.471875
  },
  "85": {
    "cen_loss": 1.9322255594730378,
    "cen_accuracy": 0.4225
  },
  "86": {
    "cen_loss": 3.321719999551773,
    "cen_accuracy": 0.303
  },
  "87": {
    "cen_loss": 1.523932744860649,
    "cen_accuracy": 0.451375
  },
  "88": {
    "cen_loss": 1.8588980493545533,
    "cen_accuracy": 0.46675
  },
  "89": {
    "cen_loss": 1.7058503184318543,
    "cen_accuracy": 0.460125
  },
  "90": {
    "cen_loss": 1.9008074110746385,
    "cen_accuracy": 0.42525
  },
  "91": {
    "cen_loss": 1.6694123158454894,
    "cen_accuracy": 0.465625
  },
  "92": {
    "cen_loss": 1.9125199933052064,
    "cen_accuracy": 0.493625
  },
  "93": {
    "cen_loss": 1.4354913362264634,
    "cen_accuracy": 0.51975
  },
  "94": {
    "cen_loss": 1.6791038714051247,
    "cen_accuracy": 0.500875
  },
  "95": {
    "cen_loss": 1.3335649639368057,
    "cen_accuracy": 0.5625
  },
  "96": {
    "cen_loss": 1.4690094483494758,
    "cen_accuracy": 0.55175
  },
  "97": {
    "cen_loss": 1.8164234615564345,
    "cen_accuracy": 0.50675
  },
  "98": {
    "cen_loss": 1.7825076721906663,
    "cen_accuracy": 0.523875
  },
  "99": {
    "cen_loss": 2.0014988909959794,
    "cen_accuracy": 0.50525
  },
  "100": {
    "cen_loss": 2.0568212518692017,
    "cen_accuracy": 0.513625
  },
  "101": {
    "cen_loss": 1.876508991420269,