{
  "0": {
    "cen_loss": 2.3026313900947573,
    "cen_accuracy": 0.10175
  },
  "1": {
    "cen_loss": 2.3026313900947573,
    "cen_accuracy": 0.10175
  },
  "2": {
    "cen_loss": 3.1708509702682495,
    "cen_accuracy": 0.09975
  },
  "3": {
    "cen_loss": 3.734604127407074,
    "cen_accuracy": 0.099875
  },
  "4": {
    "cen_loss": 3.4223490195274353,
    "cen_accuracy": 0.10175
  },
  "5": {
    "cen_loss": 3.8302655572891235,
    "cen_accuracy": 0.10175
  },
  "6": {
    "cen_loss": 4.2048248438835145,
    "cen_accuracy": 0.114125
  },
  "7": {
    "cen_loss": 2.6495075283050538,
    "cen_accuracy": 0.1835
  },
  "8": {
    "cen_loss": 2.8427202146053316,
    "cen_accuracy": 0.179125
  },
  "9": {
    "cen_loss": 3.537960993051529,
    "cen_accuracy": 0.197875
  },
  "10": {
    "cen_loss": 3.080607473373413,
    "cen_accuracy": 0.285375
  },
  "11": {
    "cen_loss": 2.379363126993179,
    "cen_accuracy": 0.282625
  },
  "12": {
    "cen_loss": 2.3910405638217926,
    "cen_accuracy": 0.291125
  },
  "13": {
    "cen_loss": 3.1334208931922913,
    "cen_accuracy": 0.21825
  },
  "14": {
    "cen_loss": 2.6623015077114105,
    "cen_accuracy": 0.258
  },
  "15": {
    "cen_loss": 2.006314855337143,
    "cen_accuracy": 0.359125
  },
  "16": {
    "cen_loss": 2.123291615962982,
    "cen_accuracy": 0.3845
  },
  "17": {
    "cen_loss": 2.06180200612545,
    "cen_accuracy": 0.438375
  },
  "18": {
    "cen_loss": 2.840020971298218,
    "cen_accuracy": 0.287375
  },
  "19": {
    "cen_loss": 1.9438002611398697,
    "cen_accuracy": 0.3815
  },
  "20": {
    "cen_loss": 2.3115612419843674,
    "cen_accuracy": 0.345375
  },
  "21": {
    "cen_loss": 2.5984902691841127,
    "cen_accuracy": 0.350375
  },
  "22": {
    "cen_loss": 2.2231945873498917,
    "cen_accuracy": 0.36475
  },
  "23": {
    "cen_loss": 2.554651505827904,
    "cen_accuracy": 0.325375
  },
  "24": {
    "cen_loss": 1.987585220694542,
    "cen_accuracy": 0.41175
  },
  "25": {
    "cen_loss": 1.7225946276187896,
    "cen_accuracy": 0.4285
  },
  "26": {
    "cen_loss": 2.169081528067589,
    "cen_accuracy": 0.43375
  },
  "27": {
    "cen_loss": 1.9873553198575973,
    "cen_accuracy": 0.406625
  },
  "28": {
    "cen_loss": 2.3066579571962356,
    "cen_accuracy": 0.382125
  },
  "29": {
    "cen_loss": 2.349451457977295,
    "cen_accuracy": 0.396625
  },
  "30": {
    "cen_loss": 2.6033666204214096,
    "cen_accuracy": 0.391375
  },
  "31": {
    "cen_loss": 1.8698995670080185,
    "cen_accuracy": 0.421375
  },
  "32": {
    "cen_loss": 1.722854165315628,
    "cen_accuracy": 0.449625
  },
  "33": {
    "cen_loss": 1.628456745147705,
    "cen_accuracy": 0.468125
  },
  "34": {
    "cen_loss": 2.1323278369903567,
    "cen_accuracy": 0.439375
  },
  "35": {
    "cen_loss": 2.2513271260261534,
    "cen_accuracy": 0.389875
  },
  "36": {
    "cen_loss": 2.3320380074977876,
    "cen_accuracy": 0.3865
  },
  "37": {
    "cen_loss": 1.9121743683815002,
    "cen_accuracy": 0.426625
  },
  "38": {
    "cen_loss": 2.3147804278135298,
    "cen_accuracy": 0.394875
  },
  "39": {
    "cen_loss": 2.7965811841487884,
    "cen_accuracy": 0.380875
  },
  "40": {
    "cen_loss": 3.507701729059219,
    "cen_accuracy": 0.326625
  },
  "41": {
    "cen_loss": 1.9287834416627885,
    "cen_accuracy": 0.416125
  },
  "42": {
    "cen_loss": 2.1690881404876707,
    "cen_accuracy": 0.4355
  },
  "43": {
    "cen_loss": 2.8739030673503874,
    "cen_accuracy": 0.365125
  },
  "44": {
    "cen_loss": 2.654311789751053,
    "cen_accuracy": 0.369625
  },
  "45": {
    "cen_loss": 2.299497037768364,
    "cen_accuracy": 0.397875
  },
  "46": {
    "cen_loss": 1.962650810599327,
    "cen_accuracy": 0.427375
  },
  "47": {
    "cen_loss": 1.913254553079605,
    "cen_accuracy": 0.421625
  },
  "48": {
    "cen_loss": 1.6530377186536789,
    "cen_accuracy": 0.514125
  },
  "49": {
    "cen_loss": 2.850201849937439,
    "cen_accuracy": 0.401125
  },
  "50": {
    "cen_loss": 2.578011105775833,
    "cen_accuracy": 0.410125
  },
  "51": {
    "cen_loss": 2.3926082179546357,
    "cen_accuracy": 0.414625
  },
  "52": {
    "cen_loss": 1.594178473174572,
    "cen_accuracy": 0.50925
  },
  "53": {
    "cen_loss": 1.755530566751957,
    "cen_accuracy": 0.469125
  },
  "54": {
    "cen_loss": 1.9488589338064193,
    "cen_accuracy": 0.44925
  },
  "55": {
    "cen_loss": 1.628136763215065,
    "cen_accuracy": 0.492625
  },
  "56": {
    "cen_loss": 1.7143304748535155,
    "cen_accuracy": 0.493625
  },
  "57": {
    "cen_loss": 1.6254328837394714,
    "cen_accuracy": 0.4725
  },
  "58": {
    "cen_loss": 1.3670798897147178,
    "cen_accuracy": 0.538625
  },
  "59": {
    "cen_loss": 2.6066385045051574,
    "cen_accuracy": 0.36625
  },
  "60": {
    "cen_loss": 2.8365196776390076,
    "cen_accuracy": 0.354
  },
  "61": {
    "cen_loss": 1.7672974644899369,
    "cen_accuracy": 0.49375
  },
  "62": {
    "cen_loss": 1.74343801343441,
    "cen_accuracy": 0.472875
  },
  "63": {
    "cen_loss": 1.718261751294136,
    "cen_accuracy": 0.513875
  },
  "64": {
    "cen_loss": 1.9888823077678681,
    "cen_accuracy": 0.452625
  },
  "65": {
    "cen_loss": 1.3454347293376923,
    "cen_accuracy": 0.556125
  },
  "66": {
    "cen_loss": 2.7132762331962583,
    "cen_accuracy": 0.39025
  },
  "67": {
    "cen_loss": 2.3580161467790606,
    "cen_accuracy": 0.4545
  },
  "68": {
    "cen_loss": 1.4552457733154296,
    "cen_accuracy": 0.539
  },
  "69": {
    "cen_loss": 3.2661497802734374,
    "cen_accuracy": 0.361625
  },
  "70": {
    "cen_loss": 3.5833966965675352,
    "cen_accuracy": 0.360375
  },
  "71": {
    "cen_loss": 1.8690546367168426,
    "cen_accuracy": 0.457125
  },
  "72": {
    "cen_loss": 1.906942761182785,
    "cen_accuracy": 0.487625
  },
  "73": {
    "cen_loss": 1.6214396821260453,
    "cen_accuracy": 0.495625
  },
  "74": {
    "cen_loss": 1.7027659388780594,
    "cen_accuracy": 0.4775
  },
  "75": {
    "cen_loss": 1.24303756326437,
    "cen_accuracy": 0.576625
  },
  "76": {
    "cen_loss": 1.5775533229708671,
    "cen_accuracy": 0.5035
  },
  "77": {
    "cen_loss": 1.3434210256934167,
    "cen_accuracy": 0.593375
  },
  "78": {
    "cen_loss": 1.6639786876440048,
    "cen_accuracy": 0.509375
  },
  "79": {
    "cen_loss": 1.8856472792625427,
    "cen_accuracy": 0.508625
  },
  "80": {
    "cen_loss": 2.1334400370121003,
    "cen_accuracy": 0.489375
  },
  "81": {
    "cen_loss": 1.543888756275177,
    "cen_accuracy": 0.49275
  },
  "82": {
    "cen_loss": 1.7942567805051803,
    "cen_accuracy": 0.464875
  },
  "83": {
    "cen_loss": 1.4500315508842467,
    "cen_accuracy": 0.528125
  },
  "84": {
    "cen_loss": 2.5553003282546998,
    "cen_accuracy": 0.35775
  },
  "85": {
    "cen_loss": 1.423701575279236,
    "cen_accuracy": 0.52475
  },
  "86": {
    "cen_loss": 1.6742579957842827,
    "cen_accuracy": 0.530875
  },
  "87": {
    "cen_loss": 1.8611315603256227,
    "cen_accuracy": 0.460375
  },
  "88": {
    "cen_loss": 1.337624284207821,
    "cen_accuracy": 0.571625
  },
  "89": {
    "cen_loss": 1.6599127683639527,
    "cen_accuracy": 0.4965
  },
  "90": {
    "cen_loss": 3.077274313211441,
    "cen_accuracy": 0.326625
  },
  "91": {
    "cen_loss": 2.0237300203442574,
    "cen_accuracy": 0.447875
  },
  "92": {
    "cen_loss": 2.26060622882843,
    "cen_accuracy": 0.457
  },
  "93": {
    "cen_loss": 1.6389416037797928,
    "cen_accuracy": 0.523875
  },
  "94": {
    "cen_loss": 1.4755927113294602,
    "cen_accuracy": 0.523875
  },
  "95": {
    "cen_loss": 1.7446163330078126,
    "cen_accuracy": 0.496375
  },
  "96": {
    "cen_loss": 1.7245227103829384,
    "cen_accuracy": 0.51
  },
  "97": {
    "cen_loss": 2.1190330809354783,
    "cen_accuracy": 0.464625
  },
  "98": {
    "cen_loss": 2.1600866467952726,
    "cen_accuracy": 0.467375
  },
  "99": {
    "cen_loss": 1.4326163457632064,
    "cen_accuracy": 0.5575
  },
  "100": {
    "cen_loss": 1.695864913225174,
    "cen_accuracy": 0.49275
  },