{
  "0": {
    "cen_loss": 2.3027744300842286,
    "cen_accuracy": 0.1
  },
  "1": {
    "cen_loss": 2.3027744300842286,
    "cen_accuracy": 0.1
  },
  "2": {
    "cen_loss": 2.3787273891448977,
    "cen_accuracy": 0.1
  },
  "3": {
    "cen_loss": 2.5007728935241698,
    "cen_accuracy": 0.1011
  },
  "4": {
    "cen_loss": 2.5628931827545167,
    "cen_accuracy": 0.102
  },
  "5": {
    "cen_loss": 2.55070005607605,
    "cen_accuracy": 0.1098
  },
  "6": {
    "cen_loss": 2.7036786457061766,
    "cen_accuracy": 0.1384
  },
  "7": {
    "cen_loss": 2.9995288652420045,
    "cen_accuracy": 0.1148
  },
  "8": {
    "cen_loss": 2.900915159034729,
    "cen_accuracy": 0.1328
  },
  "9": {
    "cen_loss": 2.3613631673812865,
    "cen_accuracy": 0.1842
  },
  "10": {
    "cen_loss": 2.7422234981536864,
    "cen_accuracy": 0.134
  },
  "11": {
    "cen_loss": 2.3951006673812865,
    "cen_accuracy": 0.1618
  },
  "12": {
    "cen_loss": 2.5207820680618287,
    "cen_accuracy": 0.157
  },
  "13": {
    "cen_loss": 2.513836722946167,
    "cen_accuracy": 0.1959
  },
  "14": {
    "cen_loss": 2.8383277549743653,
    "cen_accuracy": 0.111
  },
  "15": {
    "cen_loss": 2.3457915197372436,
    "cen_accuracy": 0.1633
  },
  "16": {
    "cen_loss": 2.739900189399719,
    "cen_accuracy": 0.1399
  },
  "17": {
    "cen_loss": 2.6385477478027344,
    "cen_accuracy": 0.1519
  },
  "18": {
    "cen_loss": 2.9338958028793334,
    "cen_accuracy": 0.1312
  },
  "19": {
    "cen_loss": 2.7708743036270143,
    "cen_accuracy": 0.1515
  },
  "20": {
    "cen_loss": 2.702725373458862,
    "cen_accuracy": 0.1577
  },
  "21": {
    "cen_loss": 2.434388021850586,
    "cen_accuracy": 0.169
  },
  "22": {
    "cen_loss": 2.3451005277633667,
    "cen_accuracy": 0.1557
  },
  "23": {
    "cen_loss": 2.181846292114258,
    "cen_accuracy": 0.198
  },
  "24": {
    "cen_loss": 2.2893137369155885,
    "cen_accuracy": 0.226
  },
  "25": {
    "cen_loss": 2.274320285606384,
    "cen_accuracy": 0.2124
  },
  "26": {
    "cen_loss": 2.5130075746536256,
    "cen_accuracy": 0.1611
  },
  "27": {
    "cen_loss": 2.2829084770202637,
    "cen_accuracy": 0.2076
  },
  "28": {
    "cen_loss": 2.2072628211975096,
    "cen_accuracy": 0.2265
  },
  "29": {
    "cen_loss": 1.9959153224945068,
    "cen_accuracy": 0.2493
  },
  "30": {
    "cen_loss": 2.1319346240997312,
    "cen_accuracy": 0.2637
  },
  "31": {
    "cen_loss": 2.143897601509094,
    "cen_accuracy": 0.2781
  },
  "32": {
    "cen_loss": 2.0451501428604124,
    "cen_accuracy": 0.29
  },
  "33": {
    "cen_loss": 1.9287034700393677,
    "cen_accuracy": 0.3176
  },
  "34": {
    "cen_loss": 2.0062128467559814,
    "cen_accuracy": 0.2589
  },
  "35": {
    "cen_loss": 1.9932461528778076,
    "cen_accuracy": 0.2373
  },
  "36": {
    "cen_loss": 2.0288549421310424,
    "cen_accuracy": 0.3025
  },
  "37": {
    "cen_loss": 1.8330285104751587,
    "cen_accuracy": 0.3196
  },
  "38": {
    "cen_loss": 2.1546504917144778,
    "cen_accuracy": 0.238
  },
  "39": {
    "cen_loss": 1.8198140378952026,
    "cen_accuracy": 0.3157
  },
  "40": {
    "cen_loss": 1.9185754106521606,
    "cen_accuracy": 0.3231
  },
  "41": {
    "cen_loss": 2.034376357269287,
    "cen_accuracy": 0.2732
  },
  "42": {
    "cen_loss": 2.0209515371322633,
    "cen_accuracy": 0.2502
  },
  "43": {
    "cen_loss": 1.7022394399642944,
    "cen_accuracy": 0.3585
  },
  "44": {
    "cen_loss": 1.5495098489761352,
    "cen_accuracy": 0.4232
  },
  "45": {
    "cen_loss": 1.7172448797225952,
    "cen_accuracy": 0.3358
  },
  "46": {
    "cen_loss": 1.6087641883850097,
    "cen_accuracy": 0.383
  },
  "47": {
    "cen_loss": 1.6493978927612305,
    "cen_accuracy": 0.3816
  },
  "48": {
    "cen_loss": 1.623032780456543,
    "cen_accuracy": 0.3748
  },
  "49": {
    "cen_loss": 1.7977256296157837,
    "cen_accuracy": 0.332
  },
  "50": {
    "cen_loss": 1.6700305914878846,
    "cen_accuracy": 0.3719
  },
  "51": {
    "cen_loss": 1.79940616979599,
    "cen_accuracy": 0.3535
  },
  "52": {
    "cen_loss": 1.6659322829246521,
    "cen_accuracy": 0.4143
  },
  "53": {
    "cen_loss": 1.571291279888153,
    "cen_accuracy": 0.4029
  },
  "54": {
    "cen_loss": 1.5343762764930724,
    "cen_accuracy": 0.4427
  },
  "55": {
    "cen_loss": 1.51720571975708,
    "cen_accuracy": 0.4393
  },
  "56": {
    "cen_loss": 1.6565176658630372,
    "cen_accuracy": 0.3965
  },
  "57": {
    "cen_loss": 1.4457480350494385,
    "cen_accuracy": 0.4865
  },
  "58": {
    "cen_loss": 1.4730227127075195,
    "cen_accuracy": 0.4671
  },
  "59": {
    "cen_loss": 1.4897383481025697,
    "cen_accuracy": 0.4533
  },
  "60": {
    "cen_loss": 1.5802153183937073,
    "cen_accuracy": 0.429
  },
  "61": {
    "cen_loss": 1.5930322491645812,
    "cen_accuracy": 0.4065
  },
  "62": {
    "cen_loss": 1.4572790031433105,
    "cen_accuracy": 0.4818
  },
  "63": {
    "cen_loss": 1.5177250171661376,
    "cen_accuracy": 0.441
  },
  "64": {
    "cen_loss": 1.436550035762787,
    "cen_accuracy": 0.4792
  },
  "65": {
    "cen_loss": 1.73644474401474,
    "cen_accuracy": 0.3468
  },
  "66": {
    "cen_loss": 1.4637438669204712,
    "cen_accuracy": 0.4937
  },
  "67": {
    "cen_loss": 1.4253340223312378,
    "cen_accuracy": 0.4747
  },
  "68": {
    "cen_loss": 1.447073106765747,
    "cen_accuracy": 0.4717
  },
  "69": {
    "cen_loss": 1.5479360724449158,
    "cen_accuracy": 0.4033
  },
  "70": {
    "cen_loss": 1.3409667338371276,
    "cen_accuracy": 0.5259
  },
  "71": {
    "cen_loss": 1.3729059290885925,
    "cen_accuracy": 0.5184
  },
  "72": {
    "cen_loss": 1.4234826063156127,
    "cen_accuracy": 0.4821
  },
  "73": {
    "cen_loss": 1.455344026374817,
    "cen_accuracy": 0.4608
  },
  "74": {
    "cen_loss": 1.4962351885795593,
    "cen_accuracy": 0.4363
  },
  "75": {
    "cen_loss": 1.4139883729934692,
    "cen_accuracy": 0.4977
  },
  "76": {
    "cen_loss": 1.4134916690826416,
    "cen_accuracy": 0.4997
  },
  "77": {
    "cen_loss": 1.4308146224975586,
    "cen_accuracy": 0.4608
  },
  "78": {
    "cen_loss": 1.4719151768684386,
    "cen_accuracy": 0.4841
  },
  "79": {
    "cen_loss": 1.4751379264831543,
    "cen_accuracy": 0.4247
  },
  "80": {
    "cen_loss": 1.4757745173454284,
    "cen_accuracy": 0.4778
  },
  "81": {
    "cen_loss": 1.4142824286460876,
    "cen_accuracy": 0.5026
  },
  "82": {
    "cen_loss": 1.5046204598426818,
    "cen_accuracy": 0.4489
  },
  "83": {
    "cen_loss": 1.3580318788528443,
    "cen_accuracy": 0.5315
  },
  "84": {
    "cen_loss": 1.5385265686035157,
    "cen_accuracy": 0.445
  },
  "85": {
    "cen_loss": 1.4946695234298706,
    "cen_accuracy": 0.4352
  },
  "86": {
    "cen_loss": 1.3374801119804383,
    "cen_accuracy": 0.529
  },
  "87": {
    "cen_loss": 1.4512942719459534,
    "cen_accuracy": 0.4499
  },
  "88": {
    "cen_loss": 1.3512671188354493,
    "cen_accuracy": 0.5156
  },
  "89": {
    "cen_loss": 1.340040011882782,
    "cen_accuracy": 0.5334
  },
  "90": {
    "cen_loss": 1.4215866241455077,
    "cen_accuracy": 0.5127
  },
  "91": {
    "cen_loss": 1.2992868287086488,
    "cen_accuracy": 0.5392
  },
  "92": {
    "cen_loss": 1.3760948804855346,
    "cen_accuracy": 0.5252
  },
  "93": {
    "cen_loss": 1.4030447834968567,
    "cen_accuracy": 0.5119
  },
  "94": {
    "cen_loss": 1.456639128112793,
    "cen_accuracy": 0.4694
  },
  "95": {
    "cen_loss": 1.453249961566925,
    "cen_accuracy": 0.4672
  },
  "96": {
    "cen_loss": 1.537654665184021,
    "cen_accuracy": 0.4549
  },
  "97": {
    "cen_loss": 1.3387659700393677,
    "cen_accuracy": 0.5142
  },
  "98": {
    "cen_loss": 1.4017192569732666,
    "cen_accuracy": 0.486
  },
  "99": {
    "cen_loss": 1.429110024356842,
    "cen_accuracy": 0.4902
  },
  "100": {
    "cen_loss": 1.3967348921775817,
    "cen_accuracy": 0.4888
  },
  "101": {
    "cen_loss": 1.3911413893699647,
    "cen_accuracy": 0.5037
  }
}