{
  "0": {
    "cen_loss": 2.3027670545578003,
    "cen_accuracy": 0.0985
  },
  "1": {
    "cen_loss": 2.3027670545578003,
    "cen_accuracy": 0.0985
  },
  "2": {
    "cen_loss": 3.053221764564514,
    "cen_accuracy": 0.10175
  },
  "3": {
    "cen_loss": 5.501349002361297,
    "cen_accuracy": 0.10175
  },
  "4": {
    "cen_loss": 5.7616504945755,
    "cen_accuracy": 0.101875
  },
  "5": {
    "cen_loss": 5.480761751174927,
    "cen_accuracy": 0.15875
  },
  "6": {
    "cen_loss": 4.01394531583786,
    "cen_accuracy": 0.1805
  },
  "7": {
    "cen_loss": 2.9574924771785738,
    "cen_accuracy": 0.231
  },
  "8": {
    "cen_loss": 3.9525629410743712,
    "cen_accuracy": 0.19725
  },
  "9": {
    "cen_loss": 2.450923571109772,
    "cen_accuracy": 0.280375
  },
  "10": {
    "cen_loss": 2.4100793488025665,
    "cen_accuracy": 0.326625
  },
  "11": {
    "cen_loss": 2.150178345680237,
    "cen_accuracy": 0.319125
  },
  "12": {
    "cen_loss": 3.166174265384674,
    "cen_accuracy": 0.2995
  },
  "13": {
    "cen_loss": 2.8693113601207734,
    "cen_accuracy": 0.269875
  },
  "14": {
    "cen_loss": 2.9615145146846773,
    "cen_accuracy": 0.29425
  },
  "15": {
    "cen_loss": 2.160613846063614,
    "cen_accuracy": 0.2935
  },
  "16": {
    "cen_loss": 3.7136881153583525,
    "cen_accuracy": 0.26975
  },
  "17": {
    "cen_loss": 2.737828720808029,
    "cen_accuracy": 0.2905
  },
  "18": {
    "cen_loss": 1.9138536305427551,
    "cen_accuracy": 0.3835
  },
  "19": {
    "cen_loss": 2.6287479544878005,
    "cen_accuracy": 0.369125
  },
  "20": {
    "cen_loss": 2.535693744122982,
    "cen_accuracy": 0.375
  },
  "21": {
    "cen_loss": 3.120351183414459,
    "cen_accuracy": 0.3005
  },
  "22": {
    "cen_loss": 2.544186868429184,
    "cen_accuracy": 0.375875
  },
  "23": {
    "cen_loss": 4.200608135700226,
    "cen_accuracy": 0.254125
  },
  "24": {
    "cen_loss": 2.0490100998878478,
    "cen_accuracy": 0.39075
  },
  "25": {
    "cen_loss": 2.7939611780643463,
    "cen_accuracy": 0.289375
  },
  "26": {
    "cen_loss": 3.395199904680252,
    "cen_accuracy": 0.27875
  },
  "27": {
    "cen_loss": 2.180774532556534,
    "cen_accuracy": 0.305
  },
  "28": {
    "cen_loss": 2.1007188284397125,
    "cen_accuracy": 0.345625
  },
  "29": {
    "cen_loss": 3.2252079112529755,
    "cen_accuracy": 0.282625
  },
  "30": {
    "cen_loss": 3.7215560634136198,
    "cen_accuracy": 0.2595
  },
  "31": {
    "cen_loss": 2.1010720219612122,
    "cen_accuracy": 0.409125
  },
  "32": {
    "cen_loss": 2.201913872361183,
    "cen_accuracy": 0.428625
  },
  "33": {
    "cen_loss": 2.152447066783905,
    "cen_accuracy": 0.403375
  },
  "34": {
    "cen_loss": 2.672572212457657,
    "cen_accuracy": 0.30725
  },
  "35": {
    "cen_loss": 1.9395459328889846,
    "cen_accuracy": 0.475875
  },
  "36": {
    "cen_loss": 2.9542536001205444,
    "cen_accuracy": 0.35325
  },
  "37": {
    "cen_loss": 1.9725103433132172,
    "cen_accuracy": 0.419
  },
  "38": {
    "cen_loss": 2.3466661016941073,
    "cen_accuracy": 0.373875
  },
  "39": {
    "cen_loss": 3.4703975944519043,
    "cen_accuracy": 0.207375
  },
  "40": {
    "cen_loss": 3.929086856365204,
    "cen_accuracy": 0.197625
  },
  "41": {
    "cen_loss": 2.0527605292797086,
    "cen_accuracy": 0.42275
  },
  "42": {
    "cen_loss": 2.2515830620527266,
    "cen_accuracy": 0.393875
  },
  "43": {
    "cen_loss": 1.7938803291320802,
    "cen_accuracy": 0.441
  },
  "44": {
    "cen_loss": 2.7782521303892134,
    "cen_accuracy": 0.370125
  },
  "45": {
    "cen_loss": 2.3891831233501435,
    "cen_accuracy": 0.413125
  },
  "46": {
    "cen_loss": 2.5756209561824797,
    "cen_accuracy": 0.401375
  },
  "47": {
    "cen_loss": 1.8014821249246598,
    "cen_accuracy": 0.462625
  },
  "48": {
    "cen_loss": 2.2540156514644623,
    "cen_accuracy": 0.40225
  },
  "49": {
    "cen_loss": 2.5494133734703066,
    "cen_accuracy": 0.3975
  },
  "50": {
    "cen_loss": 2.793589895248413,
    "cen_accuracy": 0.3885
  },
  "51": {
    "cen_loss": 1.6977495428323746,
    "cen_accuracy": 0.497625
  },
  "52": {
    "cen_loss": 1.5254815000295638,
    "cen_accuracy": 0.549
  },
  "53": {
    "cen_loss": 2.057073528766632,
    "cen_accuracy": 0.478625
  },
  "54": {
    "cen_loss": 1.5892842248678207,
    "cen_accuracy": 0.474125
  },
  "55": {
    "cen_loss": 2.4644093545675276,
    "cen_accuracy": 0.439125
  },
  "56": {
    "cen_loss": 2.513584946155548,
    "cen_accuracy": 0.391
  },
  "57": {
    "cen_loss": 1.9490595153570176,
    "cen_accuracy": 0.431
  },
  "58": {
    "cen_loss": 3.4979220588207243,
    "cen_accuracy": 0.334875
  },
  "59": {
    "cen_loss": 1.8386678763628006,
    "cen_accuracy": 0.418125
  },
  "60": {
    "cen_loss": 2.08157975590229,
    "cen_accuracy": 0.422
  },
  "61": {
    "cen_loss": 1.5852925139665603,
    "cen_accuracy": 0.521375
  },
  "62": {
    "cen_loss": 2.265591038942337,
    "cen_accuracy": 0.436375
  },
  "63": {
    "cen_loss": 1.741711550474167,
    "cen_accuracy": 0.455625
  },
  "64": {
    "cen_loss": 1.966291904091835,
    "cen_accuracy": 0.464125
  },
  "65": {
    "cen_loss": 1.7506345300674437,
    "cen_accuracy": 0.472875
  },
  "66": {
    "cen_loss": 2.371594159126282,
    "cen_accuracy": 0.4065
  },
  "67": {
    "cen_loss": 1.7091693047881127,
    "cen_accuracy": 0.523625
  },
  "68": {
    "cen_loss": 1.7241853450536728,
    "cen_accuracy": 0.511125
  },
  "69": {
    "cen_loss": 1.397662264943123,
    "cen_accuracy": 0.56725
  },
  "70": {
    "cen_loss": 1.5605232329368592,
    "cen_accuracy": 0.53575
  },
  "71": {
    "cen_loss": 1.3931489180326462,
    "cen_accuracy": 0.580875
  },
  "72": {
    "cen_loss": 2.1245384336709976,
    "cen_accuracy": 0.492875
  },
  "73": {
    "cen_loss": 1.9696283009052276,
    "cen_accuracy": 0.452625
  },
  "74": {
    "cen_loss": 2.458682219386101,
    "cen_accuracy": 0.414125
  },
  "75": {
    "cen_loss": 1.7766106102466583,
    "cen_accuracy": 0.503375
  },
  "76": {
    "cen_loss": 3.0764404780864716,
    "cen_accuracy": 0.352875
  },
  "77": {
    "cen_loss": 1.6341870840787887,
    "cen_accuracy": 0.516375
  },
  "78": {
    "cen_loss": 3.4142652390003203,
    "cen_accuracy": 0.296
  },
  "79": {
    "cen_loss": 4.126964464187622,
    "cen_accuracy": 0.328125
  },
  "80": {
    "cen_loss": 4.632261507034301,
    "cen_accuracy": 0.317375
  },
  "81": {
    "cen_loss": 1.7820201202630996,
    "cen_accuracy": 0.388875
  },
  "82": {
    "cen_loss": 1.6336472725868225,
    "cen_accuracy": 0.480125
  },
  "83": {
    "cen_loss": 1.6511125997304916,
    "cen_accuracy": 0.48875
  },
  "84": {
    "cen_loss": 2.0071409258842468,
    "cen_accuracy": 0.425625
  },
  "85": {
    "cen_loss": 2.090827700614929,
    "cen_accuracy": 0.405125
  },
  "86": {
    "cen_loss": 1.7238057044744493,
    "cen_accuracy": 0.46125
  },
  "87": {
    "cen_loss": 1.363916623055935,
    "cen_accuracy": 0.57125
  },
  "88": {
    "cen_loss": 1.9263507958054542,
    "cen_accuracy": 0.50925
  },
  "89": {
    "cen_loss": 1.5648042347431184,
    "cen_accuracy": 0.505625
  },
  "90": {
    "cen_loss": 2.669722352027893,
    "cen_accuracy": 0.393875
  },
  "91": {
    "cen_loss": 2.1028738445043564,
    "cen_accuracy": 0.47
  },
  "92": {
    "cen_loss": 2.0101307862997055,
    "cen_accuracy": 0.47325
  },
  "93": {
    "cen_loss": 1.5316650978326798,
    "cen_accuracy": 0.544
  },
  "94": {
    "cen_loss": 1.9265247567892074,
    "cen_accuracy": 0.456375
  },
  "95": {
    "cen_loss": 3.5217614994049073,
    "cen_accuracy": 0.342875
  },
  "96": {
    "cen_loss": 1.4285357353687287,
    "cen_accuracy": 0.512
  },
  "97": {
    "cen_loss": 1.2409495002031325,
    "cen_accuracy": 0.58475
  },
  "98": {
    "cen_loss": 1.6258499553203583,
    "cen_accuracy": 0.520125
  },
  "99": {
    "cen_loss": 2.20572580742836,
    "cen_accuracy": 0.361375
  },
  "100": {
    "cen_loss": 3.212048921585083,
    "cen_accuracy": 0.265125
  },
  "101": {
    "cen_loss": 1.5581675844192504,