{
  "0": {
    "cen_loss": 2.3027041506767274,
    "cen_accuracy": 0.101375
  },
  "1": {
    "cen_loss": 2.3027041506767274,
    "cen_accuracy": 0.101375
  },
  "2": {
    "cen_loss": 2.587487631559372,
    "cen_accuracy": 0.101125
  },
  "3": {
    "cen_loss": 3.427519371509552,
    "cen_accuracy": 0.098625
  },
  "4": {
    "cen_loss": 4.439246325492859,
    "cen_accuracy": 0.101125
  },
  "5": {
    "cen_loss": 5.091906816482544,
    "cen_accuracy": 0.10075
  },
  "6": {
    "cen_loss": 4.0700649266242985,
    "cen_accuracy": 0.098625
  },
  "7": {
    "cen_loss": 5.652593019008637,
    "cen_accuracy": 0.101125
  }
}