{
  "0": {
    "cen_loss": 2.3026313900947573,
    "cen_accuracy": 0.10175
  },
  "1": {
    "cen_loss": 2.3026313900947573,
    "cen_accuracy": 0.10175
  },
  "2": {
    "cen_loss": 3.411315411090851,
    "cen_accuracy": 0.09975
  },
  "3": {
    "cen_loss": 3.818779655456543,
    "cen_accuracy": 0.10075
  },
  "4": {
    "cen_loss": 5.112960878372192,
    "cen_accuracy": 0.100125
  },
  "5": {
    "cen_loss": 5.099910144805908,
    "cen_accuracy": 0.1
  },
  "6": {
    "cen_loss": 5.7835159926414486,
    "cen_accuracy": 0.146125
  },
  "7": {
    "cen_loss": 5.554585136413574,
    "cen_accuracy": 0.118125
  },
  "8": {
    "cen_loss": 4.029829036712647,
    "cen_accuracy": 0.2035
  },
  "9": {
    "cen_loss": 2.7313172664642336,
    "cen_accuracy": 0.2925
  },
  "10": {
    "cen_loss": 1.666821911752224,
    "cen_accuracy": 0.479875
  },
  "11": {
    "cen_loss": 2.19319206571579,
    "cen_accuracy": 0.366
  },
  "12": {
    "cen_loss": 1.9795251425504685,
    "cen_accuracy": 0.407875
  },
  "13": {
    "cen_loss": 1.748965598344803,
    "cen_accuracy": 0.47825
  },
  "14": {
    "cen_loss": 1.6879744220972062,
    "cen_accuracy": 0.5135
  },
  "15": {
    "cen_loss": 1.554246987938881,
    "cen_accuracy": 0.536625
  },
  "16": {
    "cen_loss": 1.7815302209854127,
    "cen_accuracy": 0.519375
  },
  "17": {
    "cen_loss": 1.6305402923226358,
    "cen_accuracy": 0.534375
  },
  "18": {
    "cen_loss": 1.6581966100931167,
    "cen_accuracy": 0.542625
  },
  "19": {
    "cen_loss": 1.7495812982916832,
    "cen_accuracy": 0.535875
  },
  "20": {
    "cen_loss": 1.5356476080417634,
    "cen_accuracy": 0.586625
  },
  "21": {
    "cen_loss": 1.4512438059151174,
    "cen_accuracy": 0.587375
  },
  "22": {
    "cen_loss": 1.5799631546139716,
    "cen_accuracy": 0.57525
  },
  "23": {
    "cen_loss": 1.511336153268814,
    "cen_accuracy": 0.5895
  },
  "24": {
    "cen_loss": 1.5658061872124671,
    "cen_accuracy": 0.583375
  },
  "25": {
    "cen_loss": 1.4894099747538567,
    "cen_accuracy": 0.58825
  },
  "26": {
    "cen_loss": 1.369091820895672,
    "cen_accuracy": 0.615625
  },
  "27": {
    "cen_loss": 1.4035322756171227,
    "cen_accuracy": 0.6135
  },
  "28": {
    "cen_loss": 1.3246349760591984,
    "cen_accuracy": 0.62475
  },
  "29": {
    "cen_loss": 1.3215066731870175,
    "cen_accuracy": 0.63575
  },
  "30": {
    "cen_loss": 1.2979437508285045,
    "cen_accuracy": 0.645
  },
  "31": {
    "cen_loss": 1.3712974884808065,
    "cen_accuracy": 0.627375
  },
  "32": {
    "cen_loss": 1.24959861728549,
    "cen_accuracy": 0.64375
  },
  "33": {
    "cen_loss": 1.297712516888976,
    "cen_accuracy": 0.639
  },
  "34": {
    "cen_loss": 1.2952873333990573,
    "cen_accuracy": 0.643
  },
  "35": {
    "cen_loss": 1.2150907783210279,
    "cen_accuracy": 0.653625
  },
  "36": {
    "cen_loss": 1.2369699968397618,
    "cen_accuracy": 0.65575
  },
  "37": {
    "cen_loss": 1.3310223194360733,
    "cen_accuracy": 0.631875
  },
  "38": {
    "cen_loss": 1.2250111686289311,
    "cen_accuracy": 0.65025
  },
  "39": {
    "cen_loss": 1.237044850230217,
    "cen_accuracy": 0.657875
  },
  "40": {
    "cen_loss": 1.2910178199708462,
    "cen_accuracy": 0.665625
  },
  "41": {
    "cen_loss": 1.16418806630373,
    "cen_accuracy": 0.67125
  },
  "42": {
    "cen_loss": 1.1762557137310505,
    "cen_accuracy": 0.666375
  },
  "43": {
    "cen_loss": 1.1081994228065013,
    "cen_accuracy": 0.684375
  },
  "44": {
    "cen_loss": 1.1870850023180246,
    "cen_accuracy": 0.673375
  },
  "45": {
    "cen_loss": 1.151989556759596,
    "cen_accuracy": 0.67775
  },
  "46": {
    "cen_loss": 1.235452645510435,
    "cen_accuracy": 0.665375
  },
  "47": {
    "cen_loss": 1.1082578118741513,
    "cen_accuracy": 0.684625
  },
  "48": {
    "cen_loss": 1.1702370830178261,
    "cen_accuracy": 0.674375
  },
  "49": {
    "cen_loss": 1.1686585748493672,
    "cen_accuracy": 0.68175
  },
  "50": {
    "cen_loss": 1.2442568141818047,
    "cen_accuracy": 0.674375
  },
  "51": {
    "cen_loss": 1.1742832248210906,
    "cen_accuracy": 0.682125
  },
  "52": {
    "cen_loss": 1.055680801331997,
    "cen_accuracy": 0.701625
  },
  "53": {
    "cen_loss": 1.065995460897684,
    "cen_accuracy": 0.69575
  },
  "54": {
    "cen_loss": 1.080284673243761,
    "cen_accuracy": 0.69975
  },
  "55": {
    "cen_loss": 1.0347937983572484,
    "cen_accuracy": 0.71075
  },
  "56": {
    "cen_loss": 1.0968321784436703,
    "cen_accuracy": 0.691125
  },
  "57": {
    "cen_loss": 1.1087825849354267,
    "cen_accuracy": 0.695125
  },
  "58": {
    "cen_loss": 1.039428712747991,
    "cen_accuracy": 0.708
  },
  "59": {
    "cen_loss": 1.1002215345203876,
    "cen_accuracy": 0.687375
  },
  "60": {
    "cen_loss": 1.090151132106781,
    "cen_accuracy": 0.696875
  },
  "61": {
    "cen_loss": 1.1149493125081062,
    "cen_accuracy": 0.694875
  },
  "62": {
    "cen_loss": 1.1011865232735871,
    "cen_accuracy": 0.69425
  },
  "63": {
    "cen_loss": 1.0843569469153882,
    "cen_accuracy": 0.700375
  },
  "64": {
    "cen_loss": 1.0668065318465232,
    "cen_accuracy": 0.70225
  },
  "65": {
    "cen_loss": 1.1057181780338288,
    "cen_accuracy": 0.69075
  },
  "66": {
    "cen_loss": 1.0668202824890614,
    "cen_accuracy": 0.706
  },
  "67": {
    "cen_loss": 1.0559386279284955,
    "cen_accuracy": 0.703875
  },
  "68": {
    "cen_loss": 0.9930214818120002,
    "cen_accuracy": 0.71875
  },
  "69": {
    "cen_loss": 1.0112290237545967,
    "cen_accuracy": 0.714125
  },
  "70": {
    "cen_loss": 1.0302515030801296,
    "cen_accuracy": 0.716125
  },
  "71": {
    "cen_loss": 1.044079401448369,
    "cen_accuracy": 0.710875
  },
  "72": {
    "cen_loss": 1.081279895335436,
    "cen_accuracy": 0.702625
  },
  "73": {
    "cen_loss": 1.003886404335499,
    "cen_accuracy": 0.71825
  },
  "74": {
    "cen_loss": 1.0164805969297885,
    "cen_accuracy": 0.713625
  },
  "75": {
    "cen_loss": 0.9884833023697138,
    "cen_accuracy": 0.722125
  },
  "76": {
    "cen_loss": 1.0603716166615487,
    "cen_accuracy": 0.71425
  },
  "77": {
    "cen_loss": 1.029877594664693,
    "cen_accuracy": 0.722125
  },
  "78": {
    "cen_loss": 1.0004049693048,
    "cen_accuracy": 0.717875
  },
  "79": {
    "cen_loss": 0.9428018878102302,
    "cen_accuracy": 0.730625
  },
  "80": {
    "cen_loss": 0.9761939239352941,
    "cen_accuracy": 0.73225
  },
  "81": {
    "cen_loss": 0.9567641301006079,
    "cen_accuracy": 0.731625
  },
  "82": {
    "cen_loss": 0.955177205786109,
    "cen_accuracy": 0.727875
  },
  "83": {
    "cen_loss": 1.033364398419857,
    "cen_accuracy": 0.72575
  },
  "84": {
    "cen_loss": 0.9747937115281821,
    "cen_accuracy": 0.7255
  },
  "85": {
    "cen_loss": 0.9927794362306595,
    "cen_accuracy": 0.728625
  },
  "86": {
    "cen_loss": 0.9424106036126614,
    "cen_accuracy": 0.73475
  },
  "87": {
    "cen_loss": 0.9833243776857853,
    "cen_accuracy": 0.72525
  },
  "88": {
    "cen_loss": 1.0388994143605232,
    "cen_accuracy": 0.71475
  },
  "89": {
    "cen_loss": 0.9763186465650797,
    "cen_accuracy": 0.724125
  },
  "90": {
    "cen_loss": 1.0347306500822306,
    "cen_accuracy": 0.71825
  },
  "91": {
    "cen_loss": 0.962825945444405,
    "cen_accuracy": 0.737125
  },
  "92": {
    "cen_loss": 0.9439077609777451,
    "cen_accuracy": 0.734125
  },
  "93": {
    "cen_loss": 0.8875935587882996,
    "cen_accuracy": 0.73875
  },
  "94": {
    "cen_loss": 1.0037626442313194,
    "cen_accuracy": 0.72075
  },
  "95": {
    "cen_loss": 0.9217533127367497,
    "cen_accuracy": 0.733625
  },
  "96": {
    "cen_loss": 0.872212152287364,
    "cen_accuracy": 0.752125
  },
  "97": {
    "cen_loss": 0.872212152287364,
    "cen_accuracy": 0.752125
  },
  "98": {
    "cen_loss": 0.8542818816751242,
    "cen_accuracy": 0.756125
  },
  "99": {
    "cen_loss": 0.8542818816751242,
    "cen_accuracy": 0.756125
  },
  "100": {
    "cen_loss": 0.8549093634188175,
    "cen_accuracy": 0.758625
  },