{
  "0": {
    "cen_loss": 2.3028095273971556,
    "cen_accuracy": 0.10075
  },
  "1": {
    "cen_loss": 2.3028095273971556,
    "cen_accuracy": 0.10075
  },
  "2": {
    "cen_loss": 3.2809878354072572,
    "cen_accuracy": 0.101125
  },
  "3": {
    "cen_loss": 3.7526650819778444,
    "cen_accuracy": 0.098625
  },
  "4": {
    "cen_loss": 3.3736826915740967,
    "cen_accuracy": 0.103375
  },
  "5": {
    "cen_loss": 4.954796907424927,
    "cen_accuracy": 0.101125
  },
  "6": {
    "cen_loss": 4.53040865278244,
    "cen_accuracy": 0.098625
  },
  "7": {
    "cen_loss": 3.075329601764679,
    "cen_accuracy": 0.154625
  },
  "8": {
    "cen_loss": 3.1890893981456756,
    "cen_accuracy": 0.16475
  },
  "9": {
    "cen_loss": 3.7585616431236266,
    "cen_accuracy": 0.168875
  },
  "10": {
    "cen_loss": 3.1663551073074343,
    "cen_accuracy": 0.218125
  },
  "11": {
    "cen_loss": 4.472062713861465,
    "cen_accuracy": 0.155875
  },
  "12": {
    "cen_loss": 3.8986338138580323,
    "cen_accuracy": 0.237875
  },
  "13": {
    "cen_loss": 3.3598551456928254,
    "cen_accuracy": 0.275875
  },
  "14": {
    "cen_loss": 2.5917358610630035,
    "cen_accuracy": 0.309125
  },
  "15": {
    "cen_loss": 2.6151673085689544,
    "cen_accuracy": 0.280375
  },
  "16": {
    "cen_loss": 4.705533469676971,
    "cen_accuracy": 0.123375
  },
  "17": {
    "cen_loss": 2.359164750099182,
    "cen_accuracy": 0.29875
  },
  "18": {
    "cen_loss": 3.3972058799266813,
    "cen_accuracy": 0.17425
  },
  "19": {
    "cen_loss": 2.5698308746814726,
    "cen_accuracy": 0.324875
  },
  "20": {
    "cen_loss": 2.674996092796326,
    "cen_accuracy": 0.3525
  },
  "21": {
    "cen_loss": 3.419160494565964,
    "cen_accuracy": 0.247875
  },
  "22": {
    "cen_loss": 2.070736466407776,
    "cen_accuracy": 0.302375
  },
  "23": {
    "cen_loss": 1.9529073231220246,
    "cen_accuracy": 0.395375
  },
  "24": {
    "cen_loss": 3.3031699600219726,
    "cen_accuracy": 0.345375
  },
  "25": {
    "cen_loss": 2.9122919623851775,
    "cen_accuracy": 0.296875
  },
  "26": {
    "cen_loss": 2.291130829334259,
    "cen_accuracy": 0.35625
  },
  "27": {
    "cen_loss": 1.7452699608802795,
    "cen_accuracy": 0.444
  },
  "28": {
    "cen_loss": 1.9669521479606629,
    "cen_accuracy": 0.392375
  },
  "29": {
    "cen_loss": 2.425444859743118,
    "cen_accuracy": 0.324
  },
  "30": {
    "cen_loss": 3.011636580705643,
    "cen_accuracy": 0.301
  },
  "31": {
    "cen_loss": 2.379961764574051,
    "cen_accuracy": 0.413375
  },
  "32": {
    "cen_loss": 3.78672069644928,
    "cen_accuracy": 0.331125
  },
  "33": {
    "cen_loss": 2.2438322986364363,
    "cen_accuracy": 0.4025
  },
  "34": {
    "cen_loss": 2.13991057407856,
    "cen_accuracy": 0.410625
  },
  "35": {
    "cen_loss": 2.10976457798481,
    "cen_accuracy": 0.402375
  },
  "36": {
    "cen_loss": 2.8771371324062347,
    "cen_accuracy": 0.374625
  },
  "37": {
    "cen_loss": 1.6946956907510757,
    "cen_accuracy": 0.439
  },
  "38": {
    "cen_loss": 2.3006769354343413,
    "cen_accuracy": 0.35725
  },
  "39": {
    "cen_loss": 2.2245009793043136,
    "cen_accuracy": 0.434625
  },
  "40": {
    "cen_loss": 3.5315156877040863,
    "cen_accuracy": 0.322125
  },
  "41": {
    "cen_loss": 3.9620338797569277,
    "cen_accuracy": 0.303875
  },
  "42": {
    "cen_loss": 1.9366872160434723,
    "cen_accuracy": 0.49375
  },
  "43": {
    "cen_loss": 2.9447156174182894,
    "cen_accuracy": 0.288875
  },
  "44": {
    "cen_loss": 1.824056714773178,
    "cen_accuracy": 0.454
  },
  "45": {
    "cen_loss": 1.8729789770841598,
    "cen_accuracy": 0.4345
  },
  "46": {
    "cen_loss": 2.4235109421014784,
    "cen_accuracy": 0.445125
  },
  "47": {
    "cen_loss": 1.6113465398550033,
    "cen_accuracy": 0.464125
  },
  "48": {
    "cen_loss": 2.322129501581192,
    "cen_accuracy": 0.492
  },
  "49": {
    "cen_loss": 1.9457190999984741,
    "cen_accuracy": 0.469125
  },
  "50": {
    "cen_loss": 2.355695101380348,
    "cen_accuracy": 0.4215
  },
  "51": {
    "cen_loss": 2.1124633712768555,
    "cen_accuracy": 0.458625
  },
  "52": {
    "cen_loss": 1.891710525751114,
    "cen_accuracy": 0.451125
  },
  "53": {
    "cen_loss": 2.1157342965602877,
    "cen_accuracy": 0.358
  },
  "54": {
    "cen_loss": 2.4874171055555343,
    "cen_accuracy": 0.367625
  },
  "55": {
    "cen_loss": 1.7786193070411682,
    "cen_accuracy": 0.422375
  },
  "56": {
    "cen_loss": 2.6803852434158326,
    "cen_accuracy": 0.361125
  },
  "57": {
    "cen_loss": 2.5900948150157928,
    "cen_accuracy": 0.27025
  },
  "58": {
    "cen_loss": 2.253820133090019,
    "cen_accuracy": 0.390625
  },
  "59": {
    "cen_loss": 2.512109107255936,
    "cen_accuracy": 0.417625
  },
  "60": {
    "cen_loss": 2.2785859878063204,
    "cen_accuracy": 0.425
  },
  "61": {
    "cen_loss": 2.05896933311224,
    "cen_accuracy": 0.425375
  },
  "62": {
    "cen_loss": 1.4572869898080827,
    "cen_accuracy": 0.565625
  },
  "63": {
    "cen_loss": 1.750350727915764,
    "cen_accuracy": 0.438375
  },
  "64": {
    "cen_loss": 1.8930325592756272,
    "cen_accuracy": 0.42675
  },
  "65": {
    "cen_loss": 2.0218343765735627,
    "cen_accuracy": 0.4675
  },
  "66": {
    "cen_loss": 2.4402575775384903,
    "cen_accuracy": 0.38075
  },
  "67": {
    "cen_loss": 2.1422834761142733,
    "cen_accuracy": 0.345
  },
  "68": {
    "cen_loss": 1.5891682475805282,
    "cen_accuracy": 0.50125
  },
  "69": {
    "cen_loss": 1.946135998725891,
    "cen_accuracy": 0.454
  },
  "70": {
    "cen_loss": 2.45674176299572,
    "cen_accuracy": 0.40725
  },
  "71": {
    "cen_loss": 2.1541956886053084,
    "cen_accuracy": 0.465875
  },
  "72": {
    "cen_loss": 1.7706095670461655,
    "cen_accuracy": 0.45625
  },
  "73": {
    "cen_loss": 1.972037317454815,
    "cen_accuracy": 0.452625
  },
  "74": {
    "cen_loss": 1.4274077264666558,
    "cen_accuracy": 0.5335
  },
  "75": {
    "cen_loss": 1.6352940326333045,
    "cen_accuracy": 0.50725
  },
  "76": {
    "cen_loss": 2.246001227736473,
    "cen_accuracy": 0.42425
  },
  "77": {
    "cen_loss": 2.4062612149715426,
    "cen_accuracy": 0.40825
  },
  "78": {
    "cen_loss": 1.9862748230695724,
    "cen_accuracy": 0.443375
  },
  "79": {
    "cen_loss": 1.8026976521015168,
    "cen_accuracy": 0.460625
  },
  "80": {
    "cen_loss": 2.0456113650798797,
    "cen_accuracy": 0.402625
  },
  "81": {
    "cen_loss": 1.519359776556492,
    "cen_accuracy": 0.547625
  },
  "82": {
    "cen_loss": 1.393380194067955,
    "cen_accuracy": 0.565125
  },
  "83": {
    "cen_loss": 1.982070314526558,
    "cen_accuracy": 0.496625
  },
  "84": {
    "cen_loss": 2.0088413429260252,
    "cen_accuracy": 0.4325
  },
  "85": {
    "cen_loss": 1.5147249316573144,
    "cen_accuracy": 0.520125
  },
  "86": {
    "cen_loss": 2.2898861079216,
    "cen_accuracy": 0.409875
  },
  "87": {
    "cen_loss": 2.318469052314758,
    "cen_accuracy": 0.381875
  },
  "88": {
    "cen_loss": 1.6613134541511536,
    "cen_accuracy": 0.464375
  },
  "89": {
    "cen_loss": 1.7379153970479966,
    "cen_accuracy": 0.507
  },
  "90": {
    "cen_loss": 2.1454709119796753,
    "cen_accuracy": 0.4405
  },
  "91": {
    "cen_loss": 1.5157614326477051,
    "cen_accuracy": 0.5065
  },
  "92": {
    "cen_loss": 1.6070494720935822,
    "cen_accuracy": 0.46525
  },
  "93": {
    "cen_loss": 2.341552360653877,
    "cen_accuracy": 0.411625
  },
  "94": {
    "cen_loss": 2.0725284135341644,
    "cen_accuracy": 0.431125
  },
  "95": {
    "cen_loss": 1.4895577573776244,
    "cen_accuracy": 0.512875
  },
  "96": {
    "cen_loss": 2.0543667120337488,
    "cen_accuracy": 0.467875
  },
  "97": {
    "cen_loss": 1.8538519687652588,
    "cen_accuracy": 0.468625
  },
  "98": {
    "cen_loss": 2.0257152349948884,
    "cen_accuracy": 0.4895
  },
  "99": {
    "cen_loss": 2.102660740375519,
    "cen_accuracy": 0.308125
  },
  "100": {
    "cen_loss": 2.0494171938896177,
    "cen_accuracy": 0.346125
  },