{
  "0": {
    "cen_loss": 2.302691418170929,
    "cen_accuracy": 0.101125
  },
  "1": {
    "cen_loss": 2.302691418170929,
    "cen_accuracy": 0.101125
  },
  "2": {
    "cen_loss": 2.714738723754883,
    "cen_accuracy": 0.100375
  },
  "3": {
    "cen_loss": 4.087313352108001,
    "cen_accuracy": 0.100375
  },
  "4": {
    "cen_loss": 5.664163147449494,
    "cen_accuracy": 0.100375
  },
  "5": {
    "cen_loss": 3.315693558692932,
    "cen_accuracy": 0.09975
  },
  "6": {
    "cen_loss": 3.036615842580795,
    "cen_accuracy": 0.120375
  },
  "7": {
    "cen_loss": 2.3250848054885864,
    "cen_accuracy": 0.180375
  },
  "8": {
    "cen_loss": 3.029808905124664,
    "cen_accuracy": 0.111125
  },
  "9": {
    "cen_loss": 2.687716406106949,
    "cen_accuracy": 0.214125
  },
  "10": {
    "cen_loss": 2.5896755609512327,
    "cen_accuracy": 0.2695
  },
  "11": {
    "cen_loss": 2.0120365216732026,
    "cen_accuracy": 0.2445
  },
  "12": {
    "cen_loss": 2.220215230703354,
    "cen_accuracy": 0.27125
  },
  "13": {
    "cen_loss": 1.8852603642940522,
    "cen_accuracy": 0.336125
  },
  "14": {
    "cen_loss": 1.9427006776332856,
    "cen_accuracy": 0.332625
  },
  "15": {
    "cen_loss": 2.3436453742980956,
    "cen_accuracy": 0.282
  },
  "16": {
    "cen_loss": 1.8887280011177063,
    "cen_accuracy": 0.314625
  },
  "17": {
    "cen_loss": 2.5926906712055207,
    "cen_accuracy": 0.248125
  },
  "18": {
    "cen_loss": 2.276902652978897,
    "cen_accuracy": 0.307875
  },
  "19": {
    "cen_loss": 1.7423146564960479,
    "cen_accuracy": 0.430875
  },
  "20": {
    "cen_loss": 1.8397746622562408,
    "cen_accuracy": 0.409875
  },
  "21": {
    "cen_loss": 1.7952144231796265,
    "cen_accuracy": 0.354125
  },
  "22": {
    "cen_loss": 2.0925130496025086,
    "cen_accuracy": 0.3365
  },
  "23": {
    "cen_loss": 2.288146759748459,
    "cen_accuracy": 0.35325
  },
  "24": {
    "cen_loss": 2.1045620567798613,
    "cen_accuracy": 0.29475
  },
  "25": {
    "cen_loss": 2.1290068867206573,
    "cen_accuracy": 0.386875
  },
  "26": {
    "cen_loss": 1.6288082147836684,
    "cen_accuracy": 0.421875
  },
  "27": {
    "cen_loss": 2.395082473516464,
    "cen_accuracy": 0.3115
  },
  "28": {
    "cen_loss": 2.063291703104973,
    "cen_accuracy": 0.399625
  },
  "29": {
    "cen_loss": 1.7000432983636855,
    "cen_accuracy": 0.46525
  },
  "30": {
    "cen_loss": 1.749891366124153,
    "cen_accuracy": 0.4565
  },
  "31": {
    "cen_loss": 1.6738482362031937,
    "cen_accuracy": 0.4285
  },
  "32": {
    "cen_loss": 2.5153845076560972,
    "cen_accuracy": 0.328
  },
  "33": {
    "cen_loss": 1.8996833544969558,
    "cen_accuracy": 0.442375
  },
  "34": {
    "cen_loss": 3.0737066237926483,
    "cen_accuracy": 0.272375
  },
  "35": {
    "cen_loss": 1.7024092820882797,
    "cen_accuracy": 0.432625
  },
  "36": {
    "cen_loss": 1.9574328002929688,
    "cen_accuracy": 0.329625
  },
  "37": {
    "cen_loss": 2.223964824438095,
    "cen_accuracy": 0.38575
  },
  "38": {
    "cen_loss": 1.8454934083223342,
    "cen_accuracy": 0.41825
  },
  "39": {
    "cen_loss": 1.648288261294365,
    "cen_accuracy": 0.4645
  },
  "40": {
    "cen_loss": 1.6526787631511688,
    "cen_accuracy": 0.470125
  },
  "41": {
    "cen_loss": 1.4688249679803849,
    "cen_accuracy": 0.505125
  },
  "42": {
    "cen_loss": 1.3534642264842986,
    "cen_accuracy": 0.514875
  },
  "43": {
    "cen_loss": 1.6968867781162262,
    "cen_accuracy": 0.46375
  },
  "44": {
    "cen_loss": 1.7661737730503082,
    "cen_accuracy": 0.499
  },
  "45": {
    "cen_loss": 1.504337010025978,
    "cen_accuracy": 0.514125
  },
  "46": {
    "cen_loss": 1.303279076576233,
    "cen_accuracy": 0.526375
  },
  "47": {
    "cen_loss": 2.1525167305469513,
    "cen_accuracy": 0.38025
  },
  "48": {
    "cen_loss": 1.9917148731946945,
    "cen_accuracy": 0.4245
  },
  "49": {
    "cen_loss": 1.4660853824615478,
    "cen_accuracy": 0.519625
  },
  "50": {
    "cen_loss": 1.5996283630132675,
    "cen_accuracy": 0.4935
  },
  "51": {
    "cen_loss": 1.8567335911989211,
    "cen_accuracy": 0.42975
  },
  "52": {
    "cen_loss": 1.6076157861948013,
    "cen_accuracy": 0.459625
  },
  "53": {
    "cen_loss": 2.095044887661934,
    "cen_accuracy": 0.45125
  },
  "54": {
    "cen_loss": 1.700669716000557,
    "cen_accuracy": 0.459125
  },
  "55": {
    "cen_loss": 1.7510501663684845,
    "cen_accuracy": 0.44575
  },
  "56": {
    "cen_loss": 1.7941555135250091,
    "cen_accuracy": 0.432125
  },
  "57": {
    "cen_loss": 2.282039984226227,
    "cen_accuracy": 0.431125
  },
  "58": {
    "cen_loss": 1.7233009721040726,
    "cen_accuracy": 0.48575
  },
  "59": {
    "cen_loss": 1.7795423264503478,
    "cen_accuracy": 0.414
  },
  "60": {
    "cen_loss": 2.176068513393402,
    "cen_accuracy": 0.3455
  },
  "61": {
    "cen_loss": 1.4241855151057243,
    "cen_accuracy": 0.53525
  },
  "62": {
    "cen_loss": 1.6772153280377389,
    "cen_accuracy": 0.448875
  },
  "63": {
    "cen_loss": 1.89803940141201,
    "cen_accuracy": 0.459125
  },
  "64": {
    "cen_loss": 1.403122244000435,
    "cen_accuracy": 0.577375
  },
  "65": {
    "cen_loss": 1.6705045609474183,
    "cen_accuracy": 0.50675
  },
  "66": {
    "cen_loss": 1.7403925358057022,
    "cen_accuracy": 0.4865
  },
  "67": {
    "cen_loss": 1.5139323066473007,
    "cen_accuracy": 0.535625
  },
  "68": {
    "cen_loss": 1.485185700714588,
    "cen_accuracy": 0.523625
  },
  "69": {
    "cen_loss": 1.730608695745468,
    "cen_accuracy": 0.44425
  },
  "70": {
    "cen_loss": 1.9082091966867447,
    "cen_accuracy": 0.42725
  },
  "71": {
    "cen_loss": 1.867032940506935,
    "cen_accuracy": 0.491625
  },
  "72": {
    "cen_loss": 1.7933331859111785,
    "cen_accuracy": 0.477375
  },
  "73": {
    "cen_loss": 1.350785879611969,
    "cen_accuracy": 0.55025
  },
  "74": {
    "cen_loss": 1.4649659985899925,
    "cen_accuracy": 0.550125
  },
  "75": {
    "cen_loss": 1.4428293120861053,
    "cen_accuracy": 0.51975
  },
  "76": {
    "cen_loss": 1.4608856759667397,
    "cen_accuracy": 0.541625
  },
  "77": {
    "cen_loss": 2.120691339969635,
    "cen_accuracy": 0.40475
  },
  "78": {
    "cen_loss": 1.8548582203388213,
    "cen_accuracy": 0.44
  },
  "79": {
    "cen_loss": 1.8537913701534272,
    "cen_accuracy": 0.4515
  },
  "80": {
    "cen_loss": 2.119784086108208,
    "cen_accuracy": 0.4225
  },
  "81": {
    "cen_loss": 1.4826827105879783,
    "cen_accuracy": 0.5415
  },
  "82": {
    "cen_loss": 1.6283553500175476,
    "cen_accuracy": 0.521875
  },
  "83": {
    "cen_loss": 1.818329451084137,
    "cen_accuracy": 0.455
  },
  "84": {
    "cen_loss": 1.733741117656231,
    "cen_accuracy": 0.51525
  },
  "85": {
    "cen_loss": 1.5593187223672866,
    "cen_accuracy": 0.520875
  },
  "86": {
    "cen_loss": 1.3709406629800795,
    "cen_accuracy": 0.54
  },
  "87": {
    "cen_loss": 1.4523169811964034,
    "cen_accuracy": 0.532875
  },
  "88": {
    "cen_loss": 1.5776402162909509,
    "cen_accuracy": 0.550625
  },
  "89": {
    "cen_loss": 1.3274681648015976,
    "cen_accuracy": 0.5565
  },
  "90": {
    "cen_loss": 1.3696737096309661,
    "cen_accuracy": 0.543625
  },
  "91": {
    "cen_loss": 1.4145053322315215,
    "cen_accuracy": 0.531125
  },
  "92": {
    "cen_loss": 1.3712480984926223,
    "cen_accuracy": 0.575125
  },
  "93": {
    "cen_loss": 1.881267716884613,
    "cen_accuracy": 0.389125
  },
  "94": {
    "cen_loss": 1.7372838137745856,
    "cen_accuracy": 0.51325
  },
  "95": {
    "cen_loss": 1.3321942910552025,
    "cen_accuracy": 0.572875
  },
  "96": {
    "cen_loss": 1.5746205489635468,
    "cen_accuracy": 0.492625
  },
  "97": {
    "cen_loss": 1.368639378964901,
    "cen_accuracy": 0.567125
  },
  "98": {
    "cen_loss": 1.8893318198919296,
    "cen_accuracy": 0.43125
  },
  "99": {
    "cen_loss": 1.3936186207532884,
    "cen_accuracy": 0.54175
  },
  "100": {
    "cen_loss": 1.7458852455615996,
    "cen_accuracy": 0.47575
  },