{
  "0": {
    "cen_loss": 4.375000893138216,
    "cen_accuracy": 0.011249064662789613
  },
  "1": {
    "cen_loss": 4.375000893138216,
    "cen_accuracy": 0.011249064662789613
  },
  "2": {
    "cen_loss": 3.115801296338764,
    "cen_accuracy": 0.1875803139094025
  },
  "3": {
    "cen_loss": 2.5158126300398864,
    "cen_accuracy": 0.2977761149560704
  },
  "4": {
    "cen_loss": 2.3197052222960486,
    "cen_accuracy": 0.34945107930522357
  },
  "5": {
    "cen_loss": 2.301297931154798,
    "cen_accuracy": 0.35637314325613345
  },
  "6": {
    "cen_loss": 2.2792073403294166,
    "cen_accuracy": 0.364435806869071
  },
  "7": {
    "cen_loss": 2.1935095497864525,
    "cen_accuracy": 0.3847960225709094
  },
  "8": {
    "cen_loss": 2.0125068028890816,
    "cen_accuracy": 0.4221651606505626
  },
  "9": {
    "cen_loss": 2.0090233481755284,
    "cen_accuracy": 0.42851976774070294
  },
  "10": {
    "cen_loss": 2.0090181072598097,
    "cen_accuracy": 0.42851749336450745
  },
  "11": {
    "cen_loss": 1.9649962838580421,
    "cen_accuracy": 0.43827570443116715
  },
  "12": {
    "cen_loss": 1.9577043553315643,
    "cen_accuracy": 0.4394322247265631
  },
  "13": {
    "cen_loss": 1.9329942199087653,
    "cen_accuracy": 0.4470081718336703
  },
  "14": {
    "cen_loss": 1.8875350562394215,
    "cen_accuracy": 0.4613901897057185
  },
  "15": {
    "cen_loss": 1.869192160605443,
    "cen_accuracy": 0.46519749545693356
  },
  "16": {
    "cen_loss": 1.9010937298204575,
    "cen_accuracy": 0.45972875789492834
  },
  "17": {
    "cen_loss": 1.8176958790807591,
    "cen_accuracy": 0.47618955560963516
  },
  "18": {
    "cen_loss": 1.8393779063401512,
    "cen_accuracy": 0.4717397385832001
  },
  "19": {
    "cen_loss": 1.879347568818963,
    "cen_accuracy": 0.470793598085885
  },
  "20": {
    "cen_loss": 1.8793475094581968,
    "cen_accuracy": 0.470793598085885
  },
  "21": {
    "cen_loss": 1.8070832112531077,
    "cen_accuracy": 0.48100668439163846
  },
  "22": {
    "cen_loss": 1.8510661625073088,
    "cen_accuracy": 0.4755754740368585
  },
  "23": {
    "cen_loss": 1.8406391068432364,
    "cen_accuracy": 0.4743541340198917
  },
  "24": {
    "cen_loss": 1.7752406922101864,
    "cen_accuracy": 0.49058180817456293
  },
  "25": {
    "cen_loss": 1.7679288110779101,
    "cen_accuracy": 0.4985455364229976
  },
  "26": {
    "cen_loss": 1.7947985694289181,
    "cen_accuracy": 0.49282775466758855
  },
  "27": {
    "cen_loss": 1.779664213226895,
    "cen_accuracy": 0.49878434592352183
  },
  "28": {
    "cen_loss": 1.7954170533617617,
    "cen_accuracy": 0.4917667581724023
  },
  "29": {
    "cen_loss": 1.7233485692032673,
    "cen_accuracy": 0.504505539243224
  },
  "30": {
    "cen_loss": 1.7233487424321257,
    "cen_accuracy": 0.5045146367480059
  },
  "31": {
    "cen_loss": 1.785603477516393,
    "cen_accuracy": 0.4923580959832242
  },
  "32": {
    "cen_loss": 1.7471114788257767,
    "cen_accuracy": 0.5040358805588597
  },
  "33": {
    "cen_loss": 1.7888485161755767,
    "cen_accuracy": 0.49406160375363045
  },
  "34": {
    "cen_loss": 1.7988003254127098,
    "cen_accuracy": 0.4917906391224547
  },
  "35": {
    "cen_loss": 1.8013468800812522,
    "cen_accuracy": 0.49269811522444684
  },
  "36": {
    "cen_loss": 1.741883225491311,
    "cen_accuracy": 0.504257632237918
  },
  "37": {
    "cen_loss": 1.7459293855429534,
    "cen_accuracy": 0.508052428920058
  },
  "38": {
    "cen_loss": 1.769878616016733,
    "cen_accuracy": 0.4947177612860233
  },
  "39": {
    "cen_loss": 1.7530992328493655,
    "cen_accuracy": 0.5032546323357161
  },
  "40": {
    "cen_loss": 1.753099248172095,
    "cen_accuracy": 0.5032534951476184
  },
  "41": {
    "cen_loss": 1.7123475819870524,
    "cen_accuracy": 0.5104098198466616
  },
  "42": {
    "cen_loss": 1.770401949642354,
    "cen_accuracy": 0.5035332434196611
  },
  "43": {
    "cen_loss": 1.787810918767001,
    "cen_accuracy": 0.5048023453367327
  },
  "44": {
    "cen_loss": 1.8410230304881752,
    "cen_accuracy": 0.4925934939194552
  },
  "45": {
    "cen_loss": 1.7885742479278497,
    "cen_accuracy": 0.4965622803805486
  },
  "46": {
    "cen_loss": 1.8626793481558992,
    "cen_accuracy": 0.48511648217685094
  },
  "47": {
    "cen_loss": 1.7790526979131942,
    "cen_accuracy": 0.5034399939956469
  },
  "48": {
    "cen_loss": 1.754490148547192,
    "cen_accuracy": 0.5039926674111458
  },
  "49": {
    "cen_loss": 1.70525288848664,
    "cen_accuracy": 0.5140374498784346
  },
  "50": {
    "cen_loss": 1.7052529873934148,
    "cen_accuracy": 0.5140488217594119
  },
  "51": {
    "cen_loss": 1.712052024521522,
    "cen_accuracy": 0.5131231506478561
  },
  "52": {
    "cen_loss": 1.6891151109180194,
    "cen_accuracy": 0.5112320068413236
  },
  "53": {
    "cen_loss": 1.712328447796796,
    "cen_accuracy": 0.5112354184056168
  },
  "54": {
    "cen_loss": 1.7488145467455967,
    "cen_accuracy": 0.5093488233514752
  },
  "55": {
    "cen_loss": 1.739683340235117,
    "cen_accuracy": 0.5074019573281539
  },
  "56": {
    "cen_loss": 1.6413520012912974,
    "cen_accuracy": 0.5244836597442236
  },
  "57": {
    "cen_loss": 1.8248191722386173,
    "cen_accuracy": 0.495361409749341
  },
  "58": {
    "cen_loss": 1.7456839579651213,
    "cen_accuracy": 0.507701037797858
  },
  "59": {
    "cen_loss": 1.7490059203171229,
    "cen_accuracy": 0.510198302860483
  },
  "60": {
    "cen_loss": 1.7490061336299052,
    "cen_accuracy": 0.510193754108092
  },
  "61": {
    "cen_loss": 1.699888638639773,
    "cen_accuracy": 0.5163425301525424
  },
  "62": {
    "cen_loss": 1.7040043344589995,
    "cen_accuracy": 0.5188272861460923
  },
  "63": {
    "cen_loss": 1.679420547970983,
    "cen_accuracy": 0.5221854025987023
  },
  "64": {
    "cen_loss": 1.660029569389332,
    "cen_accuracy": 0.5261621493764798
  },
  "65": {
    "cen_loss": 1.6704823466355188,
    "cen_accuracy": 0.5252796914126378
  },
  "66": {
    "cen_loss": 1.7013323800493498,
    "cen_accuracy": 0.5223912336443922
  },
  "67": {
    "cen_loss": 1.6895364302365554,
    "cen_accuracy": 0.522610710947255
  },
  "68": {
    "cen_loss": 1.6927062316516959,
    "cen_accuracy": 0.52025900596114
  },
  "69": {
    "cen_loss": 1.6745522706956284,
    "cen_accuracy": 0.5249624159333699
  },
  "70": {
    "cen_loss": 1.6745526391813108,
    "cen_accuracy": 0.5249601415571744
  },
  "71": {
    "cen_loss": 1.6248414016849098,
    "cen_accuracy": 0.5328112881839333
  },
  "72": {
    "cen_loss": 1.7464172022457005,
    "cen_accuracy": 0.518961474341625
  },
  "73": {
    "cen_loss": 1.7082283224282102,
    "cen_accuracy": 0.5223013957846712
  },
  "74": {
    "cen_loss": 1.6930913578182858,
    "cen_accuracy": 0.52461102481117
  },
  "75": {
    "cen_loss": 1.6498134892006493,
    "cen_accuracy": 0.526529461132048
  },
  "76": {
    "cen_loss": 1.6207408613435166,
    "cen_accuracy": 0.532748742838558
  },
  "77": {
    "cen_loss": 1.6544595532621824,
    "cen_accuracy": 0.530088859877957
  },
  "78": {
    "cen_loss": 1.6935459354201046,
    "cen_accuracy": 0.5232236553319338
  },
  "79": {
    "cen_loss": 1.6822029727647174,
    "cen_accuracy": 0.5270457445284195
  },
  "80": {
    "cen_loss": 1.6822030536917203,
    "cen_accuracy": 0.527043470152224
  },
  "81": {
    "cen_loss": 1.6399319701820079,
    "cen_accuracy": 0.5327123528194304
  },
  "82": {
    "cen_loss": 1.6272250347745143,
    "cen_accuracy": 0.532906811984143
  },
  "83": {
    "cen_loss": 1.6108651252813007,
    "cen_accuracy": 0.5362126177842572
  },
  "84": {
    "cen_loss": 1.6890070042439609,
    "cen_accuracy": 0.5233009841225797
  },
  "85": {
    "cen_loss": 1.7409006962887488,
    "cen_accuracy": 0.5147561527562028
  },
  "86": {
    "cen_loss": 1.680011269301888,
    "cen_accuracy": 0.5279020471660135
  },
  "87": {
    "cen_loss": 1.6852733414540357,
    "cen_accuracy": 0.5271617377143883
  },
  "88": {
    "cen_loss": 1.686668475541977,
    "cen_accuracy": 0.5256651981777698
  },