{
  "0": {
    "cen_loss": 2.3027569942474364,
    "cen_accuracy": 0.100375
  },
  "1": {
    "cen_loss": 2.3027569942474364,
    "cen_accuracy": 0.100375
  },
  "2": {
    "cen_loss": 2.5498273029327394,
    "cen_accuracy": 0.1
  },
  "3": {
    "cen_loss": 6.860436274528503,
    "cen_accuracy": 0.099125
  },
  "4": {
    "cen_loss": 5.735015913963318,
    "cen_accuracy": 0.101125
  },
  "5": {
    "cen_loss": 3.838424274921417,
    "cen_accuracy": 0.148
  },
  "6": {
    "cen_loss": 3.694254120349884,
    "cen_accuracy": 0.10525
  },
  "7": {
    "cen_loss": 3.013069000482559,
    "cen_accuracy": 0.18525
  },
  "8": {
    "cen_loss": 3.574440496921539,
    "cen_accuracy": 0.1015
  },
  "9": {
    "cen_loss": 3.5680159130096434,
    "cen_accuracy": 0.153125
  },
  "10": {
    "cen_loss": 2.3165266914367675,
    "cen_accuracy": 0.2945
  },
  "11": {
    "cen_loss": 2.6527192587852477,
    "cen_accuracy": 0.254375
  },
  "12": {
    "cen_loss": 2.7643299596309663,
    "cen_accuracy": 0.290375
  },
  "13": {
    "cen_loss": 3.1121321740150454,
    "cen_accuracy": 0.22675
  },
  "14": {
    "cen_loss": 2.569614363670349,
    "cen_accuracy": 0.304
  },
  "15": {
    "cen_loss": 3.4495169796943665,
    "cen_accuracy": 0.2405
  },
  "16": {
    "cen_loss": 2.5525602071285247,
    "cen_accuracy": 0.3635
  },
  "17": {
    "cen_loss": 1.670164363384247,
    "cen_accuracy": 0.41125
  },
  "18": {
    "cen_loss": 2.3591934978961944,
    "cen_accuracy": 0.393875
  },
  "19": {
    "cen_loss": 2.00400075674057,
    "cen_accuracy": 0.384875
  },
  "20": {
    "cen_loss": 1.8867479296922685,
    "cen_accuracy": 0.419
  },
  "21": {
    "cen_loss": 2.762013838171959,
    "cen_accuracy": 0.339
  },
  "22": {
    "cen_loss": 2.02764745593071,
    "cen_accuracy": 0.37625
  },
  "23": {
    "cen_loss": 3.3475517218112945,
    "cen_accuracy": 0.33425
  },
  "24": {
    "cen_loss": 2.3236677156686785,
    "cen_accuracy": 0.36575
  },
  "25": {
    "cen_loss": 1.907950531244278,
    "cen_accuracy": 0.42525
  },
  "26": {
    "cen_loss": 2.719709317922592,
    "cen_accuracy": 0.334625
  },
  "27": {
    "cen_loss": 1.8777931391000748,
    "cen_accuracy": 0.41675
  },
  "28": {
    "cen_loss": 1.8499087566137313,
    "cen_accuracy": 0.41975
  },
  "29": {
    "cen_loss": 2.2668849722146986,
    "cen_accuracy": 0.438625
  },
  "30": {
    "cen_loss": 2.676198649406433,
    "cen_accuracy": 0.378
  },
  "31": {
    "cen_loss": 1.7968366864919663,
    "cen_accuracy": 0.49325
  },
  "32": {
    "cen_loss": 2.040281730055809,
    "cen_accuracy": 0.4325
  },
  "33": {
    "cen_loss": 3.8160625960826873,
    "cen_accuracy": 0.252875
  },
  "34": {
    "cen_loss": 2.3233731137514115,
    "cen_accuracy": 0.3665
  },
  "35": {
    "cen_loss": 2.4803337292671204,
    "cen_accuracy": 0.35825
  },
  "36": {
    "cen_loss": 2.2904327819347383,
    "cen_accuracy": 0.35725
  },
  "37": {
    "cen_loss": 1.7405453067421912,
    "cen_accuracy": 0.517125
  },
  "38": {
    "cen_loss": 2.485138245344162,
    "cen_accuracy": 0.40125
  },
  "39": {
    "cen_loss": 3.235061901807785,
    "cen_accuracy": 0.32825
  },
  "40": {
    "cen_loss": 3.888886805295944,
    "cen_accuracy": 0.307625
  },
  "41": {
    "cen_loss": 1.8141426644325256,
    "cen_accuracy": 0.424625
  },
  "42": {
    "cen_loss": 2.142770359992981,
    "cen_accuracy": 0.398375
  },
  "43": {
    "cen_loss": 2.249057537317276,
    "cen_accuracy": 0.472875
  },
  "44": {
    "cen_loss": 1.37449801081419,
    "cen_accuracy": 0.560375
  },
  "45": {
    "cen_loss": 1.3023438639044762,
    "cen_accuracy": 0.57475
  },
  "46": {
    "cen_loss": 2.328902084350586,
    "cen_accuracy": 0.36175
  },
  "47": {
    "cen_loss": 2.666801455974579,
    "cen_accuracy": 0.435375
  },
  "48": {
    "cen_loss": 2.284651178240776,
    "cen_accuracy": 0.345375
  },
  "49": {
    "cen_loss": 2.233044484257698,
    "cen_accuracy": 0.42275
  },
  "50": {
    "cen_loss": 2.3994439191818238,
    "cen_accuracy": 0.397625
  },
  "51": {
    "cen_loss": 1.9633210698366166,
    "cen_accuracy": 0.435375
  },
  "52": {
    "cen_loss": 1.6127101988196373,
    "cen_accuracy": 0.499
  },
  "53": {
    "cen_loss": 1.59497864818573,
    "cen_accuracy": 0.488625
  },
  "54": {
    "cen_loss": 2.4727351298332216,
    "cen_accuracy": 0.410375
  },
  "55": {
    "cen_loss": 1.8678075724840164,
    "cen_accuracy": 0.487875
  },
  "56": {
    "cen_loss": 1.6927755250930787,
    "cen_accuracy": 0.48025
  },
  "57": {
    "cen_loss": 1.8383846477270127,
    "cen_accuracy": 0.495875
  },
  "58": {
    "cen_loss": 1.9766469472050667,
    "cen_accuracy": 0.481125
  },
  "59": {
    "cen_loss": 2.220187740445137,
    "cen_accuracy": 0.45575
  },
  "60": {
    "cen_loss": 2.342880964279175,
    "cen_accuracy": 0.440625
  },
  "61": {
    "cen_loss": 1.5040478796958923,
    "cen_accuracy": 0.55475
  },
  "62": {
    "cen_loss": 2.233676396369934,
    "cen_accuracy": 0.43075
  },
  "63": {
    "cen_loss": 1.8740278035402298,
    "cen_accuracy": 0.463375
  },
  "64": {
    "cen_loss": 1.7469915672540666,
    "cen_accuracy": 0.476
  },
  "65": {
    "cen_loss": 1.3979765282869339,
    "cen_accuracy": 0.5665
  },
  "66": {
    "cen_loss": 1.504417574942112,
    "cen_accuracy": 0.55175
  },
  "67": {
    "cen_loss": 2.242604707956314,
    "cen_accuracy": 0.44075
  },
  "68": {
    "cen_loss": 1.800036842405796,
    "cen_accuracy": 0.48875
  },
  "69": {
    "cen_loss": 1.8269854114055633,
    "cen_accuracy": 0.406875
  },
  "70": {
    "cen_loss": 1.9700074322223664,
    "cen_accuracy": 0.389125
  },
  "71": {
    "cen_loss": 1.4362331454157828,
    "cen_accuracy": 0.529375
  },
  "72": {
    "cen_loss": 2.0632692276239397,
    "cen_accuracy": 0.4525
  },
  "73": {
    "cen_loss": 1.6835697014331819,
    "cen_accuracy": 0.4765
  },
  "74": {
    "cen_loss": 1.5852583872079848,
    "cen_accuracy": 0.511875
  },
  "75": {
    "cen_loss": 1.5336731098890304,
    "cen_accuracy": 0.490625
  },
  "76": {
    "cen_loss": 1.4105391715764999,
    "cen_accuracy": 0.560625
  },
  "77": {
    "cen_loss": 1.8701896121501922,
    "cen_accuracy": 0.44
  },
  "78": {
    "cen_loss": 2.2254346323013308,
    "cen_accuracy": 0.415125
  },
  "79": {
    "cen_loss": 1.9454413007497788,
    "cen_accuracy": 0.477125
  },
  "80": {
    "cen_loss": 1.8556540588140487,
    "cen_accuracy": 0.481875
  },
  "81": {
    "cen_loss": 2.220925335496664,
    "cen_accuracy": 0.437375
  },
  "82": {
    "cen_loss": 1.1663821450471878,
    "cen_accuracy": 0.59725
  },
  "83": {
    "cen_loss": 1.7466388944387436,
    "cen_accuracy": 0.563375
  },
  "84": {
    "cen_loss": 1.559348498761654,
    "cen_accuracy": 0.557875
  },
  "85": {
    "cen_loss": 1.2527677770853043,
    "cen_accuracy": 0.60325
  },
  "86": {
    "cen_loss": 1.776791182398796,
    "cen_accuracy": 0.5135
  },
  "87": {
    "cen_loss": 1.4395593410730363,
    "cen_accuracy": 0.563875
  },
  "88": {
    "cen_loss": 1.9197260084748269,
    "cen_accuracy": 0.47425
  },
  "89": {
    "cen_loss": 1.183469500720501,
    "cen_accuracy": 0.62025
  },
  "90": {
    "cen_loss": 1.260177107810974,
    "cen_accuracy": 0.59975
  },
  "91": {
    "cen_loss": 1.5219878147244454,
    "cen_accuracy": 0.573125
  },
  "92": {
    "cen_loss": 1.3494854336977005,
    "cen_accuracy": 0.612625
  },
  "93": {
    "cen_loss": 1.426956187427044,
    "cen_accuracy": 0.565125
  },
  "94": {
    "cen_loss": 1.7319525812864303,
    "cen_accuracy": 0.530625
  },
  "95": {
    "cen_loss": 1.8432382441163062,
    "cen_accuracy": 0.467625
  },
  "96": {
    "cen_loss": 1.5171064808368684,
    "cen_accuracy": 0.571125
  },
  "97": {
    "cen_loss": 1.6945144307613373,
    "cen_accuracy": 0.57025
  },
  "98": {
    "cen_loss": 1.069655386686325,
    "cen_accuracy": 0.643125
  },
  "99": {
    "cen_loss": 1.0954946839511395,
    "cen_accuracy": 0.66
  },
  "100": {
    "cen_loss": 1.2089081914424897,
    "cen_accuracy": 0.629
  },
  "101": {
    "cen_loss": 1.1943188246488572,