{
  "0": {
    "cen_loss": 2.3028162007331847,
    "cen_accuracy": 0.1005
  },
  "1": {
    "cen_loss": 2.3028162007331847,
    "cen_accuracy": 0.1005
  },
  "2": {
    "cen_loss": 3.3763547134399414,
    "cen_accuracy": 0.0995
  },
  "3": {
    "cen_loss": 4.704558054924012,
    "cen_accuracy": 0.098875
  },
  "4": {
    "cen_loss": 4.924666867256165,
    "cen_accuracy": 0.098875
  },
  "5": {
    "cen_loss": 4.537672382831573,
    "cen_accuracy": 0.098875
  },
  "6": {
    "cen_loss": 4.314767558574676,
    "cen_accuracy": 0.099375
  },
  "7": {
    "cen_loss": 3.0237998139858244,
    "cen_accuracy": 0.179875
  },
  "8": {
    "cen_loss": 2.2577050626277924,
    "cen_accuracy": 0.301875
  },
  "9": {
    "cen_loss": 2.0911736973524095,
    "cen_accuracy": 0.35175
  },
  "10": {
    "cen_loss": 1.893453506231308,
    "cen_accuracy": 0.47275
  },
  "11": {
    "cen_loss": 1.8089390064477922,
    "cen_accuracy": 0.4125
  },
  "12": {
    "cen_loss": 2.2048115929365157,
    "cen_accuracy": 0.373125
  },
  "13": {
    "cen_loss": 1.5258401778936386,
    "cen_accuracy": 0.500375
  },
  "14": {
    "cen_loss": 1.8218201414346695,
    "cen_accuracy": 0.478375
  },
  "15": {
    "cen_loss": 1.570127522110939,
    "cen_accuracy": 0.529625
  },
  "16": {
    "cen_loss": 1.5922912310361863,
    "cen_accuracy": 0.5225
  },
  "17": {
    "cen_loss": 1.6660671248435974,
    "cen_accuracy": 0.5545
  },
  "18": {
    "cen_loss": 1.5650391807556152,
    "cen_accuracy": 0.56625
  },
  "19": {
    "cen_loss": 1.4696736565828323,
    "cen_accuracy": 0.579875
  },
  "20": {
    "cen_loss": 1.406906795024872,
    "cen_accuracy": 0.599375
  },
  "21": {
    "cen_loss": 1.516586211025715,
    "cen_accuracy": 0.57825
  },
  "22": {
    "cen_loss": 1.4598877079486847,
    "cen_accuracy": 0.595875
  },
  "23": {
    "cen_loss": 1.6500440647602082,
    "cen_accuracy": 0.574
  },
  "24": {
    "cen_loss": 1.4772755206227302,
    "cen_accuracy": 0.5985
  },
  "25": {
    "cen_loss": 1.6686356491446495,
    "cen_accuracy": 0.559125
  },
  "26": {
    "cen_loss": 1.4173922358751296,
    "cen_accuracy": 0.613125
  },
  "27": {
    "cen_loss": 1.5365056100785732,
    "cen_accuracy": 0.59625
  },
  "28": {
    "cen_loss": 1.4711005729734898,
    "cen_accuracy": 0.60825
  },
  "29": {
    "cen_loss": 1.6698129380345343,
    "cen_accuracy": 0.587
  },
  "30": {
    "cen_loss": 1.638246776729822,
    "cen_accuracy": 0.59925
  },
  "31": {
    "cen_loss": 1.6691401683688163,
    "cen_accuracy": 0.582625
  },
  "32": {
    "cen_loss": 1.4079257814884185,
    "cen_accuracy": 0.61625
  },
  "33": {
    "cen_loss": 1.3622049157619476,
    "cen_accuracy": 0.635
  },
  "34": {
    "cen_loss": 1.5034500688314438,
    "cen_accuracy": 0.613125
  },
  "35": {
    "cen_loss": 1.808053912639618,
    "cen_accuracy": 0.561125
  },
  "36": {
    "cen_loss": 1.41575202152133,
    "cen_accuracy": 0.628
  },
  "37": {
    "cen_loss": 1.2777217766940594,
    "cen_accuracy": 0.649375
  },
  "38": {
    "cen_loss": 1.3485402547121048,
    "cen_accuracy": 0.647
  },
  "39": {
    "cen_loss": 1.6292215202748777,
    "cen_accuracy": 0.605
  },
  "40": {
    "cen_loss": 1.8960189668536187,
    "cen_accuracy": 0.58575
  },
  "41": {
    "cen_loss": 1.3076721230149269,
    "cen_accuracy": 0.6455
  },
  "42": {
    "cen_loss": 1.4156584408283233,
    "cen_accuracy": 0.639625
  },
  "43": {
    "cen_loss": 1.3640227049291134,
    "cen_accuracy": 0.645625
  },
  "44": {
    "cen_loss": 1.2627876189649105,
    "cen_accuracy": 0.657
  },
  "45": {
    "cen_loss": 1.4216486884355546,
    "cen_accuracy": 0.6325
  },
  "46": {
    "cen_loss": 1.2971910325139762,
    "cen_accuracy": 0.655375
  },
  "47": {
    "cen_loss": 1.4083506537377835,
    "cen_accuracy": 0.651625
  },
  "48": {
    "cen_loss": 1.3285847698897124,
    "cen_accuracy": 0.660375
  },
  "49": {
    "cen_loss": 1.4076282917261123,
    "cen_accuracy": 0.6555
  },
  "50": {
    "cen_loss": 1.4594656135439872,
    "cen_accuracy": 0.66
  },
  "51": {
    "cen_loss": 1.4886254125237466,
    "cen_accuracy": 0.642
  },
  "52": {
    "cen_loss": 1.7317697735726834,
    "cen_accuracy": 0.604625
  },
  "53": {
    "cen_loss": 1.3865592293441296,
    "cen_accuracy": 0.650625
  },
  "54": {
    "cen_loss": 1.4574396944642067,
    "cen_accuracy": 0.640375
  },
  "55": {
    "cen_loss": 1.315087572261691,
    "cen_accuracy": 0.65875
  },
  "56": {
    "cen_loss": 1.2846842512488366,
    "cen_accuracy": 0.6675
  },
  "57": {
    "cen_loss": 1.2706987661123277,
    "cen_accuracy": 0.67475
  },
  "58": {
    "cen_loss": 1.2788081155270339,
    "cen_accuracy": 0.673625
  },
  "59": {
    "cen_loss": 1.3143413305282592,
    "cen_accuracy": 0.669
  },
  "60": {
    "cen_loss": 1.437375726789236,
    "cen_accuracy": 0.666
  },
  "61": {
    "cen_loss": 1.3516419028639794,
    "cen_accuracy": 0.661875
  },
  "62": {
    "cen_loss": 1.3081646086573602,
    "cen_accuracy": 0.666875
  },
  "63": {
    "cen_loss": 1.3862783131450416,
    "cen_accuracy": 0.66225
  },
  "64": {
    "cen_loss": 1.3708113956227899,
    "cen_accuracy": 0.664875
  },
  "65": {
    "cen_loss": 1.3883694666028024,
    "cen_accuracy": 0.662125
  },
  "66": {
    "cen_loss": 1.2936132726073266,
    "cen_accuracy": 0.675375
  },
  "67": {
    "cen_loss": 1.24445959816128,
    "cen_accuracy": 0.6805
  },
  "68": {
    "cen_loss": 1.2598745868206025,
    "cen_accuracy": 0.68075
  },
  "69": {
    "cen_loss": 1.3062318178266288,
    "cen_accuracy": 0.672
  },
  "70": {
    "cen_loss": 1.3709040287435055,
    "cen_accuracy": 0.673375
  },
  "71": {
    "cen_loss": 1.4006323669254779,
    "cen_accuracy": 0.659
  },
  "72": {
    "cen_loss": 1.4261352926194668,
    "cen_accuracy": 0.655875
  },
  "73": {
    "cen_loss": 1.360672560170293,
    "cen_accuracy": 0.670375
  },
  "74": {
    "cen_loss": 1.3426325425505639,
    "cen_accuracy": 0.67025
  },
  "75": {
    "cen_loss": 1.3055741631537676,
    "cen_accuracy": 0.675125
  },
  "76": {
    "cen_loss": 1.32408815279603,
    "cen_accuracy": 0.659375
  },
  "77": {
    "cen_loss": 1.225555097207427,
    "cen_accuracy": 0.6835
  },
  "78": {
    "cen_loss": 1.0968772146105765,
    "cen_accuracy": 0.694375
  },
  "79": {
    "cen_loss": 1.133153036147356,
    "cen_accuracy": 0.691
  },
  "80": {
    "cen_loss": 1.192086691558361,
    "cen_accuracy": 0.69
  },
  "81": {
    "cen_loss": 1.291456299930811,
    "cen_accuracy": 0.667
  },
  "82": {
    "cen_loss": 1.2813972591608762,
    "cen_accuracy": 0.6795
  },
  "83": {
    "cen_loss": 1.375312993079424,
    "cen_accuracy": 0.67475
  },
  "84": {
    "cen_loss": 1.370782116919756,
    "cen_accuracy": 0.668875
  },
  "85": {
    "cen_loss": 1.3295405558645725,
    "cen_accuracy": 0.67475
  },
  "86": {
    "cen_loss": 1.304112037345767,
    "cen_accuracy": 0.678875
  },
  "87": {
    "cen_loss": 1.1672461608052254,
    "cen_accuracy": 0.694625
  },
  "88": {
    "cen_loss": 1.2537489882707595,
    "cen_accuracy": 0.686625
  },
  "89": {
    "cen_loss": 1.2064285358190536,
    "cen_accuracy": 0.69575
  },
  "90": {
    "cen_loss": 1.279812160462141,
    "cen_accuracy": 0.694375
  },
  "91": {
    "cen_loss": 1.2668978344351054,
    "cen_accuracy": 0.692
  },
  "92": {
    "cen_loss": 1.3232540640234947,
    "cen_accuracy": 0.678375
  },
  "93": {
    "cen_loss": 1.3896583346277476,
    "cen_accuracy": 0.6705
  },
  "94": {
    "cen_loss": 1.2993559833467008,
    "cen_accuracy": 0.67325
  },
  "95": {
    "cen_loss": 1.1540902319401503,
    "cen_accuracy": 0.69725
  },
  "96": {
    "cen_loss": 1.2682830207943916,
    "cen_accuracy": 0.6805
  },
  "97": {
    "cen_loss": 1.21103676058352,
    "cen_accuracy": 0.68575
  },
  "98": {
    "cen_loss": 1.236991960167885,
    "cen_accuracy": 0.68425
  },
  "99": {
    "cen_loss": 1.188271003305912,
    "cen_accuracy": 0.6885
  },
  "100": {
    "cen_loss": 1.2650576569736003,
    "cen_accuracy": 0.68675
  },
  "101": {
    "cen_loss": 1.1932439765036107,