{
  "0": {
    "cen_loss": 2.3051824836730956,
    "cen_accuracy": 0.089625
  },
  "1": {
    "cen_loss": 2.3051824836730956,
    "cen_accuracy": 0.089625
  },
  "2": {
    "cen_loss": 2.467343905925751,
    "cen_accuracy": 0.119875
  },
  "3": {
    "cen_loss": 3.4930437335968016,
    "cen_accuracy": 0.1085
  },
  "4": {
    "cen_loss": 4.260976140975952,
    "cen_accuracy": 0.100375
  },
  "5": {
    "cen_loss": 4.010226713180542,
    "cen_accuracy": 0.099875
  },
  "6": {
    "cen_loss": 4.225217913150788,
    "cen_accuracy": 0.104875
  },
  "7": {
    "cen_loss": 3.4456590561866762,
    "cen_accuracy": 0.15525
  },
  "8": {
    "cen_loss": 3.0977408356666567,
    "cen_accuracy": 0.192875
  },
  "9": {
    "cen_loss": 2.579017014026642,
    "cen_accuracy": 0.30075
  },
  "10": {
    "cen_loss": 2.276612396597862,
    "cen_accuracy": 0.485125
  },
  "11": {
    "cen_loss": 2.735317839384079,
    "cen_accuracy": 0.329375
  },
  "12": {
    "cen_loss": 2.912913626432419,
    "cen_accuracy": 0.33025
  },
  "13": {
    "cen_loss": 2.809037685275078,
    "cen_accuracy": 0.377
  },
  "14": {
    "cen_loss": 2.201175738811493,
    "cen_accuracy": 0.4565
  },
  "15": {
    "cen_loss": 2.2063678015470503,
    "cen_accuracy": 0.47775
  },
  "16": {
    "cen_loss": 1.9063463542461396,
    "cen_accuracy": 0.51975
  },
  "17": {
    "cen_loss": 1.7570035253167153,
    "cen_accuracy": 0.54525
  },
  "18": {
    "cen_loss": 1.8998992836475372,
    "cen_accuracy": 0.52825
  },
  "19": {
    "cen_loss": 1.590586146593094,
    "cen_accuracy": 0.569625
  },
  "20": {
    "cen_loss": 1.6506754410266877,
    "cen_accuracy": 0.61425
  },
  "21": {
    "cen_loss": 1.5533199663758277,
    "cen_accuracy": 0.602375
  },
  "22": {
    "cen_loss": 1.7588510164022446,
    "cen_accuracy": 0.56475
  },
  "23": {
    "cen_loss": 1.6504858728945255,
    "cen_accuracy": 0.603875
  },
  "24": {
    "cen_loss": 1.6450787935853004,
    "cen_accuracy": 0.603625
  },
  "25": {
    "cen_loss": 1.6480520393252374,
    "cen_accuracy": 0.614
  },
  "26": {
    "cen_loss": 1.5509361352920532,
    "cen_accuracy": 0.61725
  },
  "27": {
    "cen_loss": 1.345048226803541,
    "cen_accuracy": 0.662
  },
  "28": {
    "cen_loss": 1.5237681874036788,
    "cen_accuracy": 0.625125
  },
  "29": {
    "cen_loss": 1.2184920074045658,
    "cen_accuracy": 0.669875
  },
  "30": {
    "cen_loss": 1.7912204764187336,
    "cen_accuracy": 0.671
  },
  "31": {
    "cen_loss": 1.2427575117051601,
    "cen_accuracy": 0.67525
  },
  "32": {
    "cen_loss": 1.2297795802801847,
    "cen_accuracy": 0.67025
  },
  "33": {
    "cen_loss": 1.1947155743241311,
    "cen_accuracy": 0.688125
  },
  "34": {
    "cen_loss": 1.3581570200324058,
    "cen_accuracy": 0.667875
  },
  "35": {
    "cen_loss": 1.3412903546839952,
    "cen_accuracy": 0.6765
  },
  "36": {
    "cen_loss": 1.2948254538178443,
    "cen_accuracy": 0.676875
  },
  "37": {
    "cen_loss": 1.1671915916651487,
    "cen_accuracy": 0.691125
  },
  "38": {
    "cen_loss": 1.3337791536003352,
    "cen_accuracy": 0.675
  },
  "39": {
    "cen_loss": 1.1851901234537363,
    "cen_accuracy": 0.685125
  },
  "40": {
    "cen_loss": 1.2453497636690736,
    "cen_accuracy": 0.70275
  },
  "41": {
    "cen_loss": 1.1034725513383745,
    "cen_accuracy": 0.70875
  },
  "42": {
    "cen_loss": 1.373131543725729,
    "cen_accuracy": 0.675625
  },
  "43": {
    "cen_loss": 1.0680150842964649,
    "cen_accuracy": 0.7145
  },
  "44": {
    "cen_loss": 1.211213294774294,
    "cen_accuracy": 0.698625
  },
  "45": {
    "cen_loss": 1.1617466773465275,
    "cen_accuracy": 0.705875
  },
  "46": {
    "cen_loss": 1.1334982152879238,
    "cen_accuracy": 0.7195
  },
  "47": {
    "cen_loss": 1.2959074404537678,
    "cen_accuracy": 0.6955
  },
  "48": {
    "cen_loss": 1.2599572964906693,
    "cen_accuracy": 0.705625
  },
  "49": {
    "cen_loss": 1.163683722347021,
    "cen_accuracy": 0.713375
  },
  "50": {
    "cen_loss": 1.4767733342200517,
    "cen_accuracy": 0.716625
  },
  "51": {
    "cen_loss": 1.0888452284932137,
    "cen_accuracy": 0.72225
  },
  "52": {
    "cen_loss": 1.0844699033349752,
    "cen_accuracy": 0.7175
  },
  "53": {
    "cen_loss": 1.1263696029633283,
    "cen_accuracy": 0.71875
  },
  "54": {
    "cen_loss": 1.0775743103325366,
    "cen_accuracy": 0.726
  },
  "55": {
    "cen_loss": 1.068434524834156,
    "cen_accuracy": 0.73875
  },
  "56": {
    "cen_loss": 1.0230048877596856,
    "cen_accuracy": 0.737625
  },
  "57": {
    "cen_loss": 0.9934457706809043,
    "cen_accuracy": 0.729625
  },
  "58": {
    "cen_loss": 1.053777572914958,
    "cen_accuracy": 0.72575
  },
  "59": {
    "cen_loss": 1.231717031929642,
    "cen_accuracy": 0.727125
  },
  "60": {
    "cen_loss": 1.048689308039844,
    "cen_accuracy": 0.746625
  },
  "61": {
    "cen_loss": 1.1049996296316384,
    "cen_accuracy": 0.729125
  },
  "62": {
    "cen_loss": 1.0377292172461747,
    "cen_accuracy": 0.72675
  },
  "63": {
    "cen_loss": 1.106644572943449,
    "cen_accuracy": 0.729
  },
  "64": {
    "cen_loss": 0.927710917249322,
    "cen_accuracy": 0.7515
  },
  "65": {
    "cen_loss": 1.102628322571516,
    "cen_accuracy": 0.731875
  },
  "66": {
    "cen_loss": 1.264787134848535,
    "cen_accuracy": 0.742
  },
  "67": {
    "cen_loss": 1.0878526599705218,
    "cen_accuracy": 0.740625
  },
  "68": {
    "cen_loss": 1.0066282431706786,
    "cen_accuracy": 0.74525
  },
  "69": {
    "cen_loss": 1.121237737119198,
    "cen_accuracy": 0.73625
  },
  "70": {
    "cen_loss": 1.1348492905795575,
    "cen_accuracy": 0.742875
  },
  "71": {
    "cen_loss": 1.0805583371073006,
    "cen_accuracy": 0.74525
  },
  "72": {
    "cen_loss": 0.9181838567629457,
    "cen_accuracy": 0.759875
  },
  "73": {
    "cen_loss": 0.9422769410423935,
    "cen_accuracy": 0.7555
  },
  "74": {
    "cen_loss": 1.048150830335915,
    "cen_accuracy": 0.75475
  },
  "75": {
    "cen_loss": 1.0278620832562446,
    "cen_accuracy": 0.7475
  },
  "76": {
    "cen_loss": 0.9348947107791901,
    "cen_accuracy": 0.765125
  },
  "77": {
    "cen_loss": 0.9493228768110276,
    "cen_accuracy": 0.750625
  },
  "78": {
    "cen_loss": 0.8727867048233747,
    "cen_accuracy": 0.771375
  },
  "79": {
    "cen_loss": 0.8963182057589293,
    "cen_accuracy": 0.773625
  },
  "80": {
    "cen_loss": 1.0957746541351079,
    "cen_accuracy": 0.75875
  },
  "81": {
    "cen_loss": 0.9257943814173341,
    "cen_accuracy": 0.76825
  },
  "82": {
    "cen_loss": 0.9456239952296018,
    "cen_accuracy": 0.75675
  },
  "83": {
    "cen_loss": 0.9000756415240466,
    "cen_accuracy": 0.773
  },
  "84": {
    "cen_loss": 1.0621731033101678,
    "cen_accuracy": 0.760875
  },
  "85": {
    "cen_loss": 0.9430850491821766,
    "cen_accuracy": 0.7635
  },
  "86": {
    "cen_loss": 0.968731039967388,
    "cen_accuracy": 0.765375
  },
  "87": {
    "cen_loss": 0.9299541539587081,
    "cen_accuracy": 0.7595
  },
  "88": {
    "cen_loss": 0.9626062914505601,
    "cen_accuracy": 0.773625
  },
  "89": {
    "cen_loss": 0.923947805840522,
    "cen_accuracy": 0.76825
  },
  "90": {
    "cen_loss": 0.9359146254640073,
    "cen_accuracy": 0.7705
  },
  "91": {
    "cen_loss": 0.913486211463809,
    "cen_accuracy": 0.77475
  },
  "92": {
    "cen_loss": 1.0124779765754939,
    "cen_accuracy": 0.75825
  },
  "93": {
    "cen_loss": 1.0105945193991066,
    "cen_accuracy": 0.756875
  },
  "94": {
    "cen_loss": 0.9488581937327981,
    "cen_accuracy": 0.766
  },
  "95": {
    "cen_loss": 1.0111461939699948,
    "cen_accuracy": 0.767625
  },
  "96": {
    "cen_loss": 0.9511998948641122,
    "cen_accuracy": 0.768
  },
  "97": {
    "cen_loss": 0.9638349776826799,
    "cen_accuracy": 0.77425
  },
  "98": {
    "cen_loss": 0.8689603909365833,
    "cen_accuracy": 0.783125
  },
  "99": {
    "cen_loss": 0.9577333450987935,
    "cen_accuracy": 0.766875
  },
  "100": {
    "cen_loss": 1.0909979999139905,
    "cen_accuracy": 0.75025
  },