{
  "0": {
    "cen_loss": 2.3028095273971556,
    "cen_accuracy": 0.10075
  },
  "1": {
    "cen_loss": 2.3028095273971556,
    "cen_accuracy": 0.10075
  },
  "2": {
    "cen_loss": 5.167676089286804,
    "cen_accuracy": 0.101125
  },
  "3": {
    "cen_loss": 4.673684661388397,
    "cen_accuracy": 0.129375
  },
  "4": {
    "cen_loss": 4.81713547372818,
    "cen_accuracy": 0.14425
  },
  "5": {
    "cen_loss": 6.313355639457702,
    "cen_accuracy": 0.101125
  },
  "6": {
    "cen_loss": 4.4125550038814545,
    "cen_accuracy": 0.164375
  },
  "7": {
    "cen_loss": 4.0573835701942444,
    "cen_accuracy": 0.20725
  },
  "8": {
    "cen_loss": 2.732806141138077,
    "cen_accuracy": 0.259625
  },
  "9": {
    "cen_loss": 3.3256454491615295,
    "cen_accuracy": 0.181
  },
  "10": {
    "cen_loss": 4.260328984260559,
    "cen_accuracy": 0.2185
  },
  "11": {
    "cen_loss": 2.0232140417099,
    "cen_accuracy": 0.295375
  },
  "12": {
    "cen_loss": 3.117671602487564,
    "cen_accuracy": 0.27975
  },
  "13": {
    "cen_loss": 3.5920074117183685,
    "cen_accuracy": 0.2225
  },
  "14": {
    "cen_loss": 2.1360623500347136,
    "cen_accuracy": 0.29275
  },
  "15": {
    "cen_loss": 3.318681265115738,
    "cen_accuracy": 0.2515
  },
  "16": {
    "cen_loss": 3.8072693843841554,
    "cen_accuracy": 0.205875
  },
  "17": {
    "cen_loss": 2.4434194839000702,
    "cen_accuracy": 0.302
  },
  "18": {
    "cen_loss": 2.902691071987152,
    "cen_accuracy": 0.262125
  },
  "19": {
    "cen_loss": 3.1298364720344543,
    "cen_accuracy": 0.31775
  },
  "20": {
    "cen_loss": 4.7973016583919526,
    "cen_accuracy": 0.298375
  },
  "21": {
    "cen_loss": 4.037597118139267,
    "cen_accuracy": 0.24875
  },
  "22": {
    "cen_loss": 3.1422107961177828,
    "cen_accuracy": 0.311125
  },
  "23": {
    "cen_loss": 3.574276049375534,
    "cen_accuracy": 0.269625
  },
  "24": {
    "cen_loss": 2.5540861763954164,
    "cen_accuracy": 0.271125
  },
  "25": {
    "cen_loss": 2.915162523031235,
    "cen_accuracy": 0.22975
  },
  "26": {
    "cen_loss": 1.7035037549734116,
    "cen_accuracy": 0.470125
  },
  "27": {
    "cen_loss": 2.074638650178909,
    "cen_accuracy": 0.392
  },
  "28": {
    "cen_loss": 2.8136451778411864,
    "cen_accuracy": 0.254
  },
  "29": {
    "cen_loss": 1.8566776902675628,
    "cen_accuracy": 0.40525
  },
  "30": {
    "cen_loss": 2.509585554599762,
    "cen_accuracy": 0.362
  },
  "31": {
    "cen_loss": 2.014966050863266,
    "cen_accuracy": 0.329375
  },
  "32": {
    "cen_loss": 1.811255596756935,
    "cen_accuracy": 0.438375
  },
  "33": {
    "cen_loss": 3.639414078474045,
    "cen_accuracy": 0.313
  },
  "34": {
    "cen_loss": 1.8602813299894332,
    "cen_accuracy": 0.37575
  },
  "35": {
    "cen_loss": 2.000273246049881,
    "cen_accuracy": 0.373875
  },
  "36": {
    "cen_loss": 1.7067757694721222,
    "cen_accuracy": 0.448375
  },
  "37": {
    "cen_loss": 2.567374027132988,
    "cen_accuracy": 0.33725
  },
  "38": {
    "cen_loss": 1.9532835505008697,
    "cen_accuracy": 0.436
  },
  "39": {
    "cen_loss": 2.7687802810668947,
    "cen_accuracy": 0.241875
  },
  "40": {
    "cen_loss": 4.224170055866241,
    "cen_accuracy": 0.16675
  },
  "41": {
    "cen_loss": 2.942380954504013,
    "cen_accuracy": 0.33525
  },
  "42": {
    "cen_loss": 1.7964704773426057,
    "cen_accuracy": 0.37825
  },
  "43": {
    "cen_loss": 2.9186322355270384,
    "cen_accuracy": 0.256
  },
  "44": {
    "cen_loss": 1.793007111608982,
    "cen_accuracy": 0.476625
  },
  "45": {
    "cen_loss": 1.792169195652008,
    "cen_accuracy": 0.461625
  },
  "46": {
    "cen_loss": 2.350148488998413,
    "cen_accuracy": 0.438125
  },
  "47": {
    "cen_loss": 1.886785095334053,
    "cen_accuracy": 0.48125
  },
  "48": {
    "cen_loss": 2.2739029250144958,
    "cen_accuracy": 0.380875
  },
  "49": {
    "cen_loss": 1.8764360998868943,
    "cen_accuracy": 0.40175
  },
  "50": {
    "cen_loss": 2.3487320181131364,
    "cen_accuracy": 0.374875
  },
  "51": {
    "cen_loss": 1.7113782906532287,
    "cen_accuracy": 0.45025
  },
  "52": {
    "cen_loss": 2.436594021558762,
    "cen_accuracy": 0.3795
  },
  "53": {
    "cen_loss": 2.7445671911239624,
    "cen_accuracy": 0.36825
  },
  "54": {
    "cen_loss": 1.4004507714509964,
    "cen_accuracy": 0.517625
  },
  "55": {
    "cen_loss": 1.968120012998581,
    "cen_accuracy": 0.4325
  },
  "56": {
    "cen_loss": 1.554462252140045,
    "cen_accuracy": 0.494375
  },
  "57": {
    "cen_loss": 1.7535472608804703,
    "cen_accuracy": 0.483125
  },
  "58": {
    "cen_loss": 3.31767854821682,
    "cen_accuracy": 0.336375
  },
  "59": {
    "cen_loss": 2.3888605210781098,
    "cen_accuracy": 0.31775
  },
  "60": {
    "cen_loss": 2.6731880989074708,
    "cen_accuracy": 0.322375
  },
  "61": {
    "cen_loss": 1.5376792211532593,
    "cen_accuracy": 0.483625
  },
  "62": {
    "cen_loss": 1.7103040537834167,
    "cen_accuracy": 0.440625
  },
  "63": {
    "cen_loss": 2.0419298474788667,
    "cen_accuracy": 0.39575
  },
  "64": {
    "cen_loss": 1.884827016711235,
    "cen_accuracy": 0.403
  },
  "65": {
    "cen_loss": 2.2585488160848617,
    "cen_accuracy": 0.420625
  },
  "66": {
    "cen_loss": 1.9079045516252517,
    "cen_accuracy": 0.449625
  },
  "67": {
    "cen_loss": 1.665524211168289,
    "cen_accuracy": 0.496625
  },
  "68": {
    "cen_loss": 1.5848007490038871,
    "cen_accuracy": 0.51425
  },
  "69": {
    "cen_loss": 2.5196729958057404,
    "cen_accuracy": 0.39075
  },
  "70": {
    "cen_loss": 3.298612233877182,
    "cen_accuracy": 0.34675
  },
  "71": {
    "cen_loss": 1.4245481945872307,
    "cen_accuracy": 0.513
  },
  "72": {
    "cen_loss": 2.016791922926903,
    "cen_accuracy": 0.350875
  },
  "73": {
    "cen_loss": 1.4549880834817885,
    "cen_accuracy": 0.535875
  },
  "74": {
    "cen_loss": 1.9986448435783386,
    "cen_accuracy": 0.43
  },
  "75": {
    "cen_loss": 2.4474844681024552,
    "cen_accuracy": 0.39575
  },
  "76": {
    "cen_loss": 1.6186683374643325,
    "cen_accuracy": 0.426
  },
  "77": {
    "cen_loss": 1.408472106039524,
    "cen_accuracy": 0.5245
  },
  "78": {
    "cen_loss": 1.810616033554077,
    "cen_accuracy": 0.49
  },
  "79": {
    "cen_loss": 1.4447022448778153,
    "cen_accuracy": 0.523875
  },
  "80": {
    "cen_loss": 1.6380943455696106,
    "cen_accuracy": 0.4975
  },
  "81": {
    "cen_loss": 1.7492097601294518,
    "cen_accuracy": 0.506625
  },
  "82": {
    "cen_loss": 1.2458653388619423,
    "cen_accuracy": 0.57775
  },
  "83": {
    "cen_loss": 1.949940539240837,
    "cen_accuracy": 0.459375
  },
  "84": {
    "cen_loss": 1.656292315751314,
    "cen_accuracy": 0.494125
  },
  "85": {
    "cen_loss": 2.380660961031914,
    "cen_accuracy": 0.43325
  },
  "86": {
    "cen_loss": 1.7588239880800247,
    "cen_accuracy": 0.486875
  },
  "87": {
    "cen_loss": 2.042490908622742,
    "cen_accuracy": 0.399125
  },
  "88": {
    "cen_loss": 1.3208596028089523,
    "cen_accuracy": 0.519375
  },
  "89": {
    "cen_loss": 1.365099612236023,
    "cen_accuracy": 0.532
  },
  "90": {
    "cen_loss": 1.4049898918867112,
    "cen_accuracy": 0.525625
  },
  "91": {
    "cen_loss": 1.4158339502811432,
    "cen_accuracy": 0.5105
  },
  "92": {
    "cen_loss": 1.3736405463814736,
    "cen_accuracy": 0.5745
  },
  "93": {
    "cen_loss": 1.625748358488083,
    "cen_accuracy": 0.5095
  },
  "94": {
    "cen_loss": 1.7488336774110793,
    "cen_accuracy": 0.491
  },
  "95": {
    "cen_loss": 1.4945131446719169,
    "cen_accuracy": 0.50675
  },
  "96": {
    "cen_loss": 1.5018097449541092,
    "cen_accuracy": 0.528375
  },
  "97": {
    "cen_loss": 1.7495291781425477,
    "cen_accuracy": 0.450375
  },
  "98": {
    "cen_loss": 1.634018168449402,
    "cen_accuracy": 0.461375
  },
  "99": {
    "cen_loss": 1.9190548245906829,
    "cen_accuracy": 0.446625
  },
  "100": {
    "cen_loss": 2.5925869421958923,
    "cen_accuracy": 0.403375
  },
  "101": {
    "cen_loss": 1.3851774337291718,