{
  "0": {
    "cen_loss": 2.3053252358436582,
    "cen_accuracy": 0.093375
  },
  "1": {
    "cen_loss": 2.3053252358436582,
    "cen_accuracy": 0.093375
  },
  "2": {
    "cen_loss": 2.546148639678955,
    "cen_accuracy": 0.099625
  },
  "3": {
    "cen_loss": 2.1736543154716492,
    "cen_accuracy": 0.198125
  },
  "4": {
    "cen_loss": 2.9611419577598572,
    "cen_accuracy": 0.130625
  },
  "5": {
    "cen_loss": 2.11472088265419,
    "cen_accuracy": 0.257125
  },
  "6": {
    "cen_loss": 1.9722656331062316,
    "cen_accuracy": 0.289
  },
  "7": {
    "cen_loss": 2.168073207139969,
    "cen_accuracy": 0.33475
  },
  "8": {
    "cen_loss": 2.010327073097229,
    "cen_accuracy": 0.37525
  },
  "9": {
    "cen_loss": 1.899331041097641,
    "cen_accuracy": 0.315875
  },
  "10": {
    "cen_loss": 1.8974542970657349,
    "cen_accuracy": 0.316375
  },
  "11": {
    "cen_loss": 1.8615521194934845,
    "cen_accuracy": 0.374375
  },
  "12": {
    "cen_loss": 1.9988076725006103,
    "cen_accuracy": 0.3575
  },
  "13": {
    "cen_loss": 1.9297350997924805,
    "cen_accuracy": 0.370375
  },
  "14": {
    "cen_loss": 2.276034720540047,
    "cen_accuracy": 0.32475
  },
  "15": {
    "cen_loss": 3.671602960348129,
    "cen_accuracy": 0.27875
  },
  "16": {
    "cen_loss": 2.2710801730155943,
    "cen_accuracy": 0.281625
  },
  "17": {
    "cen_loss": 2.007273089885712,
    "cen_accuracy": 0.354
  },
  "18": {
    "cen_loss": 2.1618388625383376,
    "cen_accuracy": 0.35725
  },
  "19": {
    "cen_loss": 2.0031641817092893,
    "cen_accuracy": 0.35175
  },
  "20": {
    "cen_loss": 2.003164136171341,
    "cen_accuracy": 0.35175
  },
  "21": {
    "cen_loss": 2.003164136171341,
    "cen_accuracy": 0.35175
  },
  "22": {
    "cen_loss": 2.4514165738821028,
    "cen_accuracy": 0.342
  },
  "23": {
    "cen_loss": 2.072606285572052,
    "cen_accuracy": 0.369375
  },
  "24": {
    "cen_loss": 2.072606285572052,
    "cen_accuracy": 0.369375
  },
  "25": {
    "cen_loss": 1.7072615901231765,
    "cen_accuracy": 0.43225
  },
  "26": {
    "cen_loss": 3.3952618992328643,
    "cen_accuracy": 0.299
  },
  "27": {
    "cen_loss": 3.4393925428390504,
    "cen_accuracy": 0.2735
  },
  "28": {
    "cen_loss": 2.8434165284633637,
    "cen_accuracy": 0.329
  },
  "29": {
    "cen_loss": 2.1575958194732667,
    "cen_accuracy": 0.3495
  },
  "30": {
    "cen_loss": 2.157595753788948,
    "cen_accuracy": 0.3495
  },
  "31": {
    "cen_loss": 2.5694260947704315,
    "cen_accuracy": 0.306375
  },
  "32": {
    "cen_loss": 2.5694260947704315,
    "cen_accuracy": 0.306375
  },
  "33": {
    "cen_loss": 2.683703448653221,
    "cen_accuracy": 0.341375
  },
  "34": {
    "cen_loss": 2.830329998970032,
    "cen_accuracy": 0.319
  },
  "35": {
    "cen_loss": 2.039743523836136,
    "cen_accuracy": 0.373375
  },
  "36": {
    "cen_loss": 3.196308552980423,
    "cen_accuracy": 0.298
  },
  "37": {
    "cen_loss": 2.0982684137821197,
    "cen_accuracy": 0.384625
  },
  "38": {
    "cen_loss": 1.8966203750371933,
    "cen_accuracy": 0.41125
  },
  "39": {
    "cen_loss": 4.4855887532234195,
    "cen_accuracy": 0.26775
  },
  "40": {
    "cen_loss": 4.485588482141495,
    "cen_accuracy": 0.26775
  },
  "41": {
    "cen_loss": 2.318607224225998,
    "cen_accuracy": 0.356625
  },
  "42": {
    "cen_loss": 2.318607224225998,
    "cen_accuracy": 0.356625
  },
  "43": {
    "cen_loss": 2.091267695426941,
    "cen_accuracy": 0.410875
  },
  "44": {
    "cen_loss": 1.9572229919433595,
    "cen_accuracy": 0.390375
  },
  "45": {
    "cen_loss": 1.9384326745271683,
    "cen_accuracy": 0.37175
  },
  "46": {
    "cen_loss": 1.9384326745271683,
    "cen_accuracy": 0.37175
  },
  "47": {
    "cen_loss": 2.60427507519722,
    "cen_accuracy": 0.327875
  },
  "48": {
    "cen_loss": 2.588929973602295,
    "cen_accuracy": 0.315875
  },
  "49": {
    "cen_loss": 2.0884754791259765,
    "cen_accuracy": 0.38675
  },
  "50": {
    "cen_loss": 2.0884753338098525,
    "cen_accuracy": 0.38675
  },
  "51": {
    "cen_loss": 2.06093251824379,
    "cen_accuracy": 0.40025
  },
  "52": {
    "cen_loss": 2.037802988409996,
    "cen_accuracy": 0.3935
  },
  "53": {
    "cen_loss": 2.7737058334350584,
    "cen_accuracy": 0.31775
  },
  "54": {
    "cen_loss": 2.607159889936447,
    "cen_accuracy": 0.349125
  },
  "55": {
    "cen_loss": 2.309336633682251,
    "cen_accuracy": 0.380375
  },
  "56": {
    "cen_loss": 2.4403427214622497,
    "cen_accuracy": 0.319625
  },
  "57": {
    "cen_loss": 2.4234760887622833,
    "cen_accuracy": 0.32375
  },
  "58": {
    "cen_loss": 1.7704731595516205,
    "cen_accuracy": 0.43575
  },
  "59": {
    "cen_loss": 1.9732783056497574,
    "cen_accuracy": 0.418875
  },
  "60": {
    "cen_loss": 1.9732781850099563,
    "cen_accuracy": 0.418875
  },
  "61": {
    "cen_loss": 2.2453188264369963,
    "cen_accuracy": 0.3655
  },
  "62": {
    "cen_loss": 2.4698636537790297,
    "cen_accuracy": 0.391625
  },
  "63": {
    "cen_loss": 2.29799754345417,
    "cen_accuracy": 0.369875
  },
  "64": {
    "cen_loss": 2.0992572363615034,
    "cen_accuracy": 0.38925
  },
  "65": {
    "cen_loss": 2.0992572363615034,
    "cen_accuracy": 0.38925
  },
  "66": {
    "cen_loss": 2.7341062972545624,
    "cen_accuracy": 0.340875
  },
  "67": {
    "cen_loss": 2.077813101172447,
    "cen_accuracy": 0.395125
  },
  "68": {
    "cen_loss": 1.9316888670921326,
    "cen_accuracy": 0.419375
  },
  "69": {
    "cen_loss": 2.1549478750228883,
    "cen_accuracy": 0.37825
  },
  "70": {
    "cen_loss": 2.1549480369091034,
    "cen_accuracy": 0.37825
  },
  "71": {
    "cen_loss": 2.0824528666734694,
    "cen_accuracy": 0.410625
  },
  "72": {
    "cen_loss": 2.041829876065254,
    "cen_accuracy": 0.411125
  },
  "73": {
    "cen_loss": 3.8728650505542754,
    "cen_accuracy": 0.31075
  },
  "74": {
    "cen_loss": 2.3530718829631807,
    "cen_accuracy": 0.348625
  },
  "75": {
    "cen_loss": 2.2979938814640044,
    "cen_accuracy": 0.371125
  },
  "76": {
    "cen_loss": 2.121143826007843,
    "cen_accuracy": 0.38125
  },
  "77": {
    "cen_loss": 2.1325878163576126,
    "cen_accuracy": 0.4
  },
  "78": {
    "cen_loss": 2.072878266453743,
    "cen_accuracy": 0.398375
  },
  "79": {
    "cen_loss": 1.9223265100717544,
    "cen_accuracy": 0.439375
  },
  "80": {
    "cen_loss": 1.9223265100717544,
    "cen_accuracy": 0.439375
  },
  "81": {
    "cen_loss": 1.9223265100717544,
    "cen_accuracy": 0.439375
  },
  "82": {
    "cen_loss": 2.3957760195732116,
    "cen_accuracy": 0.355875
  },
  "83": {
    "cen_loss": 2.6781422848701477,
    "cen_accuracy": 0.352125
  },
  "84": {
    "cen_loss": 2.123950699090958,
    "cen_accuracy": 0.364875
  },
  "85": {
    "cen_loss": 1.9113783062696457,
    "cen_accuracy": 0.4195
  },
  "86": {
    "cen_loss": 2.6859121549129488,
    "cen_accuracy": 0.387
  },
  "87": {
    "cen_loss": 2.1479817444086073,
    "cen_accuracy": 0.403375
  },
  "88": {
    "cen_loss": 2.232322079062462,
    "cen_accuracy": 0.393375
  },
  "89": {
    "cen_loss": 1.846583599448204,
    "cen_accuracy": 0.429875
  },
  "90": {
    "cen_loss": 1.8465836350917817,
    "cen_accuracy": 0.429875
  },
  "91": {
    "cen_loss": 2.2627594435214995,
    "cen_accuracy": 0.3955
  },
  "92": {
    "cen_loss": 2.590969165325165,
    "cen_accuracy": 0.392625
  },
  "93": {
    "cen_loss": 2.7830830087661744,
    "cen_accuracy": 0.369125
  },
  "94": {
    "cen_loss": 2.046625929713249,
    "cen_accuracy": 0.407875
  },
  "95": {
    "cen_loss": 2.161489287614822,
    "cen_accuracy": 0.396125
  },
  "96": {
    "cen_loss": 1.8589759628772735,
    "cen_accuracy": 0.434875
  },
  "97": {
    "cen_loss": 2.380792524456978,
    "cen_accuracy": 0.40375
  },
  "98": {
    "cen_loss": 3.5395134015083314,
    "cen_accuracy": 0.2875
  },
  "99": {
    "cen_loss": 3.5395134015083314,
    "cen_accuracy": 0.2875
  },
  "100": {
    "cen_loss": 3.539513348340988,
    "cen_accuracy": 0.2875
  },
  "101": {
    "cen_loss": 3.539513348340988,