{
  "2": {
    "total_mJ": 2771461481.7102084,
    "total_ceq": 165.12250182167827,
    "num_expired_thresh": 0,
    "num_depleted": 0,
    "num_transmited_bytes": 21826112
  },
  "3": {
    "total_mJ": 1215348133.8332465,
    "total_ceq": 70.61088792179517,
    "num_expired_thresh": 0,
    "num_depleted": 0,
    "num_transmited_bytes": 21826112
  },
  "4": {
    "total_mJ": 2830914688.3171115,
    "total_ceq": 168.11186085171596,
    "num_expired_thresh": 0,
    "num_depleted": 0,
    "num_transmited_bytes": 21826112
  },
  "5": {
    "total_mJ": 749071660.6662606,
    "total_ceq": 46.07953448192812,
    "num_expired_thresh": 0,
    "num_depleted": 0,
    "num_transmited_bytes": 21826112
  },
  "6": {
    "total_mJ": 1463163145.1458738,
    "total_ceq": 88.97438973644756,
    "num_expired_thresh": 0,
    "num_depleted": 0,
    "num_transmited_bytes": 21826112
  },
  "7": {
    "total_mJ": 1433979796.5991404,
    "total_ceq": 84.93793054959895,
    "num_expired_thresh": 0,
    "num_depleted": 0,
    "num_transmited_bytes": 21826112
  },
  "8": {
    "total_mJ": 1220228776.7462888,
    "total_ceq": 75.48248454045091,
    "num_expired_thresh": 0,
    "num_depleted": 0,
    "num_transmited_bytes": 21826112
  },
  "9": {
    "total_mJ": 1455625353.6704268,
    "total_ceq": 88.61026828278663,
    "num_expired_thresh": 0,
    "num_depleted": 0,
    "num_transmited_bytes": 21826112
  },
  "10": {
    "total_mJ": 1462200310.663972,
    "total_ceq": 89.05424839961378,
    "num_expired_thresh": 0,
    "num_depleted": 0,
    "num_transmited_bytes": 21826112
  },
  "11": {
    "total_mJ": 894451662.0479364,
    "total_ceq": 55.19089510701665,
    "num_expired_thresh": 0,
    "num_depleted": 0,
    "num_transmited_bytes": 21826112
  },
  "12": {
    "total_mJ": 2801935045.1007714,
    "total_ceq": 163.78073709493216,
    "num_expired_thresh": 0,
    "num_depleted": 0,
    "num_transmited_bytes": 21826112
  },
  "13": {
    "total_mJ": 2815816640.4827685,
    "total_ceq": 168.01357385852026,
    "num_expired_thresh": 0,
    "num_depleted": 0,
    "num_transmited_bytes": 21826112
  },
  "14": {
    "total_mJ": 2721696542.7103868,
    "total_ceq": 161.50252487443746,
    "num_expired_thresh": 0,
    "num_depleted": 0,
    "num_transmited_bytes": 21826112
  },
  "15": {
    "total_mJ": 4715176202.30082,
    "total_ceq": 277.7229561972633,
    "num_expired_thresh": 0,
    "num_depleted": 0,
    "num_transmited_bytes": 21826112
  },
  "16": {
    "total_mJ": 723545173.2196089,
    "total_ceq": 46.057329067766545,
    "num_expired_thresh": 0,
    "num_depleted": 0,
    "num_transmited_bytes": 21826112
  },
  "17": {
    "total_mJ": 1046886629.017784,
    "total_ceq": 60.940379009425385,
    "num_expired_thresh": 0,
    "num_depleted": 0,
    "num_transmited_bytes": 21826112
  },
  "18": {
    "total_mJ": 2368462603.732322,
    "total_ceq": 146.19805813623515,
    "num_expired_thresh": 0,
    "num_depleted": 0,
    "num_transmited_bytes": 21826112
  },
  "19": {
    "total_mJ": 1205464382.23672,
    "total_ceq": 72.06041233344264,
    "num_expired_thresh": 0,
    "num_depleted": 0,
    "num_transmited_bytes": 21826112
  },
  "20": {
    "total_mJ": 1459469552.910004,
    "total_ceq": 91.49580909117803,
    "num_expired_thresh": 0,
    "num_depleted": 0,
    "num_transmited_bytes": 21826112
  },
  "21": {
    "total_mJ": 1209162285.8622994,
    "total_ceq": 73.30096609785929,
    "num_expired_thresh": 0,
    "num_depleted": 0,
    "num_transmited_bytes": 19841920
  },
  "22": {
    "total_mJ": 2145442060.7045279,
    "total_ceq": 129.7798029436408,
    "num_expired_thresh": 0,
    "num_depleted": 0,
    "num_transmited_bytes": 21826112
  },
  "23": {
    "total_mJ": 759254139.9247435,
    "total_ceq": 48.935780631383444,
    "num_expired_thresh": 0,
    "num_depleted": 0,
    "num_transmited_bytes": 21826112
  },
  "24": {
    "total_mJ": 1186875988.79407,
    "total_ceq": 73.58299750767291,
    "num_expired_thresh": 0,
    "num_depleted": 0,
    "num_transmited_bytes": 19841920
  },
  "25": {
    "total_mJ": 1000999100.5761662,
    "total_ceq": 59.97630863411459,
    "num_expired_thresh": 0,
    "num_depleted": 0,
    "num_transmited_bytes": 21826112
  },
  "26": {
    "total_mJ": 4696638425.958246,
    "total_ceq": 275.89361534796257,
    "num_expired_thresh": 0,
    "num_depleted": 0,
    "num_transmited_bytes": 21826112
  },
  "27": {
    "total_mJ": 728065038.1561446,
    "total_ceq": 42.39210076402795,
    "num_expired_thresh": 0,
    "num_depleted": 0,
    "num_transmited_bytes": 21826112
  },
  "28": {
    "total_mJ": 2798912914.278789,
    "total_ceq": 166.21114709426385,
    "num_expired_thresh": 0,
    "num_depleted": 0,
    "num_transmited_bytes": 21826112
  },
  "29": {
    "total_mJ": 1256990466.723046,
    "total_ceq": 76.60953000580291,
    "num_expired_thresh": 0,
    "num_depleted": 0,
    "num_transmited_bytes": 21826112
  },
  "30": {
    "total_mJ": 1418682077.7726893,
    "total_ceq": 86.23443002244579,
    "num_expired_thresh": 0,
    "num_depleted": 0,
    "num_transmited_bytes": 21826112
  },
  "31": {
    "total_mJ": 2169615397.558562,
    "total_ceq": 134.91906521407375,
    "num_expired_thresh": 0,
    "num_depleted": 0,
    "num_transmited_bytes": 21826112
  },
  "32": {
    "total_mJ": 1052949441.3152741,
    "total_ceq": 62.579512565343194,
    "num_expired_thresh": 0,
    "num_depleted": 0,
    "num_transmited_bytes": 19841920
  },
  "33": {
    "total_mJ": 1000871546.1096852,
    "total_ceq": 59.77541042804629,
    "num_expired_thresh": 0,
    "num_depleted": 0,
    "num_transmited_bytes": 21826112
  },
  "34": {
    "total_mJ": 2164906304.2502365,
    "total_ceq": 133.14210123086792,
    "num_expired_thresh": 0,
    "num_depleted": 0,
    "num_transmited_bytes": 21826112
  },
  "35": {
    "total_mJ": 990294401.8259567,
    "total_ceq": 60.03027504575435,
    "num_expired_thresh": 0,
    "num_depleted": 0,
    "num_transmited_bytes": 21826112
  },
  "36": {
    "total_mJ": 1352358326.6680186,
    "total_ceq": 82.83916025374327,
    "num_expired_thresh": 0,
    "num_depleted": 0,
    "num_transmited_bytes": 21826112
  },
  "37": {
    "total_mJ": 713879736.7036794,
    "total_ceq": 43.099654966600774,
    "num_expired_thresh": 0,
    "num_depleted": 0,
    "num_transmited_bytes": 21826112
  },
  "38": {
    "total_mJ": 913316778.4025285,
    "total_ceq": 58.480849377715884,
    "num_expired_thresh": 0,
    "num_depleted": 0,
    "num_transmited_bytes": 21826112
  },
  "39": {
    "total_mJ": 4704900253.250518,
    "total_ceq": 277.98077587637505,
    "num_expired_thresh": 0,
    "num_depleted": 0,
    "num_transmited_bytes": 21826112
  },
  "40": {
    "total_mJ": 2357076484.203056,
    "total_ceq": 145.3215164958442,
    "num_expired_thresh": 0,
    "num_depleted": 0,
    "num_transmited_bytes": 21826112
  },
  "41": {
    "total_mJ": 1436051584.9914362,
    "total_ceq": 87.378400048086,
    "num_expired_thresh": 0,
    "num_depleted": 0,
    "num_transmited_bytes": 21826112
  },
  "42": {
    "total_mJ": 1218305688.5318186,
    "total_ceq": 69.50315081241511,
    "num_expired_thresh": 0,
    "num_depleted": 0,
    "num_transmited_bytes": 19841920
  },
  "43": {
    "total_mJ": 1428875672.9741023,
    "total_ceq": 86.17121375575377,
    "num_expired_thresh": 0,
    "num_depleted": 0,
    "num_transmited_bytes": 21826112
  },
  "44": {
    "total_mJ": 2841343417.110495,
    "total_ceq": 168.2128829676303,
    "num_expired_thresh": 0,
    "num_depleted": 0,
    "num_transmited_bytes": 21826112
  },
  "45": {
    "total_mJ": 1621371880.771695,
    "total_ceq": 98.29913208044236,
    "num_expired_thresh": 0,
    "num_depleted": 0,
    "num_transmited_bytes": 21826112
  },
  "46": {
    "total_mJ": 1632893954.9589837,
    "total_ceq": 99.91204703131491,
    "num_expired_thresh": 0,
    "num_depleted": 0,
    "num_transmited_bytes": 19841920
  },
  "47": {
    "total_mJ": 645957144.790537,
    "total_ceq": 40.34298379824777,