{
  "0": {
    "cen_loss": 2.3027030763626097,
    "cen_accuracy": 0.1
  },
  "1": {
    "cen_loss": 2.3027030763626097,
    "cen_accuracy": 0.1
  },
  "2": {
    "cen_loss": 3.1933890709877013,
    "cen_accuracy": 0.099125
  },
  "3": {
    "cen_loss": 4.16091325712204,
    "cen_accuracy": 0.099125
  },
  "4": {
    "cen_loss": 5.116530666351318,
    "cen_accuracy": 0.099125
  },
  "5": {
    "cen_loss": 4.7134432311058045,
    "cen_accuracy": 0.099125
  },
  "6": {
    "cen_loss": 5.316362998008728,
    "cen_accuracy": 0.121
  },
  "7": {
    "cen_loss": 4.270940092086792,
    "cen_accuracy": 0.17125
  },
  "8": {
    "cen_loss": 3.2965671486854555,
    "cen_accuracy": 0.206625
  },
  "9": {
    "cen_loss": 2.3418455755710603,
    "cen_accuracy": 0.33775
  },
  "10": {
    "cen_loss": 1.5646582414507866,
    "cen_accuracy": 0.516625
  },
  "11": {
    "cen_loss": 1.9358390247821808,
    "cen_accuracy": 0.40075
  },
  "12": {
    "cen_loss": 2.0622073159217833,
    "cen_accuracy": 0.4185
  },
  "13": {
    "cen_loss": 1.7175625321269035,
    "cen_accuracy": 0.488625
  },
  "14": {
    "cen_loss": 1.7080618179440499,
    "cen_accuracy": 0.498
  },
  "15": {
    "cen_loss": 1.7937497575879098,
    "cen_accuracy": 0.505
  },
  "16": {
    "cen_loss": 1.5219745442271233,
    "cen_accuracy": 0.5655
  },
  "17": {
    "cen_loss": 1.612561951816082,
    "cen_accuracy": 0.547625
  },
  "18": {
    "cen_loss": 1.5951273134350776,
    "cen_accuracy": 0.551625
  },
  "19": {
    "cen_loss": 1.4683444310426712,
    "cen_accuracy": 0.584625
  },
  "20": {
    "cen_loss": 1.4211457624733448,
    "cen_accuracy": 0.611125
  },
  "21": {
    "cen_loss": 1.436718379020691,
    "cen_accuracy": 0.602
  },
  "22": {
    "cen_loss": 1.291407653450966,
    "cen_accuracy": 0.6155
  },
  "23": {
    "cen_loss": 1.3839430570602418,
    "cen_accuracy": 0.61225
  },
  "24": {
    "cen_loss": 1.2924640250205994,
    "cen_accuracy": 0.628875
  },
  "25": {
    "cen_loss": 1.5139469387531281,
    "cen_accuracy": 0.5935
  },
  "26": {
    "cen_loss": 1.3798848531246186,
    "cen_accuracy": 0.62375
  },
  "27": {
    "cen_loss": 1.3024068766236305,
    "cen_accuracy": 0.6395
  },
  "28": {
    "cen_loss": 1.345281313419342,
    "cen_accuracy": 0.635125
  },
  "29": {
    "cen_loss": 1.329612884759903,
    "cen_accuracy": 0.629
  },
  "30": {
    "cen_loss": 1.318330055385828,
    "cen_accuracy": 0.64575
  },
  "31": {
    "cen_loss": 1.250187651783228,
    "cen_accuracy": 0.64925
  },
  "32": {
    "cen_loss": 1.311863571256399,
    "cen_accuracy": 0.644375
  },
  "33": {
    "cen_loss": 1.2561918634176255,
    "cen_accuracy": 0.650125
  },
  "34": {
    "cen_loss": 1.1993059523403644,
    "cen_accuracy": 0.662625
  },
  "35": {
    "cen_loss": 1.1789897975176573,
    "cen_accuracy": 0.66275
  },
  "36": {
    "cen_loss": 1.2412135490477085,
    "cen_accuracy": 0.661875
  },
  "37": {
    "cen_loss": 1.1503878242373466,
    "cen_accuracy": 0.675
  },
  "38": {
    "cen_loss": 1.1495370409488679,
    "cen_accuracy": 0.6795
  },
  "39": {
    "cen_loss": 1.1424961729049683,
    "cen_accuracy": 0.677125
  },
  "40": {
    "cen_loss": 1.1212241151332856,
    "cen_accuracy": 0.686
  },
  "41": {
    "cen_loss": 1.200183669835329,
    "cen_accuracy": 0.673875
  },
  "42": {
    "cen_loss": 1.1465851517319678,
    "cen_accuracy": 0.677625
  },
  "43": {
    "cen_loss": 1.1599701059907674,
    "cen_accuracy": 0.67775
  },
  "44": {
    "cen_loss": 1.1429226335585116,
    "cen_accuracy": 0.686625
  },
  "45": {
    "cen_loss": 1.0829520943164825,
    "cen_accuracy": 0.68975
  },
  "46": {
    "cen_loss": 1.080168078020215,
    "cen_accuracy": 0.69925
  },
  "47": {
    "cen_loss": 1.1242630372345448,
    "cen_accuracy": 0.690125
  },
  "48": {
    "cen_loss": 1.097094066977501,
    "cen_accuracy": 0.694875
  },
  "49": {
    "cen_loss": 1.0440032994002104,
    "cen_accuracy": 0.697625
  },
  "50": {
    "cen_loss": 1.0662190790474415,
    "cen_accuracy": 0.70725
  },
  "51": {
    "cen_loss": 1.10839409583807,
    "cen_accuracy": 0.68975
  },
  "52": {
    "cen_loss": 1.0772886105775834,
    "cen_accuracy": 0.698625
  },
  "53": {
    "cen_loss": 1.0607212821394205,
    "cen_accuracy": 0.701125
  },
  "54": {
    "cen_loss": 1.1335573289692402,
    "cen_accuracy": 0.68875
  },
  "55": {
    "cen_loss": 1.128139389500022,
    "cen_accuracy": 0.688875
  },
  "56": {
    "cen_loss": 1.052988891839981,
    "cen_accuracy": 0.706375
  },
  "57": {
    "cen_loss": 1.1210881042182446,
    "cen_accuracy": 0.694625
  },
  "58": {
    "cen_loss": 1.0238586489856243,
    "cen_accuracy": 0.709875
  },
  "59": {
    "cen_loss": 1.078950170248747,
    "cen_accuracy": 0.7035
  },
  "60": {
    "cen_loss": 1.0553609315156938,
    "cen_accuracy": 0.71175
  },
  "61": {
    "cen_loss": 1.0703038161098957,
    "cen_accuracy": 0.701625
  },
  "62": {
    "cen_loss": 1.0215164856612682,
    "cen_accuracy": 0.71525
  },
  "63": {
    "cen_loss": 1.0042877863049506,
    "cen_accuracy": 0.717125
  },
  "64": {
    "cen_loss": 1.089290560424328,
    "cen_accuracy": 0.704375
  },
  "65": {
    "cen_loss": 1.00203640717268,
    "cen_accuracy": 0.7145
  },
  "66": {
    "cen_loss": 1.049486418813467,
    "cen_accuracy": 0.713625
  },
  "67": {
    "cen_loss": 0.9423478752151132,
    "cen_accuracy": 0.72325
  },
  "68": {
    "cen_loss": 0.9867307459115982,
    "cen_accuracy": 0.72375
  },
  "69": {
    "cen_loss": 0.9647562546879053,
    "cen_accuracy": 0.725375
  },
  "70": {
    "cen_loss": 0.9806799865812064,
    "cen_accuracy": 0.72875
  },
  "71": {
    "cen_loss": 0.9584323520362377,
    "cen_accuracy": 0.72725
  },
  "72": {
    "cen_loss": 0.9512160630226135,
    "cen_accuracy": 0.725125
  },
  "73": {
    "cen_loss": 1.0075424198508263,
    "cen_accuracy": 0.719375
  },
  "74": {
    "cen_loss": 0.9461438767015934,
    "cen_accuracy": 0.726875
  },
  "75": {
    "cen_loss": 0.9895316329449415,
    "cen_accuracy": 0.720375
  },
  "76": {
    "cen_loss": 0.9412695458680391,
    "cen_accuracy": 0.73025
  },
  "77": {
    "cen_loss": 0.9751514257192612,
    "cen_accuracy": 0.728875
  },
  "78": {
    "cen_loss": 0.9307970399707556,
    "cen_accuracy": 0.73575
  },
  "79": {
    "cen_loss": 0.9739170190989971,
    "cen_accuracy": 0.731125
  },
  "80": {
    "cen_loss": 1.0662264115214348,
    "cen_accuracy": 0.720375
  },
  "81": {
    "cen_loss": 0.9649762395322323,
    "cen_accuracy": 0.733875
  },
  "82": {
    "cen_loss": 0.9374843492209911,
    "cen_accuracy": 0.743125
  },
  "83": {
    "cen_loss": 1.0111991549357773,
    "cen_accuracy": 0.7235
  },
  "84": {
    "cen_loss": 0.918212963193655,
    "cen_accuracy": 0.740125
  },
  "85": {
    "cen_loss": 0.9236546579003334,
    "cen_accuracy": 0.73775
  },
  "86": {
    "cen_loss": 0.9139662490934134,
    "cen_accuracy": 0.74075
  },
  "87": {
    "cen_loss": 0.9442381545901298,
    "cen_accuracy": 0.739125
  },
  "88": {
    "cen_loss": 0.9352771542817354,
    "cen_accuracy": 0.73575
  },
  "89": {
    "cen_loss": 0.9299251265525817,
    "cen_accuracy": 0.735
  },
  "90": {
    "cen_loss": 0.9466652615517378,
    "cen_accuracy": 0.73425
  },
  "91": {
    "cen_loss": 1.0114946039021016,
    "cen_accuracy": 0.721375
  },
  "92": {
    "cen_loss": 0.8961266021132469,
    "cen_accuracy": 0.7445
  },
  "93": {
    "cen_loss": 0.9205167770162225,
    "cen_accuracy": 0.737625
  },
  "94": {
    "cen_loss": 0.984531710088253,
    "cen_accuracy": 0.73225
  },
  "95": {
    "cen_loss": 0.938990498751402,
    "cen_accuracy": 0.738125
  },
  "96": {
    "cen_loss": 0.9787148094028234,
    "cen_accuracy": 0.729125
  },
  "97": {
    "cen_loss": 0.9175840732567012,
    "cen_accuracy": 0.736875
  },
  "98": {
    "cen_loss": 0.9582366937920451,
    "cen_accuracy": 0.735875
  },
  "99": {
    "cen_loss": 0.8867798133119941,
    "cen_accuracy": 0.745
  },
  "100": {
    "cen_loss": 0.9434652864933014,
    "cen_accuracy": 0.739375
  },