{
  "0": {
    "cen_loss": 2.3033384165763855,
    "cen_accuracy": 0.0765
  },
  "1": {
    "cen_loss": 2.3033384165763855,
    "cen_accuracy": 0.0765
  },
  "2": {
    "cen_loss": 2.512347623825073,
    "cen_accuracy": 0.10075
  },
  "3": {
    "cen_loss": 3.9698471012115477,
    "cen_accuracy": 0.09975
  },
  "4": {
    "cen_loss": 3.918615254878998,
    "cen_accuracy": 0.115125
  },
  "5": {
    "cen_loss": 4.440968575000763,
    "cen_accuracy": 0.101
  },
  "6": {
    "cen_loss": 4.489604624271393,
    "cen_accuracy": 0.101625
  },
  "7": {
    "cen_loss": 3.580190239429474,
    "cen_accuracy": 0.135
  },
  "8": {
    "cen_loss": 3.1694760849475863,
    "cen_accuracy": 0.214875
  },
  "9": {
    "cen_loss": 2.9894275257587433,
    "cen_accuracy": 0.236875
  },
  "10": {
    "cen_loss": 2.4125725572109222,
    "cen_accuracy": 0.4935
  },
  "11": {
    "cen_loss": 2.6854429564476012,
    "cen_accuracy": 0.319875
  },
  "12": {
    "cen_loss": 2.6462356239557265,
    "cen_accuracy": 0.382625
  },
  "13": {
    "cen_loss": 2.1002643469572067,
    "cen_accuracy": 0.471875
  },
  "14": {
    "cen_loss": 2.0368018479943277,
    "cen_accuracy": 0.49025
  },
  "15": {
    "cen_loss": 2.05958377969265,
    "cen_accuracy": 0.500125
  },
  "16": {
    "cen_loss": 1.6315608348846435,
    "cen_accuracy": 0.57075
  },
  "17": {
    "cen_loss": 2.083199422001839,
    "cen_accuracy": 0.5435
  },
  "18": {
    "cen_loss": 1.6775662058591843,
    "cen_accuracy": 0.57925
  },
  "19": {
    "cen_loss": 1.631658900141716,
    "cen_accuracy": 0.607375
  },
  "20": {
    "cen_loss": 1.720460365563631,
    "cen_accuracy": 0.64
  },
  "21": {
    "cen_loss": 1.6511810720562934,
    "cen_accuracy": 0.620125
  },
  "22": {
    "cen_loss": 1.8620460548996924,
    "cen_accuracy": 0.601125
  },
  "23": {
    "cen_loss": 1.631867047071457,
    "cen_accuracy": 0.61025
  },
  "24": {
    "cen_loss": 1.8016008200645446,
    "cen_accuracy": 0.610375
  },
  "25": {
    "cen_loss": 1.568827763080597,
    "cen_accuracy": 0.645375
  },
  "26": {
    "cen_loss": 1.6838959277272225,
    "cen_accuracy": 0.633125
  },
  "27": {
    "cen_loss": 1.3832721621990205,
    "cen_accuracy": 0.657625
  },
  "28": {
    "cen_loss": 1.5916820967495442,
    "cen_accuracy": 0.646375
  },
  "29": {
    "cen_loss": 1.4077033630609512,
    "cen_accuracy": 0.680875
  },
  "30": {
    "cen_loss": 1.5232004416435958,
    "cen_accuracy": 0.699125
  },
  "31": {
    "cen_loss": 1.5194129140228032,
    "cen_accuracy": 0.660625
  },
  "32": {
    "cen_loss": 1.3221646959483624,
    "cen_accuracy": 0.69
  },
  "33": {
    "cen_loss": 1.2807975625693797,
    "cen_accuracy": 0.6885
  },
  "34": {
    "cen_loss": 1.4403558233082294,
    "cen_accuracy": 0.682
  },
  "35": {
    "cen_loss": 1.3114362038373948,
    "cen_accuracy": 0.694125
  },
  "36": {
    "cen_loss": 1.3788327309936286,
    "cen_accuracy": 0.6825
  },
  "37": {
    "cen_loss": 1.1374806889146567,
    "cen_accuracy": 0.72175
  },
  "38": {
    "cen_loss": 1.302335086375475,
    "cen_accuracy": 0.709125
  },
  "39": {
    "cen_loss": 1.4199033850431442,
    "cen_accuracy": 0.69075
  },
  "40": {
    "cen_loss": 1.598540044426918,
    "cen_accuracy": 0.717125
  },
  "41": {
    "cen_loss": 1.5275868211090564,
    "cen_accuracy": 0.7145
  },
  "42": {
    "cen_loss": 1.6684800670444966,
    "cen_accuracy": 0.6675
  },
  "43": {
    "cen_loss": 1.4264147274494172,
    "cen_accuracy": 0.698625
  },
  "44": {
    "cen_loss": 1.584000754237175,
    "cen_accuracy": 0.705375
  },
  "45": {
    "cen_loss": 1.3860796388685703,
    "cen_accuracy": 0.715625
  },
  "46": {
    "cen_loss": 1.300205413430929,
    "cen_accuracy": 0.722375
  },
  "47": {
    "cen_loss": 1.242471030831337,
    "cen_accuracy": 0.71775
  },
  "48": {
    "cen_loss": 1.332795797213912,
    "cen_accuracy": 0.714625
  },
  "49": {
    "cen_loss": 1.077414696007967,
    "cen_accuracy": 0.744125
  },
  "50": {
    "cen_loss": 1.1430235780924558,
    "cen_accuracy": 0.74125
  },
  "51": {
    "cen_loss": 1.066318340703845,
    "cen_accuracy": 0.742
  },
  "52": {
    "cen_loss": 1.2493845212310553,
    "cen_accuracy": 0.725125
  },
  "53": {
    "cen_loss": 1.0238404246270656,
    "cen_accuracy": 0.74825
  },
  "54": {
    "cen_loss": 1.1500674532204866,
    "cen_accuracy": 0.73625
  },
  "55": {
    "cen_loss": 1.2008811783492566,
    "cen_accuracy": 0.735375
  },
  "56": {
    "cen_loss": 1.0670484991073608,
    "cen_accuracy": 0.74575
  },
  "57": {
    "cen_loss": 1.0357513096034527,
    "cen_accuracy": 0.755875
  },
  "58": {
    "cen_loss": 1.3584094753861427,
    "cen_accuracy": 0.729125
  },
  "59": {
    "cen_loss": 1.2092524765878916,
    "cen_accuracy": 0.759625
  },
  "60": {
    "cen_loss": 1.6635170539617539,
    "cen_accuracy": 0.755375
  },
  "61": {
    "cen_loss": 1.4360892965197563,
    "cen_accuracy": 0.730375
  },
  "62": {
    "cen_loss": 1.0545832028985023,
    "cen_accuracy": 0.750625
  },
  "63": {
    "cen_loss": 1.0273718059360981,
    "cen_accuracy": 0.7605
  },
  "64": {
    "cen_loss": 1.1944627462178468,
    "cen_accuracy": 0.72975
  },
  "65": {
    "cen_loss": 1.111087081283331,
    "cen_accuracy": 0.752625
  },
  "66": {
    "cen_loss": 1.1785394409876317,
    "cen_accuracy": 0.74875
  },
  "67": {
    "cen_loss": 1.2335540826916696,
    "cen_accuracy": 0.746625
  },
  "68": {
    "cen_loss": 1.0859437283948064,
    "cen_accuracy": 0.755
  },
  "69": {
    "cen_loss": 1.2999022926911712,
    "cen_accuracy": 0.760625
  },
  "70": {
    "cen_loss": 1.462461921185255,
    "cen_accuracy": 0.764375
  },
  "71": {
    "cen_loss": 1.5262525032907723,
    "cen_accuracy": 0.751875
  },
  "72": {
    "cen_loss": 1.087106845099479,
    "cen_accuracy": 0.756375
  },
  "73": {
    "cen_loss": 1.2332812477350235,
    "cen_accuracy": 0.754875
  },
  "74": {
    "cen_loss": 1.2716128232330084,
    "cen_accuracy": 0.75775
  },
  "75": {
    "cen_loss": 1.1974852687343955,
    "cen_accuracy": 0.768875
  },
  "76": {
    "cen_loss": 1.2130211007595062,
    "cen_accuracy": 0.7625
  },
  "77": {
    "cen_loss": 1.3126288755238056,
    "cen_accuracy": 0.74975
  },
  "78": {
    "cen_loss": 1.0797905348166823,
    "cen_accuracy": 0.764
  },
  "79": {
    "cen_loss": 1.0222927608564496,
    "cen_accuracy": 0.763
  },
  "80": {
    "cen_loss": 1.1261177359595895,
    "cen_accuracy": 0.767625
  },
  "81": {
    "cen_loss": 1.2260057273358107,
    "cen_accuracy": 0.762625
  },
  "82": {
    "cen_loss": 1.493540451824665,
    "cen_accuracy": 0.75
  },
  "83": {
    "cen_loss": 1.3147863323614002,
    "cen_accuracy": 0.75875
  },
  "84": {
    "cen_loss": 1.3261580865830183,
    "cen_accuracy": 0.7695
  },
  "85": {
    "cen_loss": 1.0758147718533873,
    "cen_accuracy": 0.78225
  },
  "86": {
    "cen_loss": 1.315803635649383,
    "cen_accuracy": 0.766875
  },
  "87": {
    "cen_loss": 1.2786650491431355,
    "cen_accuracy": 0.771125
  },
  "88": {
    "cen_loss": 1.194138829022646,
    "cen_accuracy": 0.7695
  },
  "89": {
    "cen_loss": 1.0614210129380226,
    "cen_accuracy": 0.771375
  },
  "90": {
    "cen_loss": 1.1718655507601798,
    "cen_accuracy": 0.782625
  },
  "91": {
    "cen_loss": 1.194083549156785,
    "cen_accuracy": 0.76275
  },
  "92": {
    "cen_loss": 1.264052189141512,
    "cen_accuracy": 0.769875
  },
  "93": {
    "cen_loss": 1.0978011052459478,
    "cen_accuracy": 0.775625
  },
  "94": {
    "cen_loss": 1.006924886994064,
    "cen_accuracy": 0.771
  },
  "95": {
    "cen_loss": 0.9562311773747205,
    "cen_accuracy": 0.78825
  },
  "96": {
    "cen_loss": 0.9941187025979161,
    "cen_accuracy": 0.777625
  },
  "97": {
    "cen_loss": 0.9942334091290832,
    "cen_accuracy": 0.782125
  },
  "98": {
    "cen_loss": 1.1716271446831525,
    "cen_accuracy": 0.790875
  },
  "99": {
    "cen_loss": 1.2462984144948424,
    "cen_accuracy": 0.785375
  },
  "100": {
    "cen_loss": 1.2510342444423586,
    "cen_accuracy": 0.78425
  },