{
  "0": {
    "cen_loss": 2.3019716558456422,
    "cen_accuracy": 0.1
  },
  "1": {
    "cen_loss": 2.3019716558456422,
    "cen_accuracy": 0.1
  },
  "2": {
    "cen_loss": 2.565525273799896,
    "cen_accuracy": 0.10075
  },
  "3": {
    "cen_loss": 3.751903322458267,
    "cen_accuracy": 0.10075
  },
  "4": {
    "cen_loss": 3.9849835925102233,
    "cen_accuracy": 0.119375
  },
  "5": {
    "cen_loss": 4.092082594394684,
    "cen_accuracy": 0.0995
  },
  "6": {
    "cen_loss": 3.2524672136306765,
    "cen_accuracy": 0.12
  },
  "7": {
    "cen_loss": 3.288691941022873,
    "cen_accuracy": 0.155625
  },
  "8": {
    "cen_loss": 3.074312238693237,
    "cen_accuracy": 0.262
  },
  "9": {
    "cen_loss": 2.9246777553558347,
    "cen_accuracy": 0.291875
  },
  "10": {
    "cen_loss": 1.5324955816268921,
    "cen_accuracy": 0.500375
  },
  "11": {
    "cen_loss": 3.1933085668087005,
    "cen_accuracy": 0.279875
  },
  "12": {
    "cen_loss": 2.6889976291656494,
    "cen_accuracy": 0.369875
  },
  "13": {
    "cen_loss": 2.679553452134132,
    "cen_accuracy": 0.376875
  },
  "14": {
    "cen_loss": 2.5237507990598678,
    "cen_accuracy": 0.42725
  },
  "15": {
    "cen_loss": 2.5263787738084793,
    "cen_accuracy": 0.44275
  },
  "16": {
    "cen_loss": 2.08343596470356,
    "cen_accuracy": 0.505625
  },
  "17": {
    "cen_loss": 1.9692154737114906,
    "cen_accuracy": 0.538
  },
  "18": {
    "cen_loss": 2.2661616752147675,
    "cen_accuracy": 0.513125
  },
  "19": {
    "cen_loss": 2.043987506151199,
    "cen_accuracy": 0.537375
  },
  "20": {
    "cen_loss": 1.3690683796405791,
    "cen_accuracy": 0.65175
  },
  "21": {
    "cen_loss": 1.6497154229283333,
    "cen_accuracy": 0.596125
  },
  "22": {
    "cen_loss": 1.4639153319001197,
    "cen_accuracy": 0.63275
  },
  "23": {
    "cen_loss": 1.6837572180628777,
    "cen_accuracy": 0.60325
  },
  "24": {
    "cen_loss": 1.3471040490865707,
    "cen_accuracy": 0.650375
  },
  "25": {
    "cen_loss": 1.5441894574165345,
    "cen_accuracy": 0.627
  },
  "26": {
    "cen_loss": 1.2883127089142798,
    "cen_accuracy": 0.664
  },
  "27": {
    "cen_loss": 1.266827751427889,
    "cen_accuracy": 0.66625
  },
  "28": {
    "cen_loss": 1.1650768320262432,
    "cen_accuracy": 0.685
  },
  "29": {
    "cen_loss": 1.2599066331982613,
    "cen_accuracy": 0.671625
  },
  "30": {
    "cen_loss": 1.1340732352137566,
    "cen_accuracy": 0.706
  },
  "31": {
    "cen_loss": 1.285257581755519,
    "cen_accuracy": 0.679875
  },
  "32": {
    "cen_loss": 1.23059841029346,
    "cen_accuracy": 0.678375
  },
  "33": {
    "cen_loss": 1.2303925786018373,
    "cen_accuracy": 0.683625
  },
  "34": {
    "cen_loss": 1.2795797250270844,
    "cen_accuracy": 0.673875
  },
  "35": {
    "cen_loss": 1.2541256012618542,
    "cen_accuracy": 0.680875
  },
  "36": {
    "cen_loss": 1.1130366452485323,
    "cen_accuracy": 0.703375
  },
  "37": {
    "cen_loss": 1.3945109625011682,
    "cen_accuracy": 0.670625
  },
  "38": {
    "cen_loss": 1.2869052458703518,
    "cen_accuracy": 0.69375
  },
  "39": {
    "cen_loss": 1.1022386028915643,
    "cen_accuracy": 0.713875
  },
  "40": {
    "cen_loss": 0.9987685466259718,
    "cen_accuracy": 0.73775
  },
  "41": {
    "cen_loss": 1.129492867320776,
    "cen_accuracy": 0.71625
  },
  "42": {
    "cen_loss": 1.230259076744318,
    "cen_accuracy": 0.706
  },
  "43": {
    "cen_loss": 1.062519993275404,
    "cen_accuracy": 0.718625
  },
  "44": {
    "cen_loss": 1.06965143160522,
    "cen_accuracy": 0.72325
  },
  "45": {
    "cen_loss": 1.1398796571791172,
    "cen_accuracy": 0.720375
  },
  "46": {
    "cen_loss": 1.115919615805149,
    "cen_accuracy": 0.72025
  },
  "47": {
    "cen_loss": 1.039950342297554,
    "cen_accuracy": 0.7335
  },
  "48": {
    "cen_loss": 1.014322026917711,
    "cen_accuracy": 0.736125
  },
  "49": {
    "cen_loss": 1.1234717669785024,
    "cen_accuracy": 0.716125
  },
  "50": {
    "cen_loss": 1.000412099197507,
    "cen_accuracy": 0.735625
  },
  "51": {
    "cen_loss": 0.9563073174990714,
    "cen_accuracy": 0.74175
  },
  "52": {
    "cen_loss": 0.9943030135855079,
    "cen_accuracy": 0.74225
  },
  "53": {
    "cen_loss": 0.9247442531511187,
    "cen_accuracy": 0.75275
  },
  "54": {
    "cen_loss": 1.0109706325829029,
    "cen_accuracy": 0.743375
  },
  "55": {
    "cen_loss": 1.0463349328041076,
    "cen_accuracy": 0.735125
  },
  "56": {
    "cen_loss": 1.0661776771321894,
    "cen_accuracy": 0.73475
  },
  "57": {
    "cen_loss": 0.9633236005157232,
    "cen_accuracy": 0.754125
  },
  "58": {
    "cen_loss": 0.9728990844190121,
    "cen_accuracy": 0.747125
  },
  "59": {
    "cen_loss": 1.0816441511251031,
    "cen_accuracy": 0.737
  },
  "60": {
    "cen_loss": 1.1073604174852372,
    "cen_accuracy": 0.7385
  },
  "61": {
    "cen_loss": 0.9307747521139681,
    "cen_accuracy": 0.748375
  },
  "62": {
    "cen_loss": 1.0760535509735345,
    "cen_accuracy": 0.7425
  },
  "63": {
    "cen_loss": 1.0551529192030429,
    "cen_accuracy": 0.73525
  },
  "64": {
    "cen_loss": 1.0719386518169194,
    "cen_accuracy": 0.740125
  },
  "65": {
    "cen_loss": 1.0190647995322943,
    "cen_accuracy": 0.75525
  },
  "66": {
    "cen_loss": 1.023507019482553,
    "cen_accuracy": 0.755625
  },
  "67": {
    "cen_loss": 0.9317146622873843,
    "cen_accuracy": 0.7675
  },
  "68": {
    "cen_loss": 0.9731367240566761,
    "cen_accuracy": 0.758625
  },
  "69": {
    "cen_loss": 1.1082427008748055,
    "cen_accuracy": 0.746625
  },
  "70": {
    "cen_loss": 1.0427310514375567,
    "cen_accuracy": 0.75525
  },
  "71": {
    "cen_loss": 0.9158408848531544,
    "cen_accuracy": 0.75925
  },
  "72": {
    "cen_loss": 0.9963708090633154,
    "cen_accuracy": 0.754625
  },
  "73": {
    "cen_loss": 0.9508878845646977,
    "cen_accuracy": 0.76125
  },
  "74": {
    "cen_loss": 0.8696149115338921,
    "cen_accuracy": 0.776375
  },
  "75": {
    "cen_loss": 1.023110263619572,
    "cen_accuracy": 0.75475
  },
  "76": {
    "cen_loss": 0.963833023197949,
    "cen_accuracy": 0.761625
  },
  "77": {
    "cen_loss": 0.8873892789632082,
    "cen_accuracy": 0.7735
  },
  "78": {
    "cen_loss": 0.91969459996745,
    "cen_accuracy": 0.77425
  },
  "79": {
    "cen_loss": 0.9087214696332813,
    "cen_accuracy": 0.779
  },
  "80": {
    "cen_loss": 0.9306129680704326,
    "cen_accuracy": 0.7775
  },
  "81": {
    "cen_loss": 0.9484264841750264,
    "cen_accuracy": 0.77525
  },
  "82": {
    "cen_loss": 0.9827135958783328,
    "cen_accuracy": 0.76425
  },
  "83": {
    "cen_loss": 0.9349977981522679,
    "cen_accuracy": 0.77475
  },
  "84": {
    "cen_loss": 0.9773362129218877,
    "cen_accuracy": 0.769375
  },
  "85": {
    "cen_loss": 1.0122453162092715,
    "cen_accuracy": 0.7715
  },
  "86": {
    "cen_loss": 0.9205824856311083,
    "cen_accuracy": 0.782875
  },
  "87": {
    "cen_loss": 1.063909841619432,
    "cen_accuracy": 0.755875
  },
  "88": {
    "cen_loss": 1.1014143081232906,
    "cen_accuracy": 0.747
  },
  "89": {
    "cen_loss": 0.9083314523659647,
    "cen_accuracy": 0.7765
  },
  "90": {
    "cen_loss": 0.8638258338049054,
    "cen_accuracy": 0.7825
  },
  "91": {
    "cen_loss": 0.9920023513063788,
    "cen_accuracy": 0.761625
  },
  "92": {
    "cen_loss": 0.95332358411327,
    "cen_accuracy": 0.773
  },
  "93": {
    "cen_loss": 0.8797116568088531,
    "cen_accuracy": 0.782
  },
  "94": {
    "cen_loss": 0.9625299682579934,
    "cen_accuracy": 0.78375
  },
  "95": {
    "cen_loss": 0.9633254697695375,
    "cen_accuracy": 0.78325
  },
  "96": {
    "cen_loss": 0.9619950675442814,
    "cen_accuracy": 0.777625
  },
  "97": {
    "cen_loss": 0.953899792256765,
    "cen_accuracy": 0.78
  },
  "98": {
    "cen_loss": 0.8854461062271148,
    "cen_accuracy": 0.785875
  },
  "99": {
    "cen_loss": 0.9051250273976476,
    "cen_accuracy": 0.782
  },
  "100": {
    "cen_loss": 0.8809035102706403,
    "cen_accuracy": 0.790625
  },
  "101": {
    "cen_loss": 0.8640066544190049,