{
  "0": {
    "cen_loss": 2.3028162007331847,
    "cen_accuracy": 0.1005
  },
  "1": {
    "cen_loss": 2.3028162007331847,
    "cen_accuracy": 0.1005
  },
  "2": {
    "cen_loss": 3.0243881316184997,
    "cen_accuracy": 0.1005
  },
  "3": {
    "cen_loss": 3.0232902278900147,
    "cen_accuracy": 0.101375
  },
  "4": {
    "cen_loss": 4.2002682499885555,
    "cen_accuracy": 0.1005
  },
  "5": {
    "cen_loss": 4.438811416149139,
    "cen_accuracy": 0.1005
  },
  "6": {
    "cen_loss": 4.06318804359436,
    "cen_accuracy": 0.0995
  },
  "7": {
    "cen_loss": 3.4045807538032533,
    "cen_accuracy": 0.145
  },
  "8": {
    "cen_loss": 2.9554986729621886,
    "cen_accuracy": 0.187875
  },
  "9": {
    "cen_loss": 3.018924616098404,
    "cen_accuracy": 0.18125
  },
  "10": {
    "cen_loss": 2.161205330848694,
    "cen_accuracy": 0.310375
  },
  "11": {
    "cen_loss": 3.8895425848960876,
    "cen_accuracy": 0.133
  },
  "12": {
    "cen_loss": 3.3760707018375395,
    "cen_accuracy": 0.206375
  },
  "13": {
    "cen_loss": 2.431843035697937,
    "cen_accuracy": 0.274125
  },
  "14": {
    "cen_loss": 1.9621271257400512,
    "cen_accuracy": 0.33725
  },
  "15": {
    "cen_loss": 2.236346373796463,
    "cen_accuracy": 0.336875
  },
  "16": {
    "cen_loss": 2.4846993366479873,
    "cen_accuracy": 0.32275
  },
  "17": {
    "cen_loss": 2.4471819920539857,
    "cen_accuracy": 0.246875
  },
  "18": {
    "cen_loss": 2.283845811128616,
    "cen_accuracy": 0.353625
  },
  "19": {
    "cen_loss": 2.07247081553936,
    "cen_accuracy": 0.35475
  },
  "20": {
    "cen_loss": 1.859514726638794,
    "cen_accuracy": 0.377875
  },
  "21": {
    "cen_loss": 2.94701483297348,
    "cen_accuracy": 0.301
  },
  "22": {
    "cen_loss": 2.7987070684432984,
    "cen_accuracy": 0.320125
  },
  "23": {
    "cen_loss": 2.227181849718094,
    "cen_accuracy": 0.376375
  },
  "24": {
    "cen_loss": 3.4273355708122253,
    "cen_accuracy": 0.291
  },
  "25": {
    "cen_loss": 2.012266567349434,
    "cen_accuracy": 0.409875
  },
  "26": {
    "cen_loss": 1.8458829575777054,
    "cen_accuracy": 0.432375
  },
  "27": {
    "cen_loss": 2.5824254519939425,
    "cen_accuracy": 0.33725
  },
  "28": {
    "cen_loss": 1.8404635629653932,
    "cen_accuracy": 0.4225
  },
  "29": {
    "cen_loss": 2.2625243995189668,
    "cen_accuracy": 0.40275
  },
  "30": {
    "cen_loss": 2.414428205251694,
    "cen_accuracy": 0.38725
  },
  "31": {
    "cen_loss": 1.836298796057701,
    "cen_accuracy": 0.420375
  },
  "32": {
    "cen_loss": 1.8733501212596892,
    "cen_accuracy": 0.4165
  },
  "33": {
    "cen_loss": 3.118605183362961,
    "cen_accuracy": 0.317875
  },
  "34": {
    "cen_loss": 2.3717074892520906,
    "cen_accuracy": 0.386625
  },
  "35": {
    "cen_loss": 2.46796617937088,
    "cen_accuracy": 0.35775
  },
  "36": {
    "cen_loss": 2.2561742928028106,
    "cen_accuracy": 0.38925
  },
  "37": {
    "cen_loss": 2.343481437444687,
    "cen_accuracy": 0.374625
  },
  "38": {
    "cen_loss": 2.6165580008029936,
    "cen_accuracy": 0.295875
  },
  "39": {
    "cen_loss": 1.5257817580699922,
    "cen_accuracy": 0.4955
  },
  "40": {
    "cen_loss": 2.0349916604757308,
    "cen_accuracy": 0.408
  },
  "41": {
    "cen_loss": 2.1031805452108383,
    "cen_accuracy": 0.426375
  },
  "42": {
    "cen_loss": 2.063672031521797,
    "cen_accuracy": 0.40925
  },
  "43": {
    "cen_loss": 2.6146067221164704,
    "cen_accuracy": 0.308625
  },
  "44": {
    "cen_loss": 1.86780828499794,
    "cen_accuracy": 0.46625
  },
  "45": {
    "cen_loss": 1.7710208017826081,
    "cen_accuracy": 0.44725
  },
  "46": {
    "cen_loss": 1.607813789010048,
    "cen_accuracy": 0.495875
  },
  "47": {
    "cen_loss": 2.738556366443634,
    "cen_accuracy": 0.379125
  },
  "48": {
    "cen_loss": 1.7570534654855727,
    "cen_accuracy": 0.433875
  },
  "49": {
    "cen_loss": 1.587774271965027,
    "cen_accuracy": 0.473875
  },
  "50": {
    "cen_loss": 1.548106717824936,
    "cen_accuracy": 0.48325
  },
  "51": {
    "cen_loss": 1.9669664936065674,
    "cen_accuracy": 0.44975
  },
  "52": {
    "cen_loss": 2.061630499243736,
    "cen_accuracy": 0.43
  },
  "53": {
    "cen_loss": 1.6689946209192277,
    "cen_accuracy": 0.47275
  },
  "54": {
    "cen_loss": 1.5275481630563736,
    "cen_accuracy": 0.548375
  },
  "55": {
    "cen_loss": 2.1850094631910326,
    "cen_accuracy": 0.418625
  },
  "56": {
    "cen_loss": 1.5993194099664687,
    "cen_accuracy": 0.495625
  },
  "57": {
    "cen_loss": 1.6851193426847457,
    "cen_accuracy": 0.49575
  },
  "58": {
    "cen_loss": 2.0338052097558976,
    "cen_accuracy": 0.474375
  },
  "59": {
    "cen_loss": 2.0360151269435884,
    "cen_accuracy": 0.421
  },
  "60": {
    "cen_loss": 2.3375780248641966,
    "cen_accuracy": 0.413875
  },
  "61": {
    "cen_loss": 1.8389507473707198,
    "cen_accuracy": 0.46725
  },
  "62": {
    "cen_loss": 1.3290357276201248,
    "cen_accuracy": 0.539125
  },
  "63": {
    "cen_loss": 1.5381102019548416,
    "cen_accuracy": 0.505625
  },
  "64": {
    "cen_loss": 1.877815187692642,
    "cen_accuracy": 0.431
  },
  "65": {
    "cen_loss": 2.5158231246471403,
    "cen_accuracy": 0.36975
  },
  "66": {
    "cen_loss": 1.5068152171373368,
    "cen_accuracy": 0.52375
  },
  "67": {
    "cen_loss": 1.983829172849655,
    "cen_accuracy": 0.461625
  },
  "68": {
    "cen_loss": 1.708747235417366,
    "cen_accuracy": 0.450875
  },
  "69": {
    "cen_loss": 1.2486319285035132,
    "cen_accuracy": 0.540125
  },
  "70": {
    "cen_loss": 1.5408978632688521,
    "cen_accuracy": 0.475375
  },
  "71": {
    "cen_loss": 1.9077649379968644,
    "cen_accuracy": 0.47625
  },
  "72": {
    "cen_loss": 1.675544834971428,
    "cen_accuracy": 0.4955
  },
  "73": {
    "cen_loss": 1.4076883823871613,
    "cen_accuracy": 0.512375
  },
  "74": {
    "cen_loss": 1.429748088300228,
    "cen_accuracy": 0.551625
  },
  "75": {
    "cen_loss": 1.5837469942569733,
    "cen_accuracy": 0.537375
  },
  "76": {
    "cen_loss": 1.6426437054872514,
    "cen_accuracy": 0.478125
  },
  "77": {
    "cen_loss": 1.4337620841860772,
    "cen_accuracy": 0.561625
  },
  "78": {
    "cen_loss": 1.3809426871538162,
    "cen_accuracy": 0.575625
  },
  "79": {
    "cen_loss": 1.6216589515209199,
    "cen_accuracy": 0.507375
  },
  "80": {
    "cen_loss": 1.5999672642946243,
    "cen_accuracy": 0.518125
  },
  "81": {
    "cen_loss": 1.7409465951919556,
    "cen_accuracy": 0.47625
  },
  "82": {
    "cen_loss": 1.4993966236114502,
    "cen_accuracy": 0.520375
  },
  "83": {
    "cen_loss": 1.4699720829725265,
    "cen_accuracy": 0.550625
  },
  "84": {
    "cen_loss": 1.266772008240223,
    "cen_accuracy": 0.58625
  },
  "85": {
    "cen_loss": 1.7379123642444612,
    "cen_accuracy": 0.5445
  },
  "86": {
    "cen_loss": 1.627234138250351,
    "cen_accuracy": 0.52225
  },
  "87": {
    "cen_loss": 1.2868857197165489,
    "cen_accuracy": 0.585125
  },
  "88": {
    "cen_loss": 1.5805440402030946,
    "cen_accuracy": 0.531125
  },
  "89": {
    "cen_loss": 1.6521878263950347,
    "cen_accuracy": 0.506
  },
  "90": {
    "cen_loss": 1.928648730278015,
    "cen_accuracy": 0.46575
  },
  "91": {
    "cen_loss": 1.3673830863833427,
    "cen_accuracy": 0.54975
  },
  "92": {
    "cen_loss": 1.584612263262272,
    "cen_accuracy": 0.54275
  },
  "93": {
    "cen_loss": 1.603818372488022,
    "cen_accuracy": 0.538375
  },
  "94": {
    "cen_loss": 1.7236034837961196,
    "cen_accuracy": 0.532
  },
  "95": {
    "cen_loss": 1.0805341520309448,
    "cen_accuracy": 0.62825
  },
  "96": {
    "cen_loss": 1.4529695302844048,
    "cen_accuracy": 0.54225
  },
  "97": {
    "cen_loss": 1.3055867572426796,
    "cen_accuracy": 0.5725
  },
  "98": {
    "cen_loss": 1.3155527042746544,
    "cen_accuracy": 0.586875
  },
  "99": {
    "cen_loss": 1.715012920498848,
    "cen_accuracy": 0.5005
  },
  "100": {
    "cen_loss": 2.245747431755066,
    "cen_accuracy": 0.4495
  },
  "101": {
    "cen_loss": 1.6073390101194382,