{
  "2": {
    "total_mJ": 2571464857.2327795,
    "total_ceq": 191.27167147431177,
    "num_expired_thresh": 0,
    "num_depleted": 0,
    "num_transmited_bytes": 21826112
  },
  "3": {
    "total_mJ": 479782404.7186535,
    "total_ceq": 37.27275843557893,
    "num_expired_thresh": 0,
    "num_depleted": 0,
    "num_transmited_bytes": 19841920
  },
  "4": {
    "total_mJ": 1653684536.9410837,
    "total_ceq": 127.24854644449734,
    "num_expired_thresh": 0,
    "num_depleted": 0,
    "num_transmited_bytes": 21826112
  },
  "5": {
    "total_mJ": 2062350762.356673,
    "total_ceq": 156.75355856627067,
    "num_expired_thresh": 0,
    "num_depleted": 0,
    "num_transmited_bytes": 21826112
  },
  "6": {
    "total_mJ": 1480263678.9129314,
    "total_ceq": 111.38272694588095,
    "num_expired_thresh": 0,
    "num_depleted": 0,
    "num_transmited_bytes": 19841920
  },
  "7": {
    "total_mJ": 1567184193.9631946,
    "total_ceq": 121.05100916054636,
    "num_expired_thresh": 0,
    "num_depleted": 0,
    "num_transmited_bytes": 21826112
  },
  "8": {
    "total_mJ": 2950528917.1000133,
    "total_ceq": 221.50241463042124,
    "num_expired_thresh": 0,
    "num_depleted": 0,
    "num_transmited_bytes": 21826112
  },
  "9": {
    "total_mJ": 2518123554.003599,
    "total_ceq": 187.83840480578723,
    "num_expired_thresh": 0,
    "num_depleted": 0,
    "num_transmited_bytes": 21826112
  },
  "10": {
    "total_mJ": 1828670615.195839,
    "total_ceq": 139.50528045110704,
    "num_expired_thresh": 0,
    "num_depleted": 0,
    "num_transmited_bytes": 21826112
  },
  "11": {
    "total_mJ": 2546265532.514081,
    "total_ceq": 192.73176358137567,
    "num_expired_thresh": 0,
    "num_depleted": 0,
    "num_transmited_bytes": 21826112
  },
  "12": {
    "total_mJ": 867001293.5315396,
    "total_ceq": 66.39609752383429,
    "num_expired_thresh": 0,
    "num_depleted": 0,
    "num_transmited_bytes": 21826112
  },
  "13": {
    "total_mJ": 2028866203.553786,
    "total_ceq": 150.54740605095998,
    "num_expired_thresh": 0,
    "num_depleted": 0,
    "num_transmited_bytes": 21826112
  },
  "14": {
    "total_mJ": 2548975087.6228895,
    "total_ceq": 190.53557479094053,
    "num_expired_thresh": 0,
    "num_depleted": 0,
    "num_transmited_bytes": 21826112
  },
  "15": {
    "total_mJ": 1296209576.2828424,
    "total_ceq": 97.97733028341223,
    "num_expired_thresh": 0,
    "num_depleted": 0,
    "num_transmited_bytes": 21826112
  },
  "16": {
    "total_mJ": 742718661.4579799,
    "total_ceq": 57.38243165037756,
    "num_expired_thresh": 0,
    "num_depleted": 0,
    "num_transmited_bytes": 21826112
  },
  "17": {
    "total_mJ": 2409154939.7766423,
    "total_ceq": 184.22754534402765,
    "num_expired_thresh": 0,
    "num_depleted": 0,
    "num_transmited_bytes": 21826112
  },
  "18": {
    "total_mJ": 1638448132.6414943,
    "total_ceq": 123.59423214551279,
    "num_expired_thresh": 0,
    "num_depleted": 0,
    "num_transmited_bytes": 21826112
  },
  "19": {
    "total_mJ": 552908130.2356895,
    "total_ceq": 41.82367133089188,
    "num_expired_thresh": 0,
    "num_depleted": 0,
    "num_transmited_bytes": 21826112
  },
  "20": {
    "total_mJ": 1813025669.1315084,
    "total_ceq": 138.07120231197777,
    "num_expired_thresh": 0,
    "num_depleted": 0,
    "num_transmited_bytes": 21826112
  },
  "21": {
    "total_mJ": 2020882961.6994233,
    "total_ceq": 150.23312220763927,
    "num_expired_thresh": 0,
    "num_depleted": 0,
    "num_transmited_bytes": 21826112
  },
  "22": {
    "total_mJ": 4272937500.5610247,
    "total_ceq": 323.08659905398986,
    "num_expired_thresh": 0,
    "num_depleted": 0,
    "num_transmited_bytes": 21826112
  },
  "23": {
    "total_mJ": 1822619164.3587868,
    "total_ceq": 139.0035917303228,
    "num_expired_thresh": 0,
    "num_depleted": 0,
    "num_transmited_bytes": 21826112
  },
  "24": {
    "total_mJ": 2429060205.7572956,
    "total_ceq": 186.2762241110086,
    "num_expired_thresh": 0,
    "num_depleted": 0,
    "num_transmited_bytes": 21826112
  },
  "25": {
    "total_mJ": 4264777736.6439295,
    "total_ceq": 326.22433996554474,
    "num_expired_thresh": 0,
    "num_depleted": 0,
    "num_transmited_bytes": 21826112
  },
  "26": {
    "total_mJ": 2074687605.0549312,
    "total_ceq": 157.61204664507355,
    "num_expired_thresh": 0,
    "num_depleted": 0,
    "num_transmited_bytes": 21826112
  },
  "27": {
    "total_mJ": 4246657837.733609,
    "total_ceq": 323.5754838542624,
    "num_expired_thresh": 0,
    "num_depleted": 0,
    "num_transmited_bytes": 21826112
  },
  "28": {
    "total_mJ": 1105448241.8921676,
    "total_ceq": 83.66849153663642,
    "num_expired_thresh": 0,
    "num_depleted": 0,
    "num_transmited_bytes": 21826112
  },
  "29": {
    "total_mJ": 2539517313.0364447,
    "total_ceq": 193.04313322838874,
    "num_expired_thresh": 0,
    "num_depleted": 0,
    "num_transmited_bytes": 21826112
  },
  "30": {
    "total_mJ": 748167155.3639566,
    "total_ceq": 58.032082157918914,
    "num_expired_thresh": 0,
    "num_depleted": 0,
    "num_transmited_bytes": 21826112
  },
  "31": {
    "total_mJ": 926920617.0363489,
    "total_ceq": 70.81175517953986,
    "num_expired_thresh": 0,
    "num_depleted": 0,
    "num_transmited_bytes": 21826112
  },
  "32": {
    "total_mJ": 2598180109.5435233,
    "total_ceq": 196.85822738088035,
    "num_expired_thresh": 0,
    "num_depleted": 0,
    "num_transmited_bytes": 21826112
  },
  "33": {
    "total_mJ": 918819311.513291,
    "total_ceq": 70.09843635359658,
    "num_expired_thresh": 0,
    "num_depleted": 0,
    "num_transmited_bytes": 21826112
  },
  "34": {
    "total_mJ": 2521375103.3327794,
    "total_ceq": 189.318793305615,
    "num_expired_thresh": 0,
    "num_depleted": 0,
    "num_transmited_bytes": 21826112
  },
  "35": {
    "total_mJ": 2544873701.2028913,
    "total_ceq": 190.49682037952078,
    "num_expired_thresh": 0,
    "num_depleted": 0,
    "num_transmited_bytes": 21826112
  },
  "36": {
    "total_mJ": 2530480285.5746913,
    "total_ceq": 190.47483206651808,
    "num_expired_thresh": 0,
    "num_depleted": 0,
    "num_transmited_bytes": 21826112
  },
  "37": {
    "total_mJ": 4277729525.4132223,
    "total_ceq": 325.92779038792594,
    "num_expired_thresh": 0,
    "num_depleted": 0,
    "num_transmited_bytes": 21826112
  },
  "38": {
    "total_mJ": 2525897451.0409575,
    "total_ceq": 190.9312098106449,
    "num_expired_thresh": 0,
    "num_depleted": 0,
    "num_transmited_bytes": 21826112
  },
  "39": {
    "total_mJ": 2517516041.884686,
    "total_ceq": 188.81191275958358,
    "num_expired_thresh": 0,
    "num_depleted": 0,
    "num_transmited_bytes": 21826112
  },
  "40": {
    "total_mJ": 2612478810.0381308,
    "total_ceq": 195.3723596792167,
    "num_expired_thresh": 0,
    "num_depleted": 0,
    "num_transmited_bytes": 21826112
  },
  "41": {
    "total_mJ": 2968781040.8801336,
    "total_ceq": 226.26550640580908,
    "num_expired_thresh": 0,
    "num_depleted": 0,
    "num_transmited_bytes": 21826112
  },
  "42": {
    "total_mJ": 2011769282.8401277,
    "total_ceq": 149.64716813022767,
    "num_expired_thresh": 0,
    "num_depleted": 0,
    "num_transmited_bytes": 21826112
  },
  "43": {
    "total_mJ": 1117278674.7677512,
    "total_ceq": 83.74907605483047,
    "num_expired_thresh": 0,
    "num_depleted": 0,
    "num_transmited_bytes": 21826112
  },
  "44": {
    "total_mJ": 2977435927.871392,
    "total_ceq": 222.37236781185214,
    "num_expired_thresh": 0,
    "num_depleted": 0,
    "num_transmited_bytes": 21826112
  },
  "45": {
    "total_mJ": 1481810021.024486,
    "total_ceq": 111.68783652256984,
    "num_expired_thresh": 0,
    "num_depleted": 0,
    "num_transmited_bytes": 21826112
  },
  "46": {
    "total_mJ": 1403758969.734446,
    "total_ceq": 103.92937984074064,
    "num_expired_thresh": 0,
    "num_depleted": 0,
    "num_transmited_bytes": 21826112
  },
  "47": {
    "total_mJ": 1104330697.9537096,