{
  "0": {
    "cen_loss": 2.3026313900947573,
    "cen_accuracy": 0.10175
  },
  "1": {
    "cen_loss": 2.3026313900947573,
    "cen_accuracy": 0.10175
  },
  "2": {
    "cen_loss": 3.8518068442344666,
    "cen_accuracy": 0.1
  },
  "3": {
    "cen_loss": 4.700845928668976,
    "cen_accuracy": 0.1
  },
  "4": {
    "cen_loss": 5.211399546146393,
    "cen_accuracy": 0.1
  },
  "5": {
    "cen_loss": 5.852380206108093,
    "cen_accuracy": 0.1
  },
  "6": {
    "cen_loss": 6.193827881813049,
    "cen_accuracy": 0.10575
  },
  "7": {
    "cen_loss": 4.425372372150421,
    "cen_accuracy": 0.172625
  },
  "8": {
    "cen_loss": 3.0226456739902496,
    "cen_accuracy": 0.264375
  },
  "9": {
    "cen_loss": 2.5632466750144958,
    "cen_accuracy": 0.33875
  },
  "10": {
    "cen_loss": 1.6426954843997956,
    "cen_accuracy": 0.50275
  },
  "11": {
    "cen_loss": 2.3116506769657135,
    "cen_accuracy": 0.38425
  },
  "12": {
    "cen_loss": 2.1364672882556914,
    "cen_accuracy": 0.42725
  },
  "13": {
    "cen_loss": 2.007033533811569,
    "cen_accuracy": 0.450125
  },
  "14": {
    "cen_loss": 1.877456160724163,
    "cen_accuracy": 0.489
  },
  "15": {
    "cen_loss": 1.8464992089271546,
    "cen_accuracy": 0.502125
  },
  "16": {
    "cen_loss": 1.5407177487015724,
    "cen_accuracy": 0.564125
  },
  "17": {
    "cen_loss": 1.8005970882773399,
    "cen_accuracy": 0.5275
  },
  "18": {
    "cen_loss": 1.533855295956135,
    "cen_accuracy": 0.579375
  },
  "19": {
    "cen_loss": 1.6687190920710564,
    "cen_accuracy": 0.563375
  },
  "20": {
    "cen_loss": 1.3701090011298656,
    "cen_accuracy": 0.61675
  },
  "21": {
    "cen_loss": 1.6083776823878289,
    "cen_accuracy": 0.58475
  },
  "22": {
    "cen_loss": 1.5013329459130764,
    "cen_accuracy": 0.595625
  },
  "23": {
    "cen_loss": 1.4446691982150077,
    "cen_accuracy": 0.617375
  },
  "24": {
    "cen_loss": 1.4204984927773476,
    "cen_accuracy": 0.60975
  },
  "25": {
    "cen_loss": 1.37898679459095,
    "cen_accuracy": 0.626875
  },
  "26": {
    "cen_loss": 1.5410667961239815,
    "cen_accuracy": 0.597625
  },
  "27": {
    "cen_loss": 1.456307930290699,
    "cen_accuracy": 0.619875
  },
  "28": {
    "cen_loss": 1.3859243776202201,
    "cen_accuracy": 0.638375
  },
  "29": {
    "cen_loss": 1.3282389759123325,
    "cen_accuracy": 0.64125
  },
  "30": {
    "cen_loss": 1.224302951902151,
    "cen_accuracy": 0.6565
  },
  "31": {
    "cen_loss": 1.3373409401774405,
    "cen_accuracy": 0.65275
  },
  "32": {
    "cen_loss": 1.4282548552155494,
    "cen_accuracy": 0.627875
  },
  "33": {
    "cen_loss": 1.3535203652381897,
    "cen_accuracy": 0.648
  },
  "34": {
    "cen_loss": 1.3258929852247239,
    "cen_accuracy": 0.653125
  },
  "35": {
    "cen_loss": 1.2712945602834225,
    "cen_accuracy": 0.658375
  },
  "36": {
    "cen_loss": 1.3130743486583234,
    "cen_accuracy": 0.658875
  },
  "37": {
    "cen_loss": 1.2167778509557248,
    "cen_accuracy": 0.664625
  },
  "38": {
    "cen_loss": 1.2346710842251778,
    "cen_accuracy": 0.663125
  },
  "39": {
    "cen_loss": 1.2033818729817867,
    "cen_accuracy": 0.670375
  },
  "40": {
    "cen_loss": 1.1414979175329207,
    "cen_accuracy": 0.683125
  },
  "41": {
    "cen_loss": 1.317444689154625,
    "cen_accuracy": 0.662
  },
  "42": {
    "cen_loss": 1.1539267155528068,
    "cen_accuracy": 0.682625
  },
  "43": {
    "cen_loss": 1.135519792497158,
    "cen_accuracy": 0.686125
  },
  "44": {
    "cen_loss": 1.1342117193043233,
    "cen_accuracy": 0.690875
  },
  "45": {
    "cen_loss": 1.1187336722016334,
    "cen_accuracy": 0.693625
  },
  "46": {
    "cen_loss": 1.1782982041835786,
    "cen_accuracy": 0.687125
  },
  "47": {
    "cen_loss": 1.1013656993955374,
    "cen_accuracy": 0.692875
  },
  "48": {
    "cen_loss": 1.0944097235649823,
    "cen_accuracy": 0.702125
  },
  "49": {
    "cen_loss": 1.118957055568695,
    "cen_accuracy": 0.69675
  },
  "50": {
    "cen_loss": 1.081969306126237,
    "cen_accuracy": 0.70775
  },
  "51": {
    "cen_loss": 1.1346668647229672,
    "cen_accuracy": 0.69475
  },
  "52": {
    "cen_loss": 1.0786591474413871,
    "cen_accuracy": 0.696625
  },
  "53": {
    "cen_loss": 1.0860549413114786,
    "cen_accuracy": 0.70425
  },
  "54": {
    "cen_loss": 1.1160557257533072,
    "cen_accuracy": 0.701
  },
  "55": {
    "cen_loss": 1.0389131506979465,
    "cen_accuracy": 0.711375
  },
  "56": {
    "cen_loss": 1.0537458305954934,
    "cen_accuracy": 0.715
  },
  "57": {
    "cen_loss": 1.0313140615820884,
    "cen_accuracy": 0.713
  },
  "58": {
    "cen_loss": 1.0364087889790534,
    "cen_accuracy": 0.708375
  },
  "59": {
    "cen_loss": 1.055420454993844,
    "cen_accuracy": 0.71125
  },
  "60": {
    "cen_loss": 1.0482780138403178,
    "cen_accuracy": 0.716875
  },
  "61": {
    "cen_loss": 1.0488235066682101,
    "cen_accuracy": 0.71575
  },
  "62": {
    "cen_loss": 1.0311975900009274,
    "cen_accuracy": 0.714375
  },
  "63": {
    "cen_loss": 0.9777037492319941,
    "cen_accuracy": 0.72375
  },
  "64": {
    "cen_loss": 1.0049573473632336,
    "cen_accuracy": 0.72625
  },
  "65": {
    "cen_loss": 1.0171151305437087,
    "cen_accuracy": 0.721125
  },
  "66": {
    "cen_loss": 0.9653767463862896,
    "cen_accuracy": 0.734125
  },
  "67": {
    "cen_loss": 0.9938537025153636,
    "cen_accuracy": 0.7255
  },
  "68": {
    "cen_loss": 1.04450880895555,
    "cen_accuracy": 0.722375
  },
  "69": {
    "cen_loss": 0.9710116092562675,
    "cen_accuracy": 0.726375
  },
  "70": {
    "cen_loss": 1.0050776661261915,
    "cen_accuracy": 0.725375
  },
  "71": {
    "cen_loss": 1.0051993019729852,
    "cen_accuracy": 0.728375
  },
  "72": {
    "cen_loss": 1.0143742014020682,
    "cen_accuracy": 0.72475
  },
  "73": {
    "cen_loss": 0.9202480296492577,
    "cen_accuracy": 0.742375
  },
  "74": {
    "cen_loss": 0.999628980755806,
    "cen_accuracy": 0.727625
  },
  "75": {
    "cen_loss": 0.9156471042335034,
    "cen_accuracy": 0.739
  },
  "76": {
    "cen_loss": 0.9833504696786404,
    "cen_accuracy": 0.730625
  },
  "77": {
    "cen_loss": 0.9427605970576406,
    "cen_accuracy": 0.7415
  },
  "78": {
    "cen_loss": 0.9334258865267039,
    "cen_accuracy": 0.74125
  },
  "79": {
    "cen_loss": 0.9530077830404043,
    "cen_accuracy": 0.741125
  },
  "80": {
    "cen_loss": 1.032597715035081,
    "cen_accuracy": 0.731875
  },
  "81": {
    "cen_loss": 0.960249072253704,
    "cen_accuracy": 0.7385
  },
  "82": {
    "cen_loss": 0.9537885847687722,
    "cen_accuracy": 0.742125
  },
  "83": {
    "cen_loss": 0.9822866680473089,
    "cen_accuracy": 0.736375
  },
  "84": {
    "cen_loss": 0.9308162793368101,
    "cen_accuracy": 0.74575
  },
  "85": {
    "cen_loss": 0.9419093883037567,
    "cen_accuracy": 0.736625
  },
  "86": {
    "cen_loss": 0.9927268365770578,
    "cen_accuracy": 0.736875
  },
  "87": {
    "cen_loss": 1.008209935605526,
    "cen_accuracy": 0.7305
  },
  "88": {
    "cen_loss": 0.9665088786780834,
    "cen_accuracy": 0.73575
  },
  "89": {
    "cen_loss": 0.9061464612782002,
    "cen_accuracy": 0.752
  },
  "90": {
    "cen_loss": 0.9453064013570547,
    "cen_accuracy": 0.74425
  },
  "91": {
    "cen_loss": 0.954641027957201,
    "cen_accuracy": 0.7395
  },
  "92": {
    "cen_loss": 0.8522807708457112,
    "cen_accuracy": 0.757375
  },
  "93": {
    "cen_loss": 0.8750547181665898,
    "cen_accuracy": 0.7625
  },
  "94": {
    "cen_loss": 0.935843654666096,
    "cen_accuracy": 0.75425
  },
  "95": {
    "cen_loss": 0.9183734784722328,
    "cen_accuracy": 0.754875
  },
  "96": {
    "cen_loss": 0.8652600803896785,
    "cen_accuracy": 0.76275
  },
  "97": {
    "cen_loss": 0.8917695240452885,
    "cen_accuracy": 0.760125
  },
  "98": {
    "cen_loss": 0.8744959303699433,
    "cen_accuracy": 0.75925
  },
  "99": {
    "cen_loss": 0.9662782581597567,
    "cen_accuracy": 0.74025
  },
  "100": {
    "cen_loss": 0.9928351167812943,
    "cen_accuracy": 0.738625
  },