{
  "2": {
    "total_mJ": 1138436250.726185,
    "total_ceq": 121.68196371885773,
    "num_expired_thresh": 0,
    "num_depleted": 0,
    "num_transmited_bytes": 429442944
  },
  "3": {
    "total_mJ": 744861198.5252699,
    "total_ceq": 79.05235093945818,
    "num_expired_thresh": 0,
    "num_depleted": 0,
    "num_transmited_bytes": 429442944
  },
  "4": {
    "total_mJ": 561904417.6140176,
    "total_ceq": 60.265626335917304,
    "num_expired_thresh": 0,
    "num_depleted": 0,
    "num_transmited_bytes": 429442944
  },
  "5": {
    "total_mJ": 776126217.1997341,
    "total_ceq": 82.99340284117868,
    "num_expired_thresh": 0,
    "num_depleted": 0,
    "num_transmited_bytes": 429442944
  },
  "6": {
    "total_mJ": 609590166.6842735,
    "total_ceq": 64.37512200374012,
    "num_expired_thresh": 0,
    "num_depleted": 0,
    "num_transmited_bytes": 429442944
  },
  "7": {
    "total_mJ": 613079005.0899541,
    "total_ceq": 65.50384411934921,
    "num_expired_thresh": 0,
    "num_depleted": 0,
    "num_transmited_bytes": 429442944
  },
  "8": {
    "total_mJ": 1092044247.5498362,
    "total_ceq": 116.72441059862938,
    "num_expired_thresh": 0,
    "num_depleted": 0,
    "num_transmited_bytes": 429442944
  },
  "9": {
    "total_mJ": 757452439.5386106,
    "total_ceq": 81.06208286292375,
    "num_expired_thresh": 0,
    "num_depleted": 0,
    "num_transmited_bytes": 429442944
  },
  "10": {
    "total_mJ": 867387584.420154,
    "total_ceq": 91.58926802574125,
    "num_expired_thresh": 0,
    "num_depleted": 0,
    "num_transmited_bytes": 429442944
  },
  "11": {
    "total_mJ": 607950404.6062224,
    "total_ceq": 64.24310383320172,
    "num_expired_thresh": 0,
    "num_depleted": 0,
    "num_transmited_bytes": 429442944
  },
  "12": {
    "total_mJ": 694973747.23347,
    "total_ceq": 73.75868520340845,
    "num_expired_thresh": 0,
    "num_depleted": 0,
    "num_transmited_bytes": 429442944
  },
  "13": {
    "total_mJ": 527370501.89558953,
    "total_ceq": 55.64406701895217,
    "num_expired_thresh": 0,
    "num_depleted": 0,
    "num_transmited_bytes": 429442944
  },
  "14": {
    "total_mJ": 754057368.8857386,
    "total_ceq": 79.3196859683972,
    "num_expired_thresh": 0,
    "num_depleted": 0,
    "num_transmited_bytes": 429442944
  },
  "15": {
    "total_mJ": 1089350238.480856,
    "total_ceq": 115.93099668577305,
    "num_expired_thresh": 0,
    "num_depleted": 0,
    "num_transmited_bytes": 429442944
  },
  "16": {
    "total_mJ": 991205957.066824,
    "total_ceq": 104.879715841486,
    "num_expired_thresh": 0,
    "num_depleted": 0,
    "num_transmited_bytes": 429442944
  },
  "17": {
    "total_mJ": 1077907750.9982748,
    "total_ceq": 114.0432133061058,
    "num_expired_thresh": 0,
    "num_depleted": 0,
    "num_transmited_bytes": 429442944
  },
  "18": {
    "total_mJ": 775698237.4595869,
    "total_ceq": 83.13820755911362,
    "num_expired_thresh": 0,
    "num_depleted": 0,
    "num_transmited_bytes": 429442944
  },
  "19": {
    "total_mJ": 783148230.1833532,
    "total_ceq": 82.9315035907365,
    "num_expired_thresh": 0,
    "num_depleted": 0,
    "num_transmited_bytes": 429442944
  },
  "20": {
    "total_mJ": 733008853.5098335,
    "total_ceq": 77.63457933677574,
    "num_expired_thresh": 0,
    "num_depleted": 0,
    "num_transmited_bytes": 429442944
  },
  "21": {
    "total_mJ": 869750833.369538,
    "total_ceq": 92.6187011985569,
    "num_expired_thresh": 0,
    "num_depleted": 0,
    "num_transmited_bytes": 429442944
  },
  "22": {
    "total_mJ": 728442604.0532453,
    "total_ceq": 77.70019790917887,
    "num_expired_thresh": 0,
    "num_depleted": 0,
    "num_transmited_bytes": 429442944
  },
  "23": {
    "total_mJ": 467776420.8172035,
    "total_ceq": 49.89101212160601,
    "num_expired_thresh": 0,
    "num_depleted": 0,
    "num_transmited_bytes": 429442944
  },
  "24": {
    "total_mJ": 1083595055.814625,
    "total_ceq": 114.69784515595612,
    "num_expired_thresh": 0,
    "num_depleted": 0,
    "num_transmited_bytes": 429442944
  },
  "25": {
    "total_mJ": 762300585.7865261,
    "total_ceq": 81.33731678857512,
    "num_expired_thresh": 0,
    "num_depleted": 0,
    "num_transmited_bytes": 429442944
  },
  "26": {
    "total_mJ": 862594914.582503,
    "total_ceq": 91.07188123447644,
    "num_expired_thresh": 0,
    "num_depleted": 0,
    "num_transmited_bytes": 429442944
  },
  "27": {
    "total_mJ": 1073099892.6024259,
    "total_ceq": 113.86467478025716,
    "num_expired_thresh": 0,
    "num_depleted": 0,
    "num_transmited_bytes": 429442944
  },
  "28": {
    "total_mJ": 1052481070.18493,
    "total_ceq": 111.37387698598953,
    "num_expired_thresh": 0,
    "num_depleted": 0,
    "num_transmited_bytes": 429442944
  },
  "29": {
    "total_mJ": 804745215.2301084,
    "total_ceq": 85.65081957901305,
    "num_expired_thresh": 0,
    "num_depleted": 0,
    "num_transmited_bytes": 429442944
  },
  "30": {
    "total_mJ": 1133487218.2954147,
    "total_ceq": 119.79684704038895,
    "num_expired_thresh": 0,
    "num_depleted": 0,
    "num_transmited_bytes": 429442944
  },
  "31": {
    "total_mJ": 735872632.0772505,
    "total_ceq": 78.66281711249641,
    "num_expired_thresh": 0,
    "num_depleted": 0,
    "num_transmited_bytes": 429442944
  },
  "32": {
    "total_mJ": 1116982667.6268492,
    "total_ceq": 118.31053598213518,
    "num_expired_thresh": 0,
    "num_depleted": 0,
    "num_transmited_bytes": 429442944
  },
  "33": {
    "total_mJ": 856153248.0152389,
    "total_ceq": 91.34305574706727,
    "num_expired_thresh": 0,
    "num_depleted": 0,
    "num_transmited_bytes": 429442944
  },
  "34": {
    "total_mJ": 1137144864.667683,
    "total_ceq": 120.7415896206883,
    "num_expired_thresh": 0,
    "num_depleted": 0,
    "num_transmited_bytes": 429442944
  },
  "35": {
    "total_mJ": 781238533.1193889,
    "total_ceq": 83.56811873047643,
    "num_expired_thresh": 0,
    "num_depleted": 0,
    "num_transmited_bytes": 429442944
  },
  "36": {
    "total_mJ": 621777812.167516,
    "total_ceq": 66.39520989638889,
    "num_expired_thresh": 0,
    "num_depleted": 0,
    "num_transmited_bytes": 429442944
  },
  "37": {
    "total_mJ": 1124325058.8689296,
    "total_ceq": 119.5306105283547,
    "num_expired_thresh": 0,
    "num_depleted": 0,
    "num_transmited_bytes": 429442944
  },
  "38": {
    "total_mJ": 1140239980.2198992,
    "total_ceq": 120.96670325929863,
    "num_expired_thresh": 0,
    "num_depleted": 0,
    "num_transmited_bytes": 429442944
  },
  "39": {
    "total_mJ": 735746710.4527305,
    "total_ceq": 78.36156490575414,
    "num_expired_thresh": 0,
    "num_depleted": 0,
    "num_transmited_bytes": 429442944
  },
  "40": {
    "total_mJ": 1044341011.2588224,
    "total_ceq": 110.27463995226745,
    "num_expired_thresh": 0,
    "num_depleted": 0,
    "num_transmited_bytes": 429442944
  },
  "41": {
    "total_mJ": 775067248.0325971,
    "total_ceq": 82.57323636775764,
    "num_expired_thresh": 0,
    "num_depleted": 0,
    "num_transmited_bytes": 429442944
  },
  "42": {
    "total_mJ": 620992699.9747235,
    "total_ceq": 66.43016162547919,
    "num_expired_thresh": 0,
    "num_depleted": 0,
    "num_transmited_bytes": 429442944
  },
  "43": {
    "total_mJ": 730210127.321442,
    "total_ceq": 77.74560009863816,
    "num_expired_thresh": 0,
    "num_depleted": 0,
    "num_transmited_bytes": 429442944
  },
  "44": {
    "total_mJ": 599048725.9175031,
    "total_ceq": 64.2485909772134,
    "num_expired_thresh": 0,
    "num_depleted": 0,
    "num_transmited_bytes": 429442944
  },
  "45": {
    "total_mJ": 1078540060.6152403,
    "total_ceq": 114.18450866288734,
    "num_expired_thresh": 0,
    "num_depleted": 0,
    "num_transmited_bytes": 429442944
  },
  "46": {
    "total_mJ": 854080143.7890768,
    "total_ceq": 90.35812760574134,
    "num_expired_thresh": 0,
    "num_depleted": 0,
    "num_transmited_bytes": 429442944
  },
  "47": {
    "total_mJ": 762034852.1943312,