{
  "0": {
    "cen_loss": 2.3027670545578003,
    "cen_accuracy": 0.0985
  },
  "1": {
    "cen_loss": 2.3027670545578003,
    "cen_accuracy": 0.0985
  },
  "2": {
    "cen_loss": 3.4056164741516115,
    "cen_accuracy": 0.097625
  },
  "3": {
    "cen_loss": 5.560865749835968,
    "cen_accuracy": 0.10175
  },
  "4": {
    "cen_loss": 3.372711046218872,
    "cen_accuracy": 0.097875
  },
  "5": {
    "cen_loss": 3.9012960414886475,
    "cen_accuracy": 0.103875
  },
  "6": {
    "cen_loss": 6.077634887218475,
    "cen_accuracy": 0.108625
  },
  "7": {
    "cen_loss": 3.262341495513916,
    "cen_accuracy": 0.157875
  },
  "8": {
    "cen_loss": 2.6850712070465086,
    "cen_accuracy": 0.196
  },
  "9": {
    "cen_loss": 3.394518716573715,
    "cen_accuracy": 0.19825
  },
  "10": {
    "cen_loss": 3.191876975774765,
    "cen_accuracy": 0.25025
  },
  "11": {
    "cen_loss": 2.9793974134922028,
    "cen_accuracy": 0.295875
  },
  "12": {
    "cen_loss": 3.6663932981491087,
    "cen_accuracy": 0.188625
  },
  "13": {
    "cen_loss": 3.1653520865440368,
    "cen_accuracy": 0.188125
  },
  "14": {
    "cen_loss": 3.937393640041351,
    "cen_accuracy": 0.212875
  },
  "15": {
    "cen_loss": 5.199728420257569,
    "cen_accuracy": 0.185625
  },
  "16": {
    "cen_loss": 2.4824232845306398,
    "cen_accuracy": 0.301375
  },
  "17": {
    "cen_loss": 2.5332989914417268,
    "cen_accuracy": 0.31725
  },
  "18": {
    "cen_loss": 2.830171975851059,
    "cen_accuracy": 0.21575
  },
  "19": {
    "cen_loss": 3.2991753973960876,
    "cen_accuracy": 0.2055
  },
  "20": {
    "cen_loss": 3.25427695441246,
    "cen_accuracy": 0.20375
  },
  "21": {
    "cen_loss": 3.345898188114166,
    "cen_accuracy": 0.299125
  },
  "22": {
    "cen_loss": 2.7787157559394835,
    "cen_accuracy": 0.257125
  },
  "23": {
    "cen_loss": 3.150482743024826,
    "cen_accuracy": 0.2405
  },
  "24": {
    "cen_loss": 3.815456503868103,
    "cen_accuracy": 0.2205
  },
  "25": {
    "cen_loss": 2.4654588766098025,
    "cen_accuracy": 0.325125
  },
  "26": {
    "cen_loss": 1.671383143544197,
    "cen_accuracy": 0.3995
  },
  "27": {
    "cen_loss": 2.7125298717021944,
    "cen_accuracy": 0.28425
  },
  "28": {
    "cen_loss": 2.75987584900856,
    "cen_accuracy": 0.362125
  },
  "29": {
    "cen_loss": 2.8134291052818297,
    "cen_accuracy": 0.3095
  },
  "30": {
    "cen_loss": 2.6126530306339264,
    "cen_accuracy": 0.320875
  },
  "31": {
    "cen_loss": 1.914345206618309,
    "cen_accuracy": 0.3635
  },
  "32": {
    "cen_loss": 3.9226018743515016,
    "cen_accuracy": 0.201375
  },
  "33": {
    "cen_loss": 2.8186897912025453,
    "cen_accuracy": 0.316
  },
  "34": {
    "cen_loss": 1.6872263749837875,
    "cen_accuracy": 0.40575
  },
  "35": {
    "cen_loss": 1.8678864583969117,
    "cen_accuracy": 0.387
  },
  "36": {
    "cen_loss": 2.5533573751449583,
    "cen_accuracy": 0.312625
  },
  "37": {
    "cen_loss": 2.0381583740711213,
    "cen_accuracy": 0.378875
  },
  "38": {
    "cen_loss": 2.245275103211403,
    "cen_accuracy": 0.441125
  },
  "39": {
    "cen_loss": 2.4051694071292875,
    "cen_accuracy": 0.342875
  },
  "40": {
    "cen_loss": 2.6512385692596436,
    "cen_accuracy": 0.31625
  },
  "41": {
    "cen_loss": 2.2137495406866075,
    "cen_accuracy": 0.353
  },
  "42": {
    "cen_loss": 2.2468175226449967,
    "cen_accuracy": 0.419125
  },
  "43": {
    "cen_loss": 3.271617283344269,
    "cen_accuracy": 0.32125
  },
  "44": {
    "cen_loss": 1.660797179222107,
    "cen_accuracy": 0.457125
  },
  "45": {
    "cen_loss": 2.2603440959453582,
    "cen_accuracy": 0.43125
  },
  "46": {
    "cen_loss": 2.8215165154933928,
    "cen_accuracy": 0.413
  },
  "47": {
    "cen_loss": 1.6029042357206345,
    "cen_accuracy": 0.499625
  },
  "48": {
    "cen_loss": 2.049197335362434,
    "cen_accuracy": 0.428
  },
  "49": {
    "cen_loss": 2.1736785364151,
    "cen_accuracy": 0.340375
  },
  "50": {
    "cen_loss": 2.6100470333099364,
    "cen_accuracy": 0.3005
  },
  "51": {
    "cen_loss": 2.2911613770723345,
    "cen_accuracy": 0.428125
  },
  "52": {
    "cen_loss": 1.7894034852981568,
    "cen_accuracy": 0.469625
  },
  "53": {
    "cen_loss": 2.766744929552078,
    "cen_accuracy": 0.3775
  },
  "54": {
    "cen_loss": 1.63971435880661,
    "cen_accuracy": 0.4605
  },
  "55": {
    "cen_loss": 1.6411222848892213,
    "cen_accuracy": 0.521875
  },
  "56": {
    "cen_loss": 2.0585435726642607,
    "cen_accuracy": 0.4645
  },
  "57": {
    "cen_loss": 1.7679458097219467,
    "cen_accuracy": 0.47825
  },
  "58": {
    "cen_loss": 1.5635096945762634,
    "cen_accuracy": 0.492
  },
  "59": {
    "cen_loss": 1.2034094479680062,
    "cen_accuracy": 0.599875
  },
  "60": {
    "cen_loss": 1.365459653198719,
    "cen_accuracy": 0.564875
  },
  "61": {
    "cen_loss": 2.4089849033355715,
    "cen_accuracy": 0.464
  },
  "62": {
    "cen_loss": 1.895527005314827,
    "cen_accuracy": 0.474625
  },
  "63": {
    "cen_loss": 1.4592082325220108,
    "cen_accuracy": 0.53275
  },
  "64": {
    "cen_loss": 1.4605247956514358,
    "cen_accuracy": 0.533375
  },
  "65": {
    "cen_loss": 2.230057347536087,
    "cen_accuracy": 0.415375
  },
  "66": {
    "cen_loss": 1.764528067469597,
    "cen_accuracy": 0.46125
  },
  "67": {
    "cen_loss": 1.6838301470279693,
    "cen_accuracy": 0.48575
  },
  "68": {
    "cen_loss": 1.3617486164569854,
    "cen_accuracy": 0.531
  },
  "69": {
    "cen_loss": 1.6823188308477401,
    "cen_accuracy": 0.489875
  },
  "70": {
    "cen_loss": 1.7724125148057939,
    "cen_accuracy": 0.46
  },
  "71": {
    "cen_loss": 1.4934786847233772,
    "cen_accuracy": 0.53575
  },
  "72": {
    "cen_loss": 1.4316560442447663,
    "cen_accuracy": 0.533125
  },
  "73": {
    "cen_loss": 1.166487981647253,
    "cen_accuracy": 0.626375
  },
  "74": {
    "cen_loss": 1.683783688902855,
    "cen_accuracy": 0.5185
  },
  "75": {
    "cen_loss": 1.2862058797478675,
    "cen_accuracy": 0.589125
  },
  "76": {
    "cen_loss": 1.5452068051099777,
    "cen_accuracy": 0.51875
  },
  "77": {
    "cen_loss": 1.2547800420820714,
    "cen_accuracy": 0.590625
  },
  "78": {
    "cen_loss": 1.6396233849525452,
    "cen_accuracy": 0.540125
  },
  "79": {
    "cen_loss": 1.581273293018341,
    "cen_accuracy": 0.5505
  },
  "80": {
    "cen_loss": 2.002717647433281,
    "cen_accuracy": 0.46325
  },
  "81": {
    "cen_loss": 1.7665572724938392,
    "cen_accuracy": 0.4945
  },
  "82": {
    "cen_loss": 2.7623596041202547,
    "cen_accuracy": 0.362125
  },
  "83": {
    "cen_loss": 1.7617305056452752,
    "cen_accuracy": 0.4985
  },
  "84": {
    "cen_loss": 1.9737150379419326,
    "cen_accuracy": 0.456375
  },
  "85": {
    "cen_loss": 1.6917490786314011,
    "cen_accuracy": 0.48025
  },
  "86": {
    "cen_loss": 1.3310781429708003,
    "cen_accuracy": 0.58
  },
  "87": {
    "cen_loss": 1.009398347258568,
    "cen_accuracy": 0.659
  },
  "88": {
    "cen_loss": 1.3565822670459746,
    "cen_accuracy": 0.573625
  },
  "89": {
    "cen_loss": 1.5470168723464013,
    "cen_accuracy": 0.53125
  },
  "90": {
    "cen_loss": 1.635787834227085,
    "cen_accuracy": 0.52225
  },
  "91": {
    "cen_loss": 1.6861068214178085,
    "cen_accuracy": 0.52275
  },
  "92": {
    "cen_loss": 1.434887803196907,
    "cen_accuracy": 0.544
  },
  "93": {
    "cen_loss": 1.1776715108156204,
    "cen_accuracy": 0.616
  },
  "94": {
    "cen_loss": 1.30452735632658,
    "cen_accuracy": 0.60075
  },
  "95": {
    "cen_loss": 1.2678923660516739,
    "cen_accuracy": 0.5875
  },
  "96": {
    "cen_loss": 1.1115182514786721,
    "cen_accuracy": 0.631375
  },
  "97": {
    "cen_loss": 1.4361032246351242,
    "cen_accuracy": 0.565625
  },
  "98": {
    "cen_loss": 1.254800433576107,
    "cen_accuracy": 0.588375
  },
  "99": {
    "cen_loss": 1.156081455975771,
    "cen_accuracy": 0.631375
  },
  "100": {
    "cen_loss": 1.1726580851376056,
    "cen_accuracy": 0.63125
  },
  "101": {
    "cen_loss": 1.257857886016369,