{
  "0": {
    "cen_loss": 2.3027425665855406,
    "cen_accuracy": 0.099
  },
  "1": {
    "cen_loss": 2.3027425665855406,
    "cen_accuracy": 0.099
  },
  "2": {
    "cen_loss": 2.6479396109580993,
    "cen_accuracy": 0.099
  },
  "3": {
    "cen_loss": 2.9001381316184998,
    "cen_accuracy": 0.1
  },
  "4": {
    "cen_loss": 3.2075359501838685,
    "cen_accuracy": 0.09975
  },
  "5": {
    "cen_loss": 3.4316335291862488,
    "cen_accuracy": 0.10175
  },
  "6": {
    "cen_loss": 3.8524241008758544,
    "cen_accuracy": 0.10175
  },
  "7": {
    "cen_loss": 3.0209136590957644,
    "cen_accuracy": 0.10175
  },
  "8": {
    "cen_loss": 5.648330374240875,
    "cen_accuracy": 0.1
  },
  "9": {
    "cen_loss": 4.008508109092713,
    "cen_accuracy": 0.10275
  },
  "10": {
    "cen_loss": 2.457600164890289,
    "cen_accuracy": 0.29325
  },
  "11": {
    "cen_loss": 3.811920662403107,
    "cen_accuracy": 0.112625
  },
  "12": {
    "cen_loss": 3.6913569202423098,
    "cen_accuracy": 0.115125
  },
  "13": {
    "cen_loss": 2.4844188449382782,
    "cen_accuracy": 0.1775
  },
  "14": {
    "cen_loss": 2.5471287524700164,
    "cen_accuracy": 0.21075
  },
  "15": {
    "cen_loss": 1.610752590060234,
    "cen_accuracy": 0.421375
  },
  "16": {
    "cen_loss": 1.5125117344856263,
    "cen_accuracy": 0.488875
  },
  "17": {
    "cen_loss": 1.4709410442113877,
    "cen_accuracy": 0.505875
  },
  "18": {
    "cen_loss": 1.2860519652366638,
    "cen_accuracy": 0.5565
  },
  "19": {
    "cen_loss": 1.4159067157506944,
    "cen_accuracy": 0.502375
  },
  "20": {
    "cen_loss": 1.445181680738926,
    "cen_accuracy": 0.528875
  },
  "21": {
    "cen_loss": 1.3685705429315567,
    "cen_accuracy": 0.535125
  },
  "22": {
    "cen_loss": 1.7514904128313065,
    "cen_accuracy": 0.41
  },
  "23": {
    "cen_loss": 1.8379290008544922,
    "cen_accuracy": 0.43725
  },
  "24": {
    "cen_loss": 1.4208309900760652,
    "cen_accuracy": 0.495625
  },
  "25": {
    "cen_loss": 1.7488432413339614,
    "cen_accuracy": 0.437625
  },
  "26": {
    "cen_loss": 1.3641056762337684,
    "cen_accuracy": 0.569875
  },
  "27": {
    "cen_loss": 1.9456950625181197,
    "cen_accuracy": 0.4575
  },
  "28": {
    "cen_loss": 1.4933737647533416,
    "cen_accuracy": 0.5115
  },
  "29": {
    "cen_loss": 1.4624879263043404,
    "cen_accuracy": 0.54725
  },
  "30": {
    "cen_loss": 1.3913236216902733,
    "cen_accuracy": 0.577875
  },
  "31": {
    "cen_loss": 2.5226953146457674,
    "cen_accuracy": 0.273125
  },
  "32": {
    "cen_loss": 1.5545809623003006,
    "cen_accuracy": 0.50025
  },
  "33": {
    "cen_loss": 1.9811547811031343,
    "cen_accuracy": 0.43
  },
  "34": {
    "cen_loss": 3.147364818572998,
    "cen_accuracy": 0.28875
  },
  "35": {
    "cen_loss": 1.8903787554502487,
    "cen_accuracy": 0.37025
  },
  "36": {
    "cen_loss": 1.345986824810505,
    "cen_accuracy": 0.54075
  },
  "37": {
    "cen_loss": 1.4501530506610871,
    "cen_accuracy": 0.516625
  },
  "38": {
    "cen_loss": 3.0116170902252195,
    "cen_accuracy": 0.362
  },
  "39": {
    "cen_loss": 1.811465693950653,
    "cen_accuracy": 0.4905
  },
  "40": {
    "cen_loss": 2.192593663096428,
    "cen_accuracy": 0.4575
  },
  "41": {
    "cen_loss": 3.7289409227371215,
    "cen_accuracy": 0.277625
  },
  "42": {
    "cen_loss": 1.3371767280697822,
    "cen_accuracy": 0.578875
  },
  "43": {
    "cen_loss": 2.669247818827629,
    "cen_accuracy": 0.4275
  },
  "44": {
    "cen_loss": 1.683881369113922,
    "cen_accuracy": 0.459625
  },
  "45": {
    "cen_loss": 1.4022490895390511,
    "cen_accuracy": 0.575375
  },
  "46": {
    "cen_loss": 3.390502337217331,
    "cen_accuracy": 0.370625
  },
  "47": {
    "cen_loss": 1.4102944373488426,
    "cen_accuracy": 0.5605
  },
  "48": {
    "cen_loss": 2.403593793153763,
    "cen_accuracy": 0.36475
  },
  "49": {
    "cen_loss": 2.298654145359993,
    "cen_accuracy": 0.438125
  },
  "50": {
    "cen_loss": 2.8458630385398864,
    "cen_accuracy": 0.44325
  },
  "51": {
    "cen_loss": 1.6037547442913056,
    "cen_accuracy": 0.5295
  },
  "52": {
    "cen_loss": 1.7213424971103668,
    "cen_accuracy": 0.497
  },
  "53": {
    "cen_loss": 1.73327530169487,
    "cen_accuracy": 0.46275
  },
  "54": {
    "cen_loss": 1.287479538500309,
    "cen_accuracy": 0.60075
  },
  "55": {
    "cen_loss": 1.4132205902934074,
    "cen_accuracy": 0.55875
  },
  "56": {
    "cen_loss": 2.007724231719971,
    "cen_accuracy": 0.46575
  },
  "57": {
    "cen_loss": 1.473542601585388,
    "cen_accuracy": 0.466375
  },
  "58": {
    "cen_loss": 1.4273582196235657,
    "cen_accuracy": 0.5615
  },
  "59": {
    "cen_loss": 1.3219605339169502,
    "cen_accuracy": 0.5795
  },
  "60": {
    "cen_loss": 1.5356554526686668,
    "cen_accuracy": 0.54675
  },
  "61": {
    "cen_loss": 1.6665977355241774,
    "cen_accuracy": 0.501375
  },
  "62": {
    "cen_loss": 1.6622953357696533,
    "cen_accuracy": 0.461
  },
  "63": {
    "cen_loss": 1.4235255759358405,
    "cen_accuracy": 0.5925
  },
  "64": {
    "cen_loss": 1.442886106789112,
    "cen_accuracy": 0.5775
  },
  "65": {
    "cen_loss": 1.0021513339281083,
    "cen_accuracy": 0.659625
  },
  "66": {
    "cen_loss": 2.091808089137077,
    "cen_accuracy": 0.432875
  },
  "67": {
    "cen_loss": 2.3989471275806427,
    "cen_accuracy": 0.454875
  },
  "68": {
    "cen_loss": 3.2072358038425444,
    "cen_accuracy": 0.328875
  },
  "69": {
    "cen_loss": 1.8794925073385238,
    "cen_accuracy": 0.366625
  },
  "70": {
    "cen_loss": 1.8671318496465683,
    "cen_accuracy": 0.430375
  },
  "71": {
    "cen_loss": 1.3779352349042893,
    "cen_accuracy": 0.506625
  },
  "72": {
    "cen_loss": 1.4389378178715706,
    "cen_accuracy": 0.554875
  },
  "73": {
    "cen_loss": 1.3286576384305955,
    "cen_accuracy": 0.553125
  },
  "74": {
    "cen_loss": 1.7279539691805839,
    "cen_accuracy": 0.540875
  },
  "75": {
    "cen_loss": 1.214326450228691,
    "cen_accuracy": 0.6
  },
  "76": {
    "cen_loss": 2.315018486857414,
    "cen_accuracy": 0.377875
  },
  "77": {
    "cen_loss": 1.7116894510984422,
    "cen_accuracy": 0.5085
  },
  "78": {
    "cen_loss": 1.5217752719521522,
    "cen_accuracy": 0.585
  },
  "79": {
    "cen_loss": 1.132032887995243,
    "cen_accuracy": 0.640125
  },
  "80": {
    "cen_loss": 1.8063320575356483,
    "cen_accuracy": 0.527125
  },
  "81": {
    "cen_loss": 1.7655650919675827,
    "cen_accuracy": 0.4985
  },
  "82": {
    "cen_loss": 1.3494653239250183,
    "cen_accuracy": 0.61025
  },
  "83": {
    "cen_loss": 0.8655672884583473,
    "cen_accuracy": 0.71825
  },
  "84": {
    "cen_loss": 1.7883071298003197,
    "cen_accuracy": 0.5015
  },
  "85": {
    "cen_loss": 1.4943997922539711,
    "cen_accuracy": 0.5555
  },
  "86": {
    "cen_loss": 1.6936572196483612,
    "cen_accuracy": 0.473625
  },
  "87": {
    "cen_loss": 1.2856035253703595,
    "cen_accuracy": 0.621875
  },
  "88": {
    "cen_loss": 1.6311352477073668,
    "cen_accuracy": 0.52275
  },
  "89": {
    "cen_loss": 2.111926930904388,
    "cen_accuracy": 0.47
  },
  "90": {
    "cen_loss": 2.4522274231910703,
    "cen_accuracy": 0.460375
  },
  "91": {
    "cen_loss": 1.4103825758695603,
    "cen_accuracy": 0.57925
  },
  "92": {
    "cen_loss": 2.0260503737926485,
    "cen_accuracy": 0.430125
  },
  "93": {
    "cen_loss": 1.9834101135730744,
    "cen_accuracy": 0.474125
  },
  "94": {
    "cen_loss": 1.7018420943021775,
    "cen_accuracy": 0.491625
  },
  "95": {
    "cen_loss": 1.7160187659859658,
    "cen_accuracy": 0.47675
  },
  "96": {
    "cen_loss": 1.2559416747689247,
    "cen_accuracy": 0.60275
  },
  "97": {
    "cen_loss": 1.1993843119740486,
    "cen_accuracy": 0.620875
  },
  "98": {
    "cen_loss": 1.325954580426216,
    "cen_accuracy": 0.555625
  },
  "99": {
    "cen_loss": 1.4559408070445061,
    "cen_accuracy": 0.571875
  },
  "100": {
    "cen_loss": 1.708599576085806,
    "cen_accuracy": 0.538875
  },
  "101": {
    "cen_loss": 1.8763825097084046,