{
  "0": {
    "cen_loss": 2.3028161997795107,
    "cen_accuracy": 0.1005
  },
  "1": {
    "cen_loss": 2.3028161997795107,
    "cen_accuracy": 0.1005
  },
  "2": {
    "cen_loss": 3.635856492996216,
    "cen_accuracy": 0.0995
  },
  "3": {
    "cen_loss": 4.447237629413605,
    "cen_accuracy": 0.0995
  },
  "4": {
    "cen_loss": 5.257854669094086,
    "cen_accuracy": 0.0995
  },
  "5": {
    "cen_loss": 6.939239935874939,
    "cen_accuracy": 0.0995
  },
  "6": {
    "cen_loss": 8.263422681808471,
    "cen_accuracy": 0.0995
  },
  "7": {
    "cen_loss": 4.7283681664466854,
    "cen_accuracy": 0.13225
  },
  "8": {
    "cen_loss": 2.7571583025455473,
    "cen_accuracy": 0.266375
  },
  "9": {
    "cen_loss": 1.8091321536302567,
    "cen_accuracy": 0.42275
  },
  "10": {
    "cen_loss": 1.6176398213505745,
    "cen_accuracy": 0.515125
  },
  "11": {
    "cen_loss": 2.2744164927005768,
    "cen_accuracy": 0.38175
  },
  "12": {
    "cen_loss": 1.953604478955269,
    "cen_accuracy": 0.442125
  },
  "13": {
    "cen_loss": 1.8607760363817214,
    "cen_accuracy": 0.48975
  },
  "14": {
    "cen_loss": 1.6660469151735307,
    "cen_accuracy": 0.522
  },
  "15": {
    "cen_loss": 1.6598982802033424,
    "cen_accuracy": 0.52875
  },
  "16": {
    "cen_loss": 1.5271769717931747,
    "cen_accuracy": 0.55025
  },
  "17": {
    "cen_loss": 1.506468726158142,
    "cen_accuracy": 0.5755
  },
  "18": {
    "cen_loss": 1.68276926612854,
    "cen_accuracy": 0.549
  },
  "19": {
    "cen_loss": 1.510214579164982,
    "cen_accuracy": 0.589875
  },
  "20": {
    "cen_loss": 1.581779003918171,
    "cen_accuracy": 0.5925
  },
  "21": {
    "cen_loss": 1.4501275589466096,
    "cen_accuracy": 0.589375
  },
  "22": {
    "cen_loss": 1.453531352341175,
    "cen_accuracy": 0.591375
  },
  "23": {
    "cen_loss": 1.405247281551361,
    "cen_accuracy": 0.596625
  },
  "24": {
    "cen_loss": 1.4648180119395255,
    "cen_accuracy": 0.6005
  },
  "25": {
    "cen_loss": 1.426904190301895,
    "cen_accuracy": 0.60775
  },
  "26": {
    "cen_loss": 1.3641016184985637,
    "cen_accuracy": 0.61725
  },
  "27": {
    "cen_loss": 1.272608640909195,
    "cen_accuracy": 0.630625
  },
  "28": {
    "cen_loss": 1.375046084523201,
    "cen_accuracy": 0.621
  },
  "29": {
    "cen_loss": 1.335389739394188,
    "cen_accuracy": 0.627625
  },
  "30": {
    "cen_loss": 1.4163524448871612,
    "cen_accuracy": 0.62275
  },
  "31": {
    "cen_loss": 1.2410521057844162,
    "cen_accuracy": 0.648875
  },
  "32": {
    "cen_loss": 1.29942834097147,
    "cen_accuracy": 0.641625
  },
  "33": {
    "cen_loss": 1.3303535764217376,
    "cen_accuracy": 0.637875
  },
  "34": {
    "cen_loss": 1.3365161337256433,
    "cen_accuracy": 0.62925
  },
  "35": {
    "cen_loss": 1.2271692509055137,
    "cen_accuracy": 0.647125
  },
  "36": {
    "cen_loss": 1.1966124649643899,
    "cen_accuracy": 0.65425
  },
  "37": {
    "cen_loss": 1.242020415008068,
    "cen_accuracy": 0.6555
  },
  "38": {
    "cen_loss": 1.3157478314638138,
    "cen_accuracy": 0.643625
  },
  "39": {
    "cen_loss": 1.2072213924527169,
    "cen_accuracy": 0.656625
  },
  "40": {
    "cen_loss": 1.2394083313047886,
    "cen_accuracy": 0.663875
  },
  "41": {
    "cen_loss": 1.1820497282743454,
    "cen_accuracy": 0.665125
  },
  "42": {
    "cen_loss": 1.1558559961020947,
    "cen_accuracy": 0.668375
  },
  "43": {
    "cen_loss": 1.155553357899189,
    "cen_accuracy": 0.67325
  },
  "44": {
    "cen_loss": 1.1813102193176745,
    "cen_accuracy": 0.673625
  },
  "45": {
    "cen_loss": 1.2020208540558814,
    "cen_accuracy": 0.659875
  },
  "46": {
    "cen_loss": 1.170527068555355,
    "cen_accuracy": 0.667
  },
  "47": {
    "cen_loss": 1.0720950821042061,
    "cen_accuracy": 0.693
  },
  "48": {
    "cen_loss": 1.1388122025728227,
    "cen_accuracy": 0.682375
  },
  "49": {
    "cen_loss": 1.1353614168167114,
    "cen_accuracy": 0.676125
  },
  "50": {
    "cen_loss": 1.2066547066867352,
    "cen_accuracy": 0.668875
  },
  "51": {
    "cen_loss": 1.0648806853890418,
    "cen_accuracy": 0.69875
  },
  "52": {
    "cen_loss": 1.0788730261772872,
    "cen_accuracy": 0.698375
  },
  "53": {
    "cen_loss": 1.0721487349122762,
    "cen_accuracy": 0.697375
  },
  "54": {
    "cen_loss": 1.0385286162495613,
    "cen_accuracy": 0.698625
  },
  "55": {
    "cen_loss": 1.067943530589342,
    "cen_accuracy": 0.69525
  },
  "56": {
    "cen_loss": 1.1152018762230873,
    "cen_accuracy": 0.69175
  },
  "57": {
    "cen_loss": 1.1336621329337357,
    "cen_accuracy": 0.690625
  },
  "58": {
    "cen_loss": 0.994904138803482,
    "cen_accuracy": 0.708875
  },
  "59": {
    "cen_loss": 1.0742766744792462,
    "cen_accuracy": 0.702875
  },
  "60": {
    "cen_loss": 1.1071606664061546,
    "cen_accuracy": 0.703375
  },
  "61": {
    "cen_loss": 1.0940564888715745,
    "cen_accuracy": 0.69975
  },
  "62": {
    "cen_loss": 1.0282227973043918,
    "cen_accuracy": 0.699875
  },
  "63": {
    "cen_loss": 1.0620228704214096,
    "cen_accuracy": 0.698625
  },
  "64": {
    "cen_loss": 1.0634133367538452,
    "cen_accuracy": 0.70025
  },
  "65": {
    "cen_loss": 1.0478356644809246,
    "cen_accuracy": 0.703
  },
  "66": {
    "cen_loss": 0.9592199194729328,
    "cen_accuracy": 0.717
  },
  "67": {
    "cen_loss": 1.026562999561429,
    "cen_accuracy": 0.70625
  },
  "68": {
    "cen_loss": 1.0317393755316735,
    "cen_accuracy": 0.705875
  },
  "69": {
    "cen_loss": 0.9772511422634125,
    "cen_accuracy": 0.720375
  },
  "70": {
    "cen_loss": 1.0532427359968424,
    "cen_accuracy": 0.712625
  },
  "71": {
    "cen_loss": 1.0210477855950595,
    "cen_accuracy": 0.715
  },
  "72": {
    "cen_loss": 1.0025442153811455,
    "cen_accuracy": 0.7115
  },
  "73": {
    "cen_loss": 0.9323002396821976,
    "cen_accuracy": 0.72625
  },
  "74": {
    "cen_loss": 0.9335231002718211,
    "cen_accuracy": 0.730125
  },
  "75": {
    "cen_loss": 1.037712410196662,
    "cen_accuracy": 0.700875
  },
  "76": {
    "cen_loss": 0.9757619696855545,
    "cen_accuracy": 0.714875
  },
  "77": {
    "cen_loss": 0.9662994465082884,
    "cen_accuracy": 0.72025
  },
  "78": {
    "cen_loss": 0.9702945820242167,
    "cen_accuracy": 0.716125
  },
  "79": {
    "cen_loss": 0.994839279577136,
    "cen_accuracy": 0.7205
  },
  "80": {
    "cen_loss": 1.0199783067405224,
    "cen_accuracy": 0.7155
  },
  "81": {
    "cen_loss": 0.9881259071230888,
    "cen_accuracy": 0.726625
  },
  "82": {
    "cen_loss": 1.0219448248147964,
    "cen_accuracy": 0.7235
  },
  "83": {
    "cen_loss": 0.9886354091465474,
    "cen_accuracy": 0.719125
  },
  "84": {
    "cen_loss": 0.9539190828353167,
    "cen_accuracy": 0.723375
  },
  "85": {
    "cen_loss": 0.9158799710571766,
    "cen_accuracy": 0.733625
  },
  "86": {
    "cen_loss": 0.9643770570456982,
    "cen_accuracy": 0.727125
  },
  "87": {
    "cen_loss": 0.9570647452473641,
    "cen_accuracy": 0.719625
  },
  "88": {
    "cen_loss": 0.8862513011097908,
    "cen_accuracy": 0.73725
  },
  "89": {
    "cen_loss": 0.9196532072275877,
    "cen_accuracy": 0.738
  },
  "90": {
    "cen_loss": 0.9459946521893143,
    "cen_accuracy": 0.74025
  },
  "91": {
    "cen_loss": 0.9109831040725112,
    "cen_accuracy": 0.73125
  },
  "92": {
    "cen_loss": 0.9481690689176321,
    "cen_accuracy": 0.73625
  },
  "93": {
    "cen_loss": 0.8761985472813248,
    "cen_accuracy": 0.747625
  },
  "94": {
    "cen_loss": 0.8992265001535416,
    "cen_accuracy": 0.742875
  },
  "95": {
    "cen_loss": 0.9508025003373622,
    "cen_accuracy": 0.73775
  },
  "96": {
    "cen_loss": 0.9196380763277412,
    "cen_accuracy": 0.741125
  },
  "97": {
    "cen_loss": 0.8560792436003685,
    "cen_accuracy": 0.754125
  },
  "98": {
    "cen_loss": 0.9255691725760699,
    "cen_accuracy": 0.736375
  },
  "99": {
    "cen_loss": 0.8816528662070632,
    "cen_accuracy": 0.747625
  },
  "100": {
    "cen_loss": 1.0024030146747827,
    "cen_accuracy": 0.729
  },