{
  "2": {
    "total_mJ": 693392434.5682881,
    "total_ceq": 51.935671530360146,
    "num_expired_thresh": 0,
    "num_depleted": 0,
    "num_transmited_bytes": 21826112
  },
  "3": {
    "total_mJ": 4234734958.65977,
    "total_ceq": 322.23002608629076,
    "num_expired_thresh": 0,
    "num_depleted": 0,
    "num_transmited_bytes": 19841920
  },
  "4": {
    "total_mJ": 1844031928.6395814,
    "total_ceq": 142.1844827579393,
    "num_expired_thresh": 0,
    "num_depleted": 0,
    "num_transmited_bytes": 21826112
  },
  "5": {
    "total_mJ": 823524360.0071894,
    "total_ceq": 61.98996456402629,
    "num_expired_thresh": 0,
    "num_depleted": 0,
    "num_transmited_bytes": 21826112
  },
  "6": {
    "total_mJ": 4245689206.6451325,
    "total_ceq": 324.9046587998179,
    "num_expired_thresh": 0,
    "num_depleted": 0,
    "num_transmited_bytes": 21826112
  },
  "7": {
    "total_mJ": 1395293627.1321714,
    "total_ceq": 104.00783706919425,
    "num_expired_thresh": 0,
    "num_depleted": 0,
    "num_transmited_bytes": 19841920
  },
  "8": {
    "total_mJ": 2421673959.822862,
    "total_ceq": 185.13621812082448,
    "num_expired_thresh": 0,
    "num_depleted": 0,
    "num_transmited_bytes": 21826112
  },
  "9": {
    "total_mJ": 823973195.1449312,
    "total_ceq": 61.98980328232011,
    "num_expired_thresh": 0,
    "num_depleted": 0,
    "num_transmited_bytes": 21826112
  },
  "10": {
    "total_mJ": 2541988062.95581,
    "total_ceq": 189.40364347436136,
    "num_expired_thresh": 0,
    "num_depleted": 0,
    "num_transmited_bytes": 21826112
  },
  "11": {
    "total_mJ": 1463588155.5405655,
    "total_ceq": 109.4831246118023,
    "num_expired_thresh": 0,
    "num_depleted": 0,
    "num_transmited_bytes": 21826112
  },
  "12": {
    "total_mJ": 4305162166.908496,
    "total_ceq": 328.6273551386705,
    "num_expired_thresh": 0,
    "num_depleted": 0,
    "num_transmited_bytes": 19841920
  },
  "13": {
    "total_mJ": 2024738196.5843775,
    "total_ceq": 151.9399163633898,
    "num_expired_thresh": 0,
    "num_depleted": 0,
    "num_transmited_bytes": 21826112
  },
  "14": {
    "total_mJ": 2439137916.393434,
    "total_ceq": 186.67437403508168,
    "num_expired_thresh": 0,
    "num_depleted": 0,
    "num_transmited_bytes": 21826112
  },
  "15": {
    "total_mJ": 2469319813.4477897,
    "total_ceq": 190.06829313230804,
    "num_expired_thresh": 0,
    "num_depleted": 0,
    "num_transmited_bytes": 21826112
  },
  "16": {
    "total_mJ": 1293217477.0186985,
    "total_ceq": 98.27224111000844,
    "num_expired_thresh": 0,
    "num_depleted": 0,
    "num_transmited_bytes": 19841920
  },
  "17": {
    "total_mJ": 2957356837.8276114,
    "total_ceq": 219.59708636678792,
    "num_expired_thresh": 0,
    "num_depleted": 0,
    "num_transmited_bytes": 21826112
  },
  "18": {
    "total_mJ": 712925188.6444151,
    "total_ceq": 54.742924129600276,
    "num_expired_thresh": 0,
    "num_depleted": 0,
    "num_transmited_bytes": 21826112
  },
  "19": {
    "total_mJ": 2424622339.496307,
    "total_ceq": 185.73445515849278,
    "num_expired_thresh": 0,
    "num_depleted": 0,
    "num_transmited_bytes": 19841920
  },
  "20": {
    "total_mJ": 1491185105.030046,
    "total_ceq": 114.00897751366905,
    "num_expired_thresh": 0,
    "num_depleted": 0,
    "num_transmited_bytes": 21826112
  },
  "21": {
    "total_mJ": 2982919168.2024508,
    "total_ceq": 222.33005399533158,
    "num_expired_thresh": 0,
    "num_depleted": 0,
    "num_transmited_bytes": 21826112
  },
  "22": {
    "total_mJ": 920097698.2309868,
    "total_ceq": 70.16411972262782,
    "num_expired_thresh": 0,
    "num_depleted": 0,
    "num_transmited_bytes": 21826112
  },
  "23": {
    "total_mJ": 4268621381.5701866,
    "total_ceq": 323.74200273173784,
    "num_expired_thresh": 0,
    "num_depleted": 0,
    "num_transmited_bytes": 21826112
  },
  "24": {
    "total_mJ": 2432889493.039665,
    "total_ceq": 186.45186966920463,
    "num_expired_thresh": 0,
    "num_depleted": 0,
    "num_transmited_bytes": 21826112
  },
  "25": {
    "total_mJ": 1479533709.9565516,
    "total_ceq": 111.87960526116713,
    "num_expired_thresh": 0,
    "num_depleted": 0,
    "num_transmited_bytes": 21826112
  },
  "26": {
    "total_mJ": 1833176579.6081676,
    "total_ceq": 139.40023934903385,
    "num_expired_thresh": 0,
    "num_depleted": 0,
    "num_transmited_bytes": 21826112
  },
  "27": {
    "total_mJ": 2547748650.536034,
    "total_ceq": 190.27322038658608,
    "num_expired_thresh": 0,
    "num_depleted": 0,
    "num_transmited_bytes": 19841920
  },
  "28": {
    "total_mJ": 4276601176.581574,
    "total_ceq": 323.6994433946137,
    "num_expired_thresh": 0,
    "num_depleted": 0,
    "num_transmited_bytes": 21826112
  },
  "29": {
    "total_mJ": 2039676584.79824,
    "total_ceq": 151.7873458597896,
    "num_expired_thresh": 0,
    "num_depleted": 0,
    "num_transmited_bytes": 21826112
  },
  "30": {
    "total_mJ": 1856569324.1439865,
    "total_ceq": 143.7252665357865,
    "num_expired_thresh": 0,
    "num_depleted": 0,
    "num_transmited_bytes": 21826112
  },
  "31": {
    "total_mJ": 1651993670.199995,
    "total_ceq": 124.44097356092077,
    "num_expired_thresh": 0,
    "num_depleted": 0,
    "num_transmited_bytes": 21826112
  },
  "32": {
    "total_mJ": 2956569880.117473,
    "total_ceq": 223.6112130086508,
    "num_expired_thresh": 0,
    "num_depleted": 0,
    "num_transmited_bytes": 21826112
  },
  "33": {
    "total_mJ": 2031513883.2562907,
    "total_ceq": 153.1288340828276,
    "num_expired_thresh": 0,
    "num_depleted": 0,
    "num_transmited_bytes": 21826112
  },
  "34": {
    "total_mJ": 315075210.2695266,
    "total_ceq": 24.031383247419914,
    "num_expired_thresh": 0,
    "num_depleted": 0,
    "num_transmited_bytes": 21826112
  },
  "35": {
    "total_mJ": 1831514034.6858535,
    "total_ceq": 140.5237949600361,
    "num_expired_thresh": 0,
    "num_depleted": 0,
    "num_transmited_bytes": 21826112
  },
  "36": {
    "total_mJ": 4239994653.029665,
    "total_ceq": 323.8034913866261,
    "num_expired_thresh": 0,
    "num_depleted": 0,
    "num_transmited_bytes": 21826112
  },
  "37": {
    "total_mJ": 783501126.6396646,
    "total_ceq": 60.56595703834212,
    "num_expired_thresh": 0,
    "num_depleted": 0,
    "num_transmited_bytes": 21826112
  },
  "38": {
    "total_mJ": 1651858803.1421776,
    "total_ceq": 125.30416859305241,
    "num_expired_thresh": 0,
    "num_depleted": 0,
    "num_transmited_bytes": 21826112
  },
  "39": {
    "total_mJ": 952167697.9010786,
    "total_ceq": 73.79275778222392,
    "num_expired_thresh": 0,
    "num_depleted": 0,
    "num_transmited_bytes": 21826112
  },
  "40": {
    "total_mJ": 2041637520.5217948,
    "total_ceq": 154.36193053136563,
    "num_expired_thresh": 0,
    "num_depleted": 0,
    "num_transmited_bytes": 21826112
  },
  "41": {
    "total_mJ": 2611482280.794206,
    "total_ceq": 192.684980379011,
    "num_expired_thresh": 0,
    "num_depleted": 0,
    "num_transmited_bytes": 21826112
  },
  "42": {
    "total_mJ": 1316712230.4966602,
    "total_ceq": 100.489980708561,
    "num_expired_thresh": 0,
    "num_depleted": 0,
    "num_transmited_bytes": 21826112
  },
  "43": {
    "total_mJ": 2966058639.7684317,
    "total_ceq": 224.24751047580986,
    "num_expired_thresh": 0,
    "num_depleted": 0,
    "num_transmited_bytes": 21826112
  },
  "44": {
    "total_mJ": 2024851829.4049177,
    "total_ceq": 152.28140744263595,
    "num_expired_thresh": 0,
    "num_depleted": 0,
    "num_transmited_bytes": 21826112
  },
  "45": {
    "total_mJ": 2577605250.479186,
    "total_ceq": 194.17155570930004,
    "num_expired_thresh": 0,
    "num_depleted": 0,
    "num_transmited_bytes": 21826112
  },
  "46": {
    "total_mJ": 2937527682.232866,
    "total_ceq": 220.79081889837644,
    "num_expired_thresh": 0,
    "num_depleted": 0,
    "num_transmited_bytes": 21826112
  },
  "47": {
    "total_mJ": 1403534074.3497334,
    "total_ceq": 106.10095289289829,