{
  "2": {
    "total_mJ": 917949022.1892252,
    "total_ceq": 69.75730212569965,
    "num_expired_thresh": 0,
    "num_depleted": 0,
    "num_transmited_bytes": 429442944,
    "num_participants": 10
  },
  "3": {
    "total_mJ": 1047805426.8155242,
    "total_ceq": 79.83828731846727,
    "num_expired_thresh": 0,
    "num_depleted": 0,
    "num_transmited_bytes": 429442944,
    "num_participants": 10
  },
  "4": {
    "total_mJ": 797481302.6339834,
    "total_ceq": 61.08959412802449,
    "num_expired_thresh": 0,
    "num_depleted": 0,
    "num_transmited_bytes": 429442944,
    "num_participants": 10
  },
  "5": {
    "total_mJ": 938918441.0409554,
    "total_ceq": 70.3550641966697,
    "num_expired_thresh": 0,
    "num_depleted": 0,
    "num_transmited_bytes": 429442944,
    "num_participants": 10
  },
  "6": {
    "total_mJ": 794559667.654571,
    "total_ceq": 59.98144555490393,
    "num_expired_thresh": 0,
    "num_depleted": 0,
    "num_transmited_bytes": 429442944,
    "num_participants": 10
  },
  "7": {
    "total_mJ": 1029973224.6094384,
    "total_ceq": 78.65412555305488,
    "num_expired_thresh": 0,
    "num_depleted": 0,
    "num_transmited_bytes": 429442944,
    "num_participants": 10
  },
  "8": {
    "total_mJ": 838478903.9588901,
    "total_ceq": 63.552196790304365,
    "num_expired_thresh": 0,
    "num_depleted": 0,
    "num_transmited_bytes": 429442944,
    "num_participants": 10
  },
  "9": {
    "total_mJ": 826659256.0598557,
    "total_ceq": 61.834550884924774,
    "num_expired_thresh": 0,
    "num_depleted": 0,
    "num_transmited_bytes": 429442944,
    "num_participants": 10
  },
  "10": {
    "total_mJ": 938727733.9899309,
    "total_ceq": 71.1047492270515,
    "num_expired_thresh": 0,
    "num_depleted": 0,
    "num_transmited_bytes": 429442944,
    "num_participants": 10
  },
  "11": {
    "total_mJ": 940348908.0177712,
    "total_ceq": 71.29944782697198,
    "num_expired_thresh": 0,
    "num_depleted": 0,
    "num_transmited_bytes": 429442944,
    "num_participants": 10
  },
  "12": {
    "total_mJ": 581427649.7545055,
    "total_ceq": 43.41663273273699,
    "num_expired_thresh": 0,
    "num_depleted": 0,
    "num_transmited_bytes": 429442944,
    "num_participants": 10
  },
  "13": {
    "total_mJ": 630113635.094727,
    "total_ceq": 47.200933982617094,
    "num_expired_thresh": 0,
    "num_depleted": 0,
    "num_transmited_bytes": 429442944,
    "num_participants": 10
  },
  "14": {
    "total_mJ": 653164206.668142,
    "total_ceq": 49.52911064559862,
    "num_expired_thresh": 0,
    "num_depleted": 0,
    "num_transmited_bytes": 429442944,
    "num_participants": 10
  },
  "15": {
    "total_mJ": 808236073.6764536,
    "total_ceq": 61.38651794167459,
    "num_expired_thresh": 0,
    "num_depleted": 0,
    "num_transmited_bytes": 429442944,
    "num_participants": 10
  },
  "16": {
    "total_mJ": 786102617.7047979,
    "total_ceq": 58.495044295246196,
    "num_expired_thresh": 0,
    "num_depleted": 0,
    "num_transmited_bytes": 429442944,
    "num_participants": 10
  },
  "17": {
    "total_mJ": 800722328.472945,
    "total_ceq": 60.00029268750462,
    "num_expired_thresh": 0,
    "num_depleted": 0,
    "num_transmited_bytes": 429442944,
    "num_participants": 10
  },
  "18": {
    "total_mJ": 887824899.6354216,
    "total_ceq": 66.76770627753561,
    "num_expired_thresh": 0,
    "num_depleted": 0,
    "num_transmited_bytes": 429442944,
    "num_participants": 10
  },
  "19": {
    "total_mJ": 771904410.869791,
    "total_ceq": 58.57457911408017,
    "num_expired_thresh": 0,
    "num_depleted": 0,
    "num_transmited_bytes": 429442944,
    "num_participants": 10
  },
  "20": {
    "total_mJ": 1015184424.0025568,
    "total_ceq": 76.93232586168457,
    "num_expired_thresh": 0,
    "num_depleted": 0,
    "num_transmited_bytes": 429442944,
    "num_participants": 10
  },
  "21": {
    "total_mJ": 842090397.9132615,
    "total_ceq": 63.578489729312416,
    "num_expired_thresh": 0,
    "num_depleted": 0,
    "num_transmited_bytes": 429442944,
    "num_participants": 10
  },
  "22": {
    "total_mJ": 844796960.1078956,
    "total_ceq": 64.56783744465187,
    "num_expired_thresh": 0,
    "num_depleted": 0,
    "num_transmited_bytes": 429442944,
    "num_participants": 10
  },
  "23": {
    "total_mJ": 786398228.8116405,
    "total_ceq": 59.218297127582076,
    "num_expired_thresh": 0,
    "num_depleted": 0,
    "num_transmited_bytes": 429442944,
    "num_participants": 10
  },
  "24": {
    "total_mJ": 1015063823.7428483,
    "total_ceq": 76.33162467935746,
    "num_expired_thresh": 0,
    "num_depleted": 0,
    "num_transmited_bytes": 429442944,
    "num_participants": 10
  },
  "25": {
    "total_mJ": 876042720.0406735,
    "total_ceq": 66.57061315558803,
    "num_expired_thresh": 0,
    "num_depleted": 0,
    "num_transmited_bytes": 429442944,
    "num_participants": 10
  },
  "26": {
    "total_mJ": 744438200.8751096,
    "total_ceq": 56.59408629377284,
    "num_expired_thresh": 0,
    "num_depleted": 0,
    "num_transmited_bytes": 429442944,
    "num_participants": 10
  },
  "27": {
    "total_mJ": 713460586.5675511,
    "total_ceq": 52.92808659287601,
    "num_expired_thresh": 0,
    "num_depleted": 0,
    "num_transmited_bytes": 429442944,
    "num_participants": 10
  },
  "28": {
    "total_mJ": 910908517.6956601,
    "total_ceq": 69.06411483000679,
    "num_expired_thresh": 0,
    "num_depleted": 0,
    "num_transmited_bytes": 429442944,
    "num_participants": 10
  },
  "29": {
    "total_mJ": 918157594.746584,
    "total_ceq": 69.71200296428178,
    "num_expired_thresh": 0,
    "num_depleted": 0,
    "num_transmited_bytes": 429442944,
    "num_participants": 10
  },
  "30": {
    "total_mJ": 790458639.8310463,
    "total_ceq": 59.97309069254771,
    "num_expired_thresh": 0,
    "num_depleted": 0,
    "num_transmited_bytes": 429442944,
    "num_participants": 10
  },
  "31": {
    "total_mJ": 850597875.858284,
    "total_ceq": 64.16426689754293,
    "num_expired_thresh": 0,
    "num_depleted": 0,
    "num_transmited_bytes": 429442944,
    "num_participants": 10
  },
  "32": {
    "total_mJ": 752965060.2675824,
    "total_ceq": 56.66995687101855,
    "num_expired_thresh": 0,
    "num_depleted": 0,
    "num_transmited_bytes": 429442944,
    "num_participants": 10
  },
  "33": {
    "total_mJ": 791885369.0374953,
    "total_ceq": 59.59912061239276,
    "num_expired_thresh": 0,
    "num_depleted": 0,
    "num_transmited_bytes": 429442944,
    "num_participants": 10
  },
  "34": {
    "total_mJ": 994287891.6573635,
    "total_ceq": 75.74186624154487,
    "num_expired_thresh": 0,
    "num_depleted": 0,
    "num_transmited_bytes": 429442944,
    "num_participants": 10
  },
  "35": {
    "total_mJ": 782210625.5032413,
    "total_ceq": 59.08904775310165,
    "num_expired_thresh": 0,
    "num_depleted": 0,
    "num_transmited_bytes": 429442944,
    "num_participants": 10
  },
  "36": {
    "total_mJ": 804826702.7434543,
    "total_ceq": 61.539558117073504,
    "num_expired_thresh": 0,
    "num_depleted": 0,
    "num_transmited_bytes": 429442944,
    "num_participants": 10
  },
  "37": {
    "total_mJ": 826353924.0085139,
    "total_ceq": 61.3016525854638,
    "num_expired_thresh": 0,
    "num_depleted": 0,
    "num_transmited_bytes": 429442944,
    "num_participants": 10
  },
  "38": {
    "total_mJ": 832949984.0475072,
    "total_ceq": 63.19428039046941,
    "num_expired_thresh": 0,
    "num_depleted": 0,
    "num_transmited_bytes": 429442944,
    "num_participants": 10
  },
  "39": {
    "total_mJ": 1025433113.146115,
    "total_ceq": 77.19276677658476,
    "num_expired_thresh": 0,
    "num_depleted": 0,
    "num_transmited_bytes": 429442944,
    "num_participants": 10
  },
  "40": {
    "total_mJ": 846478489.9408752,
    "total_ceq": 64.26290378993974,
    "num_expired_thresh": 0,
    "num_depleted": 0,
    "num_transmited_bytes": 429442944,
    "num_participants": 10
  },
  "41": {
    "total_mJ": 920804420.5309914,