{
  "0": {
    "cen_loss": 2.3027041506767274,
    "cen_accuracy": 0.101375
  },
  "1": {
    "cen_loss": 2.3027041506767274,
    "cen_accuracy": 0.101375
  },
  "2": {
    "cen_loss": 3.0615376601219175,
    "cen_accuracy": 0.098625
  },
  "3": {
    "cen_loss": 3.034499011516571,
    "cen_accuracy": 0.098625
  },
  "4": {
    "cen_loss": 4.362051484107972,
    "cen_accuracy": 0.0985
  },
  "5": {
    "cen_loss": 5.1951727771759035,
    "cen_accuracy": 0.099
  },
  "6": {
    "cen_loss": 3.1923010268211365,
    "cen_accuracy": 0.096375
  },
  "7": {
    "cen_loss": 4.723147652626038,
    "cen_accuracy": 0.10125
  },
  "8": {
    "cen_loss": 2.6358589804172516,
    "cen_accuracy": 0.148125
  },
  "9": {
    "cen_loss": 2.4443417234420775,
    "cen_accuracy": 0.23775
  },
  "10": {
    "cen_loss": 3.944292558670044,
    "cen_accuracy": 0.188625
  },
  "11": {
    "cen_loss": 2.7526864023208617,
    "cen_accuracy": 0.201375
  },
  "12": {
    "cen_loss": 4.639263123512268,
    "cen_accuracy": 0.1385
  },
  "13": {
    "cen_loss": 1.9090176656246185,
    "cen_accuracy": 0.32325
  },
  "14": {
    "cen_loss": 3.3631315155029298,
    "cen_accuracy": 0.17725
  },
  "15": {
    "cen_loss": 2.8176693592071533,
    "cen_accuracy": 0.27175
  },
  "16": {
    "cen_loss": 2.1614221851825715,
    "cen_accuracy": 0.31575
  },
  "17": {
    "cen_loss": 2.5428679184913636,
    "cen_accuracy": 0.318
  },
  "18": {
    "cen_loss": 2.5197789142131803,
    "cen_accuracy": 0.28
  },
  "19": {
    "cen_loss": 1.8972112612724303,
    "cen_accuracy": 0.330125
  },
  "20": {
    "cen_loss": 3.0625862493515013,
    "cen_accuracy": 0.27275
  },
  "21": {
    "cen_loss": 1.4110129854679108,
    "cen_accuracy": 0.491875
  },
  "22": {
    "cen_loss": 2.414221321463585,
    "cen_accuracy": 0.34475
  },
  "23": {
    "cen_loss": 1.6612200937271118,
    "cen_accuracy": 0.446375
  },
  "24": {
    "cen_loss": 2.6551953029632567,
    "cen_accuracy": 0.314875
  },
  "25": {
    "cen_loss": 2.0606240223646166,
    "cen_accuracy": 0.4195
  },
  "26": {
    "cen_loss": 1.7031018331050873,
    "cen_accuracy": 0.500125
  },
  "27": {
    "cen_loss": 3.2493085877895354,
    "cen_accuracy": 0.299625
  },
  "28": {
    "cen_loss": 2.032562876343727,
    "cen_accuracy": 0.4275
  },
  "29": {
    "cen_loss": 1.6376586208343507,
    "cen_accuracy": 0.510125
  },
  "30": {
    "cen_loss": 1.660943585395813,
    "cen_accuracy": 0.524625
  },
  "31": {
    "cen_loss": 2.0419333699941635,
    "cen_accuracy": 0.431875
  },
  "32": {
    "cen_loss": 1.403011643886566,
    "cen_accuracy": 0.5405
  },
  "33": {
    "cen_loss": 2.069786508321762,
    "cen_accuracy": 0.41825
  },
  "34": {
    "cen_loss": 1.2830930263400078,
    "cen_accuracy": 0.565
  },
  "35": {
    "cen_loss": 1.5925895894765854,
    "cen_accuracy": 0.50525
  },
  "36": {
    "cen_loss": 1.8155535591840744,
    "cen_accuracy": 0.462625
  },
  "37": {
    "cen_loss": 1.8625871105194092,
    "cen_accuracy": 0.459625
  },
  "38": {
    "cen_loss": 1.922699464559555,
    "cen_accuracy": 0.51025
  },
  "39": {
    "cen_loss": 1.0295731989145278,
    "cen_accuracy": 0.6615
  },
  "40": {
    "cen_loss": 1.1633432492613793,
    "cen_accuracy": 0.640125
  },
  "41": {
    "cen_loss": 1.568643193602562,
    "cen_accuracy": 0.52775
  },
  "42": {
    "cen_loss": 1.372705229461193,
    "cen_accuracy": 0.592625
  },
  "43": {
    "cen_loss": 1.373918847322464,
    "cen_accuracy": 0.5925
  },
  "44": {
    "cen_loss": 1.3877221007347107,
    "cen_accuracy": 0.58625
  },
  "45": {
    "cen_loss": 2.125567223072052,
    "cen_accuracy": 0.351875
  },
  "46": {
    "cen_loss": 1.5307001417279245,
    "cen_accuracy": 0.52925
  },
  "47": {
    "cen_loss": 1.3886803548634052,
    "cen_accuracy": 0.61125
  },
  "48": {
    "cen_loss": 2.0295363112688065,
    "cen_accuracy": 0.423375
  },
  "49": {
    "cen_loss": 1.428793317914009,
    "cen_accuracy": 0.518
  },
  "50": {
    "cen_loss": 1.7437340691089631,
    "cen_accuracy": 0.487
  },
  "51": {
    "cen_loss": 2.0319179564714434,
    "cen_accuracy": 0.4745
  },
  "52": {
    "cen_loss": 1.5821663328409195,
    "cen_accuracy": 0.517
  },
  "53": {
    "cen_loss": 1.1695103302001952,
    "cen_accuracy": 0.63475
  },
  "54": {
    "cen_loss": 1.073945596575737,
    "cen_accuracy": 0.624375
  },
  "55": {
    "cen_loss": 0.9577483598291874,
    "cen_accuracy": 0.68275
  },
  "56": {
    "cen_loss": 0.9622312433719635,
    "cen_accuracy": 0.676125
  },
  "57": {
    "cen_loss": 1.2120473012924193,
    "cen_accuracy": 0.63425
  },
  "58": {
    "cen_loss": 1.7065561565756797,
    "cen_accuracy": 0.526375
  },
  "59": {
    "cen_loss": 1.1597739475369453,
    "cen_accuracy": 0.609875
  },
  "60": {
    "cen_loss": 1.3622055263519288,
    "cen_accuracy": 0.58775
  },
  "61": {
    "cen_loss": 1.159594891667366,
    "cen_accuracy": 0.65
  },
  "62": {
    "cen_loss": 1.2467067009210586,
    "cen_accuracy": 0.6225
  },
  "63": {
    "cen_loss": 1.3651402112245559,
    "cen_accuracy": 0.541625
  },
  "64": {
    "cen_loss": 1.3394784891605378,
    "cen_accuracy": 0.63375
  },
  "65": {
    "cen_loss": 1.0769326164722444,
    "cen_accuracy": 0.6195
  },
  "66": {
    "cen_loss": 0.9914832035899163,
    "cen_accuracy": 0.656875
  },
  "67": {
    "cen_loss": 1.0741899049580097,
    "cen_accuracy": 0.66775
  },
  "68": {
    "cen_loss": 1.293669372320175,
    "cen_accuracy": 0.5835
  },
  "69": {
    "cen_loss": 0.9501097974181175,
    "cen_accuracy": 0.67525
  },
  "70": {
    "cen_loss": 1.1186551783680916,
    "cen_accuracy": 0.623125
  },
  "71": {
    "cen_loss": 1.6521998928785324,
    "cen_accuracy": 0.528
  },
  "72": {
    "cen_loss": 1.0925369818806647,
    "cen_accuracy": 0.66925
  },
  "73": {
    "cen_loss": 1.4359473884701728,
    "cen_accuracy": 0.564625
  },
  "74": {
    "cen_loss": 1.43000365999341,
    "cen_accuracy": 0.63125
  },
  "75": {
    "cen_loss": 1.0451019557416439,
    "cen_accuracy": 0.651625
  },
  "76": {
    "cen_loss": 1.4056056079864503,
    "cen_accuracy": 0.5485
  },
  "77": {
    "cen_loss": 1.0686259285807609,
    "cen_accuracy": 0.6495
  },
  "78": {
    "cen_loss": 1.4755043267011643,
    "cen_accuracy": 0.533625
  },
  "79": {
    "cen_loss": 1.4032046808600425,
    "cen_accuracy": 0.628875
  },
  "80": {
    "cen_loss": 1.5191322373747826,
    "cen_accuracy": 0.637875
  },
  "81": {
    "cen_loss": 1.2078020494878292,
    "cen_accuracy": 0.665875
  },
  "82": {
    "cen_loss": 1.1028480380177499,
    "cen_accuracy": 0.65825
  },
  "83": {
    "cen_loss": 0.9656255250573158,
    "cen_accuracy": 0.67625
  },
  "84": {
    "cen_loss": 0.9922410725355149,
    "cen_accuracy": 0.638375
  },
  "85": {
    "cen_loss": 1.091967621922493,
    "cen_accuracy": 0.678875
  },
  "86": {
    "cen_loss": 1.1204842175245284,
    "cen_accuracy": 0.658375
  },
  "87": {
    "cen_loss": 1.2537865260243415,
    "cen_accuracy": 0.6335
  },
  "88": {
    "cen_loss": 0.9629121088385582,
    "cen_accuracy": 0.674125
  },
  "89": {
    "cen_loss": 1.1517973336577416,
    "cen_accuracy": 0.600625
  },
  "90": {
    "cen_loss": 1.4653757809996606,
    "cen_accuracy": 0.5345
  },
  "91": {
    "cen_loss": 1.3699363851249218,
    "cen_accuracy": 0.61725
  },
  "92": {
    "cen_loss": 1.232397581577301,
    "cen_accuracy": 0.611875
  },
  "93": {
    "cen_loss": 0.9969780298471451,
    "cen_accuracy": 0.6835
  },
  "94": {
    "cen_loss": 1.3222956514358521,
    "cen_accuracy": 0.646125
  },
  "95": {
    "cen_loss": 1.3400475181937217,
    "cen_accuracy": 0.59625
  },
  "96": {
    "cen_loss": 1.049906151264906,
    "cen_accuracy": 0.6785
  },
  "97": {
    "cen_loss": 0.7797430396974087,
    "cen_accuracy": 0.73075
  },
  "98": {
    "cen_loss": 1.2059901429861783,
    "cen_accuracy": 0.6795
  },
  "99": {
    "cen_loss": 1.0348900840878488,
    "cen_accuracy": 0.655125
  },
  "100": {
    "cen_loss": 1.4860852229595185,
    "cen_accuracy": 0.5625
  },
  "101": {
    "cen_loss": 1.3207912098169328,