{
  "0": {
    "cen_loss": 2.3019716558456422,
    "cen_accuracy": 0.1
  },
  "1": {
    "cen_loss": 2.3019716558456422,
    "cen_accuracy": 0.1
  },
  "2": {
    "cen_loss": 2.4792126660346985,
    "cen_accuracy": 0.0995
  },
  "3": {
    "cen_loss": 3.755659431219101,
    "cen_accuracy": 0.1005
  },
  "4": {
    "cen_loss": 4.672343182563782,
    "cen_accuracy": 0.116375
  },
  "5": {
    "cen_loss": 4.698062801837922,
    "cen_accuracy": 0.105625
  },
  "6": {
    "cen_loss": 3.408368511199951,
    "cen_accuracy": 0.152125
  },
  "7": {
    "cen_loss": 3.307640117883682,
    "cen_accuracy": 0.1915
  },
  "8": {
    "cen_loss": 3.322622581958771,
    "cen_accuracy": 0.1615
  },
  "9": {
    "cen_loss": 2.841698667526245,
    "cen_accuracy": 0.275625
  },
  "10": {
    "cen_loss": 2.0348356182575227,
    "cen_accuracy": 0.478625
  },
  "11": {
    "cen_loss": 2.481481454253197,
    "cen_accuracy": 0.346875
  },
  "12": {
    "cen_loss": 2.7151383244991303,
    "cen_accuracy": 0.372125
  },
  "13": {
    "cen_loss": 2.142123094320297,
    "cen_accuracy": 0.44825
  },
  "14": {
    "cen_loss": 2.2113839875459673,
    "cen_accuracy": 0.459875
  },
  "15": {
    "cen_loss": 2.1770256716012955,
    "cen_accuracy": 0.4855
  },
  "16": {
    "cen_loss": 1.8572923346161843,
    "cen_accuracy": 0.529625
  },
  "17": {
    "cen_loss": 1.64878173071146,
    "cen_accuracy": 0.564125
  },
  "18": {
    "cen_loss": 1.7773294707536698,
    "cen_accuracy": 0.546875
  },
  "19": {
    "cen_loss": 1.8215409051179885,
    "cen_accuracy": 0.561375
  },
  "20": {
    "cen_loss": 1.6625938698649407,
    "cen_accuracy": 0.623625
  },
  "21": {
    "cen_loss": 2.0413104204535486,
    "cen_accuracy": 0.548875
  },
  "22": {
    "cen_loss": 1.8024508825838566,
    "cen_accuracy": 0.60825
  },
  "23": {
    "cen_loss": 1.5432261284589768,
    "cen_accuracy": 0.617
  },
  "24": {
    "cen_loss": 2.0533638433814048,
    "cen_accuracy": 0.562
  },
  "25": {
    "cen_loss": 1.48122251150012,
    "cen_accuracy": 0.637875
  },
  "26": {
    "cen_loss": 1.8099545817375182,
    "cen_accuracy": 0.5965
  },
  "27": {
    "cen_loss": 1.855853940039873,
    "cen_accuracy": 0.62425
  },
  "28": {
    "cen_loss": 2.111517079412937,
    "cen_accuracy": 0.612625
  },
  "29": {
    "cen_loss": 1.61936634016037,
    "cen_accuracy": 0.653375
  },
  "30": {
    "cen_loss": 2.19000560439378,
    "cen_accuracy": 0.681
  },
  "31": {
    "cen_loss": 1.489044052273035,
    "cen_accuracy": 0.643375
  },
  "32": {
    "cen_loss": 1.5272087271213532,
    "cen_accuracy": 0.6505
  },
  "33": {
    "cen_loss": 1.689412189722061,
    "cen_accuracy": 0.646625
  },
  "34": {
    "cen_loss": 1.5231708833575248,
    "cen_accuracy": 0.6755
  },
  "35": {
    "cen_loss": 1.7137040481567383,
    "cen_accuracy": 0.665375
  },
  "36": {
    "cen_loss": 2.0613777789995074,
    "cen_accuracy": 0.673875
  },
  "37": {
    "cen_loss": 1.572550535917282,
    "cen_accuracy": 0.663875
  },
  "38": {
    "cen_loss": 1.8986507278680802,
    "cen_accuracy": 0.651875
  },
  "39": {
    "cen_loss": 1.8997342717647552,
    "cen_accuracy": 0.693625
  },
  "40": {
    "cen_loss": 1.8057206205539404,
    "cen_accuracy": 0.701375
  },
  "41": {
    "cen_loss": 1.4070976529791952,
    "cen_accuracy": 0.687375
  },
  "42": {
    "cen_loss": 1.5984461593031882,
    "cen_accuracy": 0.662625
  },
  "43": {
    "cen_loss": 1.8661543943881989,
    "cen_accuracy": 0.67975
  },
  "44": {
    "cen_loss": 1.4671773327291011,
    "cen_accuracy": 0.68625
  },
  "45": {
    "cen_loss": 1.296514201976359,
    "cen_accuracy": 0.709875
  },
  "46": {
    "cen_loss": 1.2374996960647404,
    "cen_accuracy": 0.71225
  },
  "47": {
    "cen_loss": 1.2697554797753692,
    "cen_accuracy": 0.71
  },
  "48": {
    "cen_loss": 1.2511997406631707,
    "cen_accuracy": 0.708125
  },
  "49": {
    "cen_loss": 1.2228219712376593,
    "cen_accuracy": 0.72125
  },
  "50": {
    "cen_loss": 1.9539382052645087,
    "cen_accuracy": 0.721625
  },
  "51": {
    "cen_loss": 1.2072889405936003,
    "cen_accuracy": 0.727875
  },
  "52": {
    "cen_loss": 1.8763087661862374,
    "cen_accuracy": 0.705125
  },
  "53": {
    "cen_loss": 1.3314716073274613,
    "cen_accuracy": 0.7285
  },
  "54": {
    "cen_loss": 1.6525143919475376,
    "cen_accuracy": 0.724625
  },
  "55": {
    "cen_loss": 1.5607166827842593,
    "cen_accuracy": 0.7235
  },
  "56": {
    "cen_loss": 1.3944925437867641,
    "cen_accuracy": 0.71
  },
  "57": {
    "cen_loss": 2.0383451958559453,
    "cen_accuracy": 0.713875
  },
  "58": {
    "cen_loss": 1.2093043371960521,
    "cen_accuracy": 0.730875
  },
  "59": {
    "cen_loss": 1.6259204624444246,
    "cen_accuracy": 0.728125
  },
  "60": {
    "cen_loss": 1.6665585610773415,
    "cen_accuracy": 0.744375
  },
  "61": {
    "cen_loss": 1.2646463796831668,
    "cen_accuracy": 0.742625
  },
  "62": {
    "cen_loss": 1.8253776836562903,
    "cen_accuracy": 0.727
  },
  "63": {
    "cen_loss": 1.421643772482872,
    "cen_accuracy": 0.734875
  },
  "64": {
    "cen_loss": 1.758675090616569,
    "cen_accuracy": 0.716125
  },
  "65": {
    "cen_loss": 1.5435498477369547,
    "cen_accuracy": 0.75025
  },
  "66": {
    "cen_loss": 1.7401205784790217,
    "cen_accuracy": 0.745375
  },
  "67": {
    "cen_loss": 1.3071702202782034,
    "cen_accuracy": 0.743625
  },
  "68": {
    "cen_loss": 1.5519612446110695,
    "cen_accuracy": 0.736
  },
  "69": {
    "cen_loss": 1.4420000601485372,
    "cen_accuracy": 0.75375
  },
  "70": {
    "cen_loss": 2.1722290780041367,
    "cen_accuracy": 0.75575
  },
  "71": {
    "cen_loss": 1.2491191686429084,
    "cen_accuracy": 0.74575
  },
  "72": {
    "cen_loss": 1.9019022873612121,
    "cen_accuracy": 0.74575
  },
  "73": {
    "cen_loss": 1.6636747081638315,
    "cen_accuracy": 0.7465
  },
  "74": {
    "cen_loss": 1.665595433616545,
    "cen_accuracy": 0.7415
  },
  "75": {
    "cen_loss": 1.6847383237071336,
    "cen_accuracy": 0.746125
  },
  "76": {
    "cen_loss": 1.5362106078173965,
    "cen_accuracy": 0.754
  },
  "77": {
    "cen_loss": 1.975427356177941,
    "cen_accuracy": 0.75075
  },
  "78": {
    "cen_loss": 1.5865860619116574,
    "cen_accuracy": 0.73925
  },
  "79": {
    "cen_loss": 2.0487574136317708,
    "cen_accuracy": 0.741375
  },
  "80": {
    "cen_loss": 2.019692669375334,
    "cen_accuracy": 0.75475
  },
  "81": {
    "cen_loss": 1.6920446016797797,
    "cen_accuracy": 0.728375
  },
  "82": {
    "cen_loss": 1.5076861457042396,
    "cen_accuracy": 0.75
  },
  "83": {
    "cen_loss": 1.5701540566384793,
    "cen_accuracy": 0.744875
  },
  "84": {
    "cen_loss": 1.3061228417940438,
    "cen_accuracy": 0.75825
  },
  "85": {
    "cen_loss": 1.0871468890421092,
    "cen_accuracy": 0.769875
  },
  "86": {
    "cen_loss": 1.3311010271199049,
    "cen_accuracy": 0.771625
  },
  "87": {
    "cen_loss": 1.1534749968005344,
    "cen_accuracy": 0.75775
  },
  "88": {
    "cen_loss": 1.110226917311549,
    "cen_accuracy": 0.76125
  },
  "89": {
    "cen_loss": 0.978021846441552,
    "cen_accuracy": 0.763
  },
  "90": {
    "cen_loss": 1.4682736568320542,
    "cen_accuracy": 0.76175
  },
  "91": {
    "cen_loss": 1.2749720285348594,
    "cen_accuracy": 0.772375
  },
  "92": {
    "cen_loss": 1.489654754973948,
    "cen_accuracy": 0.759125
  },
  "93": {
    "cen_loss": 1.2004352862499654,
    "cen_accuracy": 0.76675
  },
  "94": {
    "cen_loss": 1.2432426943797619,
    "cen_accuracy": 0.7655
  },
  "95": {
    "cen_loss": 1.813980791144073,
    "cen_accuracy": 0.751875
  },
  "96": {
    "cen_loss": 1.727968962494284,
    "cen_accuracy": 0.764875
  },
  "97": {
    "cen_loss": 1.7353271455504,
    "cen_accuracy": 0.76275
  },
  "98": {
    "cen_loss": 1.7414510368434712,
    "cen_accuracy": 0.765
  },
  "99": {
    "cen_loss": 1.0929005956053734,
    "cen_accuracy": 0.765
  },
  "100": {
    "cen_loss": 1.4753949324414135,
    "cen_accuracy": 0.770625
  },
  "101": {
    "cen_loss": 1.326377936847508,