{
  "0": {
    "cen_loss": 2.3027670545578003,
    "cen_accuracy": 0.0985
  },
  "1": {
    "cen_loss": 2.3027670545578003,
    "cen_accuracy": 0.0985
  },
  "2": {
    "cen_loss": 2.839053391456604,
    "cen_accuracy": 0.100375
  },
  "3": {
    "cen_loss": 5.78724791765213,
    "cen_accuracy": 0.099875
  },
  "4": {
    "cen_loss": 4.887682032108307,
    "cen_accuracy": 0.10175
  },
  "5": {
    "cen_loss": 3.3081704869270325,
    "cen_accuracy": 0.100375
  },
  "6": {
    "cen_loss": 4.816327628612519,
    "cen_accuracy": 0.117875
  },
  "7": {
    "cen_loss": 3.518395355463028,
    "cen_accuracy": 0.16125
  },
  "8": {
    "cen_loss": 3.5317875912189485,
    "cen_accuracy": 0.192625
  },
  "9": {
    "cen_loss": 3.391496021270752,
    "cen_accuracy": 0.20225
  },
  "10": {
    "cen_loss": 3.3871149451732636,
    "cen_accuracy": 0.20425
  },
  "11": {
    "cen_loss": 2.8613544158935547,
    "cen_accuracy": 0.25225
  },
  "12": {
    "cen_loss": 3.0977843160629273,
    "cen_accuracy": 0.22775
  },
  "13": {
    "cen_loss": 2.2153088850975036,
    "cen_accuracy": 0.329625
  },
  "14": {
    "cen_loss": 3.1434021677970887,
    "cen_accuracy": 0.295
  },
  "15": {
    "cen_loss": 2.645713628292084,
    "cen_accuracy": 0.233625
  },
  "16": {
    "cen_loss": 2.813379371166229,
    "cen_accuracy": 0.274125
  },
  "17": {
    "cen_loss": 2.3188807104825973,
    "cen_accuracy": 0.370625
  },
  "18": {
    "cen_loss": 2.9726968603134156,
    "cen_accuracy": 0.305875
  },
  "19": {
    "cen_loss": 3.0987492203712463,
    "cen_accuracy": 0.34125
  },
  "20": {
    "cen_loss": 2.6244563192129133,
    "cen_accuracy": 0.370125
  },
  "21": {
    "cen_loss": 3.349704627752304,
    "cen_accuracy": 0.271375
  },
  "22": {
    "cen_loss": 2.3414901077747343,
    "cen_accuracy": 0.331375
  },
  "23": {
    "cen_loss": 1.7263976715803147,
    "cen_accuracy": 0.400375
  },
  "24": {
    "cen_loss": 2.744181970834732,
    "cen_accuracy": 0.307375
  },
  "25": {
    "cen_loss": 2.2103398798704146,
    "cen_accuracy": 0.4015
  },
  "26": {
    "cen_loss": 1.7565785804986953,
    "cen_accuracy": 0.48275
  },
  "27": {
    "cen_loss": 2.6716075603961946,
    "cen_accuracy": 0.297625
  },
  "28": {
    "cen_loss": 3.1249113891124725,
    "cen_accuracy": 0.344625
  },
  "29": {
    "cen_loss": 2.6455866426229475,
    "cen_accuracy": 0.369875
  },
  "30": {
    "cen_loss": 2.0909343254566193,
    "cen_accuracy": 0.437875
  },
  "31": {
    "cen_loss": 2.9927071611881257,
    "cen_accuracy": 0.33175
  },
  "32": {
    "cen_loss": 3.25169917678833,
    "cen_accuracy": 0.323375
  },
  "33": {
    "cen_loss": 3.1022246556282043,
    "cen_accuracy": 0.3
  },
  "34": {
    "cen_loss": 2.208072951436043,
    "cen_accuracy": 0.3975
  },
  "35": {
    "cen_loss": 2.918074329137802,
    "cen_accuracy": 0.2995
  },
  "36": {
    "cen_loss": 2.047156374692917,
    "cen_accuracy": 0.423625
  },
  "37": {
    "cen_loss": 2.4937978377342223,
    "cen_accuracy": 0.316625
  },
  "38": {
    "cen_loss": 2.2038224849700927,
    "cen_accuracy": 0.38125
  },
  "39": {
    "cen_loss": 2.0926886142492296,
    "cen_accuracy": 0.354375
  },
  "40": {
    "cen_loss": 2.1408252289295198,
    "cen_accuracy": 0.35225
  },
  "41": {
    "cen_loss": 2.0494565492868424,
    "cen_accuracy": 0.4445
  },
  "42": {
    "cen_loss": 1.8529317300319672,
    "cen_accuracy": 0.474375
  },
  "43": {
    "cen_loss": 2.133767265319824,
    "cen_accuracy": 0.3945
  },
  "44": {
    "cen_loss": 1.44500489705801,
    "cen_accuracy": 0.498
  },
  "45": {
    "cen_loss": 1.8314704810380935,
    "cen_accuracy": 0.467375
  },
  "46": {
    "cen_loss": 2.0505091067552565,
    "cen_accuracy": 0.40475
  },
  "47": {
    "cen_loss": 2.0879543347358704,
    "cen_accuracy": 0.451375
  },
  "48": {
    "cen_loss": 2.925158077955246,
    "cen_accuracy": 0.319125
  },
  "49": {
    "cen_loss": 2.2272353281974793,
    "cen_accuracy": 0.347375
  },
  "50": {
    "cen_loss": 2.2713845455646515,
    "cen_accuracy": 0.3585
  },
  "51": {
    "cen_loss": 1.8100497838258742,
    "cen_accuracy": 0.417875
  },
  "52": {
    "cen_loss": 1.9553781913518906,
    "cen_accuracy": 0.48625
  },
  "53": {
    "cen_loss": 3.008104127407074,
    "cen_accuracy": 0.3485
  },
  "54": {
    "cen_loss": 2.5022163648605344,
    "cen_accuracy": 0.323375
  },
  "55": {
    "cen_loss": 1.9674373878240585,
    "cen_accuracy": 0.43925
  },
  "56": {
    "cen_loss": 2.9709516084194183,
    "cen_accuracy": 0.34225
  },
  "57": {
    "cen_loss": 1.6043920404314995,
    "cen_accuracy": 0.50725
  },
  "58": {
    "cen_loss": 1.7322983094453812,
    "cen_accuracy": 0.489875
  },
  "59": {
    "cen_loss": 1.5334552401900292,
    "cen_accuracy": 0.545625
  },
  "60": {
    "cen_loss": 1.5574001971483231,
    "cen_accuracy": 0.5455
  },
  "61": {
    "cen_loss": 1.7198917427659035,
    "cen_accuracy": 0.492375
  },
  "62": {
    "cen_loss": 2.2081674537658693,
    "cen_accuracy": 0.425625
  },
  "63": {
    "cen_loss": 1.5338689217567443,
    "cen_accuracy": 0.524
  },
  "64": {
    "cen_loss": 1.2967078257203102,
    "cen_accuracy": 0.573625
  },
  "65": {
    "cen_loss": 1.8927614685297012,
    "cen_accuracy": 0.48625
  },
  "66": {
    "cen_loss": 2.012120224237442,
    "cen_accuracy": 0.422875
  },
  "67": {
    "cen_loss": 2.2818798968791962,
    "cen_accuracy": 0.41075
  },
  "68": {
    "cen_loss": 1.4094033678174018,
    "cen_accuracy": 0.542
  },
  "69": {
    "cen_loss": 1.8529873224496842,
    "cen_accuracy": 0.459625
  },
  "70": {
    "cen_loss": 2.0320108858346937,
    "cen_accuracy": 0.447625
  },
  "71": {
    "cen_loss": 2.210015491604805,
    "cen_accuracy": 0.40825
  },
  "72": {
    "cen_loss": 2.8860737751722336,
    "cen_accuracy": 0.353875
  },
  "73": {
    "cen_loss": 2.1083802809715273,
    "cen_accuracy": 0.378875
  },
  "74": {
    "cen_loss": 2.126793585181236,
    "cen_accuracy": 0.42425
  },
  "75": {
    "cen_loss": 2.2116791511774063,
    "cen_accuracy": 0.42775
  },
  "76": {
    "cen_loss": 1.5359150823354721,
    "cen_accuracy": 0.513375
  },
  "77": {
    "cen_loss": 2.2168561120033266,
    "cen_accuracy": 0.41325
  },
  "78": {
    "cen_loss": 1.7086674801111221,
    "cen_accuracy": 0.427875
  },
  "79": {
    "cen_loss": 1.913962051510811,
    "cen_accuracy": 0.451375
  },
  "80": {
    "cen_loss": 2.5483793256282805,
    "cen_accuracy": 0.34
  },
  "81": {
    "cen_loss": 2.0319415881037712,
    "cen_accuracy": 0.48625
  },
  "82": {
    "cen_loss": 1.4950131003260612,
    "cen_accuracy": 0.545125
  },
  "83": {
    "cen_loss": 1.7768879271745681,
    "cen_accuracy": 0.524625
  },
  "84": {
    "cen_loss": 1.2812616310119629,
    "cen_accuracy": 0.568875
  },
  "85": {
    "cen_loss": 2.2309732463359833,
    "cen_accuracy": 0.444
  },
  "86": {
    "cen_loss": 2.134416582584381,
    "cen_accuracy": 0.4475
  },
  "87": {
    "cen_loss": 1.3647695364952088,
    "cen_accuracy": 0.58225
  },
  "88": {
    "cen_loss": 1.5258973420262336,
    "cen_accuracy": 0.54475
  },
  "89": {
    "cen_loss": 1.2360412957072258,
    "cen_accuracy": 0.589
  },
  "90": {
    "cen_loss": 1.5680159952640533,
    "cen_accuracy": 0.52625
  },
  "91": {
    "cen_loss": 2.089636021256447,
    "cen_accuracy": 0.448875
  },
  "92": {
    "cen_loss": 1.7935534467697143,
    "cen_accuracy": 0.47325
  },
  "93": {
    "cen_loss": 1.4408048980236055,
    "cen_accuracy": 0.5405
  },
  "94": {
    "cen_loss": 2.067864104986191,
    "cen_accuracy": 0.466875
  },
  "95": {
    "cen_loss": 1.8450911207199097,
    "cen_accuracy": 0.485
  },
  "96": {
    "cen_loss": 1.341730865418911,
    "cen_accuracy": 0.572
  },
  "97": {
    "cen_loss": 2.1294339193105696,
    "cen_accuracy": 0.4255
  },
  "98": {
    "cen_loss": 1.4213280885219575,
    "cen_accuracy": 0.561
  },
  "99": {
    "cen_loss": 1.4066578463315964,
    "cen_accuracy": 0.555625
  },
  "100": {
    "cen_loss": 1.6689789741635324,
    "cen_accuracy": 0.52025
  },
  "101": {
    "cen_loss": 2.104997331380844,