{
  "0": {
    "cen_loss": 2.3028161997795107,
    "cen_accuracy": 0.1005
  },
  "1": {
    "cen_loss": 2.3028161997795107,
    "cen_accuracy": 0.1005
  },
  "2": {
    "cen_loss": 3.1167165846824645,
    "cen_accuracy": 0.0995
  },
  "3": {
    "cen_loss": 3.687153707027435,
    "cen_accuracy": 0.1005
  },
  "4": {
    "cen_loss": 4.080558475494385,
    "cen_accuracy": 0.0995
  },
  "5": {
    "cen_loss": 5.674506558418274,
    "cen_accuracy": 0.0995
  },
  "6": {
    "cen_loss": 3.7242066016197204,
    "cen_accuracy": 0.130125
  },
  "7": {
    "cen_loss": 2.6819340405464174,
    "cen_accuracy": 0.181875
  },
  "8": {
    "cen_loss": 1.9784730315208434,
    "cen_accuracy": 0.291625
  },
  "9": {
    "cen_loss": 2.420266883850098,
    "cen_accuracy": 0.267125
  },
  "10": {
    "cen_loss": 2.258288681745529,
    "cen_accuracy": 0.312
  },
  "11": {
    "cen_loss": 2.5713122935295103,
    "cen_accuracy": 0.31825
  },
  "12": {
    "cen_loss": 2.978795520782471,
    "cen_accuracy": 0.30225
  },
  "13": {
    "cen_loss": 2.3652394003868102,
    "cen_accuracy": 0.35475
  },
  "14": {
    "cen_loss": 2.0293958621025086,
    "cen_accuracy": 0.38075
  },
  "15": {
    "cen_loss": 2.2735146777629853,
    "cen_accuracy": 0.383125
  },
  "16": {
    "cen_loss": 2.063717810511589,
    "cen_accuracy": 0.38175
  },
  "17": {
    "cen_loss": 2.3702743542194367,
    "cen_accuracy": 0.336125
  },
  "18": {
    "cen_loss": 2.845377979516983,
    "cen_accuracy": 0.369875
  },
  "19": {
    "cen_loss": 3.1333371918201447,
    "cen_accuracy": 0.30625
  },
  "20": {
    "cen_loss": 3.254847137928009,
    "cen_accuracy": 0.310125
  },
  "21": {
    "cen_loss": 2.666642814159393,
    "cen_accuracy": 0.363875
  },
  "22": {
    "cen_loss": 1.9060958358049394,
    "cen_accuracy": 0.3865
  },
  "23": {
    "cen_loss": 1.6414776623249054,
    "cen_accuracy": 0.4835
  },
  "24": {
    "cen_loss": 1.5083535302877427,
    "cen_accuracy": 0.469375
  },
  "25": {
    "cen_loss": 2.5038027012348176,
    "cen_accuracy": 0.352625
  },
  "26": {
    "cen_loss": 2.3723306468725203,
    "cen_accuracy": 0.359375
  },
  "27": {
    "cen_loss": 1.9257607511281967,
    "cen_accuracy": 0.427125
  },
  "28": {
    "cen_loss": 2.42054074716568,
    "cen_accuracy": 0.360875
  },
  "29": {
    "cen_loss": 1.831445027589798,
    "cen_accuracy": 0.46625
  },
  "30": {
    "cen_loss": 2.0095943950414656,
    "cen_accuracy": 0.4485
  },
  "31": {
    "cen_loss": 1.8665915706157685,
    "cen_accuracy": 0.389375
  },
  "32": {
    "cen_loss": 1.8320267434120179,
    "cen_accuracy": 0.4485
  },
  "33": {
    "cen_loss": 1.6015515788793564,
    "cen_accuracy": 0.49225
  },
  "34": {
    "cen_loss": 2.2336925300359725,
    "cen_accuracy": 0.432625
  },
  "35": {
    "cen_loss": 1.6622779710292817,
    "cen_accuracy": 0.409875
  },
  "36": {
    "cen_loss": 2.168912448167801,
    "cen_accuracy": 0.457375
  },
  "37": {
    "cen_loss": 2.0455478175878525,
    "cen_accuracy": 0.375
  },
  "38": {
    "cen_loss": 2.614566148519516,
    "cen_accuracy": 0.35475
  },
  "39": {
    "cen_loss": 2.4228196157217026,
    "cen_accuracy": 0.419875
  },
  "40": {
    "cen_loss": 2.6186366980075837,
    "cen_accuracy": 0.407625
  },
  "41": {
    "cen_loss": 2.0009382257461548,
    "cen_accuracy": 0.3835
  },
  "42": {
    "cen_loss": 1.3858059002161025,
    "cen_accuracy": 0.5065
  },
  "43": {
    "cen_loss": 1.4121148300766946,
    "cen_accuracy": 0.5435
  },
  "44": {
    "cen_loss": 1.516440539598465,
    "cen_accuracy": 0.50125
  },
  "45": {
    "cen_loss": 1.7092895247936248,
    "cen_accuracy": 0.499
  },
  "46": {
    "cen_loss": 1.6480844948887825,
    "cen_accuracy": 0.48075
  },
  "47": {
    "cen_loss": 1.449869280219078,
    "cen_accuracy": 0.530875
  },
  "48": {
    "cen_loss": 1.5117529433369636,
    "cen_accuracy": 0.5275
  },
  "49": {
    "cen_loss": 1.8186171309947967,
    "cen_accuracy": 0.447
  },
  "50": {
    "cen_loss": 2.2512422103881837,
    "cen_accuracy": 0.40575
  },
  "51": {
    "cen_loss": 1.7651412848234176,
    "cen_accuracy": 0.49
  },
  "52": {
    "cen_loss": 1.8469582852125168,
    "cen_accuracy": 0.45725
  },
  "53": {
    "cen_loss": 2.6276743216514586,
    "cen_accuracy": 0.413625
  },
  "54": {
    "cen_loss": 1.4847038443088532,
    "cen_accuracy": 0.52
  },
  "55": {
    "cen_loss": 1.3037572351694107,
    "cen_accuracy": 0.578125
  },
  "56": {
    "cen_loss": 1.421265605211258,
    "cen_accuracy": 0.522875
  },
  "57": {
    "cen_loss": 1.6844326964616776,
    "cen_accuracy": 0.517
  },
  "58": {
    "cen_loss": 1.3150670945048333,
    "cen_accuracy": 0.56475
  },
  "59": {
    "cen_loss": 1.1989765564799308,
    "cen_accuracy": 0.59325
  },
  "60": {
    "cen_loss": 1.2738903880119323,
    "cen_accuracy": 0.584875
  },
  "61": {
    "cen_loss": 1.2197615951895713,
    "cen_accuracy": 0.574375
  },
  "62": {
    "cen_loss": 1.6457942903637885,
    "cen_accuracy": 0.51425
  },
  "63": {
    "cen_loss": 1.3039737434983254,
    "cen_accuracy": 0.578
  },
  "64": {
    "cen_loss": 1.4154743043184281,
    "cen_accuracy": 0.539125
  },
  "65": {
    "cen_loss": 1.6567452231645583,
    "cen_accuracy": 0.493875
  },
  "66": {
    "cen_loss": 1.9741531487703323,
    "cen_accuracy": 0.44225
  },
  "67": {
    "cen_loss": 1.466875515818596,
    "cen_accuracy": 0.51675
  },
  "68": {
    "cen_loss": 1.1725784032940865,
    "cen_accuracy": 0.606125
  },
  "69": {
    "cen_loss": 1.3137643959522247,
    "cen_accuracy": 0.560875
  },
  "70": {
    "cen_loss": 1.453985460281372,
    "cen_accuracy": 0.54
  },
  "71": {
    "cen_loss": 1.4772254372835159,
    "cen_accuracy": 0.538625
  },
  "72": {
    "cen_loss": 1.4093128134608268,
    "cen_accuracy": 0.55625
  },
  "73": {
    "cen_loss": 1.3147272437810897,
    "cen_accuracy": 0.58425
  },
  "74": {
    "cen_loss": 1.5693659173250198,
    "cen_accuracy": 0.539
  },
  "75": {
    "cen_loss": 1.979610988855362,
    "cen_accuracy": 0.471
  },
  "76": {
    "cen_loss": 2.328137879371643,
    "cen_accuracy": 0.398
  },
  "77": {
    "cen_loss": 2.668773640871048,
    "cen_accuracy": 0.33925
  },
  "78": {
    "cen_loss": 1.466324568450451,
    "cen_accuracy": 0.5215
  },
  "79": {
    "cen_loss": 1.492257218837738,
    "cen_accuracy": 0.49675
  },
  "80": {
    "cen_loss": 1.8861770703792573,
    "cen_accuracy": 0.424
  },
  "81": {
    "cen_loss": 1.5842040746212005,
    "cen_accuracy": 0.504625
  },
  "82": {
    "cen_loss": 1.7853883224725724,
    "cen_accuracy": 0.529125
  },
  "83": {
    "cen_loss": 2.0259362794160842,
    "cen_accuracy": 0.49675
  },
  "84": {
    "cen_loss": 1.2569046534895898,
    "cen_accuracy": 0.5795
  },
  "85": {
    "cen_loss": 1.984025911450386,
    "cen_accuracy": 0.436125
  },
  "86": {
    "cen_loss": 1.466683335542679,
    "cen_accuracy": 0.553875
  },
  "87": {
    "cen_loss": 1.5178343685269355,
    "cen_accuracy": 0.528375
  },
  "88": {
    "cen_loss": 1.376924671113491,
    "cen_accuracy": 0.56875
  },
  "89": {
    "cen_loss": 1.2731083162128924,
    "cen_accuracy": 0.574875
  },
  "90": {
    "cen_loss": 1.6596868298649787,
    "cen_accuracy": 0.51325
  },
  "91": {
    "cen_loss": 1.3293073797822,
    "cen_accuracy": 0.586375
  },
  "92": {
    "cen_loss": 1.5045977326631546,
    "cen_accuracy": 0.536625
  },
  "93": {
    "cen_loss": 1.2403756527900696,
    "cen_accuracy": 0.58925
  },
  "94": {
    "cen_loss": 1.7739158477187156,
    "cen_accuracy": 0.520375
  },
  "95": {
    "cen_loss": 2.423921118736267,
    "cen_accuracy": 0.395375
  },
  "96": {
    "cen_loss": 2.2238277986049653,
    "cen_accuracy": 0.445875
  },
  "97": {
    "cen_loss": 1.3540035254359246,
    "cen_accuracy": 0.57325
  },
  "98": {
    "cen_loss": 1.2953480649590492,
    "cen_accuracy": 0.587625
  },
  "99": {
    "cen_loss": 1.3854400523900985,
    "cen_accuracy": 0.59375
  },
  "100": {
    "cen_loss": 1.6639672183394432,
    "cen_accuracy": 0.55175
  },
  "101": {
    "cen_loss": 1.139404112637043,