{
  "0": {
    "cen_loss": 2.3028162007331847,
    "cen_accuracy": 0.1005
  },
  "1": {
    "cen_loss": 2.3028162007331847,
    "cen_accuracy": 0.1005
  },
  "2": {
    "cen_loss": 4.121248957633973,
    "cen_accuracy": 0.0995
  },
  "3": {
    "cen_loss": 5.390271194934845,
    "cen_accuracy": 0.10075
  },
  "4": {
    "cen_loss": 4.146637919902801,
    "cen_accuracy": 0.10525
  },
  "5": {
    "cen_loss": 6.273359694957733,
    "cen_accuracy": 0.0995
  },
  "6": {
    "cen_loss": 3.8157346515655517,
    "cen_accuracy": 0.173625
  },
  "7": {
    "cen_loss": 3.2633345861434937,
    "cen_accuracy": 0.13925
  },
  "8": {
    "cen_loss": 2.114756233692169,
    "cen_accuracy": 0.299125
  },
  "9": {
    "cen_loss": 2.189192341566086,
    "cen_accuracy": 0.30525
  },
  "10": {
    "cen_loss": 2.6222526528835295,
    "cen_accuracy": 0.318
  },
  "11": {
    "cen_loss": 3.202427531003952,
    "cen_accuracy": 0.24975
  },
  "12": {
    "cen_loss": 2.854969609260559,
    "cen_accuracy": 0.2435
  },
  "13": {
    "cen_loss": 2.676607822179794,
    "cen_accuracy": 0.26975
  },
  "14": {
    "cen_loss": 3.380531925201416,
    "cen_accuracy": 0.212
  },
  "15": {
    "cen_loss": 3.617100802183151,
    "cen_accuracy": 0.266625
  },
  "16": {
    "cen_loss": 2.486041912317276,
    "cen_accuracy": 0.257
  },
  "17": {
    "cen_loss": 2.8756573152542115,
    "cen_accuracy": 0.282375
  },
  "18": {
    "cen_loss": 3.1651565940380095,
    "cen_accuracy": 0.32125
  },
  "19": {
    "cen_loss": 2.262215132713318,
    "cen_accuracy": 0.344625
  },
  "20": {
    "cen_loss": 2.885800158023834,
    "cen_accuracy": 0.3105
  },
  "21": {
    "cen_loss": 1.969976917862892,
    "cen_accuracy": 0.34775
  },
  "22": {
    "cen_loss": 2.0818525630235674,
    "cen_accuracy": 0.379375
  },
  "23": {
    "cen_loss": 3.2837609057426453,
    "cen_accuracy": 0.25075
  },
  "24": {
    "cen_loss": 2.347085108280182,
    "cen_accuracy": 0.340625
  },
  "25": {
    "cen_loss": 3.2931910433769227,
    "cen_accuracy": 0.282625
  },
  "26": {
    "cen_loss": 2.362675285816193,
    "cen_accuracy": 0.383875
  },
  "27": {
    "cen_loss": 2.346541650056839,
    "cen_accuracy": 0.373625
  },
  "28": {
    "cen_loss": 2.1665191663503647,
    "cen_accuracy": 0.38925
  },
  "29": {
    "cen_loss": 2.919323588848114,
    "cen_accuracy": 0.2685
  },
  "30": {
    "cen_loss": 5.066642515182495,
    "cen_accuracy": 0.170625
  },
  "31": {
    "cen_loss": 2.1553325592279435,
    "cen_accuracy": 0.377875
  },
  "32": {
    "cen_loss": 1.9427677270174026,
    "cen_accuracy": 0.380625
  },
  "33": {
    "cen_loss": 2.188362664937973,
    "cen_accuracy": 0.37
  },
  "34": {
    "cen_loss": 2.0142935408353804,
    "cen_accuracy": 0.362375
  },
  "35": {
    "cen_loss": 1.7887986793518067,
    "cen_accuracy": 0.44325
  },
  "36": {
    "cen_loss": 2.80513125705719,
    "cen_accuracy": 0.349875
  },
  "37": {
    "cen_loss": 1.7946561831235885,
    "cen_accuracy": 0.408875
  },
  "38": {
    "cen_loss": 2.079336146950722,
    "cen_accuracy": 0.37825
  },
  "39": {
    "cen_loss": 2.1482373547554015,
    "cen_accuracy": 0.399875
  },
  "40": {
    "cen_loss": 2.195444916367531,
    "cen_accuracy": 0.4155
  },
  "41": {
    "cen_loss": 1.5745418335199357,
    "cen_accuracy": 0.469875
  },
  "42": {
    "cen_loss": 2.056058951020241,
    "cen_accuracy": 0.4105
  },
  "43": {
    "cen_loss": 2.0632883253097534,
    "cen_accuracy": 0.44
  },
  "44": {
    "cen_loss": 1.767927681326866,
    "cen_accuracy": 0.442875
  },
  "45": {
    "cen_loss": 2.261548140525818,
    "cen_accuracy": 0.40325
  },
  "46": {
    "cen_loss": 1.5369539240598677,
    "cen_accuracy": 0.500625
  },
  "47": {
    "cen_loss": 1.8746956074237824,
    "cen_accuracy": 0.41775
  },
  "48": {
    "cen_loss": 1.6250319352149964,
    "cen_accuracy": 0.48575
  },
  "49": {
    "cen_loss": 1.6175315804481507,
    "cen_accuracy": 0.473375
  },
  "50": {
    "cen_loss": 1.8495041867494584,
    "cen_accuracy": 0.452
  },
  "51": {
    "cen_loss": 1.9480141880512238,
    "cen_accuracy": 0.44775
  },
  "52": {
    "cen_loss": 1.8431217055320739,
    "cen_accuracy": 0.43025
  },
  "53": {
    "cen_loss": 2.174761462569237,
    "cen_accuracy": 0.38825
  },
  "54": {
    "cen_loss": 1.4624873334765434,
    "cen_accuracy": 0.51925
  },
  "55": {
    "cen_loss": 2.2028521733283997,
    "cen_accuracy": 0.382875
  },
  "56": {
    "cen_loss": 1.5436484307646752,
    "cen_accuracy": 0.484875
  },
  "57": {
    "cen_loss": 1.3994842621088028,
    "cen_accuracy": 0.502125
  },
  "58": {
    "cen_loss": 1.4405966851711274,
    "cen_accuracy": 0.497625
  },
  "59": {
    "cen_loss": 1.4624216379523278,
    "cen_accuracy": 0.528125
  },
  "60": {
    "cen_loss": 1.71967995429039,
    "cen_accuracy": 0.502
  },
  "61": {
    "cen_loss": 1.5740517146587372,
    "cen_accuracy": 0.50225
  },
  "62": {
    "cen_loss": 1.6490286883115768,
    "cen_accuracy": 0.481375
  },
  "63": {
    "cen_loss": 1.679176083445549,
    "cen_accuracy": 0.48375
  },
  "64": {
    "cen_loss": 1.4320697268843652,
    "cen_accuracy": 0.52825
  },
  "65": {
    "cen_loss": 1.5566520113945008,
    "cen_accuracy": 0.511125
  },
  "66": {
    "cen_loss": 2.259420736551285,
    "cen_accuracy": 0.386875
  },
  "67": {
    "cen_loss": 1.7146183050870896,
    "cen_accuracy": 0.4895
  },
  "68": {
    "cen_loss": 1.7644076527357102,
    "cen_accuracy": 0.469125
  },
  "69": {
    "cen_loss": 1.3899638736248017,
    "cen_accuracy": 0.532875
  },
  "70": {
    "cen_loss": 1.3896822788715362,
    "cen_accuracy": 0.54725
  },
  "71": {
    "cen_loss": 2.0973405530452727,
    "cen_accuracy": 0.4255
  },
  "72": {
    "cen_loss": 1.5247847853899001,
    "cen_accuracy": 0.535125
  },
  "73": {
    "cen_loss": 1.9861497375965118,
    "cen_accuracy": 0.391
  },
  "74": {
    "cen_loss": 1.4843120467066764,
    "cen_accuracy": 0.527875
  },
  "75": {
    "cen_loss": 1.4104303593039513,
    "cen_accuracy": 0.553625
  },
  "76": {
    "cen_loss": 1.2208164930939673,
    "cen_accuracy": 0.601625
  },
  "77": {
    "cen_loss": 1.420798033118248,
    "cen_accuracy": 0.519875
  },
  "78": {
    "cen_loss": 1.5828146898746491,
    "cen_accuracy": 0.503125
  },
  "79": {
    "cen_loss": 1.854170617699623,
    "cen_accuracy": 0.465875
  },
  "80": {
    "cen_loss": 2.132333852171898,
    "cen_accuracy": 0.454375
  },
  "81": {
    "cen_loss": 2.340276145339012,
    "cen_accuracy": 0.400125
  },
  "82": {
    "cen_loss": 1.4269338327646255,
    "cen_accuracy": 0.549125
  },
  "83": {
    "cen_loss": 1.282416356444359,
    "cen_accuracy": 0.56475
  },
  "84": {
    "cen_loss": 1.4702554339170455,
    "cen_accuracy": 0.552375
  },
  "85": {
    "cen_loss": 1.1695449232459068,
    "cen_accuracy": 0.614125
  },
  "86": {
    "cen_loss": 1.3838526436686516,
    "cen_accuracy": 0.563125
  },
  "87": {
    "cen_loss": 1.7409297522306442,
    "cen_accuracy": 0.516
  },
  "88": {
    "cen_loss": 1.526003811120987,
    "cen_accuracy": 0.51775
  },
  "89": {
    "cen_loss": 1.2311017139554024,
    "cen_accuracy": 0.57825
  },
  "90": {
    "cen_loss": 1.5654327254295348,
    "cen_accuracy": 0.54675
  },
  "91": {
    "cen_loss": 1.2271056198477746,
    "cen_accuracy": 0.56725
  },
  "92": {
    "cen_loss": 1.6318185081481933,
    "cen_accuracy": 0.5005
  },
  "93": {
    "cen_loss": 1.1302329728603362,
    "cen_accuracy": 0.607375
  },
  "94": {
    "cen_loss": 1.3795330039858817,
    "cen_accuracy": 0.553625
  },
  "95": {
    "cen_loss": 1.1002705746889114,
    "cen_accuracy": 0.61875
  },
  "96": {
    "cen_loss": 1.8520306861400604,
    "cen_accuracy": 0.454
  },
  "97": {
    "cen_loss": 1.098887256026268,
    "cen_accuracy": 0.62175
  },
  "98": {
    "cen_loss": 1.5540680500268935,
    "cen_accuracy": 0.546375
  },
  "99": {
    "cen_loss": 1.1505566672086716,
    "cen_accuracy": 0.602
  },
  "100": {
    "cen_loss": 1.135693300485611,
    "cen_accuracy": 0.613125
  },
  "101": {
    "cen_loss": 1.101187739253044,