{
  "0": {
    "cen_loss": 3.6299984134876637,
    "cen_accuracy": 0.06961178045515395
  },
  "1": {
    "cen_loss": 3.6299984177432387,
    "cen_accuracy": 0.06961178045515395
  },
  "2": {
    "cen_loss": 3.304357768381775,
    "cen_accuracy": 0.004016064257028112
  },
  "3": {
    "cen_loss": 3.0254492163924116,
    "cen_accuracy": 0.12405176260597947
  },
  "4": {
    "cen_loss": 3.335250024867877,
    "cen_accuracy": 0.1929941990182954
  },
  "5": {
    "cen_loss": 3.0227044453210246,
    "cen_accuracy": 0.2597054886211513
  },
  "6": {
    "cen_loss": 2.95211385840127,
    "cen_accuracy": 0.2940651494868362
  },
  "7": {
    "cen_loss": 3.0317292917737575,
    "cen_accuracy": 0.28826416778224007
  },
  "8": {
    "cen_loss": 2.9485857508002726,
    "cen_accuracy": 0.3241856314145471
  },
  "9": {
    "cen_loss": 2.998710458271209,
    "cen_accuracy": 0.31771530566711287
  },
  "10": {
    "cen_loss": 2.998624254687989,
    "cen_accuracy": 0.31771530566711287
  },
  "11": {
    "cen_loss": 3.1936865750100134,
    "cen_accuracy": 0.31593038821954483
  },
  "12": {
    "cen_loss": 3.2932067779173333,
    "cen_accuracy": 0.2822400713966979
  },
  "13": {
    "cen_loss": 2.948186367018741,
    "cen_accuracy": 0.3688085676037483
  },
  "14": {
    "cen_loss": 2.6266217797741938,
    "cen_accuracy": 0.43462739848282017
  },
  "15": {
    "cen_loss": 2.5242670245538434,
    "cen_accuracy": 0.45917001338688085
  },
  "16": {
    "cen_loss": 2.712594439971665,
    "cen_accuracy": 0.462739848282017
  },
  "17": {
    "cen_loss": 2.499894038899995,
    "cen_accuracy": 0.4178937974118697
  },
  "18": {
    "cen_loss": 2.594373459810128,
    "cen_accuracy": 0.393128067826863
  },
  "19": {
    "cen_loss": 2.591121232280876,
    "cen_accuracy": 0.42704149933065594
  },
  "20": {
    "cen_loss": 2.5911212382918754,
    "cen_accuracy": 0.42704149933065594
  },
  "21": {
    "cen_loss": 2.4338709120769577,
    "cen_accuracy": 0.4422132976349844
  },
  "22": {
    "cen_loss": 2.522809486950896,
    "cen_accuracy": 0.4361892012494422
  },
  "23": {
    "cen_loss": 2.5040694955521956,
    "cen_accuracy": 0.42659526996876396
  },
  "24": {
    "cen_loss": 2.348944410448998,
    "cen_accuracy": 0.43752788933511827
  },
  "25": {
    "cen_loss": 2.4120713871858417,
    "cen_accuracy": 0.4585006693440428
  },
  "26": {
    "cen_loss": 2.60243894488936,
    "cen_accuracy": 0.40584560464078534
  },
  "27": {
    "cen_loss": 2.2380655242736083,
    "cen_accuracy": 0.44890673806336456
  },
  "28": {
    "cen_loss": 2.5865524405616034,
    "cen_accuracy": 0.41878625613565373
  },
  "29": {
    "cen_loss": 2.338880163917899,
    "cen_accuracy": 0.4756804997768853
  },
  "30": {
    "cen_loss": 2.3388801530528847,
    "cen_accuracy": 0.4756804997768853
  },
  "31": {
    "cen_loss": 2.3686877065128327,
    "cen_accuracy": 0.4810352521195895
  },
  "32": {
    "cen_loss": 2.4315202638327356,
    "cen_accuracy": 0.46943328871039713
  },
  "33": {
    "cen_loss": 2.65009322245171,
    "cen_accuracy": 0.45225345827755464
  },
  "34": {
    "cen_loss": 2.4560856901072645,
    "cen_accuracy": 0.4544846050870147
  },
  "35": {
    "cen_loss": 2.5271089484201164,
    "cen_accuracy": 0.4326193663543061
  },
  "36": {
    "cen_loss": 2.3115386273288023,
    "cen_accuracy": 0.47322623828647925
  },
  "37": {
    "cen_loss": 2.2484961867678224,
    "cen_accuracy": 0.49821508255243196
  },
  "38": {
    "cen_loss": 2.190248035469634,
    "cen_accuracy": 0.50111557340473
  },
  "39": {
    "cen_loss": 2.3904781158563018,
    "cen_accuracy": 0.4799196787148594
  },
  "40": {
    "cen_loss": 2.3904781017065155,
    "cen_accuracy": 0.4799196787148594
  },
  "41": {
    "cen_loss": 2.1978192882897436,
    "cen_accuracy": 0.500669344042838
  },
  "42": {
    "cen_loss": 2.2562164084712397,
    "cen_accuracy": 0.5133868808567604
  },
  "43": {
    "cen_loss": 2.1638402277765825,
    "cen_accuracy": 0.5310129406514948
  },
  "44": {
    "cen_loss": 2.2083005795570316,
    "cen_accuracy": 0.5087014725568942
  },
  "45": {
    "cen_loss": 2.2259459314682504,
    "cen_accuracy": 0.4930834448906738
  },
  "46": {
    "cen_loss": 2.3325126843492883,
    "cen_accuracy": 0.49442213297634985
  },
  "47": {
    "cen_loss": 2.1978271204358175,
    "cen_accuracy": 0.49732262382864795
  },
  "48": {
    "cen_loss": 2.8111076681595835,
    "cen_accuracy": 0.39535921463632306
  },
  "49": {
    "cen_loss": 2.2724923395993506,
    "cen_accuracy": 0.47657295850066933
  },
  "50": {
    "cen_loss": 2.272492335822528,
    "cen_accuracy": 0.47657295850066933
  },
  "51": {
    "cen_loss": 2.1918673573435017,
    "cen_accuracy": 0.5296742525658188
  },
  "52": {
    "cen_loss": 2.3031316214190802,
    "cen_accuracy": 0.500669344042838
  },
  "53": {
    "cen_loss": 3.146037287820614,
    "cen_accuracy": 0.37617135207496655
  },
  "54": {
    "cen_loss": 2.261085433706754,
    "cen_accuracy": 0.48772869254796963
  },
  "55": {
    "cen_loss": 2.250747241515339,
    "cen_accuracy": 0.500669344042838
  },
  "56": {
    "cen_loss": 2.1444388767908005,
    "cen_accuracy": 0.5140562248995983
  },
  "57": {
    "cen_loss": 2.1384538183888915,
    "cen_accuracy": 0.5265506470325747
  },
  "58": {
    "cen_loss": 2.1384538243865925,
    "cen_accuracy": 0.5265506470325747
  },
  "59": {
    "cen_loss": 2.1384538133885913,
    "cen_accuracy": 0.5265506470325747
  },
  "60": {
    "cen_loss": 2.1412509085609677,
    "cen_accuracy": 0.5265506470325747
  },
  "61": {
    "cen_loss": 2.141250904518172,
    "cen_accuracy": 0.5265506470325747
  },
  "62": {
    "cen_loss": 2.1412508942848443,
    "cen_accuracy": 0.5265506470325747
  },
  "63": {
    "cen_loss": 1.9309656757267923,
    "cen_accuracy": 0.5435073627844712
  },
  "64": {
    "cen_loss": 1.9309656761523497,
    "cen_accuracy": 0.5435073627844712
  },
  "65": {
    "cen_loss": 1.93096568138039,
    "cen_accuracy": 0.5435073627844712
  },
  "66": {
    "cen_loss": 1.7869434677985352,
    "cen_accuracy": 0.5653726015171798
  },
  "67": {
    "cen_loss": 1.7869434704449707,
    "cen_accuracy": 0.5653726015171798
  },
  "68": {
    "cen_loss": 1.7869434758841274,
    "cen_accuracy": 0.5653726015171798
  },
  "69": {
    "cen_loss": 1.9268951491020132,
    "cen_accuracy": 0.5477465417224453
  },
  "70": {
    "cen_loss": 1.926895148377651,
    "cen_accuracy": 0.5477465417224453
  },
  "71": {
    "cen_loss": 1.9268951488892343,
    "cen_accuracy": 0.5477465417224453
  },
  "72": {
    "cen_loss": 1.782824588056017,
    "cen_accuracy": 0.5776439089692101
  },
  "73": {
    "cen_loss": 1.7828246012200393,
    "cen_accuracy": 0.5776439089692101
  },
  "74": {
    "cen_loss": 1.7828245983225912,
    "cen_accuracy": 0.5776439089692101
  },
  "75": {
    "cen_loss": 1.7416672412437395,
    "cen_accuracy": 0.5917001338688086
  },
  "76": {
    "cen_loss": 1.7416672511911455,
    "cen_accuracy": 0.5917001338688086
  },
  "77": {
    "cen_loss": 1.7416672462307412,
    "cen_accuracy": 0.5917001338688086
  },
  "78": {
    "cen_loss": 1.8934524961012063,
    "cen_accuracy": 0.5448460508701473
  },
  "79": {
    "cen_loss": 1.893452489844597,
    "cen_accuracy": 0.5448460508701473
  },
  "80": {
    "cen_loss": 1.8934524890196638,
    "cen_accuracy": 0.5448460508701473
  },
  "81": {
    "cen_loss": 1.7410820482671925,
    "cen_accuracy": 0.5816599732262383
  },
  "82": {
    "cen_loss": 1.741082056939173,
    "cen_accuracy": 0.5816599732262383
  },
  "83": {
    "cen_loss": 1.741082051876535,
    "cen_accuracy": 0.5816599732262383
  },
  "84": {
    "cen_loss": 1.667443767236525,
    "cen_accuracy": 0.6001784917447568
  },
  "85": {
    "cen_loss": 1.6674437744975994,
    "cen_accuracy": 0.6001784917447568
  },
  "86": {
    "cen_loss": 1.6674437681408345,
    "cen_accuracy": 0.6001784917447568
  },
  "87": {
    "cen_loss": 1.6940747948429085,
    "cen_accuracy": 0.5995091477019188
  },
  "88": {
    "cen_loss": 1.6940747821825735,
    "cen_accuracy": 0.5995091477019188
  },