{
  "0": {
    "cen_loss": 2.3027569942474364,
    "cen_accuracy": 0.100375
  },
  "1": {
    "cen_loss": 2.3027569942474364,
    "cen_accuracy": 0.100375
  },
  "2": {
    "cen_loss": 4.702560603618622,
    "cen_accuracy": 0.100625
  },
  "3": {
    "cen_loss": 3.15327516579628,
    "cen_accuracy": 0.13925
  },
  "4": {
    "cen_loss": 4.022257420539856,
    "cen_accuracy": 0.105625
  },
  "5": {
    "cen_loss": 2.3987116935253145,
    "cen_accuracy": 0.1565
  },
  "6": {
    "cen_loss": 2.6209909255504606,
    "cen_accuracy": 0.16425
  },
  "7": {
    "cen_loss": 2.5816294796466828,
    "cen_accuracy": 0.228125
  },
  "8": {
    "cen_loss": 2.82799307346344,
    "cen_accuracy": 0.238875
  },
  "9": {
    "cen_loss": 2.662342368841171,
    "cen_accuracy": 0.25525
  },
  "10": {
    "cen_loss": 2.3189835245609283,
    "cen_accuracy": 0.318375
  },
  "11": {
    "cen_loss": 2.529781240105629,
    "cen_accuracy": 0.343375
  },
  "12": {
    "cen_loss": 2.3224742419719697,
    "cen_accuracy": 0.309125
  },
  "13": {
    "cen_loss": 1.8757095478773118,
    "cen_accuracy": 0.401625
  },
  "14": {
    "cen_loss": 2.7536962242126464,
    "cen_accuracy": 0.345875
  },
  "15": {
    "cen_loss": 1.9355151681900025,
    "cen_accuracy": 0.397
  },
  "16": {
    "cen_loss": 2.1610457257032394,
    "cen_accuracy": 0.41925
  },
  "17": {
    "cen_loss": 2.219835215687752,
    "cen_accuracy": 0.402875
  },
  "18": {
    "cen_loss": 1.711736539363861,
    "cen_accuracy": 0.48075
  },
  "19": {
    "cen_loss": 2.342961955904961,
    "cen_accuracy": 0.437875
  },
  "20": {
    "cen_loss": 2.1015058509111406,
    "cen_accuracy": 0.4885
  },
  "21": {
    "cen_loss": 2.345040843248367,
    "cen_accuracy": 0.399625
  },
  "22": {
    "cen_loss": 1.9948014906644822,
    "cen_accuracy": 0.451375
  },
  "23": {
    "cen_loss": 2.270485084891319,
    "cen_accuracy": 0.40425
  },
  "24": {
    "cen_loss": 1.9531597015857696,
    "cen_accuracy": 0.46175
  },
  "25": {
    "cen_loss": 2.2514110345840455,
    "cen_accuracy": 0.42525
  },
  "26": {
    "cen_loss": 1.8326567888259888,
    "cen_accuracy": 0.469125
  },
  "27": {
    "cen_loss": 1.926860350728035,
    "cen_accuracy": 0.472125
  },
  "28": {
    "cen_loss": 1.9697282695770264,
    "cen_accuracy": 0.46425
  },
  "29": {
    "cen_loss": 2.06998538172245,
    "cen_accuracy": 0.46875
  },
  "30": {
    "cen_loss": 1.9340326522588729,
    "cen_accuracy": 0.488
  },
  "31": {
    "cen_loss": 2.0538414054512977,
    "cen_accuracy": 0.464625
  },
  "32": {
    "cen_loss": 1.8704983719587327,
    "cen_accuracy": 0.490375
  },
  "33": {
    "cen_loss": 1.7799258223176002,
    "cen_accuracy": 0.51575
  },
  "34": {
    "cen_loss": 1.9668418282270432,
    "cen_accuracy": 0.494
  },
  "35": {
    "cen_loss": 1.7984415310025215,
    "cen_accuracy": 0.529625
  },
  "36": {
    "cen_loss": 2.1331149024367333,
    "cen_accuracy": 0.49475
  },
  "37": {
    "cen_loss": 1.8608165022134782,
    "cen_accuracy": 0.481875
  },
  "38": {
    "cen_loss": 1.813945603311062,
    "cen_accuracy": 0.5315
  },
  "39": {
    "cen_loss": 1.876951490998268,
    "cen_accuracy": 0.501125
  },
  "40": {
    "cen_loss": 1.9166580391526222,
    "cen_accuracy": 0.505875
  },
  "41": {
    "cen_loss": 1.6636084042191506,
    "cen_accuracy": 0.544875
  },
  "42": {
    "cen_loss": 1.5449191868305205,
    "cen_accuracy": 0.55375
  },
  "43": {
    "cen_loss": 2.1548009765148164,
    "cen_accuracy": 0.500875
  },
  "44": {
    "cen_loss": 1.9042205364108085,
    "cen_accuracy": 0.506375
  },
  "45": {
    "cen_loss": 1.906859399318695,
    "cen_accuracy": 0.50275
  },
  "46": {
    "cen_loss": 1.7732296024560927,
    "cen_accuracy": 0.5215
  },
  "47": {
    "cen_loss": 1.8034407076835632,
    "cen_accuracy": 0.5235
  },
  "48": {
    "cen_loss": 1.6482395972013473,
    "cen_accuracy": 0.513125
  },
  "49": {
    "cen_loss": 1.8916973375678063,
    "cen_accuracy": 0.52225
  },
  "50": {
    "cen_loss": 1.9133917447924613,
    "cen_accuracy": 0.522
  },
  "51": {
    "cen_loss": 1.848214639544487,
    "cen_accuracy": 0.50375
  },
  "52": {
    "cen_loss": 1.4848389871716499,
    "cen_accuracy": 0.571875
  },
  "53": {
    "cen_loss": 1.4740648707151414,
    "cen_accuracy": 0.5395
  },
  "54": {
    "cen_loss": 2.2714933767318723,
    "cen_accuracy": 0.464125
  },
  "55": {
    "cen_loss": 1.6275534040927886,
    "cen_accuracy": 0.539375
  },
  "56": {
    "cen_loss": 1.7990438224077225,
    "cen_accuracy": 0.507875
  },
  "57": {
    "cen_loss": 1.5764159071445465,
    "cen_accuracy": 0.565125
  },
  "58": {
    "cen_loss": 1.6657455283403397,
    "cen_accuracy": 0.54225
  },
  "59": {
    "cen_loss": 1.7237156808376313,
    "cen_accuracy": 0.562125
  },
  "60": {
    "cen_loss": 1.7353170579075814,
    "cen_accuracy": 0.5695
  },
  "61": {
    "cen_loss": 1.7930226221084595,
    "cen_accuracy": 0.549625
  },
  "62": {
    "cen_loss": 1.6601270447969436,
    "cen_accuracy": 0.565875
  },
  "63": {
    "cen_loss": 1.7662118819355965,
    "cen_accuracy": 0.562
  },
  "64": {
    "cen_loss": 1.4275817341208459,
    "cen_accuracy": 0.573125
  },
  "65": {
    "cen_loss": 1.5810861238241196,
    "cen_accuracy": 0.582875
  },
  "66": {
    "cen_loss": 1.4142357548475266,
    "cen_accuracy": 0.609375
  },
  "67": {
    "cen_loss": 1.6677563576102257,
    "cen_accuracy": 0.56025
  },
  "68": {
    "cen_loss": 1.427396509885788,
    "cen_accuracy": 0.593125
  },
  "69": {
    "cen_loss": 1.5183689029812812,
    "cen_accuracy": 0.553875
  },
  "70": {
    "cen_loss": 1.5492574651241302,
    "cen_accuracy": 0.554375
  },
  "71": {
    "cen_loss": 1.3398462579250336,
    "cen_accuracy": 0.592375
  },
  "72": {
    "cen_loss": 1.4291303611397743,
    "cen_accuracy": 0.5915
  },
  "73": {
    "cen_loss": 1.5265219487547874,
    "cen_accuracy": 0.574875
  },
  "74": {
    "cen_loss": 1.6783332630395889,
    "cen_accuracy": 0.5375
  },
  "75": {
    "cen_loss": 1.5309182671308517,
    "cen_accuracy": 0.573
  },
  "76": {
    "cen_loss": 1.950141381919384,
    "cen_accuracy": 0.551
  },
  "77": {
    "cen_loss": 1.6411463645100595,
    "cen_accuracy": 0.558375
  },
  "78": {
    "cen_loss": 1.5091897535920142,
    "cen_accuracy": 0.573625
  },
  "79": {
    "cen_loss": 1.6119697822332382,
    "cen_accuracy": 0.58475
  },
  "80": {
    "cen_loss": 1.6044657344818116,
    "cen_accuracy": 0.595625
  },
  "81": {
    "cen_loss": 1.3313255435824394,
    "cen_accuracy": 0.623875
  },
  "82": {
    "cen_loss": 1.2937331807613373,
    "cen_accuracy": 0.6275
  },
  "83": {
    "cen_loss": 1.336598093032837,
    "cen_accuracy": 0.610875
  },
  "84": {
    "cen_loss": 1.3409873025417327,
    "cen_accuracy": 0.616125
  },
  "85": {
    "cen_loss": 1.2634094796776771,
    "cen_accuracy": 0.631875
  },
  "86": {
    "cen_loss": 1.2404954892396927,
    "cen_accuracy": 0.640375
  },
  "87": {
    "cen_loss": 1.261679103076458,
    "cen_accuracy": 0.625875
  },
  "88": {
    "cen_loss": 1.2451554185152054,
    "cen_accuracy": 0.64225
  },
  "89": {
    "cen_loss": 1.3034633261561395,
    "cen_accuracy": 0.6265
  },
  "90": {
    "cen_loss": 1.3237090075016023,
    "cen_accuracy": 0.6325
  },
  "91": {
    "cen_loss": 1.2879978634119034,
    "cen_accuracy": 0.63525
  },
  "92": {
    "cen_loss": 1.4027055333852767,
    "cen_accuracy": 0.615625
  },
  "93": {
    "cen_loss": 1.4049455314576627,
    "cen_accuracy": 0.620875
  },
  "94": {
    "cen_loss": 1.4891732205450534,
    "cen_accuracy": 0.605125
  },
  "95": {
    "cen_loss": 1.3528745041787624,
    "cen_accuracy": 0.62675
  },
  "96": {
    "cen_loss": 1.3477709106206894,
    "cen_accuracy": 0.626375
  },
  "97": {
    "cen_loss": 1.392366616666317,
    "cen_accuracy": 0.628125
  },
  "98": {
    "cen_loss": 1.3517016896307468,
    "cen_accuracy": 0.623375
  },
  "99": {
    "cen_loss": 1.3608415814042092,
    "cen_accuracy": 0.62225
  },
  "100": {
    "cen_loss": 1.4095295425355434,
    "cen_accuracy": 0.626875
  },