{
  "0": {
    "cen_loss": 2.3028162007331847,
    "cen_accuracy": 0.1005
  },
  "1": {
    "cen_loss": 2.3028162007331847,
    "cen_accuracy": 0.1005
  },
  "2": {
    "cen_loss": 3.5690149493217467,
    "cen_accuracy": 0.0995
  },
  "3": {
    "cen_loss": 4.001882016181946,
    "cen_accuracy": 0.101625
  },
  "4": {
    "cen_loss": 3.631396352291107,
    "cen_accuracy": 0.0995
  },
  "5": {
    "cen_loss": 5.571700374126435,
    "cen_accuracy": 0.0995
  },
  "6": {
    "cen_loss": 2.730166587114334,
    "cen_accuracy": 0.1205
  },
  "7": {
    "cen_loss": 2.6562563424110412,
    "cen_accuracy": 0.20875
  },
  "8": {
    "cen_loss": 3.200769591093063,
    "cen_accuracy": 0.186875
  },
  "9": {
    "cen_loss": 2.887121519804001,
    "cen_accuracy": 0.162625
  },
  "10": {
    "cen_loss": 3.4606982333660126,
    "cen_accuracy": 0.2325
  },
  "11": {
    "cen_loss": 2.8996109163761137,
    "cen_accuracy": 0.19875
  },
  "12": {
    "cen_loss": 2.755779717206955,
    "cen_accuracy": 0.193875
  },
  "13": {
    "cen_loss": 2.5511661484241483,
    "cen_accuracy": 0.205375
  },
  "14": {
    "cen_loss": 2.0665609967708587,
    "cen_accuracy": 0.30125
  },
  "15": {
    "cen_loss": 3.3807764275074006,
    "cen_accuracy": 0.2095
  },
  "16": {
    "cen_loss": 2.651419049501419,
    "cen_accuracy": 0.325375
  },
  "17": {
    "cen_loss": 2.344592576265335,
    "cen_accuracy": 0.3275
  },
  "18": {
    "cen_loss": 2.4934117889404295,
    "cen_accuracy": 0.29175
  },
  "19": {
    "cen_loss": 2.1830789108276365,
    "cen_accuracy": 0.35625
  },
  "20": {
    "cen_loss": 2.0763633128404617,
    "cen_accuracy": 0.372625
  },
  "21": {
    "cen_loss": 2.5927145183086395,
    "cen_accuracy": 0.284375
  },
  "22": {
    "cen_loss": 2.7080147426128387,
    "cen_accuracy": 0.28725
  },
  "23": {
    "cen_loss": 2.218104001402855,
    "cen_accuracy": 0.354125
  },
  "24": {
    "cen_loss": 2.358826977610588,
    "cen_accuracy": 0.368
  },
  "25": {
    "cen_loss": 2.030932976961136,
    "cen_accuracy": 0.3355
  },
  "26": {
    "cen_loss": 2.708762275934219,
    "cen_accuracy": 0.322625
  },
  "27": {
    "cen_loss": 1.5240231152772903,
    "cen_accuracy": 0.4555
  },
  "28": {
    "cen_loss": 2.3382515177726746,
    "cen_accuracy": 0.387
  },
  "29": {
    "cen_loss": 2.1623281877040865,
    "cen_accuracy": 0.314375
  },
  "30": {
    "cen_loss": 2.2865045688152312,
    "cen_accuracy": 0.303375
  },
  "31": {
    "cen_loss": 2.106155626654625,
    "cen_accuracy": 0.34575
  },
  "32": {
    "cen_loss": 3.288326279401779,
    "cen_accuracy": 0.32
  },
  "33": {
    "cen_loss": 2.7475244941711425,
    "cen_accuracy": 0.306375
  },
  "34": {
    "cen_loss": 3.7400092697143554,
    "cen_accuracy": 0.225375
  },
  "35": {
    "cen_loss": 2.1842931408882142,
    "cen_accuracy": 0.32675
  },
  "36": {
    "cen_loss": 1.9396057026386262,
    "cen_accuracy": 0.362625
  },
  "37": {
    "cen_loss": 2.191943984389305,
    "cen_accuracy": 0.34375
  },
  "38": {
    "cen_loss": 2.002271016597748,
    "cen_accuracy": 0.425
  },
  "39": {
    "cen_loss": 2.95363694858551,
    "cen_accuracy": 0.3335
  },
  "40": {
    "cen_loss": 3.55163013792038,
    "cen_accuracy": 0.295125
  },
  "41": {
    "cen_loss": 2.5249087270498274,
    "cen_accuracy": 0.4265
  },
  "42": {
    "cen_loss": 3.7480732169151305,
    "cen_accuracy": 0.34825
  },
  "43": {
    "cen_loss": 2.3338354386091233,
    "cen_accuracy": 0.385625
  },
  "44": {
    "cen_loss": 1.874781988143921,
    "cen_accuracy": 0.440875
  },
  "45": {
    "cen_loss": 2.163414086461067,
    "cen_accuracy": 0.405375
  },
  "46": {
    "cen_loss": 2.287824503660202,
    "cen_accuracy": 0.352625
  },
  "47": {
    "cen_loss": 2.2977387400865554,
    "cen_accuracy": 0.41225
  },
  "48": {
    "cen_loss": 2.195665533781052,
    "cen_accuracy": 0.343875
  },
  "49": {
    "cen_loss": 1.9583020250797272,
    "cen_accuracy": 0.414375
  },
  "50": {
    "cen_loss": 2.4391345418691635,
    "cen_accuracy": 0.37325
  },
  "51": {
    "cen_loss": 2.2818675636053087,
    "cen_accuracy": 0.405125
  },
  "52": {
    "cen_loss": 2.2814189100265505,
    "cen_accuracy": 0.384625
  },
  "53": {
    "cen_loss": 1.9235914270877839,
    "cen_accuracy": 0.41325
  },
  "54": {
    "cen_loss": 1.794580576300621,
    "cen_accuracy": 0.420625
  },
  "55": {
    "cen_loss": 2.1311695365905763,
    "cen_accuracy": 0.456625
  },
  "56": {
    "cen_loss": 2.5689436237812044,
    "cen_accuracy": 0.421625
  },
  "57": {
    "cen_loss": 2.0671450362205506,
    "cen_accuracy": 0.349625
  },
  "58": {
    "cen_loss": 1.7725700356960297,
    "cen_accuracy": 0.402875
  },
  "59": {
    "cen_loss": 2.3470978404283525,
    "cen_accuracy": 0.387
  },
  "60": {
    "cen_loss": 2.0218581297397615,
    "cen_accuracy": 0.426875
  },
  "61": {
    "cen_loss": 2.4831639965772627,
    "cen_accuracy": 0.347875
  },
  "62": {
    "cen_loss": 1.8593874963521957,
    "cen_accuracy": 0.492375
  },
  "63": {
    "cen_loss": 1.8158069293498993,
    "cen_accuracy": 0.43375
  },
  "64": {
    "cen_loss": 1.8222416273355484,
    "cen_accuracy": 0.43575
  },
  "65": {
    "cen_loss": 2.7583256611824036,
    "cen_accuracy": 0.429
  },
  "66": {
    "cen_loss": 1.5722904453277589,
    "cen_accuracy": 0.50825
  },
  "67": {
    "cen_loss": 1.7879624274969101,
    "cen_accuracy": 0.4425
  },
  "68": {
    "cen_loss": 1.5128583320379256,
    "cen_accuracy": 0.486375
  },
  "69": {
    "cen_loss": 1.749306546330452,
    "cen_accuracy": 0.442375
  },
  "70": {
    "cen_loss": 1.9380949902534486,
    "cen_accuracy": 0.434625
  },
  "71": {
    "cen_loss": 2.471883588314056,
    "cen_accuracy": 0.389375
  },
  "72": {
    "cen_loss": 1.7497591494321822,
    "cen_accuracy": 0.453625
  },
  "73": {
    "cen_loss": 1.7752983695268632,
    "cen_accuracy": 0.477375
  },
  "74": {
    "cen_loss": 1.4545313609838486,
    "cen_accuracy": 0.50825
  },
  "75": {
    "cen_loss": 1.4013347868919372,
    "cen_accuracy": 0.536125
  },
  "76": {
    "cen_loss": 2.1486985124349594,
    "cen_accuracy": 0.401375
  },
  "77": {
    "cen_loss": 2.031501555800438,
    "cen_accuracy": 0.42475
  },
  "78": {
    "cen_loss": 2.7869413368701936,
    "cen_accuracy": 0.3255
  },
  "79": {
    "cen_loss": 1.5952068095207215,
    "cen_accuracy": 0.516125
  },
  "80": {
    "cen_loss": 2.0074651284217833,
    "cen_accuracy": 0.457625
  },
  "81": {
    "cen_loss": 2.710310428738594,
    "cen_accuracy": 0.407625
  },
  "82": {
    "cen_loss": 1.5071984515786172,
    "cen_accuracy": 0.534625
  },
  "83": {
    "cen_loss": 1.9375290483236314,
    "cen_accuracy": 0.40925
  },
  "84": {
    "cen_loss": 2.603761686563492,
    "cen_accuracy": 0.45325
  },
  "85": {
    "cen_loss": 1.6564738030433654,
    "cen_accuracy": 0.4715
  },
  "86": {
    "cen_loss": 1.9109731224775315,
    "cen_accuracy": 0.417875
  },
  "87": {
    "cen_loss": 1.9238664392232896,
    "cen_accuracy": 0.452375
  },
  "88": {
    "cen_loss": 2.059513383150101,
    "cen_accuracy": 0.488875
  },
  "89": {
    "cen_loss": 1.6082782514691354,
    "cen_accuracy": 0.493875
  },
  "90": {
    "cen_loss": 1.8160990619659423,
    "cen_accuracy": 0.4705
  },
  "91": {
    "cen_loss": 1.332463727891445,
    "cen_accuracy": 0.557625
  },
  "92": {
    "cen_loss": 1.7624823098182678,
    "cen_accuracy": 0.484875
  },
  "93": {
    "cen_loss": 1.884219599366188,
    "cen_accuracy": 0.505375
  },
  "94": {
    "cen_loss": 2.210463884830475,
    "cen_accuracy": 0.433625
  },
  "95": {
    "cen_loss": 1.8951451082229613,
    "cen_accuracy": 0.447125
  },
  "96": {
    "cen_loss": 1.7554658297300338,
    "cen_accuracy": 0.4735
  },
  "97": {
    "cen_loss": 1.8517645258307458,
    "cen_accuracy": 0.48825
  },
  "98": {
    "cen_loss": 1.4619720554351807,
    "cen_accuracy": 0.530625
  },
  "99": {
    "cen_loss": 2.198675668001175,
    "cen_accuracy": 0.434625
  },
  "100": {
    "cen_loss": 2.9683388234972954,
    "cen_accuracy": 0.35475
  },