{
  "0": {
    "cen_loss": 2.3028162007331847,
    "cen_accuracy": 0.1005
  },
  "1": {
    "cen_loss": 2.3028162007331847,
    "cen_accuracy": 0.1005
  },
  "2": {
    "cen_loss": 3.613083845615387,
    "cen_accuracy": 0.1005
  },
  "3": {
    "cen_loss": 4.5397744278907775,
    "cen_accuracy": 0.098875
  },
  "4": {
    "cen_loss": 5.362924890041351,
    "cen_accuracy": 0.100375
  },
  "5": {
    "cen_loss": 5.513785472393036,
    "cen_accuracy": 0.1
  },
  "6": {
    "cen_loss": 6.45009245300293,
    "cen_accuracy": 0.100125
  },
  "7": {
    "cen_loss": 5.587126315116882,
    "cen_accuracy": 0.11075
  },
  "8": {
    "cen_loss": 3.1095358531475066,
    "cen_accuracy": 0.221
  },
  "9": {
    "cen_loss": 2.280747584581375,
    "cen_accuracy": 0.31275
  },
  "10": {
    "cen_loss": 1.4990845344662667,
    "cen_accuracy": 0.532375
  },
  "11": {
    "cen_loss": 1.7694931610822677,
    "cen_accuracy": 0.4515
  },
  "12": {
    "cen_loss": 1.846801614999771,
    "cen_accuracy": 0.45975
  },
  "13": {
    "cen_loss": 1.7350487332344056,
    "cen_accuracy": 0.4985
  },
  "14": {
    "cen_loss": 1.5781431777477264,
    "cen_accuracy": 0.531375
  },
  "15": {
    "cen_loss": 1.4561846064925195,
    "cen_accuracy": 0.574375
  },
  "16": {
    "cen_loss": 1.7688662625551224,
    "cen_accuracy": 0.5215
  },
  "17": {
    "cen_loss": 1.6274774060249328,
    "cen_accuracy": 0.550375
  },
  "18": {
    "cen_loss": 1.5373211503624915,
    "cen_accuracy": 0.574
  },
  "19": {
    "cen_loss": 1.317210326373577,
    "cen_accuracy": 0.618375
  },
  "20": {
    "cen_loss": 1.4444845868945122,
    "cen_accuracy": 0.610125
  },
  "21": {
    "cen_loss": 1.467186693072319,
    "cen_accuracy": 0.593375
  },
  "22": {
    "cen_loss": 1.428476982653141,
    "cen_accuracy": 0.607125
  },
  "23": {
    "cen_loss": 1.4106288011670112,
    "cen_accuracy": 0.61075
  },
  "24": {
    "cen_loss": 1.3960129650235176,
    "cen_accuracy": 0.62125
  },
  "25": {
    "cen_loss": 1.3126800956130027,
    "cen_accuracy": 0.63475
  },
  "26": {
    "cen_loss": 1.2362113797366618,
    "cen_accuracy": 0.646875
  },
  "27": {
    "cen_loss": 1.3172765584290027,
    "cen_accuracy": 0.643125
  },
  "28": {
    "cen_loss": 1.2843580982387066,
    "cen_accuracy": 0.64825
  },
  "29": {
    "cen_loss": 1.231641127794981,
    "cen_accuracy": 0.659875
  },
  "30": {
    "cen_loss": 1.2496236562728882,
    "cen_accuracy": 0.669125
  },
  "31": {
    "cen_loss": 1.248760357260704,
    "cen_accuracy": 0.65425
  },
  "32": {
    "cen_loss": 1.2226523834168912,
    "cen_accuracy": 0.660875
  },
  "33": {
    "cen_loss": 1.2615777373313903,
    "cen_accuracy": 0.648875
  },
  "34": {
    "cen_loss": 1.145439558416605,
    "cen_accuracy": 0.676375
  },
  "35": {
    "cen_loss": 1.162050633072853,
    "cen_accuracy": 0.679125
  },
  "36": {
    "cen_loss": 1.1575254427790642,
    "cen_accuracy": 0.679875
  },
  "37": {
    "cen_loss": 1.1380354414582252,
    "cen_accuracy": 0.682
  },
  "38": {
    "cen_loss": 1.219165354013443,
    "cen_accuracy": 0.67
  },
  "39": {
    "cen_loss": 1.1731364081203937,
    "cen_accuracy": 0.679875
  },
  "40": {
    "cen_loss": 1.1577000998407603,
    "cen_accuracy": 0.69275
  },
  "41": {
    "cen_loss": 1.091102922230959,
    "cen_accuracy": 0.68925
  },
  "42": {
    "cen_loss": 1.1339021355062724,
    "cen_accuracy": 0.686625
  },
  "43": {
    "cen_loss": 1.062984595105052,
    "cen_accuracy": 0.697
  },
  "44": {
    "cen_loss": 1.0827775290608406,
    "cen_accuracy": 0.695625
  },
  "45": {
    "cen_loss": 1.084115968927741,
    "cen_accuracy": 0.69775
  },
  "46": {
    "cen_loss": 1.040198746651411,
    "cen_accuracy": 0.70625
  },
  "47": {
    "cen_loss": 1.085902487963438,
    "cen_accuracy": 0.704625
  },
  "48": {
    "cen_loss": 1.0626427725404501,
    "cen_accuracy": 0.702875
  },
  "49": {
    "cen_loss": 1.1099095286726952,
    "cen_accuracy": 0.692625
  },
  "50": {
    "cen_loss": 1.1776922027766705,
    "cen_accuracy": 0.692375
  },
  "51": {
    "cen_loss": 1.020954384982586,
    "cen_accuracy": 0.713
  },
  "52": {
    "cen_loss": 0.9909365221187473,
    "cen_accuracy": 0.7165
  },
  "53": {
    "cen_loss": 1.0477669326215981,
    "cen_accuracy": 0.707375
  },
  "54": {
    "cen_loss": 1.0301989214271308,
    "cen_accuracy": 0.714875
  },
  "55": {
    "cen_loss": 1.0501711013689636,
    "cen_accuracy": 0.705375
  },
  "56": {
    "cen_loss": 1.0016776116117836,
    "cen_accuracy": 0.714375
  },
  "57": {
    "cen_loss": 1.056937970109284,
    "cen_accuracy": 0.712875
  },
  "58": {
    "cen_loss": 1.0032010610699653,
    "cen_accuracy": 0.722375
  },
  "59": {
    "cen_loss": 1.0187004016637802,
    "cen_accuracy": 0.719875
  },
  "60": {
    "cen_loss": 1.0670693822205066,
    "cen_accuracy": 0.71275
  },
  "61": {
    "cen_loss": 0.9562606971114874,
    "cen_accuracy": 0.727125
  },
  "62": {
    "cen_loss": 0.9473367528766393,
    "cen_accuracy": 0.72475
  },
  "63": {
    "cen_loss": 1.027175779722631,
    "cen_accuracy": 0.721375
  },
  "64": {
    "cen_loss": 0.9314351335465908,
    "cen_accuracy": 0.731
  },
  "65": {
    "cen_loss": 0.9389073136076331,
    "cen_accuracy": 0.737125
  },
  "66": {
    "cen_loss": 0.9507903921604156,
    "cen_accuracy": 0.7335
  },
  "67": {
    "cen_loss": 0.9459836212694644,
    "cen_accuracy": 0.735375
  },
  "68": {
    "cen_loss": 0.9666344819813967,
    "cen_accuracy": 0.732375
  },
  "69": {
    "cen_loss": 0.9810712697654963,
    "cen_accuracy": 0.73
  },
  "70": {
    "cen_loss": 1.0289669027104973,
    "cen_accuracy": 0.727625
  },
  "71": {
    "cen_loss": 0.8922730998694897,
    "cen_accuracy": 0.740625
  },
  "72": {
    "cen_loss": 0.891022965811193,
    "cen_accuracy": 0.743
  },
  "73": {
    "cen_loss": 0.9048601001426577,
    "cen_accuracy": 0.74425
  },
  "74": {
    "cen_loss": 0.8741161143220961,
    "cen_accuracy": 0.744375
  },
  "75": {
    "cen_loss": 0.8472782924864442,
    "cen_accuracy": 0.755875
  },
  "76": {
    "cen_loss": 0.8841276577133685,
    "cen_accuracy": 0.74725
  },
  "77": {
    "cen_loss": 0.8651146930903196,
    "cen_accuracy": 0.754375
  },
  "78": {
    "cen_loss": 0.8924033952057362,
    "cen_accuracy": 0.7455
  },
  "79": {
    "cen_loss": 0.944194380491972,
    "cen_accuracy": 0.7395
  },
  "80": {
    "cen_loss": 1.003340933740139,
    "cen_accuracy": 0.735875
  },
  "81": {
    "cen_loss": 0.8927424150779844,
    "cen_accuracy": 0.74525
  },
  "82": {
    "cen_loss": 0.8561140960119664,
    "cen_accuracy": 0.754625
  },
  "83": {
    "cen_loss": 0.8700054163895548,
    "cen_accuracy": 0.748375
  },
  "84": {
    "cen_loss": 0.8981258330643177,
    "cen_accuracy": 0.74575
  },
  "85": {
    "cen_loss": 0.8770054237246513,
    "cen_accuracy": 0.752125
  },
  "86": {
    "cen_loss": 0.8502911170162261,
    "cen_accuracy": 0.75375
  },
  "87": {
    "cen_loss": 0.859067306254059,
    "cen_accuracy": 0.756875
  },
  "88": {
    "cen_loss": 0.8682630355246365,
    "cen_accuracy": 0.748625
  },
  "89": {
    "cen_loss": 0.8361075730100274,
    "cen_accuracy": 0.76075
  },
  "90": {
    "cen_loss": 0.9000429730266333,
    "cen_accuracy": 0.757125
  },
  "91": {
    "cen_loss": 0.8289670323245227,
    "cen_accuracy": 0.76225
  },
  "92": {
    "cen_loss": 0.8622511952072383,
    "cen_accuracy": 0.755375
  },
  "93": {
    "cen_loss": 0.8465589154474438,
    "cen_accuracy": 0.758125
  },
  "94": {
    "cen_loss": 0.8197990583963692,
    "cen_accuracy": 0.76775
  },
  "95": {
    "cen_loss": 0.8168852190449833,
    "cen_accuracy": 0.769375
  },
  "96": {
    "cen_loss": 0.8532504440173507,
    "cen_accuracy": 0.762375
  },
  "97": {
    "cen_loss": 0.862294769719243,
    "cen_accuracy": 0.761
  },
  "98": {
    "cen_loss": 0.8808127010241151,
    "cen_accuracy": 0.75975
  },
  "99": {
    "cen_loss": 0.8794293060898781,
    "cen_accuracy": 0.75675
  },
  "100": {
    "cen_loss": 0.9473064516112208,
    "cen_accuracy": 0.75025
  },