{
  "0": {
    "cen_loss": 2.3027670545578003,
    "cen_accuracy": 0.0985
  },
  "1": {
    "cen_loss": 2.3027670545578003,
    "cen_accuracy": 0.0985
  },
  "2": {
    "cen_loss": 6.011113871574402,
    "cen_accuracy": 0.099875
  },
  "3": {
    "cen_loss": 3.8907574009895325,
    "cen_accuracy": 0.097625
  },
  "4": {
    "cen_loss": 5.183533130645752,
    "cen_accuracy": 0.10175
  },
  "5": {
    "cen_loss": 3.537937650680542,
    "cen_accuracy": 0.117875
  },
  "6": {
    "cen_loss": 2.632363224029541,
    "cen_accuracy": 0.207625
  },
  "7": {
    "cen_loss": 4.725002154350281,
    "cen_accuracy": 0.12975
  },
  "8": {
    "cen_loss": 2.790674601793289,
    "cen_accuracy": 0.192125
  },
  "9": {
    "cen_loss": 3.467795395851135,
    "cen_accuracy": 0.251875
  },
  "10": {
    "cen_loss": 4.857312589645386,
    "cen_accuracy": 0.239125
  },
  "11": {
    "cen_loss": 3.417195699453354,
    "cen_accuracy": 0.224125
  },
  "12": {
    "cen_loss": 2.6692463767528536,
    "cen_accuracy": 0.242
  },
  "13": {
    "cen_loss": 2.763298396110535,
    "cen_accuracy": 0.3445
  },
  "14": {
    "cen_loss": 2.261295207262039,
    "cen_accuracy": 0.277625
  },
  "15": {
    "cen_loss": 2.2655901398658753,
    "cen_accuracy": 0.346875
  },
  "16": {
    "cen_loss": 1.8407542252540587,
    "cen_accuracy": 0.376875
  },
  "17": {
    "cen_loss": 2.49649098277092,
    "cen_accuracy": 0.348375
  },
  "18": {
    "cen_loss": 1.7352569394111634,
    "cen_accuracy": 0.40775
  },
  "19": {
    "cen_loss": 2.1934089126586915,
    "cen_accuracy": 0.369875
  },
  "20": {
    "cen_loss": 1.8263649175167083,
    "cen_accuracy": 0.414625
  },
  "21": {
    "cen_loss": 2.9251024720668792,
    "cen_accuracy": 0.30575
  },
  "22": {
    "cen_loss": 1.652489043712616,
    "cen_accuracy": 0.41275
  },
  "23": {
    "cen_loss": 1.7502108987569809,
    "cen_accuracy": 0.435375
  },
  "24": {
    "cen_loss": 2.25316936814785,
    "cen_accuracy": 0.39325
  },
  "25": {
    "cen_loss": 1.7517266545295715,
    "cen_accuracy": 0.4305
  },
  "26": {
    "cen_loss": 1.47341155564785,
    "cen_accuracy": 0.483625
  },
  "27": {
    "cen_loss": 2.007135247826576,
    "cen_accuracy": 0.39725
  },
  "28": {
    "cen_loss": 4.876888973236084,
    "cen_accuracy": 0.228125
  },
  "29": {
    "cen_loss": 2.221372380375862,
    "cen_accuracy": 0.347
  },
  "30": {
    "cen_loss": 2.9787092571258547,
    "cen_accuracy": 0.3085
  },
  "31": {
    "cen_loss": 2.1047931903600694,
    "cen_accuracy": 0.354375
  },
  "32": {
    "cen_loss": 3.0322352416515352,
    "cen_accuracy": 0.313625
  },
  "33": {
    "cen_loss": 1.7327903645038605,
    "cen_accuracy": 0.419875
  },
  "34": {
    "cen_loss": 1.6048635257482529,
    "cen_accuracy": 0.450375
  },
  "35": {
    "cen_loss": 1.4606436165571213,
    "cen_accuracy": 0.5455
  },
  "36": {
    "cen_loss": 1.993178621530533,
    "cen_accuracy": 0.4225
  },
  "37": {
    "cen_loss": 2.3814246263504026,
    "cen_accuracy": 0.359125
  },
  "38": {
    "cen_loss": 1.7605113580226899,
    "cen_accuracy": 0.4795
  },
  "39": {
    "cen_loss": 1.8935873641967773,
    "cen_accuracy": 0.4455
  },
  "40": {
    "cen_loss": 1.7824712985754012,
    "cen_accuracy": 0.46325
  },
  "41": {
    "cen_loss": 1.8369873483181,
    "cen_accuracy": 0.48675
  },
  "42": {
    "cen_loss": 2.0116159834861755,
    "cen_accuracy": 0.46725
  },
  "43": {
    "cen_loss": 2.00925208902359,
    "cen_accuracy": 0.42
  },
  "44": {
    "cen_loss": 1.9849738561511039,
    "cen_accuracy": 0.453375
  },
  "45": {
    "cen_loss": 1.8726286509037018,
    "cen_accuracy": 0.4555
  },
  "46": {
    "cen_loss": 1.9030630732774734,
    "cen_accuracy": 0.49375
  },
  "47": {
    "cen_loss": 2.1536745471954344,
    "cen_accuracy": 0.370875
  },
  "48": {
    "cen_loss": 1.929819086432457,
    "cen_accuracy": 0.458
  },
  "49": {
    "cen_loss": 2.8298640375137327,
    "cen_accuracy": 0.37525
  },
  "50": {
    "cen_loss": 2.730702254533768,
    "cen_accuracy": 0.418875
  },
  "51": {
    "cen_loss": 2.51758136510849,
    "cen_accuracy": 0.38925
  },
  "52": {
    "cen_loss": 1.9938368419408798,
    "cen_accuracy": 0.413375
  },
  "53": {
    "cen_loss": 1.6873225475549698,
    "cen_accuracy": 0.483375
  },
  "54": {
    "cen_loss": 1.5564351185560226,
    "cen_accuracy": 0.5155
  },
  "55": {
    "cen_loss": 1.7926873893737794,
    "cen_accuracy": 0.448625
  },
  "56": {
    "cen_loss": 2.0212798882722853,
    "cen_accuracy": 0.422875
  },
  "57": {
    "cen_loss": 1.6639865871071815,
    "cen_accuracy": 0.51325
  },
  "58": {
    "cen_loss": 1.7734124683141708,
    "cen_accuracy": 0.475625
  },
  "59": {
    "cen_loss": 1.6211165784597397,
    "cen_accuracy": 0.498625
  },
  "60": {
    "cen_loss": 1.970104952931404,
    "cen_accuracy": 0.451375
  },
  "61": {
    "cen_loss": 2.2718523255586622,
    "cen_accuracy": 0.40375
  },
  "62": {
    "cen_loss": 1.4461730551719665,
    "cen_accuracy": 0.568875
  },
  "63": {
    "cen_loss": 1.8158825987577438,
    "cen_accuracy": 0.464375
  },
  "64": {
    "cen_loss": 1.75027450466156,
    "cen_accuracy": 0.47425
  },
  "65": {
    "cen_loss": 1.466839641213417,
    "cen_accuracy": 0.542875
  },
  "66": {
    "cen_loss": 2.192244704604149,
    "cen_accuracy": 0.45175
  },
  "67": {
    "cen_loss": 1.3199382854104043,
    "cen_accuracy": 0.567
  },
  "68": {
    "cen_loss": 2.247838261961937,
    "cen_accuracy": 0.440625
  },
  "69": {
    "cen_loss": 1.5227830189466476,
    "cen_accuracy": 0.495875
  },
  "70": {
    "cen_loss": 1.592965931892395,
    "cen_accuracy": 0.485625
  },
  "71": {
    "cen_loss": 2.0108891142606735,
    "cen_accuracy": 0.46625
  },
  "72": {
    "cen_loss": 1.6798455638885499,
    "cen_accuracy": 0.493375
  },
  "73": {
    "cen_loss": 1.386602775156498,
    "cen_accuracy": 0.56775
  },
  "74": {
    "cen_loss": 1.9870500028133393,
    "cen_accuracy": 0.493875
  },
  "75": {
    "cen_loss": 1.488768583357334,
    "cen_accuracy": 0.534625
  },
  "76": {
    "cen_loss": 2.129768014907837,
    "cen_accuracy": 0.453875
  },
  "77": {
    "cen_loss": 1.430732881307602,
    "cen_accuracy": 0.53825
  },
  "78": {
    "cen_loss": 2.217292160630226,
    "cen_accuracy": 0.418375
  },
  "79": {
    "cen_loss": 1.5864782502651216,
    "cen_accuracy": 0.4995
  },
  "80": {
    "cen_loss": 1.8370459096431733,
    "cen_accuracy": 0.463375
  },
  "81": {
    "cen_loss": 1.2271120410561562,
    "cen_accuracy": 0.6115
  },
  "82": {
    "cen_loss": 1.327535683274269,
    "cen_accuracy": 0.560875
  },
  "83": {
    "cen_loss": 2.08773475676775,
    "cen_accuracy": 0.47375
  },
  "84": {
    "cen_loss": 1.3652424323558807,
    "cen_accuracy": 0.554
  },
  "85": {
    "cen_loss": 1.579087433040142,
    "cen_accuracy": 0.547625
  },
  "86": {
    "cen_loss": 1.2967386899590492,
    "cen_accuracy": 0.59875
  },
  "87": {
    "cen_loss": 1.1391097499132157,
    "cen_accuracy": 0.617875
  },
  "88": {
    "cen_loss": 2.0705659908056258,
    "cen_accuracy": 0.47475
  },
  "89": {
    "cen_loss": 1.6752888025045396,
    "cen_accuracy": 0.47075
  },
  "90": {
    "cen_loss": 2.2529786237478255,
    "cen_accuracy": 0.39025
  },
  "91": {
    "cen_loss": 1.5006170369982719,
    "cen_accuracy": 0.5435
  },
  "92": {
    "cen_loss": 2.0053281309604647,
    "cen_accuracy": 0.45275
  },
  "93": {
    "cen_loss": 2.0170425505638123,
    "cen_accuracy": 0.491875
  },
  "94": {
    "cen_loss": 1.3164446635842324,
    "cen_accuracy": 0.57625
  },
  "95": {
    "cen_loss": 1.7026242709755897,
    "cen_accuracy": 0.514625
  },
  "96": {
    "cen_loss": 1.4681077806949616,
    "cen_accuracy": 0.5295
  },
  "97": {
    "cen_loss": 1.4078230673670769,
    "cen_accuracy": 0.56425
  },
  "98": {
    "cen_loss": 1.473981822669506,
    "cen_accuracy": 0.56575
  },
  "99": {
    "cen_loss": 1.272496355354786,
    "cen_accuracy": 0.60375
  },
  "100": {
    "cen_loss": 1.46133163946867,
    "cen_accuracy": 0.58125
  },
  "101": {
    "cen_loss": 1.6854237526655198,