{
  "0": {
    "cen_loss": 3.6316095030451394,
    "cen_accuracy": 0.010486390004462293
  },
  "1": {
    "cen_loss": 3.6316095121946255,
    "cen_accuracy": 0.010486390004462293
  },
  "2": {
    "cen_loss": 3.1742565039277664,
    "cen_accuracy": 0.08634538152610442
  },
  "3": {
    "cen_loss": 3.101350514923872,
    "cen_accuracy": 0.0892458723784025
  },
  "4": {
    "cen_loss": 3.211604252716943,
    "cen_accuracy": 0.17380633645693885
  },
  "5": {
    "cen_loss": 3.3068523870840076,
    "cen_accuracy": 0.1818384649709951
  },
  "6": {
    "cen_loss": 3.69422169616849,
    "cen_accuracy": 0.1898705934850513
  },
  "7": {
    "cen_loss": 3.291509641381791,
    "cen_accuracy": 0.24542614904060686
  },
  "8": {
    "cen_loss": 2.905477258149453,
    "cen_accuracy": 0.3179384203480589
  },
  "9": {
    "cen_loss": 3.2456923897167447,
    "cen_accuracy": 0.24899598393574296
  },
  "10": {
    "cen_loss": 3.245559751109745,
    "cen_accuracy": 0.24899598393574296
  },
  "11": {
    "cen_loss": 3.3165271354540815,
    "cen_accuracy": 0.23650156180276663
  },
  "12": {
    "cen_loss": 3.2808567083929865,
    "cen_accuracy": 0.2766622043730477
  },
  "13": {
    "cen_loss": 3.016177438721493,
    "cen_accuracy": 0.250111557340473
  },
  "14": {
    "cen_loss": 3.217089984843583,
    "cen_accuracy": 0.3261936635430611
  },
  "15": {
    "cen_loss": 2.773215204437414,
    "cen_accuracy": 0.3525211958946899
  },
  "16": {
    "cen_loss": 2.7993267236251693,
    "cen_accuracy": 0.4062918340026774
  },
  "17": {
    "cen_loss": 3.0587843014480067,
    "cen_accuracy": 0.37639446675591254
  },
  "18": {
    "cen_loss": 2.8476871566440525,
    "cen_accuracy": 0.4049531459170013
  },
  "19": {
    "cen_loss": 3.120284483933864,
    "cen_accuracy": 0.3949129852744311
  },
  "20": {
    "cen_loss": 3.120284476273829,
    "cen_accuracy": 0.3949129852744311
  },
  "21": {
    "cen_loss": 2.961202746999418,
    "cen_accuracy": 0.3424810352521196
  },
  "22": {
    "cen_loss": 2.8261907340219805,
    "cen_accuracy": 0.3848728246318608
  },
  "23": {
    "cen_loss": 2.6913142947148447,
    "cen_accuracy": 0.4223560910307898
  },
  "24": {
    "cen_loss": 2.5777851217083505,
    "cen_accuracy": 0.4161088799643016
  },
  "25": {
    "cen_loss": 2.773078546360208,
    "cen_accuracy": 0.40963855421686746
  },
  "26": {
    "cen_loss": 2.4348671490568394,
    "cen_accuracy": 0.4426595269968764
  },
  "27": {
    "cen_loss": 2.5106942073833936,
    "cen_accuracy": 0.428157072735386
  },
  "28": {
    "cen_loss": 2.465060294073429,
    "cen_accuracy": 0.4585006693440428
  },
  "29": {
    "cen_loss": 2.541816950057139,
    "cen_accuracy": 0.4484605087014726
  },
  "30": {
    "cen_loss": 2.5418169173956024,
    "cen_accuracy": 0.4484605087014726
  },
  "31": {
    "cen_loss": 2.6316376061165028,
    "cen_accuracy": 0.42994199018295404
  },
  "32": {
    "cen_loss": 2.4709290562331385,
    "cen_accuracy": 0.4455600178491745
  },
  "33": {
    "cen_loss": 2.4439635260171095,
    "cen_accuracy": 0.4533690316822847
  },
  "34": {
    "cen_loss": 2.812384658921568,
    "cen_accuracy": 0.392235609103079
  },
  "35": {
    "cen_loss": 2.503546834018602,
    "cen_accuracy": 0.4395359214636323
  },
  "36": {
    "cen_loss": 2.3512444404659925,
    "cen_accuracy": 0.46943328871039713
  },
  "37": {
    "cen_loss": 2.2319534775243706,
    "cen_accuracy": 0.4921909861668898
  },
  "38": {
    "cen_loss": 2.176619895597166,
    "cen_accuracy": 0.5167336010709505
  },
  "39": {
    "cen_loss": 2.007187191129316,
    "cen_accuracy": 0.5506470325747435
  },
  "40": {
    "cen_loss": 2.007187228179414,
    "cen_accuracy": 0.5506470325747435
  },
  "41": {
    "cen_loss": 2.314548450088671,
    "cen_accuracy": 0.49040606871932174
  },
  "42": {
    "cen_loss": 2.2049793611940984,
    "cen_accuracy": 0.49843819723337796
  },
  "43": {
    "cen_loss": 2.1937920218437497,
    "cen_accuracy": 0.5138331102186524
  },
  "44": {
    "cen_loss": 2.2595383351746015,
    "cen_accuracy": 0.4930834448906738
  },
  "45": {
    "cen_loss": 2.27979921571169,
    "cen_accuracy": 0.4825970548862115
  },
  "46": {
    "cen_loss": 2.132458479489029,
    "cen_accuracy": 0.5118250780901383
  },
  "47": {
    "cen_loss": 1.938716949495233,
    "cen_accuracy": 0.5589022757697456
  },
  "48": {
    "cen_loss": 2.2614475187447813,
    "cen_accuracy": 0.500446229361892
  },
  "49": {
    "cen_loss": 2.182965749079284,
    "cen_accuracy": 0.5165104863900044
  },
  "50": {
    "cen_loss": 2.1829657290780826,
    "cen_accuracy": 0.5165104863900044
  },
  "51": {
    "cen_loss": 2.1217078863643524,
    "cen_accuracy": 0.536144578313253
  },
  "52": {
    "cen_loss": 2.0632100046505517,
    "cen_accuracy": 0.5412762159750112
  },
  "53": {
    "cen_loss": 2.162820184512736,
    "cen_accuracy": 0.5394912985274432
  },
  "54": {
    "cen_loss": 2.0364151064810185,
    "cen_accuracy": 0.533690316822847
  },
  "55": {
    "cen_loss": 2.0215092090983733,
    "cen_accuracy": 0.536813922356091
  },
  "56": {
    "cen_loss": 1.964427357537041,
    "cen_accuracy": 0.5615796519410977
  },
  "57": {
    "cen_loss": 2.2229730576502855,
    "cen_accuracy": 0.5385988398036591
  },
  "58": {
    "cen_loss": 2.2916665801721083,
    "cen_accuracy": 0.5220883534136547
  },
  "59": {
    "cen_loss": 2.140099149365236,
    "cen_accuracy": 0.5341365461847389
  },
  "60": {
    "cen_loss": 2.1400991442585457,
    "cen_accuracy": 0.5341365461847389
  },
  "61": {
    "cen_loss": 2.0570370392846455,
    "cen_accuracy": 0.5568942436412316
  },
  "62": {
    "cen_loss": 2.273215522022152,
    "cen_accuracy": 0.5145024542614904
  },
  "63": {
    "cen_loss": 2.305967473760347,
    "cen_accuracy": 0.5185185185185185
  },
  "64": {
    "cen_loss": 2.134074769907501,
    "cen_accuracy": 0.5468540829986613
  },
  "65": {
    "cen_loss": 2.0021306384306623,
    "cen_accuracy": 0.5736278447121821
  },
  "66": {
    "cen_loss": 1.9788460371910275,
    "cen_accuracy": 0.5682730923694779
  },
  "67": {
    "cen_loss": 2.182172568873176,
    "cen_accuracy": 0.5330209727800089
  },
  "68": {
    "cen_loss": 2.220229703685313,
    "cen_accuracy": 0.5220883534136547
  },
  "69": {
    "cen_loss": 2.4430151917688656,
    "cen_accuracy": 0.48772869254796963
  },
  "70": {
    "cen_loss": 2.4430152088975543,
    "cen_accuracy": 0.48772869254796963
  },
  "71": {
    "cen_loss": 2.062904452344021,
    "cen_accuracy": 0.5278893351182508
  },
  "72": {
    "cen_loss": 1.868886607132656,
    "cen_accuracy": 0.5850066934404283
  },
  "73": {
    "cen_loss": 2.0081702154802987,
    "cen_accuracy": 0.5392681838464971
  },
  "74": {
    "cen_loss": 1.8781328177888283,
    "cen_accuracy": 0.5803212851405622
  },
  "75": {
    "cen_loss": 1.8465773518704667,
    "cen_accuracy": 0.5863453815261044
  },
  "76": {
    "cen_loss": 1.8770860059536738,
    "cen_accuracy": 0.5644801427933958
  },
  "77": {
    "cen_loss": 1.7980215545745366,
    "cen_accuracy": 0.5863453815261044
  },
  "78": {
    "cen_loss": 1.820631917860294,
    "cen_accuracy": 0.5925925925925926
  },
  "79": {
    "cen_loss": 1.8121096799544913,
    "cen_accuracy": 0.5957161981258366
  },
  "80": {
    "cen_loss": 1.8121096484366404,
    "cen_accuracy": 0.5957161981258366
  },
  "81": {
    "cen_loss": 1.996002101621581,
    "cen_accuracy": 0.5660419455600179
  },
  "82": {
    "cen_loss": 2.075241332073288,
    "cen_accuracy": 0.5506470325747435
  },
  "83": {
    "cen_loss": 1.9684818706997587,
    "cen_accuracy": 0.5669344042838019
  },
  "84": {
    "cen_loss": 2.011934262309315,
    "cen_accuracy": 0.5633645693886657
  },
  "85": {
    "cen_loss": 1.670649924271876,
    "cen_accuracy": 0.6012940651494868
  },
  "86": {
    "cen_loss": 1.7474119768564003,
    "cen_accuracy": 0.6062025881302989
  },
  "87": {
    "cen_loss": 1.629288586533958,
    "cen_accuracy": 0.6166889781347613
  },
  "88": {
    "cen_loss": 1.755513689697241,
    "cen_accuracy": 0.5939312806782686
  },