{
  "0": {
    "cen_loss": 2.3028161997795107,
    "cen_accuracy": 0.1005
  },
  "1": {
    "cen_loss": 2.3028161997795107,
    "cen_accuracy": 0.1005
  },
  "2": {
    "cen_loss": 2.9549164233207703,
    "cen_accuracy": 0.101625
  },
  "3": {
    "cen_loss": 4.252562049865722,
    "cen_accuracy": 0.101625
  },
  "4": {
    "cen_loss": 4.425063564777374,
    "cen_accuracy": 0.101625
  },
  "5": {
    "cen_loss": 4.901047034740448,
    "cen_accuracy": 0.098875
  },
  "6": {
    "cen_loss": 3.98422651720047,
    "cen_accuracy": 0.13925
  },
  "7": {
    "cen_loss": 3.558777351617813,
    "cen_accuracy": 0.171875
  },
  "8": {
    "cen_loss": 2.3649296774864195,
    "cen_accuracy": 0.3185
  },
  "9": {
    "cen_loss": 2.1821214547157286,
    "cen_accuracy": 0.414875
  },
  "10": {
    "cen_loss": 2.2851363784074783,
    "cen_accuracy": 0.443625
  },
  "11": {
    "cen_loss": 1.946306399345398,
    "cen_accuracy": 0.446375
  },
  "12": {
    "cen_loss": 1.8681233801841737,
    "cen_accuracy": 0.47775
  },
  "13": {
    "cen_loss": 1.8337844349145889,
    "cen_accuracy": 0.4735
  },
  "14": {
    "cen_loss": 1.885220880508423,
    "cen_accuracy": 0.47675
  },
  "15": {
    "cen_loss": 1.6753210488557815,
    "cen_accuracy": 0.50975
  },
  "16": {
    "cen_loss": 1.6435590422153472,
    "cen_accuracy": 0.5365
  },
  "17": {
    "cen_loss": 1.5450497354865074,
    "cen_accuracy": 0.553125
  },
  "18": {
    "cen_loss": 1.5817456120848656,
    "cen_accuracy": 0.558125
  },
  "19": {
    "cen_loss": 1.4717618329524993,
    "cen_accuracy": 0.5805
  },
  "20": {
    "cen_loss": 1.5203676122426986,
    "cen_accuracy": 0.599375
  },
  "21": {
    "cen_loss": 1.6124099615812302,
    "cen_accuracy": 0.563
  },
  "22": {
    "cen_loss": 1.3083606585860252,
    "cen_accuracy": 0.60275
  },
  "23": {
    "cen_loss": 1.4295834916830064,
    "cen_accuracy": 0.60225
  },
  "24": {
    "cen_loss": 1.4365087975859643,
    "cen_accuracy": 0.59725
  },
  "25": {
    "cen_loss": 1.3616041957736016,
    "cen_accuracy": 0.606125
  },
  "26": {
    "cen_loss": 1.1495887371301652,
    "cen_accuracy": 0.646375
  },
  "27": {
    "cen_loss": 1.5678025697767735,
    "cen_accuracy": 0.57275
  },
  "28": {
    "cen_loss": 1.228046273469925,
    "cen_accuracy": 0.626625
  },
  "29": {
    "cen_loss": 1.2580338275432588,
    "cen_accuracy": 0.633625
  },
  "30": {
    "cen_loss": 1.4361721305847168,
    "cen_accuracy": 0.620375
  },
  "31": {
    "cen_loss": 1.6353974138498306,
    "cen_accuracy": 0.570625
  },
  "32": {
    "cen_loss": 1.6590334205031394,
    "cen_accuracy": 0.562125
  },
  "33": {
    "cen_loss": 1.2741053591668605,
    "cen_accuracy": 0.624
  },
  "34": {
    "cen_loss": 1.0889091678857803,
    "cen_accuracy": 0.66125
  },
  "35": {
    "cen_loss": 1.260576556444168,
    "cen_accuracy": 0.625
  },
  "36": {
    "cen_loss": 1.3386271789073945,
    "cen_accuracy": 0.623375
  },
  "37": {
    "cen_loss": 1.5025458793640136,
    "cen_accuracy": 0.607125
  },
  "38": {
    "cen_loss": 1.213939540296793,
    "cen_accuracy": 0.643375
  },
  "39": {
    "cen_loss": 1.2952562152147293,
    "cen_accuracy": 0.631625
  },
  "40": {
    "cen_loss": 1.4825148065686227,
    "cen_accuracy": 0.60675
  },
  "41": {
    "cen_loss": 1.3091167920529843,
    "cen_accuracy": 0.62275
  },
  "42": {
    "cen_loss": 1.218904284119606,
    "cen_accuracy": 0.6495
  },
  "43": {
    "cen_loss": 1.2633610258102417,
    "cen_accuracy": 0.6415
  },
  "44": {
    "cen_loss": 1.5121753914952278,
    "cen_accuracy": 0.5845
  },
  "45": {
    "cen_loss": 1.2784631242752076,
    "cen_accuracy": 0.647375
  },
  "46": {
    "cen_loss": 1.4559127512574195,
    "cen_accuracy": 0.61
  },
  "47": {
    "cen_loss": 1.127520687788725,
    "cen_accuracy": 0.6815
  },
  "48": {
    "cen_loss": 1.2265175979733467,
    "cen_accuracy": 0.6625
  },
  "49": {
    "cen_loss": 1.3708952408134938,
    "cen_accuracy": 0.637625
  },
  "50": {
    "cen_loss": 1.6430325024425982,
    "cen_accuracy": 0.61225
  },
  "51": {
    "cen_loss": 1.058283871382475,
    "cen_accuracy": 0.677
  },
  "52": {
    "cen_loss": 1.088033879905939,
    "cen_accuracy": 0.67825
  },
  "53": {
    "cen_loss": 1.084390783250332,
    "cen_accuracy": 0.67275
  },
  "54": {
    "cen_loss": 1.0163379499614238,
    "cen_accuracy": 0.685875
  },
  "55": {
    "cen_loss": 1.1227878545820713,
    "cen_accuracy": 0.662
  },
  "56": {
    "cen_loss": 1.1988797534406186,
    "cen_accuracy": 0.657625
  },
  "57": {
    "cen_loss": 1.087485823303461,
    "cen_accuracy": 0.68375
  },
  "58": {
    "cen_loss": 1.0759947971403598,
    "cen_accuracy": 0.685625
  },
  "59": {
    "cen_loss": 1.1413784185647964,
    "cen_accuracy": 0.672625
  },
  "60": {
    "cen_loss": 1.3093815167993308,
    "cen_accuracy": 0.660625
  },
  "61": {
    "cen_loss": 1.0983577813208103,
    "cen_accuracy": 0.68125
  },
  "62": {
    "cen_loss": 1.1048030913472175,
    "cen_accuracy": 0.678875
  },
  "63": {
    "cen_loss": 1.3722700993120671,
    "cen_accuracy": 0.642
  },
  "64": {
    "cen_loss": 1.1432083179354668,
    "cen_accuracy": 0.656375
  },
  "65": {
    "cen_loss": 1.0498554864525795,
    "cen_accuracy": 0.6785
  },
  "66": {
    "cen_loss": 1.0390851422250271,
    "cen_accuracy": 0.695375
  },
  "67": {
    "cen_loss": 1.04535310703516,
    "cen_accuracy": 0.674
  },
  "68": {
    "cen_loss": 1.0438425383865833,
    "cen_accuracy": 0.689875
  },
  "69": {
    "cen_loss": 1.204587378203869,
    "cen_accuracy": 0.66525
  },
  "70": {
    "cen_loss": 1.2385129647552966,
    "cen_accuracy": 0.668125
  },
  "71": {
    "cen_loss": 0.9869230197370052,
    "cen_accuracy": 0.6995
  },
  "72": {
    "cen_loss": 1.2093164477348328,
    "cen_accuracy": 0.6545
  },
  "73": {
    "cen_loss": 1.0589327669143678,
    "cen_accuracy": 0.688125
  },
  "74": {
    "cen_loss": 1.1123854183256625,
    "cen_accuracy": 0.6745
  },
  "75": {
    "cen_loss": 1.1146530664116143,
    "cen_accuracy": 0.68175
  },
  "76": {
    "cen_loss": 1.2098382265269756,
    "cen_accuracy": 0.672625
  },
  "77": {
    "cen_loss": 1.1665630164146423,
    "cen_accuracy": 0.679375
  },
  "78": {
    "cen_loss": 1.28473261064291,
    "cen_accuracy": 0.642625
  },
  "79": {
    "cen_loss": 1.0900108932256698,
    "cen_accuracy": 0.699375
  },
  "80": {
    "cen_loss": 1.1985519289672375,
    "cen_accuracy": 0.69575
  },
  "81": {
    "cen_loss": 1.002988410666585,
    "cen_accuracy": 0.71225
  },
  "82": {
    "cen_loss": 1.1521415090411902,
    "cen_accuracy": 0.668875
  },
  "83": {
    "cen_loss": 0.8953444126546383,
    "cen_accuracy": 0.7235
  },
  "84": {
    "cen_loss": 0.9684925872981548,
    "cen_accuracy": 0.709
  },
  "85": {
    "cen_loss": 0.9371769996583462,
    "cen_accuracy": 0.711625
  },
  "86": {
    "cen_loss": 1.0381869843304157,
    "cen_accuracy": 0.69325
  },
  "87": {
    "cen_loss": 1.0271659762114287,
    "cen_accuracy": 0.70375
  },
  "88": {
    "cen_loss": 0.9143268837630749,
    "cen_accuracy": 0.717875
  },
  "89": {
    "cen_loss": 1.1141527864784002,
    "cen_accuracy": 0.687375
  },
  "90": {
    "cen_loss": 1.3391784335374832,
    "cen_accuracy": 0.66325
  },
  "91": {
    "cen_loss": 1.1266033909320832,
    "cen_accuracy": 0.660625
  },
  "92": {
    "cen_loss": 1.0646518253386021,
    "cen_accuracy": 0.691875
  },
  "93": {
    "cen_loss": 0.9123340462297201,
    "cen_accuracy": 0.712125
  },
  "94": {
    "cen_loss": 0.9649369245022535,
    "cen_accuracy": 0.70675
  },
  "95": {
    "cen_loss": 1.1197006610631943,
    "cen_accuracy": 0.689625
  },
  "96": {
    "cen_loss": 0.9771407545506954,
    "cen_accuracy": 0.71325
  },
  "97": {
    "cen_loss": 1.007864890679717,
    "cen_accuracy": 0.712
  },
  "98": {
    "cen_loss": 0.8800537644773722,
    "cen_accuracy": 0.734125
  },
  "99": {
    "cen_loss": 1.0838718758374453,
    "cen_accuracy": 0.68525
  },
  "100": {
    "cen_loss": 1.2393875358700752,
    "cen_accuracy": 0.67525
  },