{
  "0": {
    "cen_loss": 2.3028162007331847,
    "cen_accuracy": 0.1005
  },
  "1": {
    "cen_loss": 2.3028162007331847,
    "cen_accuracy": 0.1005
  },
  "2": {
    "cen_loss": 3.672803368091583,
    "cen_accuracy": 0.099125
  },
  "3": {
    "cen_loss": 3.236037184238434,
    "cen_accuracy": 0.108625
  },
  "4": {
    "cen_loss": 4.628996551990509,
    "cen_accuracy": 0.0995
  },
  "5": {
    "cen_loss": 4.4240917658805845,
    "cen_accuracy": 0.0995
  },
  "6": {
    "cen_loss": 3.282757164001465,
    "cen_accuracy": 0.09875
  },
  "7": {
    "cen_loss": 3.2204096670150757,
    "cen_accuracy": 0.169
  },
  "8": {
    "cen_loss": 4.855908244132996,
    "cen_accuracy": 0.142625
  },
  "9": {
    "cen_loss": 3.5292306370735167,
    "cen_accuracy": 0.216625
  },
  "10": {
    "cen_loss": 3.348416235208511,
    "cen_accuracy": 0.232875
  },
  "11": {
    "cen_loss": 4.379241761207581,
    "cen_accuracy": 0.13425
  },
  "12": {
    "cen_loss": 2.413650370597839,
    "cen_accuracy": 0.271
  },
  "13": {
    "cen_loss": 2.87610569190979,
    "cen_accuracy": 0.219625
  },
  "14": {
    "cen_loss": 2.5872604289054872,
    "cen_accuracy": 0.280875
  },
  "15": {
    "cen_loss": 3.4858101716041565,
    "cen_accuracy": 0.252625
  },
  "16": {
    "cen_loss": 2.4219876947402956,
    "cen_accuracy": 0.299125
  },
  "17": {
    "cen_loss": 2.269164839267731,
    "cen_accuracy": 0.341
  },
  "18": {
    "cen_loss": 2.7162135183811187,
    "cen_accuracy": 0.304375
  },
  "19": {
    "cen_loss": 2.8377751681804657,
    "cen_accuracy": 0.245125
  },
  "20": {
    "cen_loss": 2.8347917995452883,
    "cen_accuracy": 0.254
  },
  "21": {
    "cen_loss": 2.2017597436904905,
    "cen_accuracy": 0.3505
  },
  "22": {
    "cen_loss": 2.3634601345062256,
    "cen_accuracy": 0.3125
  },
  "23": {
    "cen_loss": 2.4607309408187867,
    "cen_accuracy": 0.332
  },
  "24": {
    "cen_loss": 2.6505426354408264,
    "cen_accuracy": 0.369
  },
  "25": {
    "cen_loss": 2.347342491865158,
    "cen_accuracy": 0.335625
  },
  "26": {
    "cen_loss": 2.4954188930988312,
    "cen_accuracy": 0.303875
  },
  "27": {
    "cen_loss": 2.244257759809494,
    "cen_accuracy": 0.37075
  },
  "28": {
    "cen_loss": 2.4286344180107116,
    "cen_accuracy": 0.285375
  },
  "29": {
    "cen_loss": 2.4943257932662966,
    "cen_accuracy": 0.309
  },
  "30": {
    "cen_loss": 2.5371615685224533,
    "cen_accuracy": 0.318375
  },
  "31": {
    "cen_loss": 4.57489649105072,
    "cen_accuracy": 0.268625
  },
  "32": {
    "cen_loss": 2.980182119846344,
    "cen_accuracy": 0.30725
  },
  "33": {
    "cen_loss": 3.3299301137924195,
    "cen_accuracy": 0.327875
  },
  "34": {
    "cen_loss": 2.7052949969768525,
    "cen_accuracy": 0.37375
  },
  "35": {
    "cen_loss": 2.327980284690857,
    "cen_accuracy": 0.39475
  },
  "36": {
    "cen_loss": 2.364274172306061,
    "cen_accuracy": 0.42025
  },
  "37": {
    "cen_loss": 2.5242563112974166,
    "cen_accuracy": 0.339375
  },
  "38": {
    "cen_loss": 1.886859436750412,
    "cen_accuracy": 0.459
  },
  "39": {
    "cen_loss": 2.15167840385437,
    "cen_accuracy": 0.422875
  },
  "40": {
    "cen_loss": 2.590545306921005,
    "cen_accuracy": 0.3875
  },
  "41": {
    "cen_loss": 2.07334594810009,
    "cen_accuracy": 0.433375
  },
  "42": {
    "cen_loss": 1.9802820537090302,
    "cen_accuracy": 0.443125
  },
  "43": {
    "cen_loss": 2.0889318441152573,
    "cen_accuracy": 0.421375
  },
  "44": {
    "cen_loss": 1.9131245282888412,
    "cen_accuracy": 0.415875
  },
  "45": {
    "cen_loss": 1.938591799736023,
    "cen_accuracy": 0.47075
  },
  "46": {
    "cen_loss": 1.8065891432762147,
    "cen_accuracy": 0.4375
  },
  "47": {
    "cen_loss": 1.8328599274158477,
    "cen_accuracy": 0.4925
  },
  "48": {
    "cen_loss": 2.3467314896583558,
    "cen_accuracy": 0.40875
  },
  "49": {
    "cen_loss": 2.1463397243022917,
    "cen_accuracy": 0.380625
  },
  "50": {
    "cen_loss": 2.2548534381389618,
    "cen_accuracy": 0.3555
  },
  "51": {
    "cen_loss": 2.3758938920497896,
    "cen_accuracy": 0.406875
  },
  "52": {
    "cen_loss": 1.5665094090104104,
    "cen_accuracy": 0.497875
  },
  "53": {
    "cen_loss": 2.06435817027092,
    "cen_accuracy": 0.4215
  },
  "54": {
    "cen_loss": 1.7554320312738418,
    "cen_accuracy": 0.429125
  },
  "55": {
    "cen_loss": 1.812219768166542,
    "cen_accuracy": 0.466625
  },
  "56": {
    "cen_loss": 1.9884877789020539,
    "cen_accuracy": 0.428875
  },
  "57": {
    "cen_loss": 1.7399604481458664,
    "cen_accuracy": 0.427625
  },
  "58": {
    "cen_loss": 2.862842957496643,
    "cen_accuracy": 0.285
  },
  "59": {
    "cen_loss": 1.7535793299078941,
    "cen_accuracy": 0.50075
  },
  "60": {
    "cen_loss": 2.4374331712722777,
    "cen_accuracy": 0.39
  },
  "61": {
    "cen_loss": 1.8136984559297562,
    "cen_accuracy": 0.468375
  },
  "62": {
    "cen_loss": 2.1370309324264527,
    "cen_accuracy": 0.412875
  },
  "63": {
    "cen_loss": 2.219865709900856,
    "cen_accuracy": 0.4315
  },
  "64": {
    "cen_loss": 1.4728207328915597,
    "cen_accuracy": 0.51625
  },
  "65": {
    "cen_loss": 1.7877169425487518,
    "cen_accuracy": 0.482625
  },
  "66": {
    "cen_loss": 2.5119219702482223,
    "cen_accuracy": 0.39625
  },
  "67": {
    "cen_loss": 2.132556460738182,
    "cen_accuracy": 0.4285
  },
  "68": {
    "cen_loss": 1.5904293446540831,
    "cen_accuracy": 0.480625
  },
  "69": {
    "cen_loss": 1.7732552701234818,
    "cen_accuracy": 0.443125
  },
  "70": {
    "cen_loss": 1.8817854532003402,
    "cen_accuracy": 0.417
  },
  "71": {
    "cen_loss": 1.6863879352807998,
    "cen_accuracy": 0.48225
  },
  "72": {
    "cen_loss": 2.080269334077835,
    "cen_accuracy": 0.441875
  },
  "73": {
    "cen_loss": 1.6723018871545792,
    "cen_accuracy": 0.536
  },
  "74": {
    "cen_loss": 2.5503092381954193,
    "cen_accuracy": 0.41325
  },
  "75": {
    "cen_loss": 2.225807418704033,
    "cen_accuracy": 0.417625
  },
  "76": {
    "cen_loss": 1.3799303822517395,
    "cen_accuracy": 0.5435
  },
  "77": {
    "cen_loss": 1.8026044707298279,
    "cen_accuracy": 0.465
  },
  "78": {
    "cen_loss": 2.1014107421040533,
    "cen_accuracy": 0.483125
  },
  "79": {
    "cen_loss": 2.8293380374908446,
    "cen_accuracy": 0.341125
  },
  "80": {
    "cen_loss": 3.175648092985153,
    "cen_accuracy": 0.312375
  },
  "81": {
    "cen_loss": 1.6773522477149962,
    "cen_accuracy": 0.5205
  },
  "82": {
    "cen_loss": 1.8125280143022537,
    "cen_accuracy": 0.50125
  },
  "83": {
    "cen_loss": 1.4389539822936057,
    "cen_accuracy": 0.528125
  },
  "84": {
    "cen_loss": 1.4292039664387703,
    "cen_accuracy": 0.572625
  },
  "85": {
    "cen_loss": 1.9213768944740295,
    "cen_accuracy": 0.48575
  },
  "86": {
    "cen_loss": 1.7135449979305268,
    "cen_accuracy": 0.49775
  },
  "87": {
    "cen_loss": 3.20739674782753,
    "cen_accuracy": 0.411
  },
  "88": {
    "cen_loss": 3.111885621547699,
    "cen_accuracy": 0.301
  },
  "89": {
    "cen_loss": 1.9941889663934709,
    "cen_accuracy": 0.451875
  },
  "90": {
    "cen_loss": 2.6576146767139437,
    "cen_accuracy": 0.371625
  },
  "91": {
    "cen_loss": 1.7670930837392806,
    "cen_accuracy": 0.442125
  },
  "92": {
    "cen_loss": 1.9643782830238343,
    "cen_accuracy": 0.421625
  },
  "93": {
    "cen_loss": 1.8819436790943145,
    "cen_accuracy": 0.43325
  },
  "94": {
    "cen_loss": 2.286146270394325,
    "cen_accuracy": 0.452875
  },
  "95": {
    "cen_loss": 1.7186169852614404,
    "cen_accuracy": 0.5135
  },
  "96": {
    "cen_loss": 1.7403256253004074,
    "cen_accuracy": 0.475125
  },
  "97": {
    "cen_loss": 1.525397966980934,
    "cen_accuracy": 0.549875
  },
  "98": {
    "cen_loss": 1.7864296466112137,
    "cen_accuracy": 0.51175
  },
  "99": {
    "cen_loss": 1.5488357589244843,
    "cen_accuracy": 0.505875
  },
  "100": {
    "cen_loss": 1.6366301512122154,
    "cen_accuracy": 0.493375
  },
  "101": {
    "cen_loss": 1.7047862595319747,