{
  "0": {
    "cen_loss": 2.3028095273971556,
    "cen_accuracy": 0.10075
  },
  "1": {
    "cen_loss": 2.3028095273971556,
    "cen_accuracy": 0.10075
  },
  "2": {
    "cen_loss": 4.834077337741852,
    "cen_accuracy": 0.101125
  },
  "3": {
    "cen_loss": 5.781983190536499,
    "cen_accuracy": 0.101125
  },
  "4": {
    "cen_loss": 5.094253386497497,
    "cen_accuracy": 0.1
  },
  "5": {
    "cen_loss": 5.439770478725434,
    "cen_accuracy": 0.101125
  },
  "6": {
    "cen_loss": 5.260521245956421,
    "cen_accuracy": 0.102
  },
  "7": {
    "cen_loss": 5.217308146953583,
    "cen_accuracy": 0.15275
  },
  "8": {
    "cen_loss": 4.4921517424583435,
    "cen_accuracy": 0.15775
  },
  "9": {
    "cen_loss": 3.4830197920799257,
    "cen_accuracy": 0.182625
  },
  "10": {
    "cen_loss": 1.4451868183612824,
    "cen_accuracy": 0.48775
  },
  "11": {
    "cen_loss": 2.7895015194416044,
    "cen_accuracy": 0.21575
  },
  "12": {
    "cen_loss": 1.9531187326908113,
    "cen_accuracy": 0.355875
  },
  "13": {
    "cen_loss": 2.2023136630058286,
    "cen_accuracy": 0.305875
  },
  "14": {
    "cen_loss": 2.1062765958309173,
    "cen_accuracy": 0.340875
  },
  "15": {
    "cen_loss": 1.7980439727306365,
    "cen_accuracy": 0.41675
  },
  "16": {
    "cen_loss": 1.6802741774320602,
    "cen_accuracy": 0.4525
  },
  "17": {
    "cen_loss": 1.6411263819932937,
    "cen_accuracy": 0.4735
  },
  "18": {
    "cen_loss": 1.6275565022230147,
    "cen_accuracy": 0.4955
  },
  "19": {
    "cen_loss": 1.5757195154428483,
    "cen_accuracy": 0.503375
  },
  "20": {
    "cen_loss": 1.2793429850935936,
    "cen_accuracy": 0.588125
  },
  "21": {
    "cen_loss": 1.4043878653645516,
    "cen_accuracy": 0.543625
  },
  "22": {
    "cen_loss": 1.5568600149154663,
    "cen_accuracy": 0.53675
  },
  "23": {
    "cen_loss": 1.515594460964203,
    "cen_accuracy": 0.531625
  },
  "24": {
    "cen_loss": 1.4064280970096588,
    "cen_accuracy": 0.560125
  },
  "25": {
    "cen_loss": 1.4087770092487335,
    "cen_accuracy": 0.561625
  },
  "26": {
    "cen_loss": 1.3693849408626557,
    "cen_accuracy": 0.57725
  },
  "27": {
    "cen_loss": 1.2606178222894668,
    "cen_accuracy": 0.6035
  },
  "28": {
    "cen_loss": 1.3876823568940162,
    "cen_accuracy": 0.575625
  },
  "29": {
    "cen_loss": 1.6233978244066238,
    "cen_accuracy": 0.5395
  },
  "30": {
    "cen_loss": 1.5823428994119166,
    "cen_accuracy": 0.555875
  },
  "31": {
    "cen_loss": 1.4172041882872581,
    "cen_accuracy": 0.580625
  },
  "32": {
    "cen_loss": 1.547754842042923,
    "cen_accuracy": 0.552375
  },
  "33": {
    "cen_loss": 1.4402363747358322,
    "cen_accuracy": 0.604125
  },
  "34": {
    "cen_loss": 1.7873480651974678,
    "cen_accuracy": 0.5195
  },
  "35": {
    "cen_loss": 2.1352546793222427,
    "cen_accuracy": 0.46225
  },
  "36": {
    "cen_loss": 1.846954613983631,
    "cen_accuracy": 0.5245
  },
  "37": {
    "cen_loss": 2.189453949332237,
    "cen_accuracy": 0.4475
  },
  "38": {
    "cen_loss": 1.9318168662786483,
    "cen_accuracy": 0.49975
  },
  "39": {
    "cen_loss": 1.4980634313225747,
    "cen_accuracy": 0.554625
  },
  "40": {
    "cen_loss": 1.5919381034970284,
    "cen_accuracy": 0.55675
  },
  "41": {
    "cen_loss": 1.7259934673309325,
    "cen_accuracy": 0.5425
  },
  "42": {
    "cen_loss": 1.6578146108984948,
    "cen_accuracy": 0.540625
  },
  "43": {
    "cen_loss": 1.4127964346110822,
    "cen_accuracy": 0.5875
  },
  "44": {
    "cen_loss": 1.5846610856056214,
    "cen_accuracy": 0.55475
  },
  "45": {
    "cen_loss": 1.8899479575157165,
    "cen_accuracy": 0.525125
  },
  "46": {
    "cen_loss": 1.3773449867963792,
    "cen_accuracy": 0.5995
  },
  "47": {
    "cen_loss": 1.3324197509884834,
    "cen_accuracy": 0.60275
  },
  "48": {
    "cen_loss": 1.259620062559843,
    "cen_accuracy": 0.622875
  },
  "49": {
    "cen_loss": 1.3195094061195851,
    "cen_accuracy": 0.61125
  },
  "50": {
    "cen_loss": 1.4099899238348008,
    "cen_accuracy": 0.599125
  },
  "51": {
    "cen_loss": 1.7312622532844544,
    "cen_accuracy": 0.5525
  },
  "52": {
    "cen_loss": 1.229698757633567,
    "cen_accuracy": 0.645125
  },
  "53": {
    "cen_loss": 1.1652937968969346,
    "cen_accuracy": 0.65275
  },
  "54": {
    "cen_loss": 1.155879531532526,
    "cen_accuracy": 0.6595
  },
  "55": {
    "cen_loss": 1.2161863994002342,
    "cen_accuracy": 0.65
  },
  "56": {
    "cen_loss": 1.2021545248031615,
    "cen_accuracy": 0.634
  },
  "57": {
    "cen_loss": 1.3041952079236507,
    "cen_accuracy": 0.622125
  },
  "58": {
    "cen_loss": 1.7371792747974395,
    "cen_accuracy": 0.568375
  },
  "59": {
    "cen_loss": 1.8045495703220367,
    "cen_accuracy": 0.534375
  },
  "60": {
    "cen_loss": 2.282482964515686,
    "cen_accuracy": 0.484125
  },
  "61": {
    "cen_loss": 1.3516885057091712,
    "cen_accuracy": 0.59875
  },
  "62": {
    "cen_loss": 1.2380672912299633,
    "cen_accuracy": 0.647375
  },
  "63": {
    "cen_loss": 1.2570265165567398,
    "cen_accuracy": 0.6335
  },
  "64": {
    "cen_loss": 1.3459154962599278,
    "cen_accuracy": 0.646
  },
  "65": {
    "cen_loss": 1.2677836337983608,
    "cen_accuracy": 0.635
  },
  "66": {
    "cen_loss": 1.679139725625515,
    "cen_accuracy": 0.56
  },
  "67": {
    "cen_loss": 1.2285226944684982,
    "cen_accuracy": 0.620875
  },
  "68": {
    "cen_loss": 1.6828009645938873,
    "cen_accuracy": 0.53875
  },
  "69": {
    "cen_loss": 1.2513277194797994,
    "cen_accuracy": 0.6155
  },
  "70": {
    "cen_loss": 1.3146609453558922,
    "cen_accuracy": 0.610625
  },
  "71": {
    "cen_loss": 0.9656864866316318,
    "cen_accuracy": 0.697625
  },
  "72": {
    "cen_loss": 1.2663390972614288,
    "cen_accuracy": 0.644625
  },
  "73": {
    "cen_loss": 1.3522100832462312,
    "cen_accuracy": 0.594
  },
  "74": {
    "cen_loss": 1.2957386003136635,
    "cen_accuracy": 0.648375
  },
  "75": {
    "cen_loss": 1.093281604886055,
    "cen_accuracy": 0.670125
  },
  "76": {
    "cen_loss": 1.2387166905105114,
    "cen_accuracy": 0.639125
  },
  "77": {
    "cen_loss": 1.1254614283442497,
    "cen_accuracy": 0.65875
  },
  "78": {
    "cen_loss": 0.9592310797274113,
    "cen_accuracy": 0.703125
  },
  "79": {
    "cen_loss": 1.015282577931881,
    "cen_accuracy": 0.693625
  },
  "80": {
    "cen_loss": 1.1613180235624314,
    "cen_accuracy": 0.667125
  },
  "81": {
    "cen_loss": 1.4850093436837197,
    "cen_accuracy": 0.601875
  },
  "82": {
    "cen_loss": 1.2469540325403214,
    "cen_accuracy": 0.6535
  },
  "83": {
    "cen_loss": 1.1950238382816314,
    "cen_accuracy": 0.6485
  },
  "84": {
    "cen_loss": 1.198624839439988,
    "cen_accuracy": 0.65875
  },
  "85": {
    "cen_loss": 1.197702312260866,
    "cen_accuracy": 0.665375
  },
  "86": {
    "cen_loss": 1.3273370311260224,
    "cen_accuracy": 0.630125
  },
  "87": {
    "cen_loss": 0.970549457848072,
    "cen_accuracy": 0.702375
  },
  "88": {
    "cen_loss": 1.0227181233614684,
    "cen_accuracy": 0.69375
  },
  "89": {
    "cen_loss": 0.9274145254343749,
    "cen_accuracy": 0.707125
  },
  "90": {
    "cen_loss": 1.0142115768268705,
    "cen_accuracy": 0.693875
  },
  "91": {
    "cen_loss": 1.1594105496704579,
    "cen_accuracy": 0.65175
  },
  "92": {
    "cen_loss": 1.151916623748839,
    "cen_accuracy": 0.679625
  },
  "93": {
    "cen_loss": 1.073787622988224,
    "cen_accuracy": 0.68475
  },
  "94": {
    "cen_loss": 1.503114034116268,
    "cen_accuracy": 0.5805
  },
  "95": {
    "cen_loss": 1.40232336384058,
    "cen_accuracy": 0.629125
  },
  "96": {
    "cen_loss": 1.441310771405697,
    "cen_accuracy": 0.612125
  },
  "97": {
    "cen_loss": 1.0257995431870222,
    "cen_accuracy": 0.6885
  },
  "98": {
    "cen_loss": 0.9362392313480378,
    "cen_accuracy": 0.7155
  },
  "99": {
    "cen_loss": 1.1264697970747948,
    "cen_accuracy": 0.672875
  },
  "100": {
    "cen_loss": 1.2836772329807282,
    "cen_accuracy": 0.65175
  },