{
  "0": {
    "cen_loss": 2.3027670545578003,
    "cen_accuracy": 0.0985
  },
  "1": {
    "cen_loss": 2.3027670545578003,
    "cen_accuracy": 0.0985
  },
  "2": {
    "cen_loss": 3.8150274167060854,
    "cen_accuracy": 0.099875
  },
  "3": {
    "cen_loss": 4.41393821811676,
    "cen_accuracy": 0.099875
  },
  "4": {
    "cen_loss": 6.219613625526428,
    "cen_accuracy": 0.099875
  },
  "5": {
    "cen_loss": 5.654168525218964,
    "cen_accuracy": 0.106875
  },
  "6": {
    "cen_loss": 4.587046352386475,
    "cen_accuracy": 0.171375
  },
  "7": {
    "cen_loss": 2.4169447510242463,
    "cen_accuracy": 0.3085
  },
  "8": {
    "cen_loss": 1.8445466718673706,
    "cen_accuracy": 0.437875
  },
  "9": {
    "cen_loss": 1.8574272587299347,
    "cen_accuracy": 0.48975
  },
  "10": {
    "cen_loss": 3.0738025373220443,
    "cen_accuracy": 0.443
  },
  "11": {
    "cen_loss": 1.8620256241559983,
    "cen_accuracy": 0.5175
  },
  "12": {
    "cen_loss": 1.8411182396411896,
    "cen_accuracy": 0.526625
  },
  "13": {
    "cen_loss": 1.963123307943344,
    "cen_accuracy": 0.536
  },
  "14": {
    "cen_loss": 1.8986623500585555,
    "cen_accuracy": 0.554375
  },
  "15": {
    "cen_loss": 1.6666560309529304,
    "cen_accuracy": 0.57825
  },
  "16": {
    "cen_loss": 1.843656512439251,
    "cen_accuracy": 0.573625
  },
  "17": {
    "cen_loss": 1.6802333659827708,
    "cen_accuracy": 0.58675
  },
  "18": {
    "cen_loss": 1.6834373967647553,
    "cen_accuracy": 0.59425
  },
  "19": {
    "cen_loss": 1.6409069545269013,
    "cen_accuracy": 0.5935
  },
  "20": {
    "cen_loss": 2.1258770472705364,
    "cen_accuracy": 0.5475
  },
  "21": {
    "cen_loss": 1.6018846053779126,
    "cen_accuracy": 0.610875
  },
  "22": {
    "cen_loss": 1.5996287367045878,
    "cen_accuracy": 0.61525
  },
  "23": {
    "cen_loss": 1.537990607559681,
    "cen_accuracy": 0.611625
  },
  "24": {
    "cen_loss": 1.4928156973719597,
    "cen_accuracy": 0.619
  },
  "25": {
    "cen_loss": 1.5219249314963819,
    "cen_accuracy": 0.6235
  },
  "26": {
    "cen_loss": 1.5240229248702526,
    "cen_accuracy": 0.626375
  },
  "27": {
    "cen_loss": 1.448014041930437,
    "cen_accuracy": 0.63675
  },
  "28": {
    "cen_loss": 1.3860352783203125,
    "cen_accuracy": 0.652
  },
  "29": {
    "cen_loss": 1.3943098110109569,
    "cen_accuracy": 0.64875
  },
  "30": {
    "cen_loss": 1.7268924838602542,
    "cen_accuracy": 0.60975
  },
  "31": {
    "cen_loss": 1.4255968625843525,
    "cen_accuracy": 0.6405
  },
  "32": {
    "cen_loss": 1.4091859135627747,
    "cen_accuracy": 0.65325
  },
  "33": {
    "cen_loss": 1.355333166345954,
    "cen_accuracy": 0.652375
  },
  "34": {
    "cen_loss": 1.301797367632389,
    "cen_accuracy": 0.6675
  },
  "35": {
    "cen_loss": 1.3557747121304273,
    "cen_accuracy": 0.659375
  },
  "36": {
    "cen_loss": 1.2855101840794085,
    "cen_accuracy": 0.662875
  },
  "37": {
    "cen_loss": 1.3771115797162057,
    "cen_accuracy": 0.651125
  },
  "38": {
    "cen_loss": 1.2447306953370572,
    "cen_accuracy": 0.6715
  },
  "39": {
    "cen_loss": 1.2894839798286557,
    "cen_accuracy": 0.666125
  },
  "40": {
    "cen_loss": 1.5734043184518813,
    "cen_accuracy": 0.631625
  },
  "41": {
    "cen_loss": 1.2500979213565588,
    "cen_accuracy": 0.67525
  },
  "42": {
    "cen_loss": 1.2955282243490218,
    "cen_accuracy": 0.66925
  },
  "43": {
    "cen_loss": 1.244104415729642,
    "cen_accuracy": 0.673875
  },
  "44": {
    "cen_loss": 1.149123352944851,
    "cen_accuracy": 0.69075
  },
  "45": {
    "cen_loss": 1.1462579935789108,
    "cen_accuracy": 0.685375
  },
  "46": {
    "cen_loss": 1.1831202953010798,
    "cen_accuracy": 0.679125
  },
  "47": {
    "cen_loss": 1.1622961029559373,
    "cen_accuracy": 0.687625
  },
  "48": {
    "cen_loss": 1.1878578542917966,
    "cen_accuracy": 0.694
  },
  "49": {
    "cen_loss": 1.1793225955665112,
    "cen_accuracy": 0.687
  },
  "50": {
    "cen_loss": 1.3385496254861355,
    "cen_accuracy": 0.666875
  },
  "51": {
    "cen_loss": 1.165529989749193,
    "cen_accuracy": 0.6945
  },
  "52": {
    "cen_loss": 1.1914241454750298,
    "cen_accuracy": 0.691
  },
  "53": {
    "cen_loss": 1.1398302733600139,
    "cen_accuracy": 0.696375
  },
  "54": {
    "cen_loss": 1.1445152833834291,
    "cen_accuracy": 0.695625
  },
  "55": {
    "cen_loss": 1.1289772179722786,
    "cen_accuracy": 0.6995
  },
  "56": {
    "cen_loss": 1.0732176611572504,
    "cen_accuracy": 0.708125
  },
  "57": {
    "cen_loss": 1.0815584524124862,
    "cen_accuracy": 0.71025
  },
  "58": {
    "cen_loss": 1.0972011932134629,
    "cen_accuracy": 0.70675
  },
  "59": {
    "cen_loss": 1.0658920253515243,
    "cen_accuracy": 0.7075
  },
  "60": {
    "cen_loss": 1.1335231173038482,
    "cen_accuracy": 0.69925
  },
  "61": {
    "cen_loss": 1.0543186989873647,
    "cen_accuracy": 0.712125
  },
  "62": {
    "cen_loss": 1.0883367375135422,
    "cen_accuracy": 0.703875
  },
  "63": {
    "cen_loss": 1.0627653591781854,
    "cen_accuracy": 0.711875
  },
  "64": {
    "cen_loss": 1.0695231514126062,
    "cen_accuracy": 0.717375
  },
  "65": {
    "cen_loss": 1.0652107974290848,
    "cen_accuracy": 0.710875
  },
  "66": {
    "cen_loss": 1.0304135913550854,
    "cen_accuracy": 0.715
  },
  "67": {
    "cen_loss": 1.0398412833064794,
    "cen_accuracy": 0.712125
  },
  "68": {
    "cen_loss": 1.0435674282461405,
    "cen_accuracy": 0.714875
  },
  "69": {
    "cen_loss": 1.0303068504333497,
    "cen_accuracy": 0.721375
  },
  "70": {
    "cen_loss": 1.0713747673630714,
    "cen_accuracy": 0.716625
  },
  "71": {
    "cen_loss": 1.0602215051651,
    "cen_accuracy": 0.718625
  },
  "72": {
    "cen_loss": 1.020165359571576,
    "cen_accuracy": 0.722375
  },
  "73": {
    "cen_loss": 1.0112223466038703,
    "cen_accuracy": 0.72475
  },
  "74": {
    "cen_loss": 1.0181412314623595,
    "cen_accuracy": 0.7205
  },
  "75": {
    "cen_loss": 0.9834179507493973,
    "cen_accuracy": 0.725375
  },
  "76": {
    "cen_loss": 0.9768167032003403,
    "cen_accuracy": 0.728875
  },
  "77": {
    "cen_loss": 0.96291871920228,
    "cen_accuracy": 0.730625
  },
  "78": {
    "cen_loss": 0.9754941350072622,
    "cen_accuracy": 0.72675
  },
  "79": {
    "cen_loss": 0.9533514214679599,
    "cen_accuracy": 0.737875
  },
  "80": {
    "cen_loss": 1.0077252630740403,
    "cen_accuracy": 0.72825
  },
  "81": {
    "cen_loss": 0.951060468710959,
    "cen_accuracy": 0.73975
  },
  "82": {
    "cen_loss": 0.9383854896500706,
    "cen_accuracy": 0.74225
  },
  "83": {
    "cen_loss": 0.9660321605950594,
    "cen_accuracy": 0.741625
  },
  "84": {
    "cen_loss": 0.9577070869840681,
    "cen_accuracy": 0.743625
  },
  "85": {
    "cen_loss": 0.9949638274237513,
    "cen_accuracy": 0.73475
  },
  "86": {
    "cen_loss": 0.9565196504443884,
    "cen_accuracy": 0.73775
  },
  "87": {
    "cen_loss": 0.9563772392123938,
    "cen_accuracy": 0.73475
  },
  "88": {
    "cen_loss": 0.9343394351452589,
    "cen_accuracy": 0.74075
  },
  "89": {
    "cen_loss": 0.933572483882308,
    "cen_accuracy": 0.742375
  },
  "90": {
    "cen_loss": 0.9846787329092622,
    "cen_accuracy": 0.738125
  },
  "91": {
    "cen_loss": 0.9422732482105494,
    "cen_accuracy": 0.744375
  },
  "92": {
    "cen_loss": 0.9449049647971988,
    "cen_accuracy": 0.739625
  },
  "93": {
    "cen_loss": 0.9288623589351773,
    "cen_accuracy": 0.745875
  },
  "94": {
    "cen_loss": 0.9449637333676218,
    "cen_accuracy": 0.74675
  },
  "95": {
    "cen_loss": 0.9467842126954347,
    "cen_accuracy": 0.745875
  },
  "96": {
    "cen_loss": 0.9086424010545016,
    "cen_accuracy": 0.749625
  },
  "97": {
    "cen_loss": 0.92622974473238,
    "cen_accuracy": 0.747375
  },
  "98": {
    "cen_loss": 0.9179753286615014,
    "cen_accuracy": 0.75375
  },
  "99": {
    "cen_loss": 0.9490929155424237,
    "cen_accuracy": 0.7485
  },
  "100": {
    "cen_loss": 0.9839003652781249,
    "cen_accuracy": 0.737875
  },