{
  "0": {
    "cen_loss": 2.3028095273971556,
    "cen_accuracy": 0.10075
  },
  "1": {
    "cen_loss": 2.3028095273971556,
    "cen_accuracy": 0.10075
  },
  "2": {
    "cen_loss": 4.376423871994018,
    "cen_accuracy": 0.101125
  },
  "3": {
    "cen_loss": 5.467183641910553,
    "cen_accuracy": 0.101125
  },
  "4": {
    "cen_loss": 6.625112300872803,
    "cen_accuracy": 0.101125
  },
  "5": {
    "cen_loss": 6.0985549983978276,
    "cen_accuracy": 0.103625
  },
  "6": {
    "cen_loss": 5.848072381019592,
    "cen_accuracy": 0.142
  },
  "7": {
    "cen_loss": 4.470925166368485,
    "cen_accuracy": 0.180875
  },
  "8": {
    "cen_loss": 3.1185575835704804,
    "cen_accuracy": 0.215375
  },
  "9": {
    "cen_loss": 2.3659999704360963,
    "cen_accuracy": 0.31725
  },
  "10": {
    "cen_loss": 1.6245109716057777,
    "cen_accuracy": 0.4905
  },
  "11": {
    "cen_loss": 2.0823321818113327,
    "cen_accuracy": 0.377875
  },
  "12": {
    "cen_loss": 2.077233071088791,
    "cen_accuracy": 0.393
  },
  "13": {
    "cen_loss": 2.077962633728981,
    "cen_accuracy": 0.44275
  },
  "14": {
    "cen_loss": 1.9146054800748824,
    "cen_accuracy": 0.47275
  },
  "15": {
    "cen_loss": 1.6950526419878007,
    "cen_accuracy": 0.509
  },
  "16": {
    "cen_loss": 1.7814037938714027,
    "cen_accuracy": 0.51925
  },
  "17": {
    "cen_loss": 1.7571679089069367,
    "cen_accuracy": 0.5075
  },
  "18": {
    "cen_loss": 1.7917136526703834,
    "cen_accuracy": 0.528875
  },
  "19": {
    "cen_loss": 1.741934102654457,
    "cen_accuracy": 0.52975
  },
  "20": {
    "cen_loss": 1.6581143223643302,
    "cen_accuracy": 0.565875
  },
  "21": {
    "cen_loss": 1.7386306663155555,
    "cen_accuracy": 0.543125
  },
  "22": {
    "cen_loss": 1.6537311334609985,
    "cen_accuracy": 0.5705
  },
  "23": {
    "cen_loss": 1.6746513944864274,
    "cen_accuracy": 0.551125
  },
  "24": {
    "cen_loss": 1.5158476637005807,
    "cen_accuracy": 0.58275
  },
  "25": {
    "cen_loss": 1.5040688424706459,
    "cen_accuracy": 0.596
  },
  "26": {
    "cen_loss": 1.5399371799826622,
    "cen_accuracy": 0.593875
  },
  "27": {
    "cen_loss": 1.4871244480609893,
    "cen_accuracy": 0.582375
  },
  "28": {
    "cen_loss": 1.4219604442417622,
    "cen_accuracy": 0.605125
  },
  "29": {
    "cen_loss": 1.4704248417913914,
    "cen_accuracy": 0.604625
  },
  "30": {
    "cen_loss": 1.4820067050158978,
    "cen_accuracy": 0.610625
  },
  "31": {
    "cen_loss": 1.3758128623068333,
    "cen_accuracy": 0.621375
  },
  "32": {
    "cen_loss": 1.3482963939607144,
    "cen_accuracy": 0.625375
  },
  "33": {
    "cen_loss": 1.3638401990234852,
    "cen_accuracy": 0.6205
  },
  "34": {
    "cen_loss": 1.3560759343504907,
    "cen_accuracy": 0.6315
  },
  "35": {
    "cen_loss": 1.3085807940512895,
    "cen_accuracy": 0.644375
  },
  "36": {
    "cen_loss": 1.323179324492812,
    "cen_accuracy": 0.6405
  },
  "37": {
    "cen_loss": 1.2872825395464897,
    "cen_accuracy": 0.64625
  },
  "38": {
    "cen_loss": 1.2196861273944377,
    "cen_accuracy": 0.658
  },
  "39": {
    "cen_loss": 1.3054456526488065,
    "cen_accuracy": 0.649625
  },
  "40": {
    "cen_loss": 1.2852429183721543,
    "cen_accuracy": 0.66325
  },
  "41": {
    "cen_loss": 1.2329857414662837,
    "cen_accuracy": 0.65275
  },
  "42": {
    "cen_loss": 1.2827455146610738,
    "cen_accuracy": 0.652625
  },
  "43": {
    "cen_loss": 1.2992168473303318,
    "cen_accuracy": 0.652375
  },
  "44": {
    "cen_loss": 1.3964672688543796,
    "cen_accuracy": 0.644125
  },
  "45": {
    "cen_loss": 1.2589992044568061,
    "cen_accuracy": 0.658125
  },
  "46": {
    "cen_loss": 1.1705828169733286,
    "cen_accuracy": 0.660625
  },
  "47": {
    "cen_loss": 1.2267541348040103,
    "cen_accuracy": 0.655625
  },
  "48": {
    "cen_loss": 1.249152857527137,
    "cen_accuracy": 0.661625
  },
  "49": {
    "cen_loss": 1.2166172894537448,
    "cen_accuracy": 0.667125
  },
  "50": {
    "cen_loss": 1.3013511255532504,
    "cen_accuracy": 0.661
  },
  "51": {
    "cen_loss": 1.1449689636677503,
    "cen_accuracy": 0.681125
  },
  "52": {
    "cen_loss": 1.1186220855116844,
    "cen_accuracy": 0.68425
  },
  "53": {
    "cen_loss": 1.1665321914553641,
    "cen_accuracy": 0.67175
  },
  "54": {
    "cen_loss": 1.1574838614463807,
    "cen_accuracy": 0.68075
  },
  "55": {
    "cen_loss": 1.1350020935237408,
    "cen_accuracy": 0.687
  },
  "56": {
    "cen_loss": 1.219562995761633,
    "cen_accuracy": 0.669875
  },
  "57": {
    "cen_loss": 1.0598888036757708,
    "cen_accuracy": 0.692125
  },
  "58": {
    "cen_loss": 1.0474954052865506,
    "cen_accuracy": 0.697
  },
  "59": {
    "cen_loss": 1.138678450345993,
    "cen_accuracy": 0.691625
  },
  "60": {
    "cen_loss": 1.1486386483311652,
    "cen_accuracy": 0.69
  },
  "61": {
    "cen_loss": 1.0994005338251591,
    "cen_accuracy": 0.68675
  },
  "62": {
    "cen_loss": 1.0663845796883107,
    "cen_accuracy": 0.697125
  },
  "63": {
    "cen_loss": 1.0806162548512221,
    "cen_accuracy": 0.6935
  },
  "64": {
    "cen_loss": 1.0564889215975999,
    "cen_accuracy": 0.703125
  },
  "65": {
    "cen_loss": 1.2855355061292648,
    "cen_accuracy": 0.672375
  },
  "66": {
    "cen_loss": 1.1258373231887817,
    "cen_accuracy": 0.688625
  },
  "67": {
    "cen_loss": 1.0477460671663283,
    "cen_accuracy": 0.701
  },
  "68": {
    "cen_loss": 1.0619286775439978,
    "cen_accuracy": 0.7
  },
  "69": {
    "cen_loss": 1.0570753522962333,
    "cen_accuracy": 0.705
  },
  "70": {
    "cen_loss": 1.0882666464447974,
    "cen_accuracy": 0.702
  },
  "71": {
    "cen_loss": 0.977997650668025,
    "cen_accuracy": 0.714
  },
  "72": {
    "cen_loss": 0.9859644863754511,
    "cen_accuracy": 0.714125
  },
  "73": {
    "cen_loss": 0.9770631456226111,
    "cen_accuracy": 0.715625
  },
  "74": {
    "cen_loss": 1.0155166891515255,
    "cen_accuracy": 0.710375
  },
  "75": {
    "cen_loss": 1.0861151488423348,
    "cen_accuracy": 0.70125
  },
  "76": {
    "cen_loss": 0.9899037303999066,
    "cen_accuracy": 0.7185
  },
  "77": {
    "cen_loss": 1.0001554334312677,
    "cen_accuracy": 0.7105
  },
  "78": {
    "cen_loss": 1.0413669247180224,
    "cen_accuracy": 0.705875
  },
  "79": {
    "cen_loss": 0.9862195105180145,
    "cen_accuracy": 0.71875
  },
  "80": {
    "cen_loss": 1.0483852295167744,
    "cen_accuracy": 0.711375
  },
  "81": {
    "cen_loss": 1.0314333752840756,
    "cen_accuracy": 0.720375
  },
  "82": {
    "cen_loss": 0.9935162727236748,
    "cen_accuracy": 0.719875
  },
  "83": {
    "cen_loss": 0.9372657612711192,
    "cen_accuracy": 0.73275
  },
  "84": {
    "cen_loss": 0.9571140592545271,
    "cen_accuracy": 0.726375
  },
  "85": {
    "cen_loss": 1.0430331327319144,
    "cen_accuracy": 0.715375
  },
  "86": {
    "cen_loss": 1.026531661659479,
    "cen_accuracy": 0.71425
  },
  "87": {
    "cen_loss": 1.106744819432497,
    "cen_accuracy": 0.70175
  },
  "88": {
    "cen_loss": 0.9065887517929078,
    "cen_accuracy": 0.735
  },
  "89": {
    "cen_loss": 0.9972312053740024,
    "cen_accuracy": 0.71775
  },
  "90": {
    "cen_loss": 0.9958109903335571,
    "cen_accuracy": 0.728125
  },
  "91": {
    "cen_loss": 0.9277182263173163,
    "cen_accuracy": 0.73425
  },
  "92": {
    "cen_loss": 0.9363684994578362,
    "cen_accuracy": 0.737
  },
  "93": {
    "cen_loss": 1.023237051486969,
    "cen_accuracy": 0.718375
  },
  "94": {
    "cen_loss": 0.936699607387185,
    "cen_accuracy": 0.736875
  },
  "95": {
    "cen_loss": 1.0418230324983597,
    "cen_accuracy": 0.71725
  },
  "96": {
    "cen_loss": 0.907422385007143,
    "cen_accuracy": 0.74075
  },
  "97": {
    "cen_loss": 0.907422385007143,
    "cen_accuracy": 0.74075
  },
  "98": {
    "cen_loss": 0.8982229866534471,
    "cen_accuracy": 0.7445
  },
  "99": {
    "cen_loss": 0.8982229866534471,
    "cen_accuracy": 0.7445
  },
  "100": {
    "cen_loss": 0.8986892916709185,
    "cen_accuracy": 0.74975
  },