{
  "0": {
    "cen_loss": 2.3028161997795107,
    "cen_accuracy": 0.1005
  },
  "1": {
    "cen_loss": 2.3028161997795107,
    "cen_accuracy": 0.1005
  },
  "2": {
    "cen_loss": 3.407105948925018,
    "cen_accuracy": 0.1005
  },
  "3": {
    "cen_loss": 3.757029167175293,
    "cen_accuracy": 0.0995
  },
  "4": {
    "cen_loss": 4.245924649238586,
    "cen_accuracy": 0.0995
  },
  "5": {
    "cen_loss": 5.169368815422058,
    "cen_accuracy": 0.0995
  },
  "6": {
    "cen_loss": 6.090051553726196,
    "cen_accuracy": 0.0995
  },
  "7": {
    "cen_loss": 6.776514217376709,
    "cen_accuracy": 0.0995
  },
  "8": {
    "cen_loss": 5.814198893070221,
    "cen_accuracy": 0.117625
  },
  "9": {
    "cen_loss": 3.5103780696392057,
    "cen_accuracy": 0.198625
  },
  "10": {
    "cen_loss": 1.4642228153944015,
    "cen_accuracy": 0.5245
  },
  "11": {
    "cen_loss": 2.484493371963501,
    "cen_accuracy": 0.304625
  },
  "12": {
    "cen_loss": 1.9365744992494582,
    "cen_accuracy": 0.42925
  },
  "13": {
    "cen_loss": 1.8305184532403946,
    "cen_accuracy": 0.448375
  },
  "14": {
    "cen_loss": 1.6839182534217834,
    "cen_accuracy": 0.49425
  },
  "15": {
    "cen_loss": 1.5633413860797882,
    "cen_accuracy": 0.532875
  },
  "16": {
    "cen_loss": 1.5048132071495055,
    "cen_accuracy": 0.55475
  },
  "17": {
    "cen_loss": 1.4463880885839462,
    "cen_accuracy": 0.572375
  },
  "18": {
    "cen_loss": 1.424210734128952,
    "cen_accuracy": 0.582875
  },
  "19": {
    "cen_loss": 1.3782832225561141,
    "cen_accuracy": 0.597375
  },
  "20": {
    "cen_loss": 1.2739472714066506,
    "cen_accuracy": 0.63975
  },
  "21": {
    "cen_loss": 1.3884766652584075,
    "cen_accuracy": 0.602375
  },
  "22": {
    "cen_loss": 1.338618385910988,
    "cen_accuracy": 0.618
  },
  "23": {
    "cen_loss": 1.2841579626202584,
    "cen_accuracy": 0.629625
  },
  "24": {
    "cen_loss": 1.2302978876829147,
    "cen_accuracy": 0.64325
  },
  "25": {
    "cen_loss": 1.2272244652211666,
    "cen_accuracy": 0.648
  },
  "26": {
    "cen_loss": 1.189062972843647,
    "cen_accuracy": 0.657625
  },
  "27": {
    "cen_loss": 1.224288548797369,
    "cen_accuracy": 0.651625
  },
  "28": {
    "cen_loss": 1.269119127213955,
    "cen_accuracy": 0.64925
  },
  "29": {
    "cen_loss": 1.2621605744063855,
    "cen_accuracy": 0.651125
  },
  "30": {
    "cen_loss": 1.2646418894827365,
    "cen_accuracy": 0.664625
  },
  "31": {
    "cen_loss": 1.255875321239233,
    "cen_accuracy": 0.65625
  },
  "32": {
    "cen_loss": 1.2914426391720772,
    "cen_accuracy": 0.6545
  },
  "33": {
    "cen_loss": 1.3306564967334271,
    "cen_accuracy": 0.64425
  },
  "34": {
    "cen_loss": 1.287451771199703,
    "cen_accuracy": 0.655
  },
  "35": {
    "cen_loss": 1.2757704158574343,
    "cen_accuracy": 0.656875
  },
  "36": {
    "cen_loss": 1.3385716162621975,
    "cen_accuracy": 0.6505
  },
  "37": {
    "cen_loss": 1.3517258407473565,
    "cen_accuracy": 0.645875
  },
  "38": {
    "cen_loss": 1.3104453821182251,
    "cen_accuracy": 0.6615
  },
  "39": {
    "cen_loss": 1.3028643287718296,
    "cen_accuracy": 0.66
  },
  "40": {
    "cen_loss": 1.351192447423935,
    "cen_accuracy": 0.666125
  },
  "41": {
    "cen_loss": 1.308984381198883,
    "cen_accuracy": 0.655125
  },
  "42": {
    "cen_loss": 1.3000815430283545,
    "cen_accuracy": 0.658375
  },
  "43": {
    "cen_loss": 1.3240669227391482,
    "cen_accuracy": 0.66225
  },
  "44": {
    "cen_loss": 1.267341855585575,
    "cen_accuracy": 0.6655
  },
  "45": {
    "cen_loss": 1.2786964171528816,
    "cen_accuracy": 0.66925
  },
  "46": {
    "cen_loss": 1.2102818658947945,
    "cen_accuracy": 0.677625
  },
  "47": {
    "cen_loss": 1.2252511188089847,
    "cen_accuracy": 0.671
  },
  "48": {
    "cen_loss": 1.2566197592914103,
    "cen_accuracy": 0.674625
  },
  "49": {
    "cen_loss": 1.2343716356605292,
    "cen_accuracy": 0.673125
  },
  "50": {
    "cen_loss": 1.3156740839481353,
    "cen_accuracy": 0.6765
  },
  "51": {
    "cen_loss": 1.2655309869647027,
    "cen_accuracy": 0.676875
  },
  "52": {
    "cen_loss": 1.291738722845912,
    "cen_accuracy": 0.679875
  },
  "53": {
    "cen_loss": 1.2377466548830272,
    "cen_accuracy": 0.68
  },
  "54": {
    "cen_loss": 1.2861899743080139,
    "cen_accuracy": 0.676875
  },
  "55": {
    "cen_loss": 1.2024211058914662,
    "cen_accuracy": 0.691625
  },
  "56": {
    "cen_loss": 1.2678947921991348,
    "cen_accuracy": 0.679625
  },
  "57": {
    "cen_loss": 1.2660302316248417,
    "cen_accuracy": 0.681625
  },
  "58": {
    "cen_loss": 1.3508450558185578,
    "cen_accuracy": 0.67225
  },
  "59": {
    "cen_loss": 1.4149158082827926,
    "cen_accuracy": 0.666375
  },
  "60": {
    "cen_loss": 1.5408701037280261,
    "cen_accuracy": 0.663125
  },
  "61": {
    "cen_loss": 1.2243696557283401,
    "cen_accuracy": 0.692375
  },
  "62": {
    "cen_loss": 1.202029228940606,
    "cen_accuracy": 0.69
  },
  "63": {
    "cen_loss": 1.2809378643780946,
    "cen_accuracy": 0.68125
  },
  "64": {
    "cen_loss": 1.2359891319870948,
    "cen_accuracy": 0.685375
  },
  "65": {
    "cen_loss": 1.128489924043417,
    "cen_accuracy": 0.70425
  },
  "66": {
    "cen_loss": 1.150228660710156,
    "cen_accuracy": 0.700875
  },
  "67": {
    "cen_loss": 1.157178885281086,
    "cen_accuracy": 0.700125
  },
  "68": {
    "cen_loss": 1.1848771710395813,
    "cen_accuracy": 0.689875
  },
  "69": {
    "cen_loss": 1.136615628629923,
    "cen_accuracy": 0.703625
  },
  "70": {
    "cen_loss": 1.1965914921462535,
    "cen_accuracy": 0.699375
  },
  "71": {
    "cen_loss": 1.1568296501636506,
    "cen_accuracy": 0.698625
  },
  "72": {
    "cen_loss": 1.1231793252527713,
    "cen_accuracy": 0.702875
  },
  "73": {
    "cen_loss": 1.1758392042666674,
    "cen_accuracy": 0.69975
  },
  "74": {
    "cen_loss": 1.138535907357931,
    "cen_accuracy": 0.7095
  },
  "75": {
    "cen_loss": 1.1722243685275315,
    "cen_accuracy": 0.700875
  },
  "76": {
    "cen_loss": 1.2304078888744117,
    "cen_accuracy": 0.702125
  },
  "77": {
    "cen_loss": 1.2791917805522681,
    "cen_accuracy": 0.693
  },
  "78": {
    "cen_loss": 1.2544535602778197,
    "cen_accuracy": 0.69125
  },
  "79": {
    "cen_loss": 1.2072183856666088,
    "cen_accuracy": 0.6975
  },
  "80": {
    "cen_loss": 1.293212047547102,
    "cen_accuracy": 0.693875
  },
  "81": {
    "cen_loss": 1.1657959205508233,
    "cen_accuracy": 0.7075
  },
  "82": {
    "cen_loss": 1.2501097975969315,
    "cen_accuracy": 0.69925
  },
  "83": {
    "cen_loss": 1.1839295288920402,
    "cen_accuracy": 0.703375
  },
  "84": {
    "cen_loss": 1.1713585634976627,
    "cen_accuracy": 0.71
  },
  "85": {
    "cen_loss": 1.11476422098279,
    "cen_accuracy": 0.712125
  },
  "86": {
    "cen_loss": 1.1448224755972625,
    "cen_accuracy": 0.712375
  },
  "87": {
    "cen_loss": 1.1019749732166528,
    "cen_accuracy": 0.70725
  },
  "88": {
    "cen_loss": 1.127410430148244,
    "cen_accuracy": 0.7135
  },
  "89": {
    "cen_loss": 1.1463577994406224,
    "cen_accuracy": 0.714
  },
  "90": {
    "cen_loss": 1.1973492395579814,
    "cen_accuracy": 0.7095
  },
  "91": {
    "cen_loss": 1.080698046579957,
    "cen_accuracy": 0.71725
  },
  "92": {
    "cen_loss": 1.1041726269125938,
    "cen_accuracy": 0.71975
  },
  "93": {
    "cen_loss": 1.1888575394153595,
    "cen_accuracy": 0.7125
  },
  "94": {
    "cen_loss": 1.116862239331007,
    "cen_accuracy": 0.714
  },
  "95": {
    "cen_loss": 1.0642787223160266,
    "cen_accuracy": 0.724875
  },
  "96": {
    "cen_loss": 1.0679136273637413,
    "cen_accuracy": 0.719125
  },
  "97": {
    "cen_loss": 1.1194045192599296,
    "cen_accuracy": 0.714
  },
  "98": {
    "cen_loss": 1.1544618480354547,
    "cen_accuracy": 0.708875
  },
  "99": {
    "cen_loss": 1.0574071467518806,
    "cen_accuracy": 0.724375
  },
  "100": {
    "cen_loss": 1.1034437742829324,
    "cen_accuracy": 0.724625
  },
  "101": {
    "cen_loss": 1.1144151520729064,