{
  "0": {
    "cen_loss": 2.3027569942474364,
    "cen_accuracy": 0.100375
  },
  "1": {
    "cen_loss": 2.3027569942474364,
    "cen_accuracy": 0.100375
  },
  "2": {
    "cen_loss": 2.5297805528640747,
    "cen_accuracy": 0.102125
  },
  "3": {
    "cen_loss": 3.9945534234046938,
    "cen_accuracy": 0.100625
  },
  "4": {
    "cen_loss": 5.197747364521026,
    "cen_accuracy": 0.099125
  },
  "5": {
    "cen_loss": 3.702931743144989,
    "cen_accuracy": 0.099125
  },
  "6": {
    "cen_loss": 4.90865222787857,
    "cen_accuracy": 0.101625
  },
  "7": {
    "cen_loss": 3.1664103014469145,
    "cen_accuracy": 0.179375
  },
  "8": {
    "cen_loss": 3.282447025299072,
    "cen_accuracy": 0.127375
  },
  "9": {
    "cen_loss": 2.6854225313663482,
    "cen_accuracy": 0.203625
  },
  "10": {
    "cen_loss": 2.4401879663467407,
    "cen_accuracy": 0.2535
  },
  "11": {
    "cen_loss": 2.543897744655609,
    "cen_accuracy": 0.230375
  },
  "12": {
    "cen_loss": 3.202168093442917,
    "cen_accuracy": 0.252625
  },
  "13": {
    "cen_loss": 2.2234470810890197,
    "cen_accuracy": 0.26975
  },
  "14": {
    "cen_loss": 2.4948183715343477,
    "cen_accuracy": 0.265125
  },
  "15": {
    "cen_loss": 2.068344717502594,
    "cen_accuracy": 0.330375
  },
  "16": {
    "cen_loss": 2.9966845405101776,
    "cen_accuracy": 0.273375
  },
  "17": {
    "cen_loss": 2.2703438650369643,
    "cen_accuracy": 0.3185
  },
  "18": {
    "cen_loss": 3.610367250442505,
    "cen_accuracy": 0.2135
  },
  "19": {
    "cen_loss": 2.1499467350244523,
    "cen_accuracy": 0.379875
  },
  "20": {
    "cen_loss": 2.264619922041893,
    "cen_accuracy": 0.36675
  },
  "21": {
    "cen_loss": 2.5593848054409025,
    "cen_accuracy": 0.3285
  },
  "22": {
    "cen_loss": 2.1778590681552887,
    "cen_accuracy": 0.37075
  },
  "23": {
    "cen_loss": 2.7839544475078584,
    "cen_accuracy": 0.320625
  },
  "24": {
    "cen_loss": 2.0431747020483018,
    "cen_accuracy": 0.42175
  },
  "25": {
    "cen_loss": 3.4398686101436615,
    "cen_accuracy": 0.27825
  },
  "26": {
    "cen_loss": 2.709295094013214,
    "cen_accuracy": 0.390125
  },
  "27": {
    "cen_loss": 1.9361374418139459,
    "cen_accuracy": 0.43425
  },
  "28": {
    "cen_loss": 2.425357741713524,
    "cen_accuracy": 0.37025
  },
  "29": {
    "cen_loss": 1.976891724705696,
    "cen_accuracy": 0.454125
  },
  "30": {
    "cen_loss": 2.5246019599437712,
    "cen_accuracy": 0.38375
  },
  "31": {
    "cen_loss": 1.6376352500915528,
    "cen_accuracy": 0.436625
  },
  "32": {
    "cen_loss": 2.1586928547620774,
    "cen_accuracy": 0.4085
  },
  "33": {
    "cen_loss": 2.0492333924770354,
    "cen_accuracy": 0.449875
  },
  "34": {
    "cen_loss": 1.6273936685323716,
    "cen_accuracy": 0.497625
  },
  "35": {
    "cen_loss": 2.517543902397156,
    "cen_accuracy": 0.35025
  },
  "36": {
    "cen_loss": 1.8280587624907494,
    "cen_accuracy": 0.4565
  },
  "37": {
    "cen_loss": 2.1625402135849,
    "cen_accuracy": 0.436875
  },
  "38": {
    "cen_loss": 2.04859299325943,
    "cen_accuracy": 0.42225
  },
  "39": {
    "cen_loss": 2.137851894021034,
    "cen_accuracy": 0.406125
  },
  "40": {
    "cen_loss": 2.7748371206521987,
    "cen_accuracy": 0.3415
  },
  "41": {
    "cen_loss": 1.5894022075533867,
    "cen_accuracy": 0.507875
  },
  "42": {
    "cen_loss": 1.4824625332355499,
    "cen_accuracy": 0.482625
  },
  "43": {
    "cen_loss": 1.6467764693498612,
    "cen_accuracy": 0.521375
  },
  "44": {
    "cen_loss": 1.7547233837842942,
    "cen_accuracy": 0.42975
  },
  "45": {
    "cen_loss": 2.176094912648201,
    "cen_accuracy": 0.423125
  },
  "46": {
    "cen_loss": 2.4049041686058046,
    "cen_accuracy": 0.3855
  },
  "47": {
    "cen_loss": 1.709662446141243,
    "cen_accuracy": 0.450125
  },
  "48": {
    "cen_loss": 1.6616075818538665,
    "cen_accuracy": 0.52475
  },
  "49": {
    "cen_loss": 2.0398288390636443,
    "cen_accuracy": 0.48475
  },
  "50": {
    "cen_loss": 2.3800638238191603,
    "cen_accuracy": 0.417875
  },
  "51": {
    "cen_loss": 1.7758520739078523,
    "cen_accuracy": 0.527
  },
  "52": {
    "cen_loss": 2.5124911550283433,
    "cen_accuracy": 0.455625
  },
  "53": {
    "cen_loss": 1.2921166087985039,
    "cen_accuracy": 0.578375
  },
  "54": {
    "cen_loss": 1.196720293700695,
    "cen_accuracy": 0.58775
  },
  "55": {
    "cen_loss": 2.0025232535600663,
    "cen_accuracy": 0.481375
  },
  "56": {
    "cen_loss": 1.8142343012094497,
    "cen_accuracy": 0.452625
  },
  "57": {
    "cen_loss": 1.3067298613786698,
    "cen_accuracy": 0.595125
  },
  "58": {
    "cen_loss": 1.724839823126793,
    "cen_accuracy": 0.49175
  },
  "59": {
    "cen_loss": 2.3503034250736237,
    "cen_accuracy": 0.427625
  },
  "60": {
    "cen_loss": 2.1564432563781737,
    "cen_accuracy": 0.436875
  },
  "61": {
    "cen_loss": 1.5239350625276566,
    "cen_accuracy": 0.557
  },
  "62": {
    "cen_loss": 1.6116541979908943,
    "cen_accuracy": 0.533125
  },
  "63": {
    "cen_loss": 1.4128627699017524,
    "cen_accuracy": 0.541125
  },
  "64": {
    "cen_loss": 1.386758103132248,
    "cen_accuracy": 0.577625
  },
  "65": {
    "cen_loss": 1.3382029312849044,
    "cen_accuracy": 0.5865
  },
  "66": {
    "cen_loss": 1.9833087236881257,
    "cen_accuracy": 0.4905
  },
  "67": {
    "cen_loss": 1.9788330248594284,
    "cen_accuracy": 0.443625
  },
  "68": {
    "cen_loss": 1.6152137476205826,
    "cen_accuracy": 0.51225
  },
  "69": {
    "cen_loss": 1.5833258705735207,
    "cen_accuracy": 0.5325
  },
  "70": {
    "cen_loss": 1.7369823741912842,
    "cen_accuracy": 0.5235
  },
  "71": {
    "cen_loss": 1.5901381416916847,
    "cen_accuracy": 0.53725
  },
  "72": {
    "cen_loss": 2.37441262948513,
    "cen_accuracy": 0.418125
  },
  "73": {
    "cen_loss": 1.5774771094918252,
    "cen_accuracy": 0.514
  },
  "74": {
    "cen_loss": 1.1939914720058442,
    "cen_accuracy": 0.609125
  },
  "75": {
    "cen_loss": 1.1606397766470908,
    "cen_accuracy": 0.625625
  },
  "76": {
    "cen_loss": 1.352745663702488,
    "cen_accuracy": 0.56525
  },
  "77": {
    "cen_loss": 1.5649381582140922,
    "cen_accuracy": 0.5275
  },
  "78": {
    "cen_loss": 1.6669925570487976,
    "cen_accuracy": 0.49475
  },
  "79": {
    "cen_loss": 1.414749127149582,
    "cen_accuracy": 0.547625
  },
  "80": {
    "cen_loss": 1.6225331585407257,
    "cen_accuracy": 0.503875
  },
  "81": {
    "cen_loss": 1.7390303500890731,
    "cen_accuracy": 0.53725
  },
  "82": {
    "cen_loss": 1.6236978468894958,
    "cen_accuracy": 0.5395
  },
  "83": {
    "cen_loss": 1.2533838818669318,
    "cen_accuracy": 0.59925
  },
  "84": {
    "cen_loss": 1.635362148463726,
    "cen_accuracy": 0.52325
  },
  "85": {
    "cen_loss": 1.3795953528285028,
    "cen_accuracy": 0.56725
  },
  "86": {
    "cen_loss": 1.8817950907945633,
    "cen_accuracy": 0.54075
  },
  "87": {
    "cen_loss": 1.3214370329082012,
    "cen_accuracy": 0.597
  },
  "88": {
    "cen_loss": 1.2492482787966728,
    "cen_accuracy": 0.585625
  },
  "89": {
    "cen_loss": 1.6705335137844086,
    "cen_accuracy": 0.542625
  },
  "90": {
    "cen_loss": 3.1432936918735503,
    "cen_accuracy": 0.37325
  },
  "91": {
    "cen_loss": 1.421809745669365,
    "cen_accuracy": 0.539125
  },
  "92": {
    "cen_loss": 1.247408186942339,
    "cen_accuracy": 0.62675
  },
  "93": {
    "cen_loss": 1.3490310016274452,
    "cen_accuracy": 0.556
  },
  "94": {
    "cen_loss": 1.1965410363078117,
    "cen_accuracy": 0.585125
  },
  "95": {
    "cen_loss": 1.1075211677551269,
    "cen_accuracy": 0.636625
  },
  "96": {
    "cen_loss": 1.3601964576393366,
    "cen_accuracy": 0.5805
  },
  "97": {
    "cen_loss": 1.2894485985338688,
    "cen_accuracy": 0.586125
  },
  "98": {
    "cen_loss": 1.4393744540810585,
    "cen_accuracy": 0.584125
  },
  "99": {
    "cen_loss": 1.8433821147680283,
    "cen_accuracy": 0.4925
  },
  "100": {
    "cen_loss": 2.0978498532772063,
    "cen_accuracy": 0.460375
  },