{
  "0": {
    "cen_loss": 3.6316095030451394,
    "cen_accuracy": 0.010486390004462293
  },
  "1": {
    "cen_loss": 3.6316095121946255,
    "cen_accuracy": 0.010486390004462293
  },
  "2": {
    "cen_loss": 3.1917268616022247,
    "cen_accuracy": 0.010263275323516287
  },
  "3": {
    "cen_loss": 2.9271573141609544,
    "cen_accuracy": 0.19366354306113343
  },
  "4": {
    "cen_loss": 3.2538959775743397,
    "cen_accuracy": 0.19790272199910755
  },
  "5": {
    "cen_loss": 3.408200349939662,
    "cen_accuracy": 0.18697010263275324
  },
  "6": {
    "cen_loss": 3.3554887754584146,
    "cen_accuracy": 0.25122713074520303
  },
  "7": {
    "cen_loss": 3.4512443837179023,
    "cen_accuracy": 0.20102632753235164
  },
  "8": {
    "cen_loss": 3.42777771590172,
    "cen_accuracy": 0.19567157518964748
  },
  "9": {
    "cen_loss": 3.3397794827346767,
    "cen_accuracy": 0.19834895136099956
  },
  "10": {
    "cen_loss": 3.339274573996364,
    "cen_accuracy": 0.19834895136099956
  },
  "11": {
    "cen_loss": 3.7458424724568644,
    "cen_accuracy": 0.18830879071842926
  },
  "12": {
    "cen_loss": 3.213240319679274,
    "cen_accuracy": 0.21976796073181615
  },
  "13": {
    "cen_loss": 3.1247853143360933,
    "cen_accuracy": 0.2989736724676484
  },
  "14": {
    "cen_loss": 3.099701199665606,
    "cen_accuracy": 0.30187416331994643
  },
  "15": {
    "cen_loss": 2.9735238432405464,
    "cen_accuracy": 0.29763498438197233
  },
  "16": {
    "cen_loss": 2.9471765148591804,
    "cen_accuracy": 0.34917447568049975
  },
  "17": {
    "cen_loss": 2.780345923982524,
    "cen_accuracy": 0.3866577420794288
  },
  "18": {
    "cen_loss": 2.8503418492185704,
    "cen_accuracy": 0.3966979027219991
  },
  "19": {
    "cen_loss": 2.521716633208997,
    "cen_accuracy": 0.464301651048639
  },
  "20": {
    "cen_loss": 2.521716640656253,
    "cen_accuracy": 0.464301651048639
  },
  "21": {
    "cen_loss": 2.6222487244952846,
    "cen_accuracy": 0.41543953592146365
  },
  "22": {
    "cen_loss": 2.7615683568156975,
    "cen_accuracy": 0.3777331548415886
  },
  "23": {
    "cen_loss": 2.710058947922874,
    "cen_accuracy": 0.3857652833556448
  },
  "24": {
    "cen_loss": 2.430727948891377,
    "cen_accuracy": 0.4506916555109326
  },
  "25": {
    "cen_loss": 2.966319191727134,
    "cen_accuracy": 0.35899152164212406
  },
  "26": {
    "cen_loss": 2.6833378474981537,
    "cen_accuracy": 0.4424364123159304
  },
  "27": {
    "cen_loss": 2.6505633681440717,
    "cen_accuracy": 0.42302543507362783
  },
  "28": {
    "cen_loss": 2.639157916860142,
    "cen_accuracy": 0.4359660865684962
  },
  "29": {
    "cen_loss": 2.366101797645191,
    "cen_accuracy": 0.4738955823293173
  },
  "30": {
    "cen_loss": 2.366101858765884,
    "cen_accuracy": 0.4738955823293173
  },
  "31": {
    "cen_loss": 2.4624660007658945,
    "cen_accuracy": 0.43886657742079427
  },
  "32": {
    "cen_loss": 2.294611331768623,
    "cen_accuracy": 0.4964301651048639
  },
  "33": {
    "cen_loss": 2.296654235194273,
    "cen_accuracy": 0.49062918340026773
  },
  "34": {
    "cen_loss": 2.381272744515388,
    "cen_accuracy": 0.4727800089245872
  },
  "35": {
    "cen_loss": 2.391679999074038,
    "cen_accuracy": 0.4817045961624275
  },
  "36": {
    "cen_loss": 2.4862484019125004,
    "cen_accuracy": 0.4745649263721553
  },
  "37": {
    "cen_loss": 2.324114274627553,
    "cen_accuracy": 0.49062918340026773
  },
  "38": {
    "cen_loss": 2.477699278428692,
    "cen_accuracy": 0.47701918786256137
  },
  "39": {
    "cen_loss": 2.376058540297427,
    "cen_accuracy": 0.4808121374386435
  },
  "40": {
    "cen_loss": 2.3760585668947694,
    "cen_accuracy": 0.4808121374386435
  },
  "41": {
    "cen_loss": 2.4322631871897107,
    "cen_accuracy": 0.46943328871039713
  },
  "42": {
    "cen_loss": 2.3946923758503798,
    "cen_accuracy": 0.49754573850959394
  },
  "43": {
    "cen_loss": 2.429132466228984,
    "cen_accuracy": 0.48839803659080766
  },
  "44": {
    "cen_loss": 2.1408200458669597,
    "cen_accuracy": 0.5254350736278447
  },
  "45": {
    "cen_loss": 2.338576915380094,
    "cen_accuracy": 0.5071396697902723
  },
  "46": {
    "cen_loss": 2.244589473136245,
    "cen_accuracy": 0.5113788487282463
  },
  "47": {
    "cen_loss": 2.3780084018034895,
    "cen_accuracy": 0.501561802766622
  },
  "48": {
    "cen_loss": 2.1762437179139393,
    "cen_accuracy": 0.5229808121374386
  },
  "49": {
    "cen_loss": 2.040691591064508,
    "cen_accuracy": 0.5421686746987951
  },
  "50": {
    "cen_loss": 2.0406916093634795,
    "cen_accuracy": 0.5421686746987951
  },
  "51": {
    "cen_loss": 2.1551247608017996,
    "cen_accuracy": 0.5269968763944668
  },
  "52": {
    "cen_loss": 2.1496534823094664,
    "cen_accuracy": 0.5316822846943329
  },
  "53": {
    "cen_loss": 2.088306650738799,
    "cen_accuracy": 0.5283355644801427
  },
  "54": {
    "cen_loss": 1.944999716421261,
    "cen_accuracy": 0.5555555555555556
  },
  "55": {
    "cen_loss": 1.9712769011736235,
    "cen_accuracy": 0.5522088353413654
  },
  "56": {
    "cen_loss": 1.988058101700013,
    "cen_accuracy": 0.5602409638554217
  },
  "57": {
    "cen_loss": 2.036436412867453,
    "cen_accuracy": 0.5517626059794735
  },
  "58": {
    "cen_loss": 2.285128618127158,
    "cen_accuracy": 0.5292280232039268
  },
  "59": {
    "cen_loss": 2.365580298442066,
    "cen_accuracy": 0.46987951807228917
  },
  "60": {
    "cen_loss": 2.3655802391831866,
    "cen_accuracy": 0.46987951807228917
  },
  "61": {
    "cen_loss": 2.204470359154681,
    "cen_accuracy": 0.48839803659080766
  },
  "62": {
    "cen_loss": 1.977649955977451,
    "cen_accuracy": 0.5388219544846051
  },
  "63": {
    "cen_loss": 2.3147123873845534,
    "cen_accuracy": 0.4767960731816154
  },
  "64": {
    "cen_loss": 2.1721831602291677,
    "cen_accuracy": 0.5236501561802767
  },
  "65": {
    "cen_loss": 2.1112525913131286,
    "cen_accuracy": 0.5441767068273092
  },
  "66": {
    "cen_loss": 1.7555105562776074,
    "cen_accuracy": 0.5836680053547524
  },
  "67": {
    "cen_loss": 2.174277980111636,
    "cen_accuracy": 0.501561802766622
  },
  "68": {
    "cen_loss": 2.246310142681355,
    "cen_accuracy": 0.5256581883087907
  },
  "69": {
    "cen_loss": 2.2416348224343703,
    "cen_accuracy": 0.5227576974564926
  },
  "70": {
    "cen_loss": 2.241634806475965,
    "cen_accuracy": 0.5227576974564926
  },
  "71": {
    "cen_loss": 2.036033862379713,
    "cen_accuracy": 0.5493083444890674
  },
  "72": {
    "cen_loss": 1.822234123586172,
    "cen_accuracy": 0.5901383311021865
  },
  "73": {
    "cen_loss": 1.8287873526121665,
    "cen_accuracy": 0.5972780008924587
  },
  "74": {
    "cen_loss": 2.05310509780431,
    "cen_accuracy": 0.5410531012940651
  },
  "75": {
    "cen_loss": 1.9330695042488883,
    "cen_accuracy": 0.5655957161981259
  },
  "76": {
    "cen_loss": 1.94146441883004,
    "cen_accuracy": 0.5673806336456939
  },
  "77": {
    "cen_loss": 1.7477703332794612,
    "cen_accuracy": 0.6010709504685409
  },
  "78": {
    "cen_loss": 1.8993714275981421,
    "cen_accuracy": 0.5647032574743418
  },
  "79": {
    "cen_loss": 1.781452091161406,
    "cen_accuracy": 0.6026327532351629
  },
  "80": {
    "cen_loss": 1.7814520730976546,
    "cen_accuracy": 0.6026327532351629
  },
  "81": {
    "cen_loss": 1.7318772493010917,
    "cen_accuracy": 0.6164658634538153
  },
  "82": {
    "cen_loss": 1.7842471936833162,
    "cen_accuracy": 0.6001784917447568
  },
  "83": {
    "cen_loss": 1.9005860687632052,
    "cen_accuracy": 0.5798750557786703
  },
  "84": {
    "cen_loss": 1.9829021507690443,
    "cen_accuracy": 0.5624721106648818
  },
  "85": {
    "cen_loss": 1.7135648940195733,
    "cen_accuracy": 0.6095493083444891
  },
  "86": {
    "cen_loss": 1.8518158864464307,
    "cen_accuracy": 0.5832217759928603
  },
  "87": {
    "cen_loss": 1.7760708575693427,
    "cen_accuracy": 0.6004016064257028
  },
  "88": {
    "cen_loss": 1.9163528286096827,
    "cen_accuracy": 0.5582329317269076
  },