{
  "0": {
    "cen_loss": 2.3026313900947573,
    "cen_accuracy": 0.10175
  },
  "1": {
    "cen_loss": 2.3026313900947573,
    "cen_accuracy": 0.10175
  },
  "2": {
    "cen_loss": 3.0595734004974364,
    "cen_accuracy": 0.10175
  },
  "3": {
    "cen_loss": 4.01616818523407,
    "cen_accuracy": 0.10175
  },
  "4": {
    "cen_loss": 5.57588838672638,
    "cen_accuracy": 0.10175
  },
  "5": {
    "cen_loss": 3.3344294176101683,
    "cen_accuracy": 0.12175
  },
  "6": {
    "cen_loss": 4.483695201396942,
    "cen_accuracy": 0.107375
  },
  "7": {
    "cen_loss": 4.368879917621612,
    "cen_accuracy": 0.110125
  },
  "8": {
    "cen_loss": 3.923491376876831,
    "cen_accuracy": 0.15675
  },
  "9": {
    "cen_loss": 2.9963683865070343,
    "cen_accuracy": 0.256125
  },
  "10": {
    "cen_loss": 2.9095224301815032,
    "cen_accuracy": 0.294625
  },
  "11": {
    "cen_loss": 2.4320948164463045,
    "cen_accuracy": 0.2315
  },
  "12": {
    "cen_loss": 2.6950017936229704,
    "cen_accuracy": 0.2685
  },
  "13": {
    "cen_loss": 1.8875740878582001,
    "cen_accuracy": 0.34175
  },
  "14": {
    "cen_loss": 1.9328930904865265,
    "cen_accuracy": 0.35325
  },
  "15": {
    "cen_loss": 3.8786622977256773,
    "cen_accuracy": 0.193
  },
  "16": {
    "cen_loss": 4.405102101325989,
    "cen_accuracy": 0.204375
  },
  "17": {
    "cen_loss": 2.152713644981384,
    "cen_accuracy": 0.31375
  },
  "18": {
    "cen_loss": 2.8712449095249175,
    "cen_accuracy": 0.19125
  },
  "19": {
    "cen_loss": 2.481956300497055,
    "cen_accuracy": 0.235875
  },
  "20": {
    "cen_loss": 2.626339629650116,
    "cen_accuracy": 0.230125
  },
  "21": {
    "cen_loss": 2.237444256544113,
    "cen_accuracy": 0.294375
  },
  "22": {
    "cen_loss": 1.7604270178079604,
    "cen_accuracy": 0.427
  },
  "23": {
    "cen_loss": 2.410849169254303,
    "cen_accuracy": 0.343875
  },
  "24": {
    "cen_loss": 2.266809153318405,
    "cen_accuracy": 0.355375
  },
  "25": {
    "cen_loss": 1.8210653752088546,
    "cen_accuracy": 0.459375
  },
  "26": {
    "cen_loss": 2.1949179668426515,
    "cen_accuracy": 0.398875
  },
  "27": {
    "cen_loss": 2.300906897187233,
    "cen_accuracy": 0.314375
  },
  "28": {
    "cen_loss": 2.3008829486370086,
    "cen_accuracy": 0.43675
  },
  "29": {
    "cen_loss": 1.8911310003995896,
    "cen_accuracy": 0.403125
  },
  "30": {
    "cen_loss": 2.403629182100296,
    "cen_accuracy": 0.337375
  },
  "31": {
    "cen_loss": 3.2765100207328794,
    "cen_accuracy": 0.346875
  },
  "32": {
    "cen_loss": 1.8773564656972885,
    "cen_accuracy": 0.358
  },
  "33": {
    "cen_loss": 2.898589463472366,
    "cen_accuracy": 0.300125
  },
  "34": {
    "cen_loss": 1.9965021291971206,
    "cen_accuracy": 0.4665
  },
  "35": {
    "cen_loss": 2.3398930356502534,
    "cen_accuracy": 0.4175
  },
  "36": {
    "cen_loss": 2.710809887886047,
    "cen_accuracy": 0.335625
  },
  "37": {
    "cen_loss": 2.8020098962783813,
    "cen_accuracy": 0.270125
  },
  "38": {
    "cen_loss": 1.7077173688411713,
    "cen_accuracy": 0.47875
  },
  "39": {
    "cen_loss": 2.4421491782665252,
    "cen_accuracy": 0.377375
  },
  "40": {
    "cen_loss": 2.371916496157646,
    "cen_accuracy": 0.394125
  },
  "41": {
    "cen_loss": 2.1421418523788454,
    "cen_accuracy": 0.44425
  },
  "42": {
    "cen_loss": 3.0503193006515503,
    "cen_accuracy": 0.371875
  },
  "43": {
    "cen_loss": 1.6316228357553482,
    "cen_accuracy": 0.49275
  },
  "44": {
    "cen_loss": 1.7486376693248749,
    "cen_accuracy": 0.44375
  },
  "45": {
    "cen_loss": 2.5884359221458437,
    "cen_accuracy": 0.40575
  },
  "46": {
    "cen_loss": 2.160493120908737,
    "cen_accuracy": 0.403875
  },
  "47": {
    "cen_loss": 2.345563942193985,
    "cen_accuracy": 0.412125
  },
  "48": {
    "cen_loss": 1.6874023084640504,
    "cen_accuracy": 0.45825
  },
  "49": {
    "cen_loss": 1.7853743697404862,
    "cen_accuracy": 0.495875
  },
  "50": {
    "cen_loss": 1.9138576917052268,
    "cen_accuracy": 0.480125
  },
  "51": {
    "cen_loss": 1.614475915312767,
    "cen_accuracy": 0.523125
  },
  "52": {
    "cen_loss": 1.6784236645698547,
    "cen_accuracy": 0.451625
  },
  "53": {
    "cen_loss": 1.4171175155639648,
    "cen_accuracy": 0.51775
  },
  "54": {
    "cen_loss": 2.8379851603507995,
    "cen_accuracy": 0.323875
  },
  "55": {
    "cen_loss": 1.4946987033486365,
    "cen_accuracy": 0.537875
  },
  "56": {
    "cen_loss": 1.9687316586971284,
    "cen_accuracy": 0.41475
  },
  "57": {
    "cen_loss": 1.624519633293152,
    "cen_accuracy": 0.5195
  },
  "58": {
    "cen_loss": 1.6735941061973572,
    "cen_accuracy": 0.500625
  },
  "59": {
    "cen_loss": 1.807011736869812,
    "cen_accuracy": 0.508625
  },
  "60": {
    "cen_loss": 2.2866729491949083,
    "cen_accuracy": 0.44075
  },
  "61": {
    "cen_loss": 1.5093909081220627,
    "cen_accuracy": 0.521125
  },
  "62": {
    "cen_loss": 2.0011201611757277,
    "cen_accuracy": 0.442375
  },
  "63": {
    "cen_loss": 1.6191650562286377,
    "cen_accuracy": 0.51275
  },
  "64": {
    "cen_loss": 1.6681907447576523,
    "cen_accuracy": 0.504875
  },
  "65": {
    "cen_loss": 3.314833073973656,
    "cen_accuracy": 0.353
  },
  "66": {
    "cen_loss": 2.3275605556964876,
    "cen_accuracy": 0.364375
  },
  "67": {
    "cen_loss": 3.357057970046997,
    "cen_accuracy": 0.194
  },
  "68": {
    "cen_loss": 1.60159777623415,
    "cen_accuracy": 0.511875
  },
  "69": {
    "cen_loss": 1.8104001786708832,
    "cen_accuracy": 0.518
  },
  "70": {
    "cen_loss": 2.105755981683731,
    "cen_accuracy": 0.46325
  },
  "71": {
    "cen_loss": 1.6054725435972215,
    "cen_accuracy": 0.530625
  },
  "72": {
    "cen_loss": 1.7717013803720474,
    "cen_accuracy": 0.503125
  },
  "73": {
    "cen_loss": 2.2665469317436218,
    "cen_accuracy": 0.451125
  },
  "74": {
    "cen_loss": 2.248428099393845,
    "cen_accuracy": 0.437
  },
  "75": {
    "cen_loss": 1.7417609189748764,
    "cen_accuracy": 0.49675
  },
  "76": {
    "cen_loss": 1.4298379208445549,
    "cen_accuracy": 0.564875
  },
  "77": {
    "cen_loss": 1.7302008517980576,
    "cen_accuracy": 0.483
  },
  "78": {
    "cen_loss": 1.5834269411563873,
    "cen_accuracy": 0.572125
  },
  "79": {
    "cen_loss": 1.7338594497442246,
    "cen_accuracy": 0.51975
  },
  "80": {
    "cen_loss": 2.776791666030884,
    "cen_accuracy": 0.407125
  },
  "81": {
    "cen_loss": 1.3379744763970376,
    "cen_accuracy": 0.554
  },
  "82": {
    "cen_loss": 1.9808013331294059,
    "cen_accuracy": 0.510125
  },
  "83": {
    "cen_loss": 1.4865149065852166,
    "cen_accuracy": 0.590375
  },
  "84": {
    "cen_loss": 1.4443343663811683,
    "cen_accuracy": 0.5275
  },
  "85": {
    "cen_loss": 1.6156598838567733,
    "cen_accuracy": 0.503875
  },
  "86": {
    "cen_loss": 2.2106201937198637,
    "cen_accuracy": 0.42975
  },
  "87": {
    "cen_loss": 1.832816123485565,
    "cen_accuracy": 0.419875
  },
  "88": {
    "cen_loss": 1.418161988735199,
    "cen_accuracy": 0.540625
  },
  "89": {
    "cen_loss": 1.3289938304424287,
    "cen_accuracy": 0.578625
  },
  "90": {
    "cen_loss": 1.9601763978004456,
    "cen_accuracy": 0.477
  },
  "91": {
    "cen_loss": 1.5430860403180122,
    "cen_accuracy": 0.52075
  },
  "92": {
    "cen_loss": 1.8739777429699898,
    "cen_accuracy": 0.51125
  },
  "93": {
    "cen_loss": 1.2828737489581108,
    "cen_accuracy": 0.587
  },
  "94": {
    "cen_loss": 2.3495834975242613,
    "cen_accuracy": 0.40225
  },
  "95": {
    "cen_loss": 2.425368931412697,
    "cen_accuracy": 0.454625
  },
  "96": {
    "cen_loss": 1.994372011423111,
    "cen_accuracy": 0.47125
  },
  "97": {
    "cen_loss": 1.4914904712438584,
    "cen_accuracy": 0.54775
  },
  "98": {
    "cen_loss": 3.395481834411621,
    "cen_accuracy": 0.25675
  },
  "99": {
    "cen_loss": 1.5421275193691253,
    "cen_accuracy": 0.496125
  },
  "100": {
    "cen_loss": 1.5953736242055894,
    "cen_accuracy": 0.48825
  },