{
  "0": {
    "cen_loss": 2.3027041506767274,
    "cen_accuracy": 0.101375
  },
  "1": {
    "cen_loss": 2.3027041506767274,
    "cen_accuracy": 0.101375
  },
  "2": {
    "cen_loss": 2.54521626996994,
    "cen_accuracy": 0.10125
  },
  "3": {
    "cen_loss": 3.101793184757233,
    "cen_accuracy": 0.10125
  },
  "4": {
    "cen_loss": 3.039609709262848,
    "cen_accuracy": 0.10125
  },
  "5": {
    "cen_loss": 4.500225518226624,
    "cen_accuracy": 0.101125
  },
  "6": {
    "cen_loss": 3.196673936843872,
    "cen_accuracy": 0.101125
  },
  "7": {
    "cen_loss": 4.372749722003936,
    "cen_accuracy": 0.12825
  },
  "8": {
    "cen_loss": 4.120572351932526,
    "cen_accuracy": 0.101125
  },
  "9": {
    "cen_loss": 4.233930992603302,
    "cen_accuracy": 0.102125
  },
  "10": {
    "cen_loss": 2.0973549964427947,
    "cen_accuracy": 0.395125
  },
  "11": {
    "cen_loss": 3.147024837255478,
    "cen_accuracy": 0.11925
  },
  "12": {
    "cen_loss": 2.3452627215385435,
    "cen_accuracy": 0.2735
  },
  "13": {
    "cen_loss": 2.496359393596649,
    "cen_accuracy": 0.195
  },
  "14": {
    "cen_loss": 1.7128408925533294,
    "cen_accuracy": 0.398375
  },
  "15": {
    "cen_loss": 2.4708166987895965,
    "cen_accuracy": 0.2635
  },
  "16": {
    "cen_loss": 2.111582728385925,
    "cen_accuracy": 0.3435
  },
  "17": {
    "cen_loss": 1.5922007985115052,
    "cen_accuracy": 0.438
  },
  "18": {
    "cen_loss": 1.8534156250953675,
    "cen_accuracy": 0.393875
  },
  "19": {
    "cen_loss": 1.7160990248322487,
    "cen_accuracy": 0.45775
  },
  "20": {
    "cen_loss": 1.5967138147354125,
    "cen_accuracy": 0.52325
  },
  "21": {
    "cen_loss": 1.8202054942846297,
    "cen_accuracy": 0.450875
  },
  "22": {
    "cen_loss": 1.4946597718000412,
    "cen_accuracy": 0.48375
  },
  "23": {
    "cen_loss": 1.2934778277277947,
    "cen_accuracy": 0.55275
  },
  "24": {
    "cen_loss": 1.362284458041191,
    "cen_accuracy": 0.546
  },
  "25": {
    "cen_loss": 1.3385339611768723,
    "cen_accuracy": 0.555
  },
  "26": {
    "cen_loss": 1.4310121158361435,
    "cen_accuracy": 0.53525
  },
  "27": {
    "cen_loss": 1.6088901331424714,
    "cen_accuracy": 0.529
  },
  "28": {
    "cen_loss": 2.2834562994241714,
    "cen_accuracy": 0.43325
  },
  "29": {
    "cen_loss": 3.1536513473987577,
    "cen_accuracy": 0.456125
  },
  "30": {
    "cen_loss": 3.9830627937316896,
    "cen_accuracy": 0.436875
  },
  "31": {
    "cen_loss": 4.019415988206863,
    "cen_accuracy": 0.276375
  },
  "32": {
    "cen_loss": 2.620804276227951,
    "cen_accuracy": 0.32575
  },
  "33": {
    "cen_loss": 1.9505577893257142,
    "cen_accuracy": 0.4275
  },
  "34": {
    "cen_loss": 2.309335937023163,
    "cen_accuracy": 0.32725
  },
  "35": {
    "cen_loss": 2.659098680615425,
    "cen_accuracy": 0.361875
  },
  "36": {
    "cen_loss": 1.8482858886122704,
    "cen_accuracy": 0.50525
  },
  "37": {
    "cen_loss": 2.0661114964485168,
    "cen_accuracy": 0.420125
  },
  "38": {
    "cen_loss": 1.761422845363617,
    "cen_accuracy": 0.43375
  },
  "39": {
    "cen_loss": 1.7781241858005523,
    "cen_accuracy": 0.454375
  },
  "40": {
    "cen_loss": 2.4869409592151643,
    "cen_accuracy": 0.410625
  },
  "41": {
    "cen_loss": 1.7882135628461837,
    "cen_accuracy": 0.475125
  },
  "42": {
    "cen_loss": 2.0261160591840746,
    "cen_accuracy": 0.43575
  },
  "43": {
    "cen_loss": 2.1682443499565123,
    "cen_accuracy": 0.36675
  },
  "44": {
    "cen_loss": 2.047949195027351,
    "cen_accuracy": 0.4265
  },
  "45": {
    "cen_loss": 1.43779099881649,
    "cen_accuracy": 0.54775
  },
  "46": {
    "cen_loss": 3.1079811525344847,
    "cen_accuracy": 0.311375
  },
  "47": {
    "cen_loss": 1.5056634175777435,
    "cen_accuracy": 0.504
  },
  "48": {
    "cen_loss": 2.2282890033721925,
    "cen_accuracy": 0.26525
  },
  "49": {
    "cen_loss": 1.3000706107020379,
    "cen_accuracy": 0.6035
  },
  "50": {
    "cen_loss": 1.5200461621284485,
    "cen_accuracy": 0.5565
  },
  "51": {
    "cen_loss": 1.6354420334696769,
    "cen_accuracy": 0.45925
  },
  "52": {
    "cen_loss": 1.497588625729084,
    "cen_accuracy": 0.54725
  },
  "53": {
    "cen_loss": 1.5201482775211335,
    "cen_accuracy": 0.527375
  },
  "54": {
    "cen_loss": 1.3304736759066582,
    "cen_accuracy": 0.564875
  },
  "55": {
    "cen_loss": 1.6866899132132531,
    "cen_accuracy": 0.520375
  },
  "56": {
    "cen_loss": 2.3232977914810182,
    "cen_accuracy": 0.369125
  },
  "57": {
    "cen_loss": 1.5839361726045609,
    "cen_accuracy": 0.482625
  },
  "58": {
    "cen_loss": 1.670015278697014,
    "cen_accuracy": 0.5135
  },
  "59": {
    "cen_loss": 1.469438875257969,
    "cen_accuracy": 0.566625
  },
  "60": {
    "cen_loss": 2.749352004170418,
    "cen_accuracy": 0.418
  },
  "61": {
    "cen_loss": 1.261241551041603,
    "cen_accuracy": 0.546625
  },
  "62": {
    "cen_loss": 1.7520920652151108,
    "cen_accuracy": 0.53475
  },
  "63": {
    "cen_loss": 2.3065800297260286,
    "cen_accuracy": 0.43675
  },
  "64": {
    "cen_loss": 1.0811418746113777,
    "cen_accuracy": 0.6285
  },
  "65": {
    "cen_loss": 1.9515999482274056,
    "cen_accuracy": 0.503375
  },
  "66": {
    "cen_loss": 2.4007009510993957,
    "cen_accuracy": 0.34225
  },
  "67": {
    "cen_loss": 2.3116061289310457,
    "cen_accuracy": 0.384125
  },
  "68": {
    "cen_loss": 1.4334325844049454,
    "cen_accuracy": 0.534875
  },
  "69": {
    "cen_loss": 1.2341034570336342,
    "cen_accuracy": 0.602375
  },
  "70": {
    "cen_loss": 1.846652766942978,
    "cen_accuracy": 0.497875
  },
  "71": {
    "cen_loss": 1.3565883412361146,
    "cen_accuracy": 0.55425
  },
  "72": {
    "cen_loss": 1.7089740306138992,
    "cen_accuracy": 0.461
  },
  "73": {
    "cen_loss": 1.988225838780403,
    "cen_accuracy": 0.513
  },
  "74": {
    "cen_loss": 1.6023938413858414,
    "cen_accuracy": 0.5045
  },
  "75": {
    "cen_loss": 1.112599904358387,
    "cen_accuracy": 0.624
  },
  "76": {
    "cen_loss": 1.9223609932661057,
    "cen_accuracy": 0.45525
  },
  "77": {
    "cen_loss": 1.8467645711898804,
    "cen_accuracy": 0.424
  },
  "78": {
    "cen_loss": 2.2792719259262086,
    "cen_accuracy": 0.384
  },
  "79": {
    "cen_loss": 1.637956103682518,
    "cen_accuracy": 0.48125
  },
  "80": {
    "cen_loss": 2.4638743104934693,
    "cen_accuracy": 0.400875
  },
  "81": {
    "cen_loss": 1.4652024824023246,
    "cen_accuracy": 0.53425
  },
  "82": {
    "cen_loss": 1.1649076412320136,
    "cen_accuracy": 0.616875
  },
  "83": {
    "cen_loss": 2.57523497402668,
    "cen_accuracy": 0.446
  },
  "84": {
    "cen_loss": 1.5699786688685418,
    "cen_accuracy": 0.518875
  },
  "85": {
    "cen_loss": 1.4486233978271483,
    "cen_accuracy": 0.513375
  },
  "86": {
    "cen_loss": 1.9909187914133073,
    "cen_accuracy": 0.512625
  },
  "87": {
    "cen_loss": 2.8090015763044356,
    "cen_accuracy": 0.45775
  },
  "88": {
    "cen_loss": 1.898635515332222,
    "cen_accuracy": 0.51975
  },
  "89": {
    "cen_loss": 3.742224754810333,
    "cen_accuracy": 0.339375
  },
  "90": {
    "cen_loss": 4.011664592266083,
    "cen_accuracy": 0.340375
  },
  "91": {
    "cen_loss": 1.60502288043499,
    "cen_accuracy": 0.576375
  },
  "92": {
    "cen_loss": 1.33086352455616,
    "cen_accuracy": 0.523625
  },
  "93": {
    "cen_loss": 1.7530776509046555,
    "cen_accuracy": 0.517125
  },
  "94": {
    "cen_loss": 1.1989221920371056,
    "cen_accuracy": 0.610125
  },
  "95": {
    "cen_loss": 2.286498669624329,
    "cen_accuracy": 0.466875
  },
  "96": {
    "cen_loss": 2.094547569155693,
    "cen_accuracy": 0.483625
  },
  "97": {
    "cen_loss": 3.2944116616249084,
    "cen_accuracy": 0.307125
  },
  "98": {
    "cen_loss": 1.4034605807065963,
    "cen_accuracy": 0.597
  },
  "99": {
    "cen_loss": 1.1234944338798523,
    "cen_accuracy": 0.616375
  },
  "100": {
    "cen_loss": 2.0403404397964477,
    "cen_accuracy": 0.47
  },
  "101": {
    "cen_loss": 1.3951943613290787,