{
  "0": {
    "cen_loss": 2.3027670545578003,
    "cen_accuracy": 0.0985
  },
  "1": {
    "cen_loss": 2.3027670545578003,
    "cen_accuracy": 0.0985
  },
  "2": {
    "cen_loss": 3.3819194822311403,
    "cen_accuracy": 0.097625
  },
  "3": {
    "cen_loss": 3.130783405780792,
    "cen_accuracy": 0.097875
  },
  "4": {
    "cen_loss": 5.495537334918976,
    "cen_accuracy": 0.10175
  },
  "5": {
    "cen_loss": 3.0774980282783506,
    "cen_accuracy": 0.1545
  },
  "6": {
    "cen_loss": 4.172611072540283,
    "cen_accuracy": 0.1905
  },
  "7": {
    "cen_loss": 3.95894774889946,
    "cen_accuracy": 0.191125
  },
  "8": {
    "cen_loss": 2.211904278039932,
    "cen_accuracy": 0.27625
  },
  "9": {
    "cen_loss": 2.5070299339294433,
    "cen_accuracy": 0.2975
  },
  "10": {
    "cen_loss": 3.0049932255744936,
    "cen_accuracy": 0.315125
  },
  "11": {
    "cen_loss": 3.326231122493744,
    "cen_accuracy": 0.212
  },
  "12": {
    "cen_loss": 4.3680567512512205,
    "cen_accuracy": 0.183
  },
  "13": {
    "cen_loss": 2.1544595791101457,
    "cen_accuracy": 0.279125
  },
  "14": {
    "cen_loss": 2.173500219345093,
    "cen_accuracy": 0.350625
  },
  "15": {
    "cen_loss": 2.8334278857707975,
    "cen_accuracy": 0.23575
  },
  "16": {
    "cen_loss": 2.0086386172771453,
    "cen_accuracy": 0.3575
  },
  "17": {
    "cen_loss": 2.8521553280353547,
    "cen_accuracy": 0.288375
  },
  "18": {
    "cen_loss": 2.763197809457779,
    "cen_accuracy": 0.321625
  },
  "19": {
    "cen_loss": 3.296911595582962,
    "cen_accuracy": 0.294875
  },
  "20": {
    "cen_loss": 4.09851060962677,
    "cen_accuracy": 0.274375
  },
  "21": {
    "cen_loss": 3.198248430967331,
    "cen_accuracy": 0.281125
  },
  "22": {
    "cen_loss": 1.8902672686576842,
    "cen_accuracy": 0.340125
  },
  "23": {
    "cen_loss": 1.7422549840211867,
    "cen_accuracy": 0.433125
  },
  "24": {
    "cen_loss": 1.8256323763132096,
    "cen_accuracy": 0.456125
  },
  "25": {
    "cen_loss": 2.4789381093978884,
    "cen_accuracy": 0.378
  },
  "26": {
    "cen_loss": 2.650251105546951,
    "cen_accuracy": 0.358
  },
  "27": {
    "cen_loss": 1.9960996369123458,
    "cen_accuracy": 0.37125
  },
  "28": {
    "cen_loss": 3.206974958896637,
    "cen_accuracy": 0.348125
  },
  "29": {
    "cen_loss": 2.1927397118806837,
    "cen_accuracy": 0.385125
  },
  "30": {
    "cen_loss": 2.5499523855447768,
    "cen_accuracy": 0.3805
  },
  "31": {
    "cen_loss": 1.6729708777666092,
    "cen_accuracy": 0.455875
  },
  "32": {
    "cen_loss": 2.3806013535261155,
    "cen_accuracy": 0.444
  },
  "33": {
    "cen_loss": 1.7045106732845305,
    "cen_accuracy": 0.40775
  },
  "34": {
    "cen_loss": 2.381530047416687,
    "cen_accuracy": 0.38175
  },
  "35": {
    "cen_loss": 2.192338481068611,
    "cen_accuracy": 0.381875
  },
  "36": {
    "cen_loss": 1.6605308896303177,
    "cen_accuracy": 0.45725
  },
  "37": {
    "cen_loss": 1.8814875195026397,
    "cen_accuracy": 0.44475
  },
  "38": {
    "cen_loss": 3.969100523471832,
    "cen_accuracy": 0.340375
  },
  "39": {
    "cen_loss": 1.8095705045461654,
    "cen_accuracy": 0.42825
  },
  "40": {
    "cen_loss": 2.863079726934433,
    "cen_accuracy": 0.285
  },
  "41": {
    "cen_loss": 1.6481306639909745,
    "cen_accuracy": 0.457625
  },
  "42": {
    "cen_loss": 2.4343193011283875,
    "cen_accuracy": 0.413375
  },
  "43": {
    "cen_loss": 3.1679686918258665,
    "cen_accuracy": 0.34775
  },
  "44": {
    "cen_loss": 2.5966679582595824,
    "cen_accuracy": 0.4095
  },
  "45": {
    "cen_loss": 3.4777617428302765,
    "cen_accuracy": 0.304375
  },
  "46": {
    "cen_loss": 1.5388389418125152,
    "cen_accuracy": 0.490625
  },
  "47": {
    "cen_loss": 1.3218590924739837,
    "cen_accuracy": 0.5785
  },
  "48": {
    "cen_loss": 1.492392683148384,
    "cen_accuracy": 0.519
  },
  "49": {
    "cen_loss": 2.3945464242696763,
    "cen_accuracy": 0.436875
  },
  "50": {
    "cen_loss": 2.6513575493097306,
    "cen_accuracy": 0.42875
  },
  "51": {
    "cen_loss": 2.0726736674308777,
    "cen_accuracy": 0.415
  },
  "52": {
    "cen_loss": 1.2415373957753182,
    "cen_accuracy": 0.58225
  },
  "53": {
    "cen_loss": 2.1601383497714997,
    "cen_accuracy": 0.44975
  },
  "54": {
    "cen_loss": 4.264811535358429,
    "cen_accuracy": 0.213375
  },
  "55": {
    "cen_loss": 2.5762183262109755,
    "cen_accuracy": 0.3915
  },
  "56": {
    "cen_loss": 2.154432834625244,
    "cen_accuracy": 0.373875
  },
  "57": {
    "cen_loss": 1.3269660565257073,
    "cen_accuracy": 0.5515
  },
  "58": {
    "cen_loss": 1.567983423769474,
    "cen_accuracy": 0.536375
  },
  "59": {
    "cen_loss": 1.522289008140564,
    "cen_accuracy": 0.518375
  },
  "60": {
    "cen_loss": 2.309426086187363,
    "cen_accuracy": 0.42975
  },
  "61": {
    "cen_loss": 2.514438819408417,
    "cen_accuracy": 0.38775
  },
  "62": {
    "cen_loss": 1.7847058075666427,
    "cen_accuracy": 0.493375
  },
  "63": {
    "cen_loss": 1.9965490174293519,
    "cen_accuracy": 0.4385
  },
  "64": {
    "cen_loss": 1.4221840682029725,
    "cen_accuracy": 0.50375
  },
  "65": {
    "cen_loss": 1.7294013005495072,
    "cen_accuracy": 0.514375
  },
  "66": {
    "cen_loss": 2.0089416420459747,
    "cen_accuracy": 0.44925
  },
  "67": {
    "cen_loss": 1.2813162843585015,
    "cen_accuracy": 0.577375
  },
  "68": {
    "cen_loss": 3.4682990217208864,
    "cen_accuracy": 0.3205
  },
  "69": {
    "cen_loss": 2.4329513335227966,
    "cen_accuracy": 0.3205
  },
  "70": {
    "cen_loss": 3.639177593231201,
    "cen_accuracy": 0.25425
  },
  "71": {
    "cen_loss": 1.6025567209124565,
    "cen_accuracy": 0.526625
  },
  "72": {
    "cen_loss": 1.474137364923954,
    "cen_accuracy": 0.528
  },
  "73": {
    "cen_loss": 1.9761127517223358,
    "cen_accuracy": 0.45875
  },
  "74": {
    "cen_loss": 1.5705558966398239,
    "cen_accuracy": 0.519125
  },
  "75": {
    "cen_loss": 1.809616875886917,
    "cen_accuracy": 0.453
  },
  "76": {
    "cen_loss": 2.752626176118851,
    "cen_accuracy": 0.34975
  },
  "77": {
    "cen_loss": 1.4749966307878495,
    "cen_accuracy": 0.549875
  },
  "78": {
    "cen_loss": 2.190934872984886,
    "cen_accuracy": 0.426375
  },
  "79": {
    "cen_loss": 2.1008231818675993,
    "cen_accuracy": 0.407
  },
  "80": {
    "cen_loss": 2.647098806142807,
    "cen_accuracy": 0.35425
  },
  "81": {
    "cen_loss": 2.480740975379944,
    "cen_accuracy": 0.43675
  },
  "82": {
    "cen_loss": 1.5571668496131896,
    "cen_accuracy": 0.532
  },
  "83": {
    "cen_loss": 1.528078225672245,
    "cen_accuracy": 0.5495
  },
  "84": {
    "cen_loss": 1.4589864704608917,
    "cen_accuracy": 0.535375
  },
  "85": {
    "cen_loss": 1.904590223968029,
    "cen_accuracy": 0.480625
  },
  "86": {
    "cen_loss": 2.4083997912406923,
    "cen_accuracy": 0.383125
  },
  "87": {
    "cen_loss": 1.7347549110651017,
    "cen_accuracy": 0.479
  },
  "88": {
    "cen_loss": 1.7043119148015975,
    "cen_accuracy": 0.469
  },
  "89": {
    "cen_loss": 1.8072582242488862,
    "cen_accuracy": 0.55075
  },
  "90": {
    "cen_loss": 1.7153723060786723,
    "cen_accuracy": 0.567125
  },
  "91": {
    "cen_loss": 2.602405745148659,
    "cen_accuracy": 0.366875
  },
  "92": {
    "cen_loss": 1.7164431723356246,
    "cen_accuracy": 0.518
  },
  "93": {
    "cen_loss": 1.2442528853416444,
    "cen_accuracy": 0.607375
  },
  "94": {
    "cen_loss": 1.4272404477596283,
    "cen_accuracy": 0.60025
  },
  "95": {
    "cen_loss": 1.6558806930184364,
    "cen_accuracy": 0.5375
  },
  "96": {
    "cen_loss": 1.6381879403591155,
    "cen_accuracy": 0.53125
  },
  "97": {
    "cen_loss": 1.396687681376934,
    "cen_accuracy": 0.532125
  },
  "98": {
    "cen_loss": 1.886229626119137,
    "cen_accuracy": 0.49275
  },
  "99": {
    "cen_loss": 1.3399461918473243,
    "cen_accuracy": 0.584875
  },
  "100": {
    "cen_loss": 2.3405535576343537,
    "cen_accuracy": 0.44875
  },
  "101": {
    "cen_loss": 1.6553202570676804,