{
  "0": {
    "cen_loss": 2.3027041506767274,
    "cen_accuracy": 0.101375
  },
  "1": {
    "cen_loss": 2.3027041506767274,
    "cen_accuracy": 0.101375
  },
  "2": {
    "cen_loss": 2.994906354665756,
    "cen_accuracy": 0.101125
  },
  "3": {
    "cen_loss": 3.8013746433258055,
    "cen_accuracy": 0.098625
  },
  "4": {
    "cen_loss": 4.113300539016723,
    "cen_accuracy": 0.098625
  },
  "5": {
    "cen_loss": 5.037137093544007,
    "cen_accuracy": 0.101125
  },
  "6": {
    "cen_loss": 5.600135905742645,
    "cen_accuracy": 0.101125
  },
  "7": {
    "cen_loss": 6.176788341999054,
    "cen_accuracy": 0.101125
  },
  "8": {
    "cen_loss": 5.131534222126007,
    "cen_accuracy": 0.11375
  },
  "9": {
    "cen_loss": 3.4869386193752288,
    "cen_accuracy": 0.17475
  },
  "10": {
    "cen_loss": 1.4248186235427855,
    "cen_accuracy": 0.554875
  },
  "11": {
    "cen_loss": 2.024860605120659,
    "cen_accuracy": 0.43275
  },
  "12": {
    "cen_loss": 1.8960064977407456,
    "cen_accuracy": 0.478875
  },
  "13": {
    "cen_loss": 2.141376830458641,
    "cen_accuracy": 0.4275
  },
  "14": {
    "cen_loss": 1.9092577468156815,
    "cen_accuracy": 0.486
  },
  "15": {
    "cen_loss": 1.5469573424458505,
    "cen_accuracy": 0.57475
  },
  "16": {
    "cen_loss": 1.543828361928463,
    "cen_accuracy": 0.5715
  },
  "17": {
    "cen_loss": 1.3945683352053166,
    "cen_accuracy": 0.6095
  },
  "18": {
    "cen_loss": 1.400407008111477,
    "cen_accuracy": 0.622625
  },
  "19": {
    "cen_loss": 1.4062838893830776,
    "cen_accuracy": 0.610125
  },
  "20": {
    "cen_loss": 1.2529979887083174,
    "cen_accuracy": 0.66325
  },
  "21": {
    "cen_loss": 1.3741368669867515,
    "cen_accuracy": 0.638
  },
  "22": {
    "cen_loss": 1.2300735611021518,
    "cen_accuracy": 0.6595
  },
  "23": {
    "cen_loss": 1.1957810667455195,
    "cen_accuracy": 0.666875
  },
  "24": {
    "cen_loss": 1.1920451978892088,
    "cen_accuracy": 0.675375
  },
  "25": {
    "cen_loss": 1.1320231958329678,
    "cen_accuracy": 0.679125
  },
  "26": {
    "cen_loss": 1.2183188767135142,
    "cen_accuracy": 0.6735
  },
  "27": {
    "cen_loss": 1.155317461401224,
    "cen_accuracy": 0.683125
  },
  "28": {
    "cen_loss": 1.1666028805673123,
    "cen_accuracy": 0.687
  },
  "29": {
    "cen_loss": 1.0832097702026366,
    "cen_accuracy": 0.7045
  },
  "30": {
    "cen_loss": 1.0350401342734694,
    "cen_accuracy": 0.7185
  },
  "31": {
    "cen_loss": 1.0736949911117555,
    "cen_accuracy": 0.702125
  },
  "32": {
    "cen_loss": 1.0228831146806479,
    "cen_accuracy": 0.70575
  },
  "33": {
    "cen_loss": 1.1000396175980567,
    "cen_accuracy": 0.703375
  },
  "34": {
    "cen_loss": 1.1522455887198448,
    "cen_accuracy": 0.694375
  },
  "35": {
    "cen_loss": 0.9669187080860138,
    "cen_accuracy": 0.727
  },
  "36": {
    "cen_loss": 1.0330847913622856,
    "cen_accuracy": 0.719375
  },
  "37": {
    "cen_loss": 1.0248415479809045,
    "cen_accuracy": 0.723125
  },
  "38": {
    "cen_loss": 0.8907030168473721,
    "cen_accuracy": 0.739125
  },
  "39": {
    "cen_loss": 0.940220045402646,
    "cen_accuracy": 0.7395
  },
  "40": {
    "cen_loss": 0.9994108163490891,
    "cen_accuracy": 0.74
  },
  "41": {
    "cen_loss": 0.9321290247514844,
    "cen_accuracy": 0.7365
  },
  "42": {
    "cen_loss": 0.9867958479225636,
    "cen_accuracy": 0.7295
  },
  "43": {
    "cen_loss": 0.898189317792654,
    "cen_accuracy": 0.73925
  },
  "44": {
    "cen_loss": 0.8961648342311382,
    "cen_accuracy": 0.7455
  },
  "45": {
    "cen_loss": 0.9035330835580826,
    "cen_accuracy": 0.742
  },
  "46": {
    "cen_loss": 0.9097316448092461,
    "cen_accuracy": 0.745625
  },
  "47": {
    "cen_loss": 0.8998220183104276,
    "cen_accuracy": 0.7465
  },
  "48": {
    "cen_loss": 0.9068490290343761,
    "cen_accuracy": 0.748625
  },
  "49": {
    "cen_loss": 0.8352669151574373,
    "cen_accuracy": 0.767375
  },
  "50": {
    "cen_loss": 0.8522499138265848,
    "cen_accuracy": 0.759875
  },
  "51": {
    "cen_loss": 0.8369415515065193,
    "cen_accuracy": 0.765125
  },
  "52": {
    "cen_loss": 0.858557717166841,
    "cen_accuracy": 0.757
  },
  "53": {
    "cen_loss": 0.9057563152685761,
    "cen_accuracy": 0.756625
  },
  "54": {
    "cen_loss": 0.8888242571502925,
    "cen_accuracy": 0.75325
  },
  "55": {
    "cen_loss": 0.8413378993608057,
    "cen_accuracy": 0.761625
  },
  "56": {
    "cen_loss": 0.8441594622693956,
    "cen_accuracy": 0.762125
  },
  "57": {
    "cen_loss": 0.8868780237957835,
    "cen_accuracy": 0.7605
  },
  "58": {
    "cen_loss": 0.8483768349736929,
    "cen_accuracy": 0.76775
  },
  "59": {
    "cen_loss": 0.8241002498418093,
    "cen_accuracy": 0.7735
  },
  "60": {
    "cen_loss": 0.8851900848150254,
    "cen_accuracy": 0.77325
  },
  "61": {
    "cen_loss": 0.8801650629192591,
    "cen_accuracy": 0.758
  },
  "62": {
    "cen_loss": 0.8008473828025162,
    "cen_accuracy": 0.780375
  },
  "63": {
    "cen_loss": 0.8385701715871692,
    "cen_accuracy": 0.775625
  },
  "64": {
    "cen_loss": 0.8641757658720016,
    "cen_accuracy": 0.765625
  },
  "65": {
    "cen_loss": 0.7916013728678226,
    "cen_accuracy": 0.78125
  },
  "66": {
    "cen_loss": 0.7994391455054283,
    "cen_accuracy": 0.776125
  },
  "67": {
    "cen_loss": 0.7624128780439496,
    "cen_accuracy": 0.785375
  },
  "68": {
    "cen_loss": 0.8044446504972875,
    "cen_accuracy": 0.78025
  },
  "69": {
    "cen_loss": 0.8457597614973783,
    "cen_accuracy": 0.774
  },
  "70": {
    "cen_loss": 0.853777041748166,
    "cen_accuracy": 0.78375
  },
  "71": {
    "cen_loss": 0.7722768944427371,
    "cen_accuracy": 0.784875
  },
  "72": {
    "cen_loss": 0.7995367347374558,
    "cen_accuracy": 0.782625
  },
  "73": {
    "cen_loss": 0.7782177573814988,
    "cen_accuracy": 0.788375
  },
  "74": {
    "cen_loss": 0.8834336622655392,
    "cen_accuracy": 0.7645
  },
  "75": {
    "cen_loss": 0.7886507586985827,
    "cen_accuracy": 0.783
  },
  "76": {
    "cen_loss": 0.8039613300263881,
    "cen_accuracy": 0.782125
  },
  "77": {
    "cen_loss": 0.7533222357593476,
    "cen_accuracy": 0.7945
  },
  "78": {
    "cen_loss": 0.7566410238239915,
    "cen_accuracy": 0.79875
  },
  "79": {
    "cen_loss": 0.7689395550563931,
    "cen_accuracy": 0.794125
  },
  "80": {
    "cen_loss": 0.8727048763819039,
    "cen_accuracy": 0.787625
  },
  "81": {
    "cen_loss": 0.768705987636,
    "cen_accuracy": 0.78975
  },
  "82": {
    "cen_loss": 0.7338256198093295,
    "cen_accuracy": 0.797875
  },
  "83": {
    "cen_loss": 0.7440509613119066,
    "cen_accuracy": 0.79425
  },
  "84": {
    "cen_loss": 0.7452936264276504,
    "cen_accuracy": 0.791375
  },
  "85": {
    "cen_loss": 0.7305439343675971,
    "cen_accuracy": 0.80125
  },
  "86": {
    "cen_loss": 0.7441559274122119,
    "cen_accuracy": 0.79825
  },
  "87": {
    "cen_loss": 0.7751722441483289,
    "cen_accuracy": 0.794
  },
  "88": {
    "cen_loss": 0.7934410067358986,
    "cen_accuracy": 0.7935
  },
  "89": {
    "cen_loss": 0.7526434778012335,
    "cen_accuracy": 0.7905
  },
  "90": {
    "cen_loss": 0.8342760850116611,
    "cen_accuracy": 0.7925
  },
  "91": {
    "cen_loss": 0.7224382339902222,
    "cen_accuracy": 0.797125
  },
  "92": {
    "cen_loss": 0.7436227874401957,
    "cen_accuracy": 0.797125
  },
  "93": {
    "cen_loss": 0.7387565341219307,
    "cen_accuracy": 0.801875
  },
  "94": {
    "cen_loss": 0.712410325318575,
    "cen_accuracy": 0.810625
  },
  "95": {
    "cen_loss": 0.7352048221621662,
    "cen_accuracy": 0.80075
  },
  "96": {
    "cen_loss": 0.7291422594822943,
    "cen_accuracy": 0.799875
  },
  "97": {
    "cen_loss": 0.7295702332258225,
    "cen_accuracy": 0.803
  },
  "98": {
    "cen_loss": 0.7635318346582353,
    "cen_accuracy": 0.795625
  },
  "99": {
    "cen_loss": 0.7875003816746176,
    "cen_accuracy": 0.790875
  },
  "100": {
    "cen_loss": 0.8305856922958046,
    "cen_accuracy": 0.789375
  },