{
  "0": {
    "cen_loss": 3.874246356850062,
    "cen_accuracy": 0.0071396697902722
  },
  "1": {
    "cen_loss": 3.8742463457855676,
    "cen_accuracy": 0.0071396697902722
  },
  "2": {
    "cen_loss": 3.1529828017973998,
    "cen_accuracy": 0.08991521642124052
  },
  "3": {
    "cen_loss": 3.291633472278787,
    "cen_accuracy": 0.1392235609103079
  },
  "4": {
    "cen_loss": 3.181974562828374,
    "cen_accuracy": 0.20972780008924588
  },
  "5": {
    "cen_loss": 2.919197015893188,
    "cen_accuracy": 0.24096385542168675
  },
  "6": {
    "cen_loss": 2.9105687898910775,
    "cen_accuracy": 0.2568049977688532
  },
  "7": {
    "cen_loss": 3.2820851344287743,
    "cen_accuracy": 0.21954484605087016
  },
  "8": {
    "cen_loss": 3.025759914792685,
    "cen_accuracy": 0.3032128514056225
  },
  "9": {
    "cen_loss": 2.9855160813733757,
    "cen_accuracy": 0.29518072289156627
  },
  "10": {
    "cen_loss": 2.9854518189487687,
    "cen_accuracy": 0.29518072289156627
  },
  "11": {
    "cen_loss": 2.9526860798006345,
    "cen_accuracy": 0.2978580990629183
  },
  "12": {
    "cen_loss": 3.0362957701625595,
    "cen_accuracy": 0.3078982597054886
  },
  "13": {
    "cen_loss": 3.1242061561901937,
    "cen_accuracy": 0.28045515394912984
  },
  "14": {
    "cen_loss": 3.1894304295939455,
    "cen_accuracy": 0.25524319500223114
  },
  "15": {
    "cen_loss": 2.632783141028716,
    "cen_accuracy": 0.3848728246318608
  },
  "16": {
    "cen_loss": 2.771325092664631,
    "cen_accuracy": 0.37751004016064255
  },
  "17": {
    "cen_loss": 2.590380024292915,
    "cen_accuracy": 0.4020526550647033
  },
  "18": {
    "cen_loss": 2.821285466752059,
    "cen_accuracy": 0.37617135207496655
  },
  "19": {
    "cen_loss": 2.5799240412748268,
    "cen_accuracy": 0.4223560910307898
  },
  "20": {
    "cen_loss": 2.5799240442537292,
    "cen_accuracy": 0.4223560910307898
  },
  "21": {
    "cen_loss": 3.122789028338799,
    "cen_accuracy": 0.3286479250334672
  },
  "22": {
    "cen_loss": 3.0135677756607824,
    "cen_accuracy": 0.3110218652387327
  },
  "23": {
    "cen_loss": 2.475677306180764,
    "cen_accuracy": 0.4000446229361892
  },
  "24": {
    "cen_loss": 2.408991771742256,
    "cen_accuracy": 0.44422132976349843
  },
  "25": {
    "cen_loss": 2.643049134786828,
    "cen_accuracy": 0.4357429718875502
  },
  "26": {
    "cen_loss": 2.5598372165138623,
    "cen_accuracy": 0.4455600178491745
  },
  "27": {
    "cen_loss": 2.4148028917155164,
    "cen_accuracy": 0.462739848282017
  },
  "28": {
    "cen_loss": 2.4808912873002154,
    "cen_accuracy": 0.465417224453369
  },
  "29": {
    "cen_loss": 2.5025277034558657,
    "cen_accuracy": 0.43083444890673805
  },
  "30": {
    "cen_loss": 2.502527705796432,
    "cen_accuracy": 0.43083444890673805
  },
  "31": {
    "cen_loss": 2.4413686262502674,
    "cen_accuracy": 0.4248103525211959
  },
  "32": {
    "cen_loss": 2.607729787009468,
    "cen_accuracy": 0.4214636323070058
  },
  "33": {
    "cen_loss": 2.472934948126688,
    "cen_accuracy": 0.4567157518964748
  },
  "34": {
    "cen_loss": 2.3786244181228744,
    "cen_accuracy": 0.4607318161535029
  },
  "35": {
    "cen_loss": 2.19022546757124,
    "cen_accuracy": 0.5147255689424364
  },
  "36": {
    "cen_loss": 2.4688836077809175,
    "cen_accuracy": 0.4799196787148594
  },
  "37": {
    "cen_loss": 2.292933500222679,
    "cen_accuracy": 0.4950914770191879
  },
  "38": {
    "cen_loss": 2.2441885776681487,
    "cen_accuracy": 0.49955377063810796
  },
  "39": {
    "cen_loss": 2.390790245246802,
    "cen_accuracy": 0.4767960731816154
  },
  "40": {
    "cen_loss": 2.3907902668438443,
    "cen_accuracy": 0.4767960731816154
  },
  "41": {
    "cen_loss": 2.2958522768544065,
    "cen_accuracy": 0.49955377063810796
  },
  "42": {
    "cen_loss": 2.2474081370512433,
    "cen_accuracy": 0.4926372155287818
  },
  "43": {
    "cen_loss": 2.6132661262190484,
    "cen_accuracy": 0.4614011601963409
  },
  "44": {
    "cen_loss": 2.7299680860911772,
    "cen_accuracy": 0.44176706827309237
  },
  "45": {
    "cen_loss": 2.432820244566344,
    "cen_accuracy": 0.5040160642570282
  },
  "46": {
    "cen_loss": 2.3215919412881973,
    "cen_accuracy": 0.4899598393574297
  },
  "47": {
    "cen_loss": 2.28880704592935,
    "cen_accuracy": 0.49464524765729584
  },
  "48": {
    "cen_loss": 2.2491917907269086,
    "cen_accuracy": 0.5245426149040607
  },
  "49": {
    "cen_loss": 2.1323362158404455,
    "cen_accuracy": 0.5294511378848729
  },
  "50": {
    "cen_loss": 2.1323361840433224,
    "cen_accuracy": 0.5294511378848729
  },
  "51": {
    "cen_loss": 2.2460419576330835,
    "cen_accuracy": 0.5292280232039268
  },
  "52": {
    "cen_loss": 2.1898646090829654,
    "cen_accuracy": 0.5457385095939313
  },
  "53": {
    "cen_loss": 2.232052762591642,
    "cen_accuracy": 0.5381526104417671
  },
  "54": {
    "cen_loss": 2.444171486769016,
    "cen_accuracy": 0.4926372155287818
  },
  "55": {
    "cen_loss": 2.143803085827604,
    "cen_accuracy": 0.5475234270414994
  },
  "56": {
    "cen_loss": 2.396366953583819,
    "cen_accuracy": 0.5203034359660865
  },
  "57": {
    "cen_loss": 2.309949848493366,
    "cen_accuracy": 0.5196340919232485
  },
  "58": {
    "cen_loss": 2.429350853711034,
    "cen_accuracy": 0.4879518072289157
  },
  "59": {
    "cen_loss": 2.3703029252545527,
    "cen_accuracy": 0.5080321285140562
  },
  "60": {
    "cen_loss": 2.3703029199350842,
    "cen_accuracy": 0.5080321285140562
  },
  "61": {
    "cen_loss": 2.154840300307642,
    "cen_accuracy": 0.5162873717090585
  },
  "62": {
    "cen_loss": 2.251595496998361,
    "cen_accuracy": 0.49843819723337796
  },
  "63": {
    "cen_loss": 2.214494700519063,
    "cen_accuracy": 0.5216421240517626
  },
  "64": {
    "cen_loss": 2.0941339135967905,
    "cen_accuracy": 0.5555555555555556
  },
  "65": {
    "cen_loss": 2.2471522284852026,
    "cen_accuracy": 0.5111557340473003
  },
  "66": {
    "cen_loss": 2.3465320605457176,
    "cen_accuracy": 0.5031236055332441
  },
  "67": {
    "cen_loss": 2.2109550569058527,
    "cen_accuracy": 0.5321285140562249
  },
  "68": {
    "cen_loss": 2.5387898570243292,
    "cen_accuracy": 0.4667559125390451
  },
  "69": {
    "cen_loss": 2.256982634292017,
    "cen_accuracy": 0.4968763944667559
  },
  "70": {
    "cen_loss": 2.25698261774847,
    "cen_accuracy": 0.4968763944667559
  },
  "71": {
    "cen_loss": 2.3309227590952424,
    "cen_accuracy": 0.4859437751004016
  },
  "72": {
    "cen_loss": 2.1331580260644687,
    "cen_accuracy": 0.5319053993752789
  },
  "73": {
    "cen_loss": 2.141949337861837,
    "cen_accuracy": 0.5223114680946006
  },
  "74": {
    "cen_loss": 1.986571401424144,
    "cen_accuracy": 0.5640339134315038
  },
  "75": {
    "cen_loss": 1.8802605464735345,
    "cen_accuracy": 0.5676037483266398
  },
  "76": {
    "cen_loss": 1.9896235735168526,
    "cen_accuracy": 0.5397144132083891
  },
  "77": {
    "cen_loss": 2.1252293939943665,
    "cen_accuracy": 0.5243195002231147
  },
  "78": {
    "cen_loss": 1.9820717148622435,
    "cen_accuracy": 0.5544399821508256
  },
  "79": {
    "cen_loss": 2.067688400194295,
    "cen_accuracy": 0.5455153949129853
  },
  "80": {
    "cen_loss": 2.0676883930928045,
    "cen_accuracy": 0.5455153949129853
  },
  "81": {
    "cen_loss": 2.0740437997751924,
    "cen_accuracy": 0.5254350736278447
  },
  "82": {
    "cen_loss": 2.0026275053028546,
    "cen_accuracy": 0.5470771976796073
  },
  "83": {
    "cen_loss": 1.8262375019214772,
    "cen_accuracy": 0.5881302989736724
  },
  "84": {
    "cen_loss": 2.2818385644025008,
    "cen_accuracy": 0.5075858991521642
  },
  "85": {
    "cen_loss": 2.3832387892277525,
    "cen_accuracy": 0.49352967425256583
  },
  "86": {
    "cen_loss": 2.0740588102847113,
    "cen_accuracy": 0.5312360553324409
  },
  "87": {
    "cen_loss": 1.9552947392239202,
    "cen_accuracy": 0.5618027666220438
  },
  "88": {
    "cen_loss": 1.989079954314583,
    "cen_accuracy": 0.5459616242748773
  },