{
  "0": {
    "cen_loss": 2.3026313900947573,
    "cen_accuracy": 0.10175
  },
  "1": {
    "cen_loss": 2.3026313900947573,
    "cen_accuracy": 0.10175
  },
  "2": {
    "cen_loss": 4.48911961889267,
    "cen_accuracy": 0.10175
  },
  "3": {
    "cen_loss": 4.978813509464264,
    "cen_accuracy": 0.1
  },
  "4": {
    "cen_loss": 7.509429557800293,
    "cen_accuracy": 0.0995
  },
  "5": {
    "cen_loss": 3.5753361587524415,
    "cen_accuracy": 0.1
  },
  "6": {
    "cen_loss": 4.753320371150971,
    "cen_accuracy": 0.10025
  },
  "7": {
    "cen_loss": 2.57761993765831,
    "cen_accuracy": 0.1615
  },
  "8": {
    "cen_loss": 3.1797677915096285,
    "cen_accuracy": 0.202375
  },
  "9": {
    "cen_loss": 2.4361690626144408,
    "cen_accuracy": 0.250625
  },
  "10": {
    "cen_loss": 2.968619974374771,
    "cen_accuracy": 0.28175
  },
  "11": {
    "cen_loss": 2.954537823677063,
    "cen_accuracy": 0.268375
  },
  "12": {
    "cen_loss": 2.5968424191474915,
    "cen_accuracy": 0.209625
  },
  "13": {
    "cen_loss": 1.949261959552765,
    "cen_accuracy": 0.34575
  },
  "14": {
    "cen_loss": 4.329031387805939,
    "cen_accuracy": 0.239375
  },
  "15": {
    "cen_loss": 3.804453941106796,
    "cen_accuracy": 0.246625
  },
  "16": {
    "cen_loss": 2.1124838061332705,
    "cen_accuracy": 0.29925
  },
  "17": {
    "cen_loss": 1.8297698187828064,
    "cen_accuracy": 0.38525
  },
  "18": {
    "cen_loss": 2.722672614812851,
    "cen_accuracy": 0.310875
  },
  "19": {
    "cen_loss": 2.5178402429819107,
    "cen_accuracy": 0.4025
  },
  "20": {
    "cen_loss": 3.9966927437782287,
    "cen_accuracy": 0.307875
  },
  "21": {
    "cen_loss": 2.8769220678806304,
    "cen_accuracy": 0.33325
  },
  "22": {
    "cen_loss": 2.0911684527397156,
    "cen_accuracy": 0.399625
  },
  "23": {
    "cen_loss": 2.9656614611148835,
    "cen_accuracy": 0.262
  },
  "24": {
    "cen_loss": 2.4380562632083893,
    "cen_accuracy": 0.27025
  },
  "25": {
    "cen_loss": 2.3792631673812865,
    "cen_accuracy": 0.359125
  },
  "26": {
    "cen_loss": 1.7539693698883057,
    "cen_accuracy": 0.457
  },
  "27": {
    "cen_loss": 2.046354241013527,
    "cen_accuracy": 0.44075
  },
  "28": {
    "cen_loss": 2.266749307394028,
    "cen_accuracy": 0.372
  },
  "29": {
    "cen_loss": 1.7548658593893052,
    "cen_accuracy": 0.443375
  },
  "30": {
    "cen_loss": 2.045471335411072,
    "cen_accuracy": 0.413
  },
  "31": {
    "cen_loss": 2.8676942467689512,
    "cen_accuracy": 0.334625
  },
  "32": {
    "cen_loss": 2.2033192826509476,
    "cen_accuracy": 0.4045
  },
  "33": {
    "cen_loss": 2.4206055575609207,
    "cen_accuracy": 0.369375
  },
  "34": {
    "cen_loss": 1.950489778637886,
    "cen_accuracy": 0.412625
  },
  "35": {
    "cen_loss": 2.4089073491096498,
    "cen_accuracy": 0.348625
  },
  "36": {
    "cen_loss": 2.284618267297745,
    "cen_accuracy": 0.3235
  },
  "37": {
    "cen_loss": 2.4498341398239134,
    "cen_accuracy": 0.3705
  },
  "38": {
    "cen_loss": 2.0534630703926084,
    "cen_accuracy": 0.3985
  },
  "39": {
    "cen_loss": 1.438027243435383,
    "cen_accuracy": 0.53175
  },
  "40": {
    "cen_loss": 1.6296253697276115,
    "cen_accuracy": 0.492125
  },
  "41": {
    "cen_loss": 2.0551972478628158,
    "cen_accuracy": 0.424625
  },
  "42": {
    "cen_loss": 1.5616025015115738,
    "cen_accuracy": 0.509875
  },
  "43": {
    "cen_loss": 1.589720967769623,
    "cen_accuracy": 0.473375
  },
  "44": {
    "cen_loss": 1.541597762465477,
    "cen_accuracy": 0.52675
  },
  "45": {
    "cen_loss": 1.6786789855957032,
    "cen_accuracy": 0.443125
  },
  "46": {
    "cen_loss": 1.6359497065544129,
    "cen_accuracy": 0.46575
  },
  "47": {
    "cen_loss": 3.021084529876709,
    "cen_accuracy": 0.359125
  },
  "48": {
    "cen_loss": 1.742217621088028,
    "cen_accuracy": 0.469375
  },
  "49": {
    "cen_loss": 1.8747664213180542,
    "cen_accuracy": 0.444
  },
  "50": {
    "cen_loss": 2.032564633011818,
    "cen_accuracy": 0.435375
  },
  "51": {
    "cen_loss": 1.6674542192816735,
    "cen_accuracy": 0.522125
  },
  "52": {
    "cen_loss": 1.1952517889738083,
    "cen_accuracy": 0.591
  },
  "53": {
    "cen_loss": 1.313956874191761,
    "cen_accuracy": 0.5575
  },
  "54": {
    "cen_loss": 1.354662976026535,
    "cen_accuracy": 0.555375
  },
  "55": {
    "cen_loss": 1.4870983375310898,
    "cen_accuracy": 0.52575
  },
  "56": {
    "cen_loss": 1.3219410041570663,
    "cen_accuracy": 0.57025
  },
  "57": {
    "cen_loss": 1.5645937606096267,
    "cen_accuracy": 0.542
  },
  "58": {
    "cen_loss": 1.5500178275704384,
    "cen_accuracy": 0.524875
  },
  "59": {
    "cen_loss": 1.6587545959949492,
    "cen_accuracy": 0.502375
  },
  "60": {
    "cen_loss": 1.6489432465434075,
    "cen_accuracy": 0.515625
  },
  "61": {
    "cen_loss": 1.3786149563789367,
    "cen_accuracy": 0.59775
  },
  "62": {
    "cen_loss": 1.603260066151619,
    "cen_accuracy": 0.479375
  },
  "63": {
    "cen_loss": 1.3928224546313286,
    "cen_accuracy": 0.55475
  },
  "64": {
    "cen_loss": 1.3042999399900437,
    "cen_accuracy": 0.579
  },
  "65": {
    "cen_loss": 1.255798619866371,
    "cen_accuracy": 0.6
  },
  "66": {
    "cen_loss": 1.5233149861097335,
    "cen_accuracy": 0.52275
  },
  "67": {
    "cen_loss": 1.7485623053312302,
    "cen_accuracy": 0.48425
  },
  "68": {
    "cen_loss": 1.295825044631958,
    "cen_accuracy": 0.565625
  },
  "69": {
    "cen_loss": 1.3786640191078186,
    "cen_accuracy": 0.55225
  },
  "70": {
    "cen_loss": 1.4208038765192033,
    "cen_accuracy": 0.54675
  },
  "71": {
    "cen_loss": 1.191235689997673,
    "cen_accuracy": 0.6065
  },
  "72": {
    "cen_loss": 1.2008269578814506,
    "cen_accuracy": 0.606375
  },
  "73": {
    "cen_loss": 1.494921245098114,
    "cen_accuracy": 0.54975
  },
  "74": {
    "cen_loss": 1.3864485660195351,
    "cen_accuracy": 0.552625
  },
  "75": {
    "cen_loss": 1.4610462855100632,
    "cen_accuracy": 0.52925
  },
  "76": {
    "cen_loss": 1.9342351192235947,
    "cen_accuracy": 0.478875
  },
  "77": {
    "cen_loss": 1.541196256518364,
    "cen_accuracy": 0.503
  },
  "78": {
    "cen_loss": 2.028034798979759,
    "cen_accuracy": 0.44025
  },
  "79": {
    "cen_loss": 1.230186166793108,
    "cen_accuracy": 0.5975
  },
  "80": {
    "cen_loss": 1.2837882286310196,
    "cen_accuracy": 0.58275
  },
  "81": {
    "cen_loss": 1.2964119133353234,
    "cen_accuracy": 0.582875
  },
  "82": {
    "cen_loss": 1.1748067576289176,
    "cen_accuracy": 0.617625
  },
  "83": {
    "cen_loss": 1.5569073303341865,
    "cen_accuracy": 0.5585
  },
  "84": {
    "cen_loss": 1.568841829776764,
    "cen_accuracy": 0.507875
  },
  "85": {
    "cen_loss": 1.4670537204146386,
    "cen_accuracy": 0.551875
  },
  "86": {
    "cen_loss": 1.6420591838359833,
    "cen_accuracy": 0.486125
  },
  "87": {
    "cen_loss": 1.4729722355008126,
    "cen_accuracy": 0.556375
  },
  "88": {
    "cen_loss": 2.060069706916809,
    "cen_accuracy": 0.482625
  },
  "89": {
    "cen_loss": 1.4118544268012048,
    "cen_accuracy": 0.5495
  },
  "90": {
    "cen_loss": 1.4005617452859878,
    "cen_accuracy": 0.56225
  },
  "91": {
    "cen_loss": 1.154598517715931,
    "cen_accuracy": 0.615625
  },
  "92": {
    "cen_loss": 1.2693108139634133,
    "cen_accuracy": 0.594
  },
  "93": {
    "cen_loss": 1.3093589711785316,
    "cen_accuracy": 0.58
  },
  "94": {
    "cen_loss": 1.2749708504080772,
    "cen_accuracy": 0.58525
  },
  "95": {
    "cen_loss": 1.171664047062397,
    "cen_accuracy": 0.617875
  },
  "96": {
    "cen_loss": 1.3961836794614793,
    "cen_accuracy": 0.555875
  },
  "97": {
    "cen_loss": 1.2261505143344402,
    "cen_accuracy": 0.607875
  },
  "98": {
    "cen_loss": 1.8663246610164643,
    "cen_accuracy": 0.4895
  },
  "99": {
    "cen_loss": 1.4740306134223937,
    "cen_accuracy": 0.542625
  },
  "100": {
    "cen_loss": 2.097343443274498,
    "cen_accuracy": 0.437125
  },
  "101": {
    "cen_loss": 1.413724740922451,