{
  "0": {
    "cen_loss": 3.6299984134876637,
    "cen_accuracy": 0.06961178045515395
  },
  "1": {
    "cen_loss": 3.6299984177432387,
    "cen_accuracy": 0.06961178045515395
  },
  "2": {
    "cen_loss": 3.1095718735299545,
    "cen_accuracy": 0.04730031236055333
  },
  "3": {
    "cen_loss": 3.57367152222987,
    "cen_accuracy": 0.14190093708165996
  },
  "4": {
    "cen_loss": 3.3028965698507737,
    "cen_accuracy": 0.16309683177153056
  },
  "5": {
    "cen_loss": 3.2770332900715,
    "cen_accuracy": 0.2242302543507363
  },
  "6": {
    "cen_loss": 3.424403839694342,
    "cen_accuracy": 0.25792057117358325
  },
  "7": {
    "cen_loss": 3.52919456736417,
    "cen_accuracy": 0.22378402498884425
  },
  "8": {
    "cen_loss": 3.1895065999148096,
    "cen_accuracy": 0.2070504239178938
  },
  "9": {
    "cen_loss": 3.784071782400224,
    "cen_accuracy": 0.22333779562695225
  },
  "10": {
    "cen_loss": 3.783775447894824,
    "cen_accuracy": 0.22333779562695225
  },
  "11": {
    "cen_loss": 3.8652230454363603,
    "cen_accuracy": 0.18295403837572513
  },
  "12": {
    "cen_loss": 2.8905618223746083,
    "cen_accuracy": 0.3413654618473896
  },
  "13": {
    "cen_loss": 3.5534033771074016,
    "cen_accuracy": 0.26818384649709953
  },
  "14": {
    "cen_loss": 3.320108784782413,
    "cen_accuracy": 0.26952253458277553
  },
  "15": {
    "cen_loss": 3.0141783273416882,
    "cen_accuracy": 0.3886657742079429
  },
  "16": {
    "cen_loss": 3.6359898939775284,
    "cen_accuracy": 0.27822400713966977
  },
  "17": {
    "cen_loss": 3.8343541518964175,
    "cen_accuracy": 0.22713074520303436
  },
  "18": {
    "cen_loss": 3.1423083693520506,
    "cen_accuracy": 0.28536367692994197
  },
  "19": {
    "cen_loss": 3.0573870347366436,
    "cen_accuracy": 0.2920571173583222
  },
  "20": {
    "cen_loss": 3.0573870083520798,
    "cen_accuracy": 0.2920571173583222
  },
  "21": {
    "cen_loss": 2.5711861713749924,
    "cen_accuracy": 0.393128067826863
  },
  "22": {
    "cen_loss": 2.7944675868560775,
    "cen_accuracy": 0.3498438197233378
  },
  "23": {
    "cen_loss": 2.839510602006312,
    "cen_accuracy": 0.3536367692994199
  },
  "24": {
    "cen_loss": 2.910818650327799,
    "cen_accuracy": 0.3868808567603748
  },
  "25": {
    "cen_loss": 3.001114736758721,
    "cen_accuracy": 0.34872824631860777
  },
  "26": {
    "cen_loss": 2.737898825641617,
    "cen_accuracy": 0.39825970548862116
  },
  "27": {
    "cen_loss": 2.6791160995010177,
    "cen_accuracy": 0.4201249442213298
  },
  "28": {
    "cen_loss": 3.039705160737623,
    "cen_accuracy": 0.3351182507809014
  },
  "29": {
    "cen_loss": 2.703485507403352,
    "cen_accuracy": 0.41588576528335564
  },
  "30": {
    "cen_loss": 2.703485457400348,
    "cen_accuracy": 0.41588576528335564
  },
  "31": {
    "cen_loss": 2.6809990526256366,
    "cen_accuracy": 0.39424364123159306
  },
  "32": {
    "cen_loss": 2.4450130192417485,
    "cen_accuracy": 0.45894689870593486
  },
  "33": {
    "cen_loss": 2.679931224429783,
    "cen_accuracy": 0.44466755912539047
  },
  "34": {
    "cen_loss": 3.3642722648576346,
    "cen_accuracy": 0.3739402052655065
  },
  "35": {
    "cen_loss": 2.889962943323166,
    "cen_accuracy": 0.41767068273092367
  },
  "36": {
    "cen_loss": 2.7096463248752047,
    "cen_accuracy": 0.44823739402052654
  },
  "37": {
    "cen_loss": 2.614259954025767,
    "cen_accuracy": 0.46519410977242304
  },
  "38": {
    "cen_loss": 2.6167937752818595,
    "cen_accuracy": 0.44600624721106646
  },
  "39": {
    "cen_loss": 2.630310131576858,
    "cen_accuracy": 0.4484605087014726
  },
  "40": {
    "cen_loss": 2.630310133172699,
    "cen_accuracy": 0.4484605087014726
  },
  "41": {
    "cen_loss": 2.365718972198881,
    "cen_accuracy": 0.47411869701026327
  },
  "42": {
    "cen_loss": 2.4910205654776667,
    "cen_accuracy": 0.44689870593485054
  },
  "43": {
    "cen_loss": 2.506943418398759,
    "cen_accuracy": 0.4609549308344489
  },
  "44": {
    "cen_loss": 2.5254538566711915,
    "cen_accuracy": 0.47032574743418115
  },
  "45": {
    "cen_loss": 2.2946700543391283,
    "cen_accuracy": 0.50223114680946
  },
  "46": {
    "cen_loss": 2.371676397398081,
    "cen_accuracy": 0.46519410977242304
  },
  "47": {
    "cen_loss": 2.5651542373344016,
    "cen_accuracy": 0.4152164212405176
  },
  "48": {
    "cen_loss": 2.2493748552282704,
    "cen_accuracy": 0.500223114680946
  },
  "49": {
    "cen_loss": 2.3570257558826886,
    "cen_accuracy": 0.48438197233377955
  },
  "50": {
    "cen_loss": 2.357025720561418,
    "cen_accuracy": 0.48438197233377955
  },
  "51": {
    "cen_loss": 2.181167577002289,
    "cen_accuracy": 0.5042391789379741
  },
  "52": {
    "cen_loss": 2.60532306252394,
    "cen_accuracy": 0.4678714859437751
  },
  "53": {
    "cen_loss": 2.503416003844718,
    "cen_accuracy": 0.463855421686747
  },
  "54": {
    "cen_loss": 2.8816581069226244,
    "cen_accuracy": 0.3966979027219991
  },
  "55": {
    "cen_loss": 2.3524866304137992,
    "cen_accuracy": 0.501784917447568
  },
  "56": {
    "cen_loss": 2.8182429255670813,
    "cen_accuracy": 0.44065149486836236
  },
  "57": {
    "cen_loss": 2.478561346257494,
    "cen_accuracy": 0.5093708165997323
  },
  "58": {
    "cen_loss": 2.429489966377197,
    "cen_accuracy": 0.4979919678714859
  },
  "59": {
    "cen_loss": 2.423441317505945,
    "cen_accuracy": 0.499107541276216
  },
  "60": {
    "cen_loss": 2.4234413377199253,
    "cen_accuracy": 0.499107541276216
  },
  "61": {
    "cen_loss": 2.5670090876004354,
    "cen_accuracy": 0.44511378848728245
  },
  "62": {
    "cen_loss": 2.3594590699443962,
    "cen_accuracy": 0.4556001784917448
  },
  "63": {
    "cen_loss": 2.3255166001002845,
    "cen_accuracy": 0.4808121374386435
  },
  "64": {
    "cen_loss": 2.502713215877732,
    "cen_accuracy": 0.46251673360107093
  },
  "65": {
    "cen_loss": 2.3417091254728386,
    "cen_accuracy": 0.4678714859437751
  },
  "66": {
    "cen_loss": 2.2938765116644353,
    "cen_accuracy": 0.5058009817045962
  },
  "67": {
    "cen_loss": 2.4169300151477695,
    "cen_accuracy": 0.464747880410531
  },
  "68": {
    "cen_loss": 2.2193677028020224,
    "cen_accuracy": 0.5218652387327086
  },
  "69": {
    "cen_loss": 2.393869675453195,
    "cen_accuracy": 0.502900490852298
  },
  "70": {
    "cen_loss": 2.3938697249641487,
    "cen_accuracy": 0.502900490852298
  },
  "71": {
    "cen_loss": 2.6088273584816086,
    "cen_accuracy": 0.45604640785363676
  },
  "72": {
    "cen_loss": 2.450406488272187,
    "cen_accuracy": 0.5080321285140562
  },
  "73": {
    "cen_loss": 2.3087382677914254,
    "cen_accuracy": 0.5261044176706827
  },
  "74": {
    "cen_loss": 2.3476292356376613,
    "cen_accuracy": 0.48438197233377955
  },
  "75": {
    "cen_loss": 2.4083064126947105,
    "cen_accuracy": 0.45827755466309683
  },
  "76": {
    "cen_loss": 2.3384043175639024,
    "cen_accuracy": 0.5124944221329764
  },
  "77": {
    "cen_loss": 2.0456182115155634,
    "cen_accuracy": 0.5381526104417671
  },
  "78": {
    "cen_loss": 2.1342042818871634,
    "cen_accuracy": 0.5502008032128514
  },
  "79": {
    "cen_loss": 2.5120432966923616,
    "cen_accuracy": 0.4796965640339134
  },
  "80": {
    "cen_loss": 2.5120432920511253,
    "cen_accuracy": 0.4796965640339134
  },
  "81": {
    "cen_loss": 2.382267564282466,
    "cen_accuracy": 0.5084783578759482
  },
  "82": {
    "cen_loss": 2.6444744268589764,
    "cen_accuracy": 0.4759036144578313
  },
  "83": {
    "cen_loss": 2.4413448517700753,
    "cen_accuracy": 0.49062918340026773
  },
  "84": {
    "cen_loss": 2.7359406437819582,
    "cen_accuracy": 0.39736724676483715
  },
  "85": {
    "cen_loss": 2.1230152568504352,
    "cen_accuracy": 0.5087014725568942
  },
  "86": {
    "cen_loss": 2.074288308008714,
    "cen_accuracy": 0.5142793395805444
  },
  "87": {
    "cen_loss": 2.2046822629194076,
    "cen_accuracy": 0.5120481927710844
  },
  "88": {
    "cen_loss": 2.3464246270700206,
    "cen_accuracy": 0.48705934850513166
  },