{
  "0": {
    "cen_loss": 4.387287477010565,
    "cen_accuracy": 0.0011792372778626325
  },
  "1": {
    "cen_loss": 4.387287477010565,
    "cen_accuracy": 0.0011792372778626325
  },
  "2": {
    "cen_loss": 3.0495064505494476,
    "cen_accuracy": 0.18932189007685407
  },
  "3": {
    "cen_loss": 2.6390621243933117,
    "cen_accuracy": 0.26803985744417774
  },
  "4": {
    "cen_loss": 2.4791093015708925,
    "cen_accuracy": 0.31810701384343104
  },
  "5": {
    "cen_loss": 2.334321432284743,
    "cen_accuracy": 0.347092394598395
  },
  "6": {
    "cen_loss": 2.2557775919983123,
    "cen_accuracy": 0.36796663999806045
  },
  "7": {
    "cen_loss": 2.1191662746276103,
    "cen_accuracy": 0.4012083303028099
  },
  "8": {
    "cen_loss": 2.0955496444002044,
    "cen_accuracy": 0.4058816398768395
  },
  "9": {
    "cen_loss": 2.0150058875714087,
    "cen_accuracy": 0.42042718258297573
  },
  "10": {
    "cen_loss": 2.014997375340399,
    "cen_accuracy": 0.4204426988629476
  },
  "11": {
    "cen_loss": 1.9826746693767745,
    "cen_accuracy": 0.4347855601619512
  },
  "12": {
    "cen_loss": 1.9786160411906855,
    "cen_accuracy": 0.43443256479259096
  },
  "13": {
    "cen_loss": 1.9409038359740778,
    "cen_accuracy": 0.4446733095740296
  },
  "14": {
    "cen_loss": 1.8860988272545938,
    "cen_accuracy": 0.4604543360729265
  },
  "15": {
    "cen_loss": 1.8969029645662925,
    "cen_accuracy": 0.4581569568695905
  },
  "16": {
    "cen_loss": 1.9421034082445134,
    "cen_accuracy": 0.4495405726477077
  },
  "17": {
    "cen_loss": 1.9426582377302657,
    "cen_accuracy": 0.4502698378063859
  },
  "18": {
    "cen_loss": 1.8915666493940149,
    "cen_accuracy": 0.45910248018037675
  },
  "19": {
    "cen_loss": 1.8674394029663135,
    "cen_accuracy": 0.4657570247533154
  },
  "20": {
    "cen_loss": 1.867439331970559,
    "cen_accuracy": 0.46576381312580306
  },
  "21": {
    "cen_loss": 1.8996386834445467,
    "cen_accuracy": 0.46528571774916966
  },
  "22": {
    "cen_loss": 1.8469556190422654,
    "cen_accuracy": 0.47430649501781946
  },
  "23": {
    "cen_loss": 1.8019287266815538,
    "cen_accuracy": 0.4850592770383301
  },
  "24": {
    "cen_loss": 1.8300207614572674,
    "cen_accuracy": 0.4778034766164812
  },
  "25": {
    "cen_loss": 1.8616523346512621,
    "cen_accuracy": 0.4788576138870706
  },
  "26": {
    "cen_loss": 1.774321573999956,
    "cen_accuracy": 0.49051034014595
  },
  "27": {
    "cen_loss": 1.839716923637824,
    "cen_accuracy": 0.47684146725822485
  },
  "28": {
    "cen_loss": 1.7908397778658491,
    "cen_accuracy": 0.4923325332751473
  },
  "29": {
    "cen_loss": 1.867009780692208,
    "cen_accuracy": 0.4749533299391471
  },
  "30": {
    "cen_loss": 1.8670098588767623,
    "cen_accuracy": 0.4749504206366524
  },
  "31": {
    "cen_loss": 1.8040269119498438,
    "cen_accuracy": 0.4903726331611996
  },
  "32": {
    "cen_loss": 1.806178055982964,
    "cen_accuracy": 0.48823138652508064
  },
  "33": {
    "cen_loss": 1.7887475314401473,
    "cen_accuracy": 0.4914684704342134
  },
  "34": {
    "cen_loss": 1.7860348201902643,
    "cen_accuracy": 0.4957722985914127
  },
  "35": {
    "cen_loss": 1.7673564041677896,
    "cen_accuracy": 0.49657720561495383
  },
  "36": {
    "cen_loss": 1.763420968129597,
    "cen_accuracy": 0.4998307755715567
  },
  "37": {
    "cen_loss": 1.7763568747854293,
    "cen_accuracy": 0.4943612868814702
  },
  "38": {
    "cen_loss": 1.7552536192899137,
    "cen_accuracy": 0.500552282590249
  },
  "39": {
    "cen_loss": 1.7778241733199862,
    "cen_accuracy": 0.4955317962518486
  },
  "40": {
    "cen_loss": 1.7778240534354461,
    "cen_accuracy": 0.49552112880936794
  },
  "41": {
    "cen_loss": 1.7990500352304453,
    "cen_accuracy": 0.4936058380003394
  },
  "42": {
    "cen_loss": 1.8137496969382927,
    "cen_accuracy": 0.4963842218828036
  },
  "43": {
    "cen_loss": 1.7998167717193527,
    "cen_accuracy": 0.49759740102310474
  },
  "44": {
    "cen_loss": 1.7718359040486833,
    "cen_accuracy": 0.49958930346449437
  },
  "45": {
    "cen_loss": 1.7949907145813588,
    "cen_accuracy": 0.4986253545712415
  },
  "46": {
    "cen_loss": 1.763862560198322,
    "cen_accuracy": 0.49625233350304265
  },
  "47": {
    "cen_loss": 1.7200445356057346,
    "cen_accuracy": 0.5098106528959682
  },
  "48": {
    "cen_loss": 1.7503422071450112,
    "cen_accuracy": 0.5084054597910151
  },
  "49": {
    "cen_loss": 1.7732039096963697,
    "cen_accuracy": 0.49970373602928697
  },
  "50": {
    "cen_loss": 1.7732038304891709,
    "cen_accuracy": 0.4997027662617887
  },
  "51": {
    "cen_loss": 1.7527356110541208,
    "cen_accuracy": 0.5082270225713386
  },
  "52": {
    "cen_loss": 1.7981186103087863,
    "cen_accuracy": 0.4939578636022014
  },
  "53": {
    "cen_loss": 1.7917253834916818,
    "cen_accuracy": 0.4992702499575727
  },
  "54": {
    "cen_loss": 1.7778030208763644,
    "cen_accuracy": 0.49996945232380535
  },
  "55": {
    "cen_loss": 1.7641333361238694,
    "cen_accuracy": 0.5031124687856087
  },
  "56": {
    "cen_loss": 1.7686787179180714,
    "cen_accuracy": 0.49786699638761606
  },
  "57": {
    "cen_loss": 1.7576976387291574,
    "cen_accuracy": 0.5027109850413364
  },
  "58": {
    "cen_loss": 1.7301242037152633,
    "cen_accuracy": 0.5124426018861978
  },
  "59": {
    "cen_loss": 1.860158853253431,
    "cen_accuracy": 0.49569665672654983
  },
  "60": {
    "cen_loss": 1.8601593612321123,
    "cen_accuracy": 0.4956985962615463
  },
  "61": {
    "cen_loss": 1.7816878512544563,
    "cen_accuracy": 0.5055000363662812
  },
  "62": {
    "cen_loss": 1.7756172326862716,
    "cen_accuracy": 0.5026479501539506
  },
  "63": {
    "cen_loss": 1.7292913195103488,
    "cen_accuracy": 0.5116105413727059
  },
  "64": {
    "cen_loss": 1.6945979956806936,
    "cen_accuracy": 0.5186617208524257
  },
  "65": {
    "cen_loss": 1.7172505851028574,
    "cen_accuracy": 0.5189458627294107
  },
  "66": {
    "cen_loss": 1.7099951080132951,
    "cen_accuracy": 0.5189768952893544
  },
  "67": {
    "cen_loss": 1.6432234142936846,
    "cen_accuracy": 0.5261716003588139
  },
  "68": {
    "cen_loss": 1.6704798292708511,
    "cen_accuracy": 0.5250806119232914
  },
  "69": {
    "cen_loss": 1.6921408638408622,
    "cen_accuracy": 0.5218260721991902
  },
  "70": {
    "cen_loss": 1.692141278479135,
    "cen_accuracy": 0.5218318908041797
  },
  "71": {
    "cen_loss": 1.724261741332292,
    "cen_accuracy": 0.5186015952675346
  },
  "72": {
    "cen_loss": 1.6960865996846761,
    "cen_accuracy": 0.5210977768080103
  },
  "73": {
    "cen_loss": 1.6729076026741292,
    "cen_accuracy": 0.5241806676849226
  },
  "74": {
    "cen_loss": 1.647176683828071,
    "cen_accuracy": 0.5291022377385022
  },
  "75": {
    "cen_loss": 1.6731368871789143,
    "cen_accuracy": 0.5239566513928285
  },
  "76": {
    "cen_loss": 1.6637713649807189,
    "cen_accuracy": 0.5258409096419133
  },
  "77": {
    "cen_loss": 1.6966441018775549,
    "cen_accuracy": 0.519715858123015
  },
  "78": {
    "cen_loss": 1.786861042013503,
    "cen_accuracy": 0.5140902368657114
  },
  "79": {
    "cen_loss": 1.7166170423171372,
    "cen_accuracy": 0.5227492908575169
  },
  "80": {
    "cen_loss": 1.7166173288517959,
    "cen_accuracy": 0.5227483210900187
  },
  "81": {
    "cen_loss": 1.6821720106979108,
    "cen_accuracy": 0.5258690328993624
  },
  "82": {
    "cen_loss": 1.6762013123920794,
    "cen_accuracy": 0.5282672679225155
  },
  "83": {
    "cen_loss": 1.6709144339199733,
    "cen_accuracy": 0.5295570586951779
  },
  "84": {
    "cen_loss": 1.6689874997810528,
    "cen_accuracy": 0.528333212112396
  },
  "85": {
    "cen_loss": 1.708532002308899,
    "cen_accuracy": 0.5207195674836957
  },
  "86": {
    "cen_loss": 1.734057705399195,
    "cen_accuracy": 0.5204897325866124
  },
  "87": {
    "cen_loss": 1.6913887197213493,
    "cen_accuracy": 0.5297810749872718
  },
  "88": {
    "cen_loss": 1.6474528087003073,