{
  "0": {
    "cen_loss": 2.3027569942474364,
    "cen_accuracy": 0.100375
  },
  "1": {
    "cen_loss": 2.3027569942474364,
    "cen_accuracy": 0.100375
  },
  "2": {
    "cen_loss": 3.2290724840164184,
    "cen_accuracy": 0.100625
  },
  "3": {
    "cen_loss": 3.2498882732391356,
    "cen_accuracy": 0.100625
  },
  "4": {
    "cen_loss": 2.9991294584274293,
    "cen_accuracy": 0.100625
  },
  "5": {
    "cen_loss": 3.7607565541267394,
    "cen_accuracy": 0.099125
  },
  "6": {
    "cen_loss": 3.3795461535453795,
    "cen_accuracy": 0.101
  },
  "7": {
    "cen_loss": 4.407475897312164,
    "cen_accuracy": 0.149875
  },
  "8": {
    "cen_loss": 4.1963685946464535,
    "cen_accuracy": 0.138125
  },
  "9": {
    "cen_loss": 2.81433669090271,
    "cen_accuracy": 0.213
  },
  "10": {
    "cen_loss": 2.102747751235962,
    "cen_accuracy": 0.325625
  },
  "11": {
    "cen_loss": 2.225643926858902,
    "cen_accuracy": 0.253
  },
  "12": {
    "cen_loss": 2.134052833080292,
    "cen_accuracy": 0.284375
  },
  "13": {
    "cen_loss": 2.6744698598384855,
    "cen_accuracy": 0.28975
  },
  "14": {
    "cen_loss": 2.32635870552063,
    "cen_accuracy": 0.318125
  },
  "15": {
    "cen_loss": 2.15516367149353,
    "cen_accuracy": 0.355125
  },
  "16": {
    "cen_loss": 2.7161878035068514,
    "cen_accuracy": 0.357625
  },
  "17": {
    "cen_loss": 3.2096835149526597,
    "cen_accuracy": 0.34475
  },
  "18": {
    "cen_loss": 1.7674900730848313,
    "cen_accuracy": 0.4225
  },
  "19": {
    "cen_loss": 1.8819783673286439,
    "cen_accuracy": 0.439875
  },
  "20": {
    "cen_loss": 1.7435905238389968,
    "cen_accuracy": 0.47425
  },
  "21": {
    "cen_loss": 2.3629385442733764,
    "cen_accuracy": 0.37575
  },
  "22": {
    "cen_loss": 2.495991566181183,
    "cen_accuracy": 0.39825
  },
  "23": {
    "cen_loss": 2.161387683749199,
    "cen_accuracy": 0.408
  },
  "24": {
    "cen_loss": 2.665086088836193,
    "cen_accuracy": 0.391
  },
  "25": {
    "cen_loss": 2.0949726113080978,
    "cen_accuracy": 0.438
  },
  "26": {
    "cen_loss": 1.990899290204048,
    "cen_accuracy": 0.4385
  },
  "27": {
    "cen_loss": 2.2008549715578556,
    "cen_accuracy": 0.460625
  },
  "28": {
    "cen_loss": 2.281479970097542,
    "cen_accuracy": 0.4385
  },
  "29": {
    "cen_loss": 2.2378155748844146,
    "cen_accuracy": 0.419625
  },
  "30": {
    "cen_loss": 2.2198335653543473,
    "cen_accuracy": 0.432
  },
  "31": {
    "cen_loss": 2.137895879626274,
    "cen_accuracy": 0.440125
  },
  "32": {
    "cen_loss": 2.5284752926826477,
    "cen_accuracy": 0.420125
  },
  "33": {
    "cen_loss": 2.2681808545589446,
    "cen_accuracy": 0.442
  },
  "34": {
    "cen_loss": 2.49586583673954,
    "cen_accuracy": 0.41275
  },
  "35": {
    "cen_loss": 1.9779825465679168,
    "cen_accuracy": 0.449625
  },
  "36": {
    "cen_loss": 1.8450008920431138,
    "cen_accuracy": 0.514375
  },
  "37": {
    "cen_loss": 1.8978138300180436,
    "cen_accuracy": 0.47275
  },
  "38": {
    "cen_loss": 2.313367472529411,
    "cen_accuracy": 0.460375
  },
  "39": {
    "cen_loss": 2.0422937192320822,
    "cen_accuracy": 0.481
  },
  "40": {
    "cen_loss": 1.9513069747686387,
    "cen_accuracy": 0.494625
  },
  "41": {
    "cen_loss": 2.4865426407456397,
    "cen_accuracy": 0.484375
  },
  "42": {
    "cen_loss": 2.17912741625309,
    "cen_accuracy": 0.455625
  },
  "43": {
    "cen_loss": 1.9501725018024445,
    "cen_accuracy": 0.48425
  },
  "44": {
    "cen_loss": 2.3309100816845896,
    "cen_accuracy": 0.44075
  },
  "45": {
    "cen_loss": 2.167087629586458,
    "cen_accuracy": 0.489375
  },
  "46": {
    "cen_loss": 2.1279236800670622,
    "cen_accuracy": 0.464875
  },
  "47": {
    "cen_loss": 1.722901132106781,
    "cen_accuracy": 0.519625
  },
  "48": {
    "cen_loss": 1.7677489021420478,
    "cen_accuracy": 0.521375
  },
  "49": {
    "cen_loss": 1.9030751694440842,
    "cen_accuracy": 0.495125
  },
  "50": {
    "cen_loss": 1.9234335654973984,
    "cen_accuracy": 0.494
  },
  "51": {
    "cen_loss": 1.788728192448616,
    "cen_accuracy": 0.513
  },
  "52": {
    "cen_loss": 1.8516478188633918,
    "cen_accuracy": 0.511625
  },
  "53": {
    "cen_loss": 1.682890723824501,
    "cen_accuracy": 0.528625
  },
  "54": {
    "cen_loss": 2.0489006532430647,
    "cen_accuracy": 0.46675
  },
  "55": {
    "cen_loss": 1.9720617195963859,
    "cen_accuracy": 0.52675
  },
  "56": {
    "cen_loss": 1.6533178593814373,
    "cen_accuracy": 0.563125
  },
  "57": {
    "cen_loss": 1.7287482456862926,
    "cen_accuracy": 0.543875
  },
  "58": {
    "cen_loss": 1.7935450043678283,
    "cen_accuracy": 0.510875
  },
  "59": {
    "cen_loss": 1.816951729774475,
    "cen_accuracy": 0.5315
  },
  "60": {
    "cen_loss": 1.7079984111487865,
    "cen_accuracy": 0.55475
  },
  "61": {
    "cen_loss": 1.56158021992445,
    "cen_accuracy": 0.541875
  },
  "62": {
    "cen_loss": 1.8153573637902736,
    "cen_accuracy": 0.54075
  },
  "63": {
    "cen_loss": 1.9188805912137032,
    "cen_accuracy": 0.504
  },
  "64": {
    "cen_loss": 2.0243783987164496,
    "cen_accuracy": 0.512
  },
  "65": {
    "cen_loss": 1.7007006408572196,
    "cen_accuracy": 0.530875
  },
  "66": {
    "cen_loss": 1.6248190457820892,
    "cen_accuracy": 0.5475
  },
  "67": {
    "cen_loss": 1.600807808637619,
    "cen_accuracy": 0.58175
  },
  "68": {
    "cen_loss": 1.6472849084734917,
    "cen_accuracy": 0.56775
  },
  "69": {
    "cen_loss": 1.6654525387883186,
    "cen_accuracy": 0.56675
  },
  "70": {
    "cen_loss": 1.6056399284005165,
    "cen_accuracy": 0.581875
  },
  "71": {
    "cen_loss": 1.847276502609253,
    "cen_accuracy": 0.53375
  },
  "72": {
    "cen_loss": 1.8746506806015968,
    "cen_accuracy": 0.534125
  },
  "73": {
    "cen_loss": 1.8386313100457192,
    "cen_accuracy": 0.539125
  },
  "74": {
    "cen_loss": 1.963355352163315,
    "cen_accuracy": 0.506375
  },
  "75": {
    "cen_loss": 1.8175484763979912,
    "cen_accuracy": 0.5325
  },
  "76": {
    "cen_loss": 1.4263721300959586,
    "cen_accuracy": 0.58675
  },
  "77": {
    "cen_loss": 1.8135101887583733,
    "cen_accuracy": 0.534625
  },
  "78": {
    "cen_loss": 1.718810547709465,
    "cen_accuracy": 0.558375
  },
  "79": {
    "cen_loss": 1.4959385370016098,
    "cen_accuracy": 0.5825
  },
  "80": {
    "cen_loss": 1.5177464857101441,
    "cen_accuracy": 0.585875
  },
  "81": {
    "cen_loss": 1.563050879240036,
    "cen_accuracy": 0.588875
  },
  "82": {
    "cen_loss": 1.7479787885546685,
    "cen_accuracy": 0.562
  },
  "83": {
    "cen_loss": 1.7312992801070213,
    "cen_accuracy": 0.555875
  },
  "84": {
    "cen_loss": 1.9532851846218109,
    "cen_accuracy": 0.529375
  },
  "85": {
    "cen_loss": 1.5915575926303864,
    "cen_accuracy": 0.544375
  },
  "86": {
    "cen_loss": 1.4802611573934554,
    "cen_accuracy": 0.5935
  },
  "87": {
    "cen_loss": 1.6215844166278839,
    "cen_accuracy": 0.56775
  },
  "88": {
    "cen_loss": 1.6269948488473893,
    "cen_accuracy": 0.56625
  },
  "89": {
    "cen_loss": 1.9063046171069145,
    "cen_accuracy": 0.54
  },
  "90": {
    "cen_loss": 2.026684855103493,
    "cen_accuracy": 0.528
  },
  "91": {
    "cen_loss": 1.4799145109057426,
    "cen_accuracy": 0.600125
  },
  "92": {
    "cen_loss": 1.5427622665166856,
    "cen_accuracy": 0.589125
  },
  "93": {
    "cen_loss": 1.6205918290019035,
    "cen_accuracy": 0.579125
  },
  "94": {
    "cen_loss": 1.7575941458940505,
    "cen_accuracy": 0.57325
  },
  "95": {
    "cen_loss": 1.6473948175311088,
    "cen_accuracy": 0.590375
  },
  "96": {
    "cen_loss": 1.7890462633967399,
    "cen_accuracy": 0.57675
  },
  "97": {
    "cen_loss": 1.8564447618722915,
    "cen_accuracy": 0.572
  },
  "98": {
    "cen_loss": 1.8419916244745254,
    "cen_accuracy": 0.57225
  },
  "99": {
    "cen_loss": 1.8439068092703819,
    "cen_accuracy": 0.571875
  },
  "100": {
    "cen_loss": 1.8204573796987533,
    "cen_accuracy": 0.578125
  },
  "101": {
    "cen_loss": 1.7091837119460105,