{
  "0": {
    "cen_loss": 2.3028162007331847,
    "cen_accuracy": 0.1005
  },
  "1": {
    "cen_loss": 2.3028162007331847,
    "cen_accuracy": 0.1005
  },
  "2": {
    "cen_loss": 3.6130837917327883,
    "cen_accuracy": 0.1005
  },
  "3": {
    "cen_loss": 4.995383475780487,
    "cen_accuracy": 0.098875
  },
  "4": {
    "cen_loss": 5.622465455055237,
    "cen_accuracy": 0.119625
  },
  "5": {
    "cen_loss": 5.9411752319335935,
    "cen_accuracy": 0.0995
  },
  "6": {
    "cen_loss": 6.1375288777351376,
    "cen_accuracy": 0.101875
  },
  "7": {
    "cen_loss": 4.51042383813858,
    "cen_accuracy": 0.171375
  },
  "8": {
    "cen_loss": 2.9867605242729187,
    "cen_accuracy": 0.26425
  },
  "9": {
    "cen_loss": 2.0567908297777175,
    "cen_accuracy": 0.383
  },
  "10": {
    "cen_loss": 1.7282849550843238,
    "cen_accuracy": 0.488125
  },
  "11": {
    "cen_loss": 2.149884440302849,
    "cen_accuracy": 0.388375
  },
  "12": {
    "cen_loss": 2.014963735103607,
    "cen_accuracy": 0.417375
  },
  "13": {
    "cen_loss": 1.7115590816736221,
    "cen_accuracy": 0.51075
  },
  "14": {
    "cen_loss": 1.6234260964989662,
    "cen_accuracy": 0.519625
  },
  "15": {
    "cen_loss": 1.683769108057022,
    "cen_accuracy": 0.5245
  },
  "16": {
    "cen_loss": 1.5196195975542068,
    "cen_accuracy": 0.56725
  },
  "17": {
    "cen_loss": 1.575878309428692,
    "cen_accuracy": 0.567875
  },
  "18": {
    "cen_loss": 1.4756732819080354,
    "cen_accuracy": 0.581625
  },
  "19": {
    "cen_loss": 1.5358335984945297,
    "cen_accuracy": 0.58275
  },
  "20": {
    "cen_loss": 1.4317902957201003,
    "cen_accuracy": 0.606
  },
  "21": {
    "cen_loss": 1.5632964257597923,
    "cen_accuracy": 0.582
  },
  "22": {
    "cen_loss": 1.4380284995436667,
    "cen_accuracy": 0.602625
  },
  "23": {
    "cen_loss": 1.355661935865879,
    "cen_accuracy": 0.62125
  },
  "24": {
    "cen_loss": 1.4131888021230699,
    "cen_accuracy": 0.615
  },
  "25": {
    "cen_loss": 1.4208675253987313,
    "cen_accuracy": 0.61525
  },
  "26": {
    "cen_loss": 1.3918939016461371,
    "cen_accuracy": 0.61625
  },
  "27": {
    "cen_loss": 1.4745294600725174,
    "cen_accuracy": 0.60825
  },
  "28": {
    "cen_loss": 1.3920745484232901,
    "cen_accuracy": 0.624875
  },
  "29": {
    "cen_loss": 1.3182815617918968,
    "cen_accuracy": 0.6425
  },
  "30": {
    "cen_loss": 1.2960543504357338,
    "cen_accuracy": 0.648625
  },
  "31": {
    "cen_loss": 1.1964693493247032,
    "cen_accuracy": 0.655125
  },
  "32": {
    "cen_loss": 1.255408955872059,
    "cen_accuracy": 0.64925
  },
  "33": {
    "cen_loss": 1.1914796899557114,
    "cen_accuracy": 0.66525
  },
  "34": {
    "cen_loss": 1.1789875397831202,
    "cen_accuracy": 0.671375
  },
  "35": {
    "cen_loss": 1.189485473126173,
    "cen_accuracy": 0.6705
  },
  "36": {
    "cen_loss": 1.2371350548118354,
    "cen_accuracy": 0.659375
  },
  "37": {
    "cen_loss": 1.1927560063451528,
    "cen_accuracy": 0.67175
  },
  "38": {
    "cen_loss": 1.2265158860608936,
    "cen_accuracy": 0.6745
  },
  "39": {
    "cen_loss": 1.2712305995821953,
    "cen_accuracy": 0.665875
  },
  "40": {
    "cen_loss": 1.3871002982929348,
    "cen_accuracy": 0.663375
  },
  "41": {
    "cen_loss": 1.194088088668883,
    "cen_accuracy": 0.68075
  },
  "42": {
    "cen_loss": 1.1881970720291137,
    "cen_accuracy": 0.675125
  },
  "43": {
    "cen_loss": 1.1500003392994405,
    "cen_accuracy": 0.67775
  },
  "44": {
    "cen_loss": 1.169412957727909,
    "cen_accuracy": 0.681875
  },
  "45": {
    "cen_loss": 1.1222194055914878,
    "cen_accuracy": 0.6875
  },
  "46": {
    "cen_loss": 1.0814627703726292,
    "cen_accuracy": 0.694625
  },
  "47": {
    "cen_loss": 1.1001302928328514,
    "cen_accuracy": 0.69575
  },
  "48": {
    "cen_loss": 1.1062017678618432,
    "cen_accuracy": 0.687
  },
  "49": {
    "cen_loss": 1.1600170787870885,
    "cen_accuracy": 0.69125
  },
  "50": {
    "cen_loss": 1.1789016453772783,
    "cen_accuracy": 0.691125
  },
  "51": {
    "cen_loss": 1.132700907856226,
    "cen_accuracy": 0.693
  },
  "52": {
    "cen_loss": 1.0459535167217255,
    "cen_accuracy": 0.706
  },
  "53": {
    "cen_loss": 1.0981164463609456,
    "cen_accuracy": 0.6915
  },
  "54": {
    "cen_loss": 1.120760494530201,
    "cen_accuracy": 0.69475
  },
  "55": {
    "cen_loss": 1.0968449205607176,
    "cen_accuracy": 0.69725
  },
  "56": {
    "cen_loss": 1.107101160287857,
    "cen_accuracy": 0.70325
  },
  "57": {
    "cen_loss": 1.0773859167844058,
    "cen_accuracy": 0.702
  },
  "58": {
    "cen_loss": 0.9969400523900985,
    "cen_accuracy": 0.716375
  },
  "59": {
    "cen_loss": 0.9728364792466163,
    "cen_accuracy": 0.717125
  },
  "60": {
    "cen_loss": 1.0294162293672562,
    "cen_accuracy": 0.713375
  },
  "61": {
    "cen_loss": 0.9869287303686142,
    "cen_accuracy": 0.718125
  },
  "62": {
    "cen_loss": 1.0096165494918823,
    "cen_accuracy": 0.7215
  },
  "63": {
    "cen_loss": 0.9895414154827594,
    "cen_accuracy": 0.712375
  },
  "64": {
    "cen_loss": 1.060504284977913,
    "cen_accuracy": 0.6995
  },
  "65": {
    "cen_loss": 0.9451221922338009,
    "cen_accuracy": 0.730125
  },
  "66": {
    "cen_loss": 0.9599298623502255,
    "cen_accuracy": 0.72125
  },
  "67": {
    "cen_loss": 1.01890440467,
    "cen_accuracy": 0.719375
  },
  "68": {
    "cen_loss": 0.9741574392616749,
    "cen_accuracy": 0.716
  },
  "69": {
    "cen_loss": 0.956603588193655,
    "cen_accuracy": 0.733875
  },
  "70": {
    "cen_loss": 0.9930463669896126,
    "cen_accuracy": 0.73175
  },
  "71": {
    "cen_loss": 1.0378590099960565,
    "cen_accuracy": 0.718375
  },
  "72": {
    "cen_loss": 0.9814050865769386,
    "cen_accuracy": 0.72075
  },
  "73": {
    "cen_loss": 0.9763919622153043,
    "cen_accuracy": 0.72975
  },
  "74": {
    "cen_loss": 0.9251573248803615,
    "cen_accuracy": 0.734875
  },
  "75": {
    "cen_loss": 0.935767226472497,
    "cen_accuracy": 0.72925
  },
  "76": {
    "cen_loss": 0.9334637432992459,
    "cen_accuracy": 0.733625
  },
  "77": {
    "cen_loss": 0.9176380573511124,
    "cen_accuracy": 0.7375
  },
  "78": {
    "cen_loss": 0.9348953297138214,
    "cen_accuracy": 0.731875
  },
  "79": {
    "cen_loss": 0.8795855154693126,
    "cen_accuracy": 0.7445
  },
  "80": {
    "cen_loss": 0.9644012444317341,
    "cen_accuracy": 0.72975
  },
  "81": {
    "cen_loss": 0.9356249873936177,
    "cen_accuracy": 0.730875
  },
  "82": {
    "cen_loss": 0.8792714080810546,
    "cen_accuracy": 0.74325
  },
  "83": {
    "cen_loss": 0.9385212043821811,
    "cen_accuracy": 0.7365
  },
  "84": {
    "cen_loss": 0.9234816082715989,
    "cen_accuracy": 0.73275
  },
  "85": {
    "cen_loss": 0.9036924393773079,
    "cen_accuracy": 0.736375
  },
  "86": {
    "cen_loss": 0.9011384855657816,
    "cen_accuracy": 0.743
  },
  "87": {
    "cen_loss": 0.9291344504803419,
    "cen_accuracy": 0.73575
  },
  "88": {
    "cen_loss": 0.9897036192715168,
    "cen_accuracy": 0.731
  },
  "89": {
    "cen_loss": 0.8920694784224034,
    "cen_accuracy": 0.741375
  },
  "90": {
    "cen_loss": 0.9154433470517397,
    "cen_accuracy": 0.736875
  },
  "91": {
    "cen_loss": 0.9672037517726422,
    "cen_accuracy": 0.72775
  },
  "92": {
    "cen_loss": 0.8854945162683725,
    "cen_accuracy": 0.75125
  },
  "93": {
    "cen_loss": 0.9379570456445218,
    "cen_accuracy": 0.737125
  },
  "94": {
    "cen_loss": 0.8974657100439072,
    "cen_accuracy": 0.744125
  },
  "95": {
    "cen_loss": 0.8853121243417263,
    "cen_accuracy": 0.7495
  },
  "96": {
    "cen_loss": 0.8509674135446549,
    "cen_accuracy": 0.754
  },
  "97": {
    "cen_loss": 0.8531672428548336,
    "cen_accuracy": 0.748875
  },
  "98": {
    "cen_loss": 0.8917705370485782,
    "cen_accuracy": 0.74575
  },
  "99": {
    "cen_loss": 0.8522146585285664,
    "cen_accuracy": 0.75575
  },
  "100": {
    "cen_loss": 0.8891662698015571,
    "cen_accuracy": 0.747375
  },
  "101": {
    "cen_loss": 0.8669954023957253,