{
  "0": {
    "cen_loss": 2.3027569942474364,
    "cen_accuracy": 0.100375
  },
  "1": {
    "cen_loss": 2.3027569942474364,
    "cen_accuracy": 0.100375
  },
  "2": {
    "cen_loss": 3.2290723700523376,
    "cen_accuracy": 0.100625
  },
  "3": {
    "cen_loss": 3.2695589265823366,
    "cen_accuracy": 0.135625
  },
  "4": {
    "cen_loss": 3.526913519859314,
    "cen_accuracy": 0.099125
  },
  "5": {
    "cen_loss": 3.5119181604385377,
    "cen_accuracy": 0.099125
  },
  "6": {
    "cen_loss": 5.103572099208832,
    "cen_accuracy": 0.099625
  },
  "7": {
    "cen_loss": 4.112766414642334,
    "cen_accuracy": 0.139875
  },
  "8": {
    "cen_loss": 3.5237662880420686,
    "cen_accuracy": 0.208875
  },
  "9": {
    "cen_loss": 2.7533672909736633,
    "cen_accuracy": 0.258125
  },
  "10": {
    "cen_loss": 2.4793876757621764,
    "cen_accuracy": 0.293
  },
  "11": {
    "cen_loss": 3.1250713729858397,
    "cen_accuracy": 0.20575
  },
  "12": {
    "cen_loss": 2.5089186279773714,
    "cen_accuracy": 0.32025
  },
  "13": {
    "cen_loss": 2.771552535533905,
    "cen_accuracy": 0.299125
  },
  "14": {
    "cen_loss": 1.7633975467681884,
    "cen_accuracy": 0.371875
  },
  "15": {
    "cen_loss": 2.0558146246671676,
    "cen_accuracy": 0.36775
  },
  "16": {
    "cen_loss": 2.2346762161254885,
    "cen_accuracy": 0.382375
  },
  "17": {
    "cen_loss": 2.3740707638263703,
    "cen_accuracy": 0.35925
  },
  "18": {
    "cen_loss": 2.499572059035301,
    "cen_accuracy": 0.390125
  },
  "19": {
    "cen_loss": 2.113417999267578,
    "cen_accuracy": 0.42125
  },
  "20": {
    "cen_loss": 1.9905586055517197,
    "cen_accuracy": 0.449125
  },
  "21": {
    "cen_loss": 2.2261253560185432,
    "cen_accuracy": 0.420875
  },
  "22": {
    "cen_loss": 2.280737519979477,
    "cen_accuracy": 0.433625
  },
  "23": {
    "cen_loss": 2.251782039165497,
    "cen_accuracy": 0.427125
  },
  "24": {
    "cen_loss": 2.2288071550130844,
    "cen_accuracy": 0.418625
  },
  "25": {
    "cen_loss": 2.0916076636314394,
    "cen_accuracy": 0.44025
  },
  "26": {
    "cen_loss": 1.8639944080114366,
    "cen_accuracy": 0.465625
  },
  "27": {
    "cen_loss": 2.1533215589523316,
    "cen_accuracy": 0.47575
  },
  "28": {
    "cen_loss": 1.9730348069667816,
    "cen_accuracy": 0.44975
  },
  "29": {
    "cen_loss": 1.7819413417577743,
    "cen_accuracy": 0.498
  },
  "30": {
    "cen_loss": 1.826769572556019,
    "cen_accuracy": 0.500375
  },
  "31": {
    "cen_loss": 2.1476288443803786,
    "cen_accuracy": 0.454875
  },
  "32": {
    "cen_loss": 2.1994163625240324,
    "cen_accuracy": 0.465875
  },
  "33": {
    "cen_loss": 2.0444332904815674,
    "cen_accuracy": 0.471625
  },
  "34": {
    "cen_loss": 1.819680712401867,
    "cen_accuracy": 0.508875
  },
  "35": {
    "cen_loss": 1.9083529846072198,
    "cen_accuracy": 0.496
  },
  "36": {
    "cen_loss": 2.0677817813158037,
    "cen_accuracy": 0.5075
  },
  "37": {
    "cen_loss": 2.0332106618881225,
    "cen_accuracy": 0.4795
  },
  "38": {
    "cen_loss": 1.9459282884001732,
    "cen_accuracy": 0.506375
  },
  "39": {
    "cen_loss": 2.2940536168813703,
    "cen_accuracy": 0.464
  },
  "40": {
    "cen_loss": 2.4505021696090696,
    "cen_accuracy": 0.454875
  },
  "41": {
    "cen_loss": 1.6356964302659034,
    "cen_accuracy": 0.53775
  },
  "42": {
    "cen_loss": 2.219123298287392,
    "cen_accuracy": 0.451125
  },
  "43": {
    "cen_loss": 1.8569140859842301,
    "cen_accuracy": 0.472375
  },
  "44": {
    "cen_loss": 1.4478493269681931,
    "cen_accuracy": 0.544625
  },
  "45": {
    "cen_loss": 1.8480502744317056,
    "cen_accuracy": 0.455625
  },
  "46": {
    "cen_loss": 1.368216099500656,
    "cen_accuracy": 0.5865
  },
  "47": {
    "cen_loss": 1.497155077934265,
    "cen_accuracy": 0.56025
  },
  "48": {
    "cen_loss": 1.361538367152214,
    "cen_accuracy": 0.592375
  },
  "49": {
    "cen_loss": 1.3964058961868286,
    "cen_accuracy": 0.581
  },
  "50": {
    "cen_loss": 1.48156170424819,
    "cen_accuracy": 0.572375
  },
  "51": {
    "cen_loss": 1.4788602741956711,
    "cen_accuracy": 0.571625
  },
  "52": {
    "cen_loss": 1.4001831666827202,
    "cen_accuracy": 0.584
  },
  "53": {
    "cen_loss": 1.6231184522509574,
    "cen_accuracy": 0.552625
  },
  "54": {
    "cen_loss": 1.5683826161921024,
    "cen_accuracy": 0.56725
  },
  "55": {
    "cen_loss": 1.6448817550539971,
    "cen_accuracy": 0.564375
  },
  "56": {
    "cen_loss": 1.4666582811176776,
    "cen_accuracy": 0.58825
  },
  "57": {
    "cen_loss": 1.3290004134476185,
    "cen_accuracy": 0.608625
  },
  "58": {
    "cen_loss": 1.5060629166960717,
    "cen_accuracy": 0.56925
  },
  "59": {
    "cen_loss": 1.3626442422568799,
    "cen_accuracy": 0.609625
  },
  "60": {
    "cen_loss": 1.5138756507635116,
    "cen_accuracy": 0.5945
  },
  "61": {
    "cen_loss": 1.917841899871826,
    "cen_accuracy": 0.530625
  },
  "62": {
    "cen_loss": 1.6607947230935096,
    "cen_accuracy": 0.571625
  },
  "63": {
    "cen_loss": 1.884948311150074,
    "cen_accuracy": 0.548875
  },
  "64": {
    "cen_loss": 1.390442630827427,
    "cen_accuracy": 0.6045
  },
  "65": {
    "cen_loss": 1.4351947720646858,
    "cen_accuracy": 0.580875
  },
  "66": {
    "cen_loss": 1.390570452094078,
    "cen_accuracy": 0.61
  },
  "67": {
    "cen_loss": 1.41888165974617,
    "cen_accuracy": 0.582875
  },
  "68": {
    "cen_loss": 1.3775790010094642,
    "cen_accuracy": 0.600375
  },
  "69": {
    "cen_loss": 1.4466016959249974,
    "cen_accuracy": 0.590625
  },
  "70": {
    "cen_loss": 1.460987598463893,
    "cen_accuracy": 0.602875
  },
  "71": {
    "cen_loss": 1.5994514282941819,
    "cen_accuracy": 0.548375
  },
  "72": {
    "cen_loss": 1.6328304832577705,
    "cen_accuracy": 0.560375
  },
  "73": {
    "cen_loss": 1.4712492236495018,
    "cen_accuracy": 0.586125
  },
  "74": {
    "cen_loss": 1.5213465780466795,
    "cen_accuracy": 0.58
  },
  "75": {
    "cen_loss": 1.3402448714077473,
    "cen_accuracy": 0.617625
  },
  "76": {
    "cen_loss": 1.3012624630331993,
    "cen_accuracy": 0.615625
  },
  "77": {
    "cen_loss": 1.263105286538601,
    "cen_accuracy": 0.619875
  },
  "78": {
    "cen_loss": 1.286706191420555,
    "cen_accuracy": 0.620625
  },
  "79": {
    "cen_loss": 1.4062524378299712,
    "cen_accuracy": 0.5935
  },
  "80": {
    "cen_loss": 1.4156121725440025,
    "cen_accuracy": 0.6
  },
  "81": {
    "cen_loss": 1.370674054324627,
    "cen_accuracy": 0.609375
  },
  "82": {
    "cen_loss": 1.519118845462799,
    "cen_accuracy": 0.581
  },
  "83": {
    "cen_loss": 1.4690302397608757,
    "cen_accuracy": 0.59725
  },
  "84": {
    "cen_loss": 1.4020221071243286,
    "cen_accuracy": 0.609125
  },
  "85": {
    "cen_loss": 1.461736610457301,
    "cen_accuracy": 0.592
  },
  "86": {
    "cen_loss": 1.2857153160870076,
    "cen_accuracy": 0.61975
  },
  "87": {
    "cen_loss": 1.3434528636187315,
    "cen_accuracy": 0.615875
  },
  "88": {
    "cen_loss": 1.3095659557431936,
    "cen_accuracy": 0.625375
  },
  "89": {
    "cen_loss": 1.3626350206285716,
    "cen_accuracy": 0.610375
  },
  "90": {
    "cen_loss": 1.4027448938637972,
    "cen_accuracy": 0.62175
  },
  "91": {
    "cen_loss": 1.434017590507865,
    "cen_accuracy": 0.595625
  },
  "92": {
    "cen_loss": 1.4052625436782837,
    "cen_accuracy": 0.596375
  },
  "93": {
    "cen_loss": 1.3751708483994007,
    "cen_accuracy": 0.610375
  },
  "94": {
    "cen_loss": 1.3988704709857702,
    "cen_accuracy": 0.600125
  },
  "95": {
    "cen_loss": 1.4061691141724586,
    "cen_accuracy": 0.5935
  },
  "96": {
    "cen_loss": 1.2918304419517517,
    "cen_accuracy": 0.626
  },
  "97": {
    "cen_loss": 1.280000755339861,
    "cen_accuracy": 0.627875
  },
  "98": {
    "cen_loss": 1.238508070141077,
    "cen_accuracy": 0.638
  },
  "99": {
    "cen_loss": 1.2877313908040524,
    "cen_accuracy": 0.626
  },
  "100": {
    "cen_loss": 1.3220677807480097,
    "cen_accuracy": 0.63075
  },