{
  "0": {
    "cen_loss": 4.375000893138216,
    "cen_accuracy": 0.011249064662789613
  },
  "1": {
    "cen_loss": 4.375000893138216,
    "cen_accuracy": 0.011249064662789613
  },
  "2": {
    "cen_loss": 3.106366127740329,
    "cen_accuracy": 0.1875803139094025
  },
  "3": {
    "cen_loss": 2.9141942047242027,
    "cen_accuracy": 0.22890004344058534
  },
  "4": {
    "cen_loss": 2.443099055949418,
    "cen_accuracy": 0.32196979173537177
  },
  "5": {
    "cen_loss": 2.2684553927520827,
    "cen_accuracy": 0.36548543148327994
  },
  "6": {
    "cen_loss": 2.13377275692491,
    "cen_accuracy": 0.39617700105303616
  },
  "7": {
    "cen_loss": 2.0795855759277813,
    "cen_accuracy": 0.411995287492523
  },
  "8": {
    "cen_loss": 2.0248063858435668,
    "cen_accuracy": 0.4278374548820622
  },
  "9": {
    "cen_loss": 2.0008595374963702,
    "cen_accuracy": 0.43224405876078337
  },
  "10": {
    "cen_loss": 2.0008031741569523,
    "cen_accuracy": 0.43224633313697886
  },
  "11": {
    "cen_loss": 1.9059178548370852,
    "cen_accuracy": 0.4531808288281732
  },
  "12": {
    "cen_loss": 1.9283807195175566,
    "cen_accuracy": 0.4503276238909573
  },
  "13": {
    "cen_loss": 1.9419388823745194,
    "cen_accuracy": 0.44880947778048175
  },
  "14": {
    "cen_loss": 1.9889898519154567,
    "cen_accuracy": 0.44328729237788306
  },
  "15": {
    "cen_loss": 1.873887315073073,
    "cen_accuracy": 0.4645242801030747
  },
  "16": {
    "cen_loss": 1.897142478868513,
    "cen_accuracy": 0.46513153854726497
  },
  "17": {
    "cen_loss": 1.8369209329396656,
    "cen_accuracy": 0.4731771443387365
  },
  "18": {
    "cen_loss": 1.8493398335704239,
    "cen_accuracy": 0.4677538943006407
  },
  "19": {
    "cen_loss": 1.7715199822571623,
    "cen_accuracy": 0.48767970414914447
  },
  "20": {
    "cen_loss": 1.7715199678801232,
    "cen_accuracy": 0.4876706066443626
  },
  "21": {
    "cen_loss": 1.7976650969560994,
    "cen_accuracy": 0.48418739950100187
  },
  "22": {
    "cen_loss": 1.8340615311951396,
    "cen_accuracy": 0.4775496325745256
  },
  "23": {
    "cen_loss": 1.7779753043093,
    "cen_accuracy": 0.49145971738601396
  },
  "24": {
    "cen_loss": 1.8366397684111806,
    "cen_accuracy": 0.4840031750291689
  },
  "25": {
    "cen_loss": 1.8221419210313103,
    "cen_accuracy": 0.48374389614288543
  },
  "26": {
    "cen_loss": 1.865526117294335,
    "cen_accuracy": 0.4838587521407566
  },
  "27": {
    "cen_loss": 1.9174164495445885,
    "cen_accuracy": 0.47696284351609464
  },
  "28": {
    "cen_loss": 1.8129724881646962,
    "cen_accuracy": 0.4867381124042203
  },
  "29": {
    "cen_loss": 1.7606413993878645,
    "cen_accuracy": 0.49606305480564317
  },
  "30": {
    "cen_loss": 1.7606414467287677,
    "cen_accuracy": 0.4960619176175454
  },
  "31": {
    "cen_loss": 1.7918085929218097,
    "cen_accuracy": 0.4873271758388468
  },
  "32": {
    "cen_loss": 1.796632858757615,
    "cen_accuracy": 0.4909161414752969
  },
  "33": {
    "cen_loss": 1.8038294504717474,
    "cen_accuracy": 0.4928220687270999
  },
  "34": {
    "cen_loss": 1.7363827318459915,
    "cen_accuracy": 0.49895264976198656
  },
  "35": {
    "cen_loss": 1.7258935126392951,
    "cen_accuracy": 0.5069277498913985
  },
  "36": {
    "cen_loss": 1.7548323169611142,
    "cen_accuracy": 0.5012406722146283
  },
  "37": {
    "cen_loss": 1.812136465714365,
    "cen_accuracy": 0.4876524116347989
  },
  "38": {
    "cen_loss": 1.7702376312658779,
    "cen_accuracy": 0.49848526545381766
  },
  "39": {
    "cen_loss": 1.745428088760969,
    "cen_accuracy": 0.5066286694216944
  },
  "40": {
    "cen_loss": 1.7454282153840845,
    "cen_accuracy": 0.5066195719169125
  },
  "41": {
    "cen_loss": 1.7350188099485913,
    "cen_accuracy": 0.5077999731623609
  },
  "42": {
    "cen_loss": 1.7583565610031433,
    "cen_accuracy": 0.49925400460788616
  },
  "43": {
    "cen_loss": 1.7434131480704669,
    "cen_accuracy": 0.5111569524268731
  },
  "44": {
    "cen_loss": 1.8007787224684009,
    "cen_accuracy": 0.4981577552816701
  },
  "45": {
    "cen_loss": 1.7942579324833186,
    "cen_accuracy": 0.4946756853264071
  },
  "46": {
    "cen_loss": 1.7667180908359883,
    "cen_accuracy": 0.5025370666460457
  },
  "47": {
    "cen_loss": 1.8801821951844124,
    "cen_accuracy": 0.492097679908843
  },
  "48": {
    "cen_loss": 1.746787145297963,
    "cen_accuracy": 0.5048626163059127
  },
  "49": {
    "cen_loss": 1.719599473769254,
    "cen_accuracy": 0.516704155967622
  },
  "50": {
    "cen_loss": 1.7195995523260668,
    "cen_accuracy": 0.5167155278485993
  },
  "51": {
    "cen_loss": 1.7655187175448017,
    "cen_accuracy": 0.5090520172579666
  },
  "52": {
    "cen_loss": 1.7565745917175533,
    "cen_accuracy": 0.508356058142153
  },
  "53": {
    "cen_loss": 1.745747527796754,
    "cen_accuracy": 0.5138532254066016
  },
  "54": {
    "cen_loss": 1.7863015888774503,
    "cen_accuracy": 0.5053584303165249
  },
  "55": {
    "cen_loss": 1.7755481403428572,
    "cen_accuracy": 0.5056222579551993
  },
  "56": {
    "cen_loss": 1.775363040827538,
    "cen_accuracy": 0.5058144427437165
  },
  "57": {
    "cen_loss": 1.6899511629463833,
    "cen_accuracy": 0.5177992681057403
  },
  "58": {
    "cen_loss": 1.6681309858413143,
    "cen_accuracy": 0.5198860082650831
  },
  "59": {
    "cen_loss": 1.6559421451958813,
    "cen_accuracy": 0.5252080485624805
  },
  "60": {
    "cen_loss": 1.6559421850673774,
    "cen_accuracy": 0.5252114601267738
  },
  "61": {
    "cen_loss": 1.7110849588893944,
    "cen_accuracy": 0.5173716853809921
  },
  "62": {
    "cen_loss": 1.7347831993482485,
    "cen_accuracy": 0.5112092630793689
  },
  "63": {
    "cen_loss": 1.6596255784977914,
    "cen_accuracy": 0.5259574555188875
  },
  "64": {
    "cen_loss": 1.6710496126795717,
    "cen_accuracy": 0.5197404481885731
  },
  "65": {
    "cen_loss": 1.711791001336552,
    "cen_accuracy": 0.5129070849092865
  },
  "66": {
    "cen_loss": 1.6818341825391445,
    "cen_accuracy": 0.5215576747687528
  },
  "67": {
    "cen_loss": 1.6790210785659694,
    "cen_accuracy": 0.5232009115699792
  },
  "68": {
    "cen_loss": 1.6765081757007472,
    "cen_accuracy": 0.5235591258207655
  },
  "69": {
    "cen_loss": 1.6246902483441925,
    "cen_accuracy": 0.533374196292312
  },
  "70": {
    "cen_loss": 1.6246903764914473,
    "cen_accuracy": 0.533369647539921
  },
  "71": {
    "cen_loss": 1.651947156940394,
    "cen_accuracy": 0.5281670119927857
  },
  "72": {
    "cen_loss": 1.6916488373882639,
    "cen_accuracy": 0.5198155026030236
  },
  "73": {
    "cen_loss": 1.7320612394412875,
    "cen_accuracy": 0.5102176350581444
  },
  "74": {
    "cen_loss": 1.6923524188091859,
    "cen_accuracy": 0.5263168069577716
  },
  "75": {
    "cen_loss": 1.7533831511983593,
    "cen_accuracy": 0.5077817781527971
  },
  "76": {
    "cen_loss": 1.6881088968671953,
    "cen_accuracy": 0.5223241395466258
  },
  "77": {
    "cen_loss": 1.668712742594657,
    "cen_accuracy": 0.522259319825055
  },
  "78": {
    "cen_loss": 1.6440366082673898,
    "cen_accuracy": 0.5303595106452178
  },
  "79": {
    "cen_loss": 1.707753328035972,
    "cen_accuracy": 0.5183030424330367
  },
  "80": {
    "cen_loss": 1.707752567818469,
    "cen_accuracy": 0.5183041796211344
  },
  "81": {
    "cen_loss": 1.7024987534912241,
    "cen_accuracy": 0.5215258335020162
  },
  "82": {
    "cen_loss": 1.6768443746014714,
    "cen_accuracy": 0.5266204361798668
  },
  "83": {
    "cen_loss": 1.699338902770314,
    "cen_accuracy": 0.5240913298505052
  },
  "84": {
    "cen_loss": 1.7219157024898522,
    "cen_accuracy": 0.5178367953129656
  },
  "85": {
    "cen_loss": 1.657147194899484,
    "cen_accuracy": 0.5225754581162252
  },
  "86": {
    "cen_loss": 1.7007074610859638,
    "cen_accuracy": 0.5217578198739541
  },
  "87": {
    "cen_loss": 1.688715572173961,
    "cen_accuracy": 0.5257004510087996
  },
  "88": {
    "cen_loss": 1.638371600777291,
    "cen_accuracy": 0.5307404686579589
  },