{
  "0": {
    "cen_loss": 2.3033384165763855,
    "cen_accuracy": 0.0765
  },
  "1": {
    "cen_loss": 2.3033384165763855,
    "cen_accuracy": 0.0765
  },
  "2": {
    "cen_loss": 2.519276605129242,
    "cen_accuracy": 0.09975
  },
  "3": {
    "cen_loss": 4.035011116981506,
    "cen_accuracy": 0.098625
  },
  "4": {
    "cen_loss": 4.219659364700317,
    "cen_accuracy": 0.098875
  },
  "5": {
    "cen_loss": 3.8852352566719057,
    "cen_accuracy": 0.1125
  },
  "6": {
    "cen_loss": 3.9728737256526947,
    "cen_accuracy": 0.112375
  },
  "7": {
    "cen_loss": 4.027463858604431,
    "cen_accuracy": 0.10275
  },
  "8": {
    "cen_loss": 3.272950269460678,
    "cen_accuracy": 0.2
  },
  "9": {
    "cen_loss": 3.0784037256240846,
    "cen_accuracy": 0.259875
  },
  "10": {
    "cen_loss": 2.7008724147081375,
    "cen_accuracy": 0.474625
  },
  "11": {
    "cen_loss": 2.828078094482422,
    "cen_accuracy": 0.312875
  },
  "12": {
    "cen_loss": 2.4309348063468934,
    "cen_accuracy": 0.365
  },
  "13": {
    "cen_loss": 2.262189382791519,
    "cen_accuracy": 0.43425
  },
  "14": {
    "cen_loss": 2.0399991173744203,
    "cen_accuracy": 0.472875
  },
  "15": {
    "cen_loss": 2.6536380492448806,
    "cen_accuracy": 0.4195
  },
  "16": {
    "cen_loss": 2.0554339134693147,
    "cen_accuracy": 0.511
  },
  "17": {
    "cen_loss": 2.1272936393022537,
    "cen_accuracy": 0.51675
  },
  "18": {
    "cen_loss": 1.873791019320488,
    "cen_accuracy": 0.55125
  },
  "19": {
    "cen_loss": 1.9208250241875648,
    "cen_accuracy": 0.546375
  },
  "20": {
    "cen_loss": 1.773119155615568,
    "cen_accuracy": 0.6125
  },
  "21": {
    "cen_loss": 1.8560487644076347,
    "cen_accuracy": 0.5505
  },
  "22": {
    "cen_loss": 1.598937052965164,
    "cen_accuracy": 0.58625
  },
  "23": {
    "cen_loss": 1.8964268401265145,
    "cen_accuracy": 0.564125
  },
  "24": {
    "cen_loss": 1.6160728461146354,
    "cen_accuracy": 0.60725
  },
  "25": {
    "cen_loss": 1.4382434810996056,
    "cen_accuracy": 0.643625
  },
  "26": {
    "cen_loss": 1.53120785972476,
    "cen_accuracy": 0.635125
  },
  "27": {
    "cen_loss": 1.3087796885371208,
    "cen_accuracy": 0.654
  },
  "28": {
    "cen_loss": 1.4807900848984719,
    "cen_accuracy": 0.641
  },
  "29": {
    "cen_loss": 1.8374487917721272,
    "cen_accuracy": 0.613125
  },
  "30": {
    "cen_loss": 1.7843115919530392,
    "cen_accuracy": 0.65725
  },
  "31": {
    "cen_loss": 1.7614418758153916,
    "cen_accuracy": 0.626875
  },
  "32": {
    "cen_loss": 1.6542332687675954,
    "cen_accuracy": 0.644875
  },
  "33": {
    "cen_loss": 1.3356154617071152,
    "cen_accuracy": 0.66875
  },
  "34": {
    "cen_loss": 1.6044686751961708,
    "cen_accuracy": 0.66975
  },
  "35": {
    "cen_loss": 1.7866800564080476,
    "cen_accuracy": 0.666625
  },
  "36": {
    "cen_loss": 1.6244983533620834,
    "cen_accuracy": 0.671
  },
  "37": {
    "cen_loss": 1.9670839644670486,
    "cen_accuracy": 0.67375
  },
  "38": {
    "cen_loss": 1.617389657229185,
    "cen_accuracy": 0.6785
  },
  "39": {
    "cen_loss": 1.8443795034587382,
    "cen_accuracy": 0.67175
  },
  "40": {
    "cen_loss": 2.3527486046850683,
    "cen_accuracy": 0.6835
  },
  "41": {
    "cen_loss": 1.6455036554336548,
    "cen_accuracy": 0.675
  },
  "42": {
    "cen_loss": 1.816801835089922,
    "cen_accuracy": 0.672875
  },
  "43": {
    "cen_loss": 1.362620036005974,
    "cen_accuracy": 0.677875
  },
  "44": {
    "cen_loss": 2.526105922937393,
    "cen_accuracy": 0.665
  },
  "45": {
    "cen_loss": 1.9260241965055465,
    "cen_accuracy": 0.675625
  },
  "46": {
    "cen_loss": 2.0205615144073965,
    "cen_accuracy": 0.6805
  },
  "47": {
    "cen_loss": 1.4388590572774411,
    "cen_accuracy": 0.690125
  },
  "48": {
    "cen_loss": 1.4124534051716329,
    "cen_accuracy": 0.701
  },
  "49": {
    "cen_loss": 1.2721859780848026,
    "cen_accuracy": 0.709625
  },
  "50": {
    "cen_loss": 1.8548014605492353,
    "cen_accuracy": 0.703875
  },
  "51": {
    "cen_loss": 1.3866517983973026,
    "cen_accuracy": 0.69025
  },
  "52": {
    "cen_loss": 1.226631160736084,
    "cen_accuracy": 0.706125
  },
  "53": {
    "cen_loss": 1.22952126185596,
    "cen_accuracy": 0.72175
  },
  "54": {
    "cen_loss": 1.335359718978405,
    "cen_accuracy": 0.716375
  },
  "55": {
    "cen_loss": 1.2000875382125378,
    "cen_accuracy": 0.720125
  },
  "56": {
    "cen_loss": 1.105291371434927,
    "cen_accuracy": 0.722
  },
  "57": {
    "cen_loss": 1.1772702761590481,
    "cen_accuracy": 0.713375
  },
  "58": {
    "cen_loss": 1.1983961739242077,
    "cen_accuracy": 0.73125
  },
  "59": {
    "cen_loss": 1.189644219622016,
    "cen_accuracy": 0.7285
  },
  "60": {
    "cen_loss": 1.4904463017135858,
    "cen_accuracy": 0.726875
  },
  "61": {
    "cen_loss": 1.0766788654476405,
    "cen_accuracy": 0.733375
  },
  "62": {
    "cen_loss": 1.2764980265200139,
    "cen_accuracy": 0.72625
  },
  "63": {
    "cen_loss": 1.5929907328039408,
    "cen_accuracy": 0.73125
  },
  "64": {
    "cen_loss": 1.2291847432255745,
    "cen_accuracy": 0.7345
  },
  "65": {
    "cen_loss": 1.2016087931841613,
    "cen_accuracy": 0.7395
  },
  "66": {
    "cen_loss": 1.1391376321911812,
    "cen_accuracy": 0.722375
  },
  "67": {
    "cen_loss": 1.0430240201950074,
    "cen_accuracy": 0.735125
  },
  "68": {
    "cen_loss": 1.0607087071985006,
    "cen_accuracy": 0.742625
  },
  "69": {
    "cen_loss": 1.0926764699965716,
    "cen_accuracy": 0.7435
  },
  "70": {
    "cen_loss": 1.2572468989267944,
    "cen_accuracy": 0.7445
  },
  "71": {
    "cen_loss": 1.079440056808293,
    "cen_accuracy": 0.7395
  },
  "72": {
    "cen_loss": 1.054939460799098,
    "cen_accuracy": 0.7465
  },
  "73": {
    "cen_loss": 1.1749148216024041,
    "cen_accuracy": 0.750875
  },
  "74": {
    "cen_loss": 1.0673834315165878,
    "cen_accuracy": 0.757125
  },
  "75": {
    "cen_loss": 1.3979604178741574,
    "cen_accuracy": 0.739
  },
  "76": {
    "cen_loss": 1.1347726823687554,
    "cen_accuracy": 0.75175
  },
  "77": {
    "cen_loss": 1.6423271648213267,
    "cen_accuracy": 0.742125
  },
  "78": {
    "cen_loss": 1.7891124030947685,
    "cen_accuracy": 0.717875
  },
  "79": {
    "cen_loss": 1.2911123446524144,
    "cen_accuracy": 0.749875
  },
  "80": {
    "cen_loss": 1.7532939365506173,
    "cen_accuracy": 0.748625
  },
  "81": {
    "cen_loss": 1.425510807082057,
    "cen_accuracy": 0.75075
  },
  "82": {
    "cen_loss": 1.546728674173355,
    "cen_accuracy": 0.741125
  },
  "83": {
    "cen_loss": 1.23333406201005,
    "cen_accuracy": 0.751
  },
  "84": {
    "cen_loss": 1.2851600584834815,
    "cen_accuracy": 0.74875
  },
  "85": {
    "cen_loss": 1.208671136058867,
    "cen_accuracy": 0.75725
  },
  "86": {
    "cen_loss": 1.4539569676890969,
    "cen_accuracy": 0.763375
  },
  "87": {
    "cen_loss": 1.4990199686661363,
    "cen_accuracy": 0.746375
  },
  "88": {
    "cen_loss": 1.4243227674365044,
    "cen_accuracy": 0.749125
  },
  "89": {
    "cen_loss": 1.1697893521487712,
    "cen_accuracy": 0.764625
  },
  "90": {
    "cen_loss": 1.7660515737235547,
    "cen_accuracy": 0.75425
  },
  "91": {
    "cen_loss": 1.0014733532369138,
    "cen_accuracy": 0.772
  },
  "92": {
    "cen_loss": 1.0327385080754756,
    "cen_accuracy": 0.76275
  },
  "93": {
    "cen_loss": 1.254302506748587,
    "cen_accuracy": 0.7625
  },
  "94": {
    "cen_loss": 1.4647676608264446,
    "cen_accuracy": 0.74775
  },
  "95": {
    "cen_loss": 1.241536151111126,
    "cen_accuracy": 0.754
  },
  "96": {
    "cen_loss": 1.130612819686532,
    "cen_accuracy": 0.76675
  },
  "97": {
    "cen_loss": 1.0142650325372815,
    "cen_accuracy": 0.77
  },
  "98": {
    "cen_loss": 1.0464226132035255,
    "cen_accuracy": 0.771625
  },
  "99": {
    "cen_loss": 0.9598543860465288,
    "cen_accuracy": 0.77225
  },
  "100": {
    "cen_loss": 1.1249829617217184,
    "cen_accuracy": 0.771375
  },
  "101": {
    "cen_loss": 0.9303212386667729,