{
  "0": {
    "cen_loss": 2.3028162007331847,
    "cen_accuracy": 0.1005
  },
  "1": {
    "cen_loss": 2.3028162007331847,
    "cen_accuracy": 0.1005
  },
  "2": {
    "cen_loss": 3.613083869457245,
    "cen_accuracy": 0.1005
  },
  "3": {
    "cen_loss": 4.212325365066528,
    "cen_accuracy": 0.0995
  },
  "4": {
    "cen_loss": 5.5514350595474244,
    "cen_accuracy": 0.0995
  },
  "5": {
    "cen_loss": 6.535213589668274,
    "cen_accuracy": 0.1005
  },
  "6": {
    "cen_loss": 6.081317523956299,
    "cen_accuracy": 0.102125
  },
  "7": {
    "cen_loss": 3.9100329546928405,
    "cen_accuracy": 0.197
  },
  "8": {
    "cen_loss": 2.512190051794052,
    "cen_accuracy": 0.28175
  },
  "9": {
    "cen_loss": 2.1641180400848388,
    "cen_accuracy": 0.34825
  },
  "10": {
    "cen_loss": 1.5553957875967026,
    "cen_accuracy": 0.530875
  },
  "11": {
    "cen_loss": 2.2812818974256515,
    "cen_accuracy": 0.366125
  },
  "12": {
    "cen_loss": 1.970400483250618,
    "cen_accuracy": 0.443625
  },
  "13": {
    "cen_loss": 1.7718688793182373,
    "cen_accuracy": 0.48825
  },
  "14": {
    "cen_loss": 1.819920866727829,
    "cen_accuracy": 0.489
  },
  "15": {
    "cen_loss": 1.5275781090855598,
    "cen_accuracy": 0.55475
  },
  "16": {
    "cen_loss": 1.4353647926449775,
    "cen_accuracy": 0.5835
  },
  "17": {
    "cen_loss": 1.7321886804103852,
    "cen_accuracy": 0.53975
  },
  "18": {
    "cen_loss": 1.5779196928739547,
    "cen_accuracy": 0.562625
  },
  "19": {
    "cen_loss": 1.442217102229595,
    "cen_accuracy": 0.587625
  },
  "20": {
    "cen_loss": 1.39800051933527,
    "cen_accuracy": 0.61425
  },
  "21": {
    "cen_loss": 1.3754146970510484,
    "cen_accuracy": 0.604875
  },
  "22": {
    "cen_loss": 1.3651995472609997,
    "cen_accuracy": 0.603875
  },
  "23": {
    "cen_loss": 1.3290642273724078,
    "cen_accuracy": 0.62425
  },
  "24": {
    "cen_loss": 1.4307688343524934,
    "cen_accuracy": 0.61425
  },
  "25": {
    "cen_loss": 1.4240593028366566,
    "cen_accuracy": 0.612625
  },
  "26": {
    "cen_loss": 1.3002099695801734,
    "cen_accuracy": 0.632
  },
  "27": {
    "cen_loss": 1.32215561029315,
    "cen_accuracy": 0.635375
  },
  "28": {
    "cen_loss": 1.34159020870924,
    "cen_accuracy": 0.627125
  },
  "29": {
    "cen_loss": 1.2996038754284382,
    "cen_accuracy": 0.64525
  },
  "30": {
    "cen_loss": 1.3467298475205898,
    "cen_accuracy": 0.64925
  },
  "31": {
    "cen_loss": 1.3405558118522167,
    "cen_accuracy": 0.64325
  },
  "32": {
    "cen_loss": 1.3030109716653824,
    "cen_accuracy": 0.633875
  },
  "33": {
    "cen_loss": 1.238718584358692,
    "cen_accuracy": 0.661375
  },
  "34": {
    "cen_loss": 1.2165967262387276,
    "cen_accuracy": 0.665375
  },
  "35": {
    "cen_loss": 1.2130591017007828,
    "cen_accuracy": 0.666375
  },
  "36": {
    "cen_loss": 1.1484961827248334,
    "cen_accuracy": 0.670875
  },
  "37": {
    "cen_loss": 1.128985110193491,
    "cen_accuracy": 0.68125
  },
  "38": {
    "cen_loss": 1.164088127464056,
    "cen_accuracy": 0.6805
  },
  "39": {
    "cen_loss": 1.1419514481127262,
    "cen_accuracy": 0.68175
  },
  "40": {
    "cen_loss": 1.2802332246303558,
    "cen_accuracy": 0.668625
  },
  "41": {
    "cen_loss": 1.1139702153801918,
    "cen_accuracy": 0.683375
  },
  "42": {
    "cen_loss": 1.0897748691439628,
    "cen_accuracy": 0.691625
  },
  "43": {
    "cen_loss": 1.0753372930884362,
    "cen_accuracy": 0.69075
  },
  "44": {
    "cen_loss": 1.0932108539640903,
    "cen_accuracy": 0.69075
  },
  "45": {
    "cen_loss": 1.113373205497861,
    "cen_accuracy": 0.69625
  },
  "46": {
    "cen_loss": 1.0457795800864695,
    "cen_accuracy": 0.707875
  },
  "47": {
    "cen_loss": 1.0877167067229747,
    "cen_accuracy": 0.69675
  },
  "48": {
    "cen_loss": 1.1115133117735385,
    "cen_accuracy": 0.69125
  },
  "49": {
    "cen_loss": 1.0801151486337184,
    "cen_accuracy": 0.695
  },
  "50": {
    "cen_loss": 1.187296126872301,
    "cen_accuracy": 0.68675
  },
  "51": {
    "cen_loss": 1.0668279507160188,
    "cen_accuracy": 0.70325
  },
  "52": {
    "cen_loss": 1.1015535709261894,
    "cen_accuracy": 0.70325
  },
  "53": {
    "cen_loss": 1.034633209720254,
    "cen_accuracy": 0.70775
  },
  "54": {
    "cen_loss": 1.1019040839076042,
    "cen_accuracy": 0.693125
  },
  "55": {
    "cen_loss": 1.0027682301104068,
    "cen_accuracy": 0.712625
  },
  "56": {
    "cen_loss": 1.0524657572060823,
    "cen_accuracy": 0.708375
  },
  "57": {
    "cen_loss": 1.0378100717067718,
    "cen_accuracy": 0.70375
  },
  "58": {
    "cen_loss": 1.001968994796276,
    "cen_accuracy": 0.714625
  },
  "59": {
    "cen_loss": 1.032567756101489,
    "cen_accuracy": 0.706875
  },
  "60": {
    "cen_loss": 1.07411263910681,
    "cen_accuracy": 0.702125
  },
  "61": {
    "cen_loss": 1.069199026837945,
    "cen_accuracy": 0.703125
  },
  "62": {
    "cen_loss": 1.0734413480162621,
    "cen_accuracy": 0.6995
  },
  "63": {
    "cen_loss": 0.9925332725048065,
    "cen_accuracy": 0.716
  },
  "64": {
    "cen_loss": 0.9751750913560391,
    "cen_accuracy": 0.7185
  },
  "65": {
    "cen_loss": 1.013569720968604,
    "cen_accuracy": 0.713375
  },
  "66": {
    "cen_loss": 1.0107450211048126,
    "cen_accuracy": 0.71525
  },
  "67": {
    "cen_loss": 0.942400324895978,
    "cen_accuracy": 0.734
  },
  "68": {
    "cen_loss": 0.9473179108574986,
    "cen_accuracy": 0.731875
  },
  "69": {
    "cen_loss": 0.9823973988667131,
    "cen_accuracy": 0.727625
  },
  "70": {
    "cen_loss": 1.0746159126162529,
    "cen_accuracy": 0.714
  },
  "71": {
    "cen_loss": 0.9455077394396066,
    "cen_accuracy": 0.724625
  },
  "72": {
    "cen_loss": 0.9491399434655905,
    "cen_accuracy": 0.724125
  },
  "73": {
    "cen_loss": 0.9197777303308249,
    "cen_accuracy": 0.73475
  },
  "74": {
    "cen_loss": 0.9656094388216734,
    "cen_accuracy": 0.729375
  },
  "75": {
    "cen_loss": 0.9068772430121899,
    "cen_accuracy": 0.736125
  },
  "76": {
    "cen_loss": 0.922132353246212,
    "cen_accuracy": 0.735875
  },
  "77": {
    "cen_loss": 0.9557583389505744,
    "cen_accuracy": 0.722125
  },
  "78": {
    "cen_loss": 0.9040464126467704,
    "cen_accuracy": 0.73325
  },
  "79": {
    "cen_loss": 0.9166857693344355,
    "cen_accuracy": 0.73325
  },
  "80": {
    "cen_loss": 0.9921754437983036,
    "cen_accuracy": 0.726875
  },
  "81": {
    "cen_loss": 0.9629202618598938,
    "cen_accuracy": 0.7285
  },
  "82": {
    "cen_loss": 0.8862132428511977,
    "cen_accuracy": 0.745125
  },
  "83": {
    "cen_loss": 0.9450745281428099,
    "cen_accuracy": 0.734875
  },
  "84": {
    "cen_loss": 0.9007085319906473,
    "cen_accuracy": 0.74475
  },
  "85": {
    "cen_loss": 0.9320388596206903,
    "cen_accuracy": 0.741
  },
  "86": {
    "cen_loss": 0.9251027156412601,
    "cen_accuracy": 0.743
  },
  "87": {
    "cen_loss": 0.9396800838187337,
    "cen_accuracy": 0.740625
  },
  "88": {
    "cen_loss": 0.9159740228354931,
    "cen_accuracy": 0.739375
  },
  "89": {
    "cen_loss": 0.8633347717374563,
    "cen_accuracy": 0.747875
  },
  "90": {
    "cen_loss": 0.8708502895981073,
    "cen_accuracy": 0.750625
  },
  "91": {
    "cen_loss": 0.864456919759512,
    "cen_accuracy": 0.7525
  },
  "92": {
    "cen_loss": 0.9101042498350144,
    "cen_accuracy": 0.737
  },
  "93": {
    "cen_loss": 0.9107715405225754,
    "cen_accuracy": 0.7425
  },
  "94": {
    "cen_loss": 0.86471207010746,
    "cen_accuracy": 0.748125
  },
  "95": {
    "cen_loss": 0.9018294735997915,
    "cen_accuracy": 0.7435
  },
  "96": {
    "cen_loss": 0.8534362229257823,
    "cen_accuracy": 0.75475
  },
  "97": {
    "cen_loss": 0.8891235848665238,
    "cen_accuracy": 0.75425
  },
  "98": {
    "cen_loss": 0.8656795709729195,
    "cen_accuracy": 0.754625
  },
  "99": {
    "cen_loss": 0.8656795709729195,
    "cen_accuracy": 0.754625
  },
  "100": {
    "cen_loss": 0.8278872631043196,
    "cen_accuracy": 0.766875
  },
  "101": {
    "cen_loss": 0.8278872631043196,