{
  "0": {
    "cen_loss": 2.3027569942474364,
    "cen_accuracy": 0.100375
  },
  "1": {
    "cen_loss": 2.3027569942474364,
    "cen_accuracy": 0.100375
  },
  "2": {
    "cen_loss": 3.738904830932617,
    "cen_accuracy": 0.099125
  },
  "3": {
    "cen_loss": 4.603537874698639,
    "cen_accuracy": 0.099125
  },
  "4": {
    "cen_loss": 4.521639162540436,
    "cen_accuracy": 0.099125
  },
  "5": {
    "cen_loss": 5.514039053916931,
    "cen_accuracy": 0.099125
  },
  "6": {
    "cen_loss": 6.107116303920746,
    "cen_accuracy": 0.099125
  },
  "7": {
    "cen_loss": 6.56371752166748,
    "cen_accuracy": 0.099125
  },
  "8": {
    "cen_loss": 4.484799374103546,
    "cen_accuracy": 0.126
  },
  "9": {
    "cen_loss": 3.021299333810806,
    "cen_accuracy": 0.202875
  },
  "10": {
    "cen_loss": 1.4010674399137497,
    "cen_accuracy": 0.50675
  },
  "11": {
    "cen_loss": 2.363999571561813,
    "cen_accuracy": 0.2975
  },
  "12": {
    "cen_loss": 2.143370015501976,
    "cen_accuracy": 0.357625
  },
  "13": {
    "cen_loss": 2.0035627801418303,
    "cen_accuracy": 0.388125
  },
  "14": {
    "cen_loss": 1.7389808937311173,
    "cen_accuracy": 0.447
  },
  "15": {
    "cen_loss": 1.623732707977295,
    "cen_accuracy": 0.4845
  },
  "16": {
    "cen_loss": 1.5259184935092927,
    "cen_accuracy": 0.5175
  },
  "17": {
    "cen_loss": 1.540526221871376,
    "cen_accuracy": 0.521
  },
  "18": {
    "cen_loss": 1.4850088399648667,
    "cen_accuracy": 0.535
  },
  "19": {
    "cen_loss": 1.4804385768175126,
    "cen_accuracy": 0.549375
  },
  "20": {
    "cen_loss": 1.2584606366157531,
    "cen_accuracy": 0.61075
  },
  "21": {
    "cen_loss": 1.4475786736607552,
    "cen_accuracy": 0.56
  },
  "22": {
    "cen_loss": 1.6194668063521385,
    "cen_accuracy": 0.525
  },
  "23": {
    "cen_loss": 1.4377995782494546,
    "cen_accuracy": 0.572625
  },
  "24": {
    "cen_loss": 1.3035037857294083,
    "cen_accuracy": 0.597625
  },
  "25": {
    "cen_loss": 1.3099366270899773,
    "cen_accuracy": 0.601125
  },
  "26": {
    "cen_loss": 1.280370693922043,
    "cen_accuracy": 0.613625
  },
  "27": {
    "cen_loss": 1.2106144393384457,
    "cen_accuracy": 0.623125
  },
  "28": {
    "cen_loss": 1.4960543340444565,
    "cen_accuracy": 0.578125
  },
  "29": {
    "cen_loss": 1.619821685373783,
    "cen_accuracy": 0.5365
  },
  "30": {
    "cen_loss": 1.9251436691880226,
    "cen_accuracy": 0.498625
  },
  "31": {
    "cen_loss": 1.4920512576699256,
    "cen_accuracy": 0.577125
  },
  "32": {
    "cen_loss": 1.5927564961910248,
    "cen_accuracy": 0.562
  },
  "33": {
    "cen_loss": 1.5174883718192578,
    "cen_accuracy": 0.558375
  },
  "34": {
    "cen_loss": 1.7623516635298728,
    "cen_accuracy": 0.54975
  },
  "35": {
    "cen_loss": 1.5794988080263137,
    "cen_accuracy": 0.57725
  },
  "36": {
    "cen_loss": 1.7104331440329552,
    "cen_accuracy": 0.566125
  },
  "37": {
    "cen_loss": 1.42706824862957,
    "cen_accuracy": 0.58775
  },
  "38": {
    "cen_loss": 1.1572717644274235,
    "cen_accuracy": 0.644125
  },
  "39": {
    "cen_loss": 1.3428688062727452,
    "cen_accuracy": 0.61425
  },
  "40": {
    "cen_loss": 1.3345109665989876,
    "cen_accuracy": 0.62425
  },
  "41": {
    "cen_loss": 1.3480525081157684,
    "cen_accuracy": 0.60675
  },
  "42": {
    "cen_loss": 1.5191106934547425,
    "cen_accuracy": 0.581625
  },
  "43": {
    "cen_loss": 1.3152674666047097,
    "cen_accuracy": 0.611125
  },
  "44": {
    "cen_loss": 1.4033829556703568,
    "cen_accuracy": 0.607375
  },
  "45": {
    "cen_loss": 1.3521211786270142,
    "cen_accuracy": 0.642125
  },
  "46": {
    "cen_loss": 1.4216725953817368,
    "cen_accuracy": 0.60275
  },
  "47": {
    "cen_loss": 1.28083058989048,
    "cen_accuracy": 0.61175
  },
  "48": {
    "cen_loss": 1.5690404924154282,
    "cen_accuracy": 0.592625
  },
  "49": {
    "cen_loss": 1.260593726709485,
    "cen_accuracy": 0.625
  },
  "50": {
    "cen_loss": 1.257944183319807,
    "cen_accuracy": 0.62875
  },
  "51": {
    "cen_loss": 1.2227469140291214,
    "cen_accuracy": 0.642625
  },
  "52": {
    "cen_loss": 1.4765241914391518,
    "cen_accuracy": 0.607875
  },
  "53": {
    "cen_loss": 1.7523721153140068,
    "cen_accuracy": 0.559375
  },
  "54": {
    "cen_loss": 1.3947583525776863,
    "cen_accuracy": 0.60675
  },
  "55": {
    "cen_loss": 1.1528848779797554,
    "cen_accuracy": 0.652375
  },
  "56": {
    "cen_loss": 1.365481307208538,
    "cen_accuracy": 0.621875
  },
  "57": {
    "cen_loss": 1.29310260951519,
    "cen_accuracy": 0.631125
  },
  "58": {
    "cen_loss": 1.2347023198008538,
    "cen_accuracy": 0.65625
  },
  "59": {
    "cen_loss": 1.2743255838751792,
    "cen_accuracy": 0.637
  },
  "60": {
    "cen_loss": 1.2716826525330545,
    "cen_accuracy": 0.641
  },
  "61": {
    "cen_loss": 1.4107005957961083,
    "cen_accuracy": 0.59425
  },
  "62": {
    "cen_loss": 1.557851203262806,
    "cen_accuracy": 0.599
  },
  "63": {
    "cen_loss": 1.5836061189174653,
    "cen_accuracy": 0.613
  },
  "64": {
    "cen_loss": 1.1751382016837597,
    "cen_accuracy": 0.658
  },
  "65": {
    "cen_loss": 1.1024240967035293,
    "cen_accuracy": 0.66425
  },
  "66": {
    "cen_loss": 1.2804569821655751,
    "cen_accuracy": 0.6395
  },
  "67": {
    "cen_loss": 1.5715925342440604,
    "cen_accuracy": 0.59475
  },
  "68": {
    "cen_loss": 1.28442153480649,
    "cen_accuracy": 0.646375
  },
  "69": {
    "cen_loss": 1.2680780532360076,
    "cen_accuracy": 0.646625
  },
  "70": {
    "cen_loss": 1.2462107764184476,
    "cen_accuracy": 0.652625
  },
  "71": {
    "cen_loss": 1.0841285176575184,
    "cen_accuracy": 0.67925
  },
  "72": {
    "cen_loss": 1.2438440801501274,
    "cen_accuracy": 0.64425
  },
  "73": {
    "cen_loss": 1.2682439317107201,
    "cen_accuracy": 0.64325
  },
  "74": {
    "cen_loss": 1.3489537383019925,
    "cen_accuracy": 0.6345
  },
  "75": {
    "cen_loss": 1.10019805906713,
    "cen_accuracy": 0.666875
  },
  "76": {
    "cen_loss": 1.9314814870357513,
    "cen_accuracy": 0.575375
  },
  "77": {
    "cen_loss": 1.1398221707046032,
    "cen_accuracy": 0.67325
  },
  "78": {
    "cen_loss": 1.2688682962656022,
    "cen_accuracy": 0.64875
  },
  "79": {
    "cen_loss": 1.2233945382237434,
    "cen_accuracy": 0.653
  },
  "80": {
    "cen_loss": 1.3596834577918053,
    "cen_accuracy": 0.637125
  },
  "81": {
    "cen_loss": 1.281494071930647,
    "cen_accuracy": 0.650125
  },
  "82": {
    "cen_loss": 1.2349256533682347,
    "cen_accuracy": 0.6605
  },
  "83": {
    "cen_loss": 1.172892332792282,
    "cen_accuracy": 0.675
  },
  "84": {
    "cen_loss": 0.9622751741856337,
    "cen_accuracy": 0.710375
  },
  "85": {
    "cen_loss": 1.06291347900033,
    "cen_accuracy": 0.68975
  },
  "86": {
    "cen_loss": 1.114456050693989,
    "cen_accuracy": 0.67475
  },
  "87": {
    "cen_loss": 1.098844799183309,
    "cen_accuracy": 0.68525
  },
  "88": {
    "cen_loss": 1.1890899591147899,
    "cen_accuracy": 0.65825
  },
  "89": {
    "cen_loss": 1.268788969397545,
    "cen_accuracy": 0.642625
  },
  "90": {
    "cen_loss": 1.2187108155190944,
    "cen_accuracy": 0.660125
  },
  "91": {
    "cen_loss": 1.5018218801617622,
    "cen_accuracy": 0.62325
  },
  "92": {
    "cen_loss": 1.1813409054875375,
    "cen_accuracy": 0.66075
  },
  "93": {
    "cen_loss": 1.3071266240924597,
    "cen_accuracy": 0.65225
  },
  "94": {
    "cen_loss": 1.1090469584167004,
    "cen_accuracy": 0.68075
  },
  "95": {
    "cen_loss": 1.0731910769343376,
    "cen_accuracy": 0.6845
  },
  "96": {
    "cen_loss": 1.4075342028737068,
    "cen_accuracy": 0.644625
  },
  "97": {
    "cen_loss": 1.122436160966754,
    "cen_accuracy": 0.6745
  },
  "98": {
    "cen_loss": 1.348422680824995,
    "cen_accuracy": 0.649
  },
  "99": {
    "cen_loss": 1.1858132766336202,
    "cen_accuracy": 0.66825
  },
  "100": {
    "cen_loss": 1.2788700472712518,
    "cen_accuracy": 0.651375
  },
  "101": {
    "cen_loss": 1.0140975194722415,