{
  "0": {
    "cen_loss": 2.3027670545578003,
    "cen_accuracy": 0.0985
  },
  "1": {
    "cen_loss": 2.3027670545578003,
    "cen_accuracy": 0.0985
  },
  "2": {
    "cen_loss": 4.134114146709442,
    "cen_accuracy": 0.097625
  },
  "3": {
    "cen_loss": 2.7783291721343994,
    "cen_accuracy": 0.111625
  },
  "4": {
    "cen_loss": 5.144670271396637,
    "cen_accuracy": 0.097625
  },
  "5": {
    "cen_loss": 4.23416783952713,
    "cen_accuracy": 0.1335
  },
  "6": {
    "cen_loss": 3.391014051914215,
    "cen_accuracy": 0.174375
  },
  "7": {
    "cen_loss": 2.930018842458725,
    "cen_accuracy": 0.29475
  },
  "8": {
    "cen_loss": 6.337011061668396,
    "cen_accuracy": 0.218375
  },
  "9": {
    "cen_loss": 3.8398245420455934,
    "cen_accuracy": 0.234875
  },
  "10": {
    "cen_loss": 4.810052959442139,
    "cen_accuracy": 0.236375
  },
  "11": {
    "cen_loss": 3.309024982213974,
    "cen_accuracy": 0.24775
  },
  "12": {
    "cen_loss": 1.828037647008896,
    "cen_accuracy": 0.4115
  },
  "13": {
    "cen_loss": 3.023721415758133,
    "cen_accuracy": 0.295125
  },
  "14": {
    "cen_loss": 3.2568015110492707,
    "cen_accuracy": 0.193375
  },
  "15": {
    "cen_loss": 2.9217459337711333,
    "cen_accuracy": 0.2665
  },
  "16": {
    "cen_loss": 4.213811430454254,
    "cen_accuracy": 0.267125
  },
  "17": {
    "cen_loss": 2.5849094631671905,
    "cen_accuracy": 0.310125
  },
  "18": {
    "cen_loss": 1.974359269142151,
    "cen_accuracy": 0.382375
  },
  "19": {
    "cen_loss": 2.3315484027862547,
    "cen_accuracy": 0.386125
  },
  "20": {
    "cen_loss": 1.8961556448936463,
    "cen_accuracy": 0.444125
  },
  "21": {
    "cen_loss": 1.6787423400878907,
    "cen_accuracy": 0.46925
  },
  "22": {
    "cen_loss": 2.330369768381119,
    "cen_accuracy": 0.381375
  },
  "23": {
    "cen_loss": 1.789358245253563,
    "cen_accuracy": 0.443375
  },
  "24": {
    "cen_loss": 2.039486664891243,
    "cen_accuracy": 0.412375
  },
  "25": {
    "cen_loss": 1.910363302230835,
    "cen_accuracy": 0.4215
  },
  "26": {
    "cen_loss": 1.8423288807868958,
    "cen_accuracy": 0.45
  },
  "27": {
    "cen_loss": 2.407531135082245,
    "cen_accuracy": 0.4
  },
  "28": {
    "cen_loss": 2.20182206594944,
    "cen_accuracy": 0.455
  },
  "29": {
    "cen_loss": 1.908745018839836,
    "cen_accuracy": 0.44525
  },
  "30": {
    "cen_loss": 1.8289308807849884,
    "cen_accuracy": 0.486125
  },
  "31": {
    "cen_loss": 1.6382540572881699,
    "cen_accuracy": 0.475125
  },
  "32": {
    "cen_loss": 2.1372956939935683,
    "cen_accuracy": 0.426625
  },
  "33": {
    "cen_loss": 2.1827765916585924,
    "cen_accuracy": 0.452625
  },
  "34": {
    "cen_loss": 1.955851743578911,
    "cen_accuracy": 0.46025
  },
  "35": {
    "cen_loss": 1.9708962121009828,
    "cen_accuracy": 0.47025
  },
  "36": {
    "cen_loss": 2.089662472486496,
    "cen_accuracy": 0.442375
  },
  "37": {
    "cen_loss": 1.897232482433319,
    "cen_accuracy": 0.476875
  },
  "38": {
    "cen_loss": 2.0842374618053436,
    "cen_accuracy": 0.46275
  },
  "39": {
    "cen_loss": 1.9565085541009903,
    "cen_accuracy": 0.469125
  },
  "40": {
    "cen_loss": 1.8557419347763062,
    "cen_accuracy": 0.517
  },
  "41": {
    "cen_loss": 1.7359319054484368,
    "cen_accuracy": 0.50525
  },
  "42": {
    "cen_loss": 1.838911061644554,
    "cen_accuracy": 0.487625
  },
  "43": {
    "cen_loss": 1.8689236928224564,
    "cen_accuracy": 0.48975
  },
  "44": {
    "cen_loss": 1.9098863173723222,
    "cen_accuracy": 0.4935
  },
  "45": {
    "cen_loss": 1.8006234649419786,
    "cen_accuracy": 0.48025
  },
  "46": {
    "cen_loss": 1.901249539256096,
    "cen_accuracy": 0.490125
  },
  "47": {
    "cen_loss": 1.974803763270378,
    "cen_accuracy": 0.48925
  },
  "48": {
    "cen_loss": 2.0060050218105316,
    "cen_accuracy": 0.466125
  },
  "49": {
    "cen_loss": 1.7240708345770837,
    "cen_accuracy": 0.505375
  },
  "50": {
    "cen_loss": 1.7369007995128631,
    "cen_accuracy": 0.51575
  },
  "51": {
    "cen_loss": 1.731945152401924,
    "cen_accuracy": 0.5125
  },
  "52": {
    "cen_loss": 1.8721002289056778,
    "cen_accuracy": 0.490375
  },
  "53": {
    "cen_loss": 1.8433411136865616,
    "cen_accuracy": 0.48975
  },
  "54": {
    "cen_loss": 2.1778743225336075,
    "cen_accuracy": 0.454375
  },
  "55": {
    "cen_loss": 1.8035043098330499,
    "cen_accuracy": 0.494625
  },
  "56": {
    "cen_loss": 1.8240432760715484,
    "cen_accuracy": 0.49825
  },
  "57": {
    "cen_loss": 1.563012304097414,
    "cen_accuracy": 0.555375
  },
  "58": {
    "cen_loss": 1.725858758330345,
    "cen_accuracy": 0.541375
  },
  "59": {
    "cen_loss": 1.6735826209783553,
    "cen_accuracy": 0.513625
  },
  "60": {
    "cen_loss": 1.6312711911797524,
    "cen_accuracy": 0.5425
  },
  "61": {
    "cen_loss": 1.6178128191232681,
    "cen_accuracy": 0.530125
  },
  "62": {
    "cen_loss": 1.7294332079291344,
    "cen_accuracy": 0.52025
  },
  "63": {
    "cen_loss": 1.990829185128212,
    "cen_accuracy": 0.478625
  },
  "64": {
    "cen_loss": 1.8963069487810136,
    "cen_accuracy": 0.494875
  },
  "65": {
    "cen_loss": 1.6151506308317185,
    "cen_accuracy": 0.553375
  },
  "66": {
    "cen_loss": 1.8243355386853217,
    "cen_accuracy": 0.5065
  },
  "67": {
    "cen_loss": 1.5357555277347565,
    "cen_accuracy": 0.564
  },
  "68": {
    "cen_loss": 1.4287344788312912,
    "cen_accuracy": 0.58625
  },
  "69": {
    "cen_loss": 1.5431691330075263,
    "cen_accuracy": 0.563
  },
  "70": {
    "cen_loss": 1.5663034177422523,
    "cen_accuracy": 0.589375
  },
  "71": {
    "cen_loss": 1.5666258484125137,
    "cen_accuracy": 0.5675
  },
  "72": {
    "cen_loss": 1.7752469217777251,
    "cen_accuracy": 0.549125
  },
  "73": {
    "cen_loss": 2.0096701842546465,
    "cen_accuracy": 0.514625
  },
  "74": {
    "cen_loss": 1.9794491961598397,
    "cen_accuracy": 0.516
  },
  "75": {
    "cen_loss": 1.8151439769268036,
    "cen_accuracy": 0.5445
  },
  "76": {
    "cen_loss": 1.6098147398531437,
    "cen_accuracy": 0.56675
  },
  "77": {
    "cen_loss": 1.6158639548420906,
    "cen_accuracy": 0.54875
  },
  "78": {
    "cen_loss": 1.492270060658455,
    "cen_accuracy": 0.566125
  },
  "79": {
    "cen_loss": 1.5320868317782879,
    "cen_accuracy": 0.558625
  },
  "80": {
    "cen_loss": 1.5333773112893105,
    "cen_accuracy": 0.57875
  },
  "81": {
    "cen_loss": 1.3714886670708657,
    "cen_accuracy": 0.597125
  },
  "82": {
    "cen_loss": 1.398671615421772,
    "cen_accuracy": 0.593875
  },
  "83": {
    "cen_loss": 1.4492039102315903,
    "cen_accuracy": 0.592625
  },
  "84": {
    "cen_loss": 1.5021842574477196,
    "cen_accuracy": 0.578125
  },
  "85": {
    "cen_loss": 1.5190430092215539,
    "cen_accuracy": 0.58075
  },
  "86": {
    "cen_loss": 1.5113143798708917,
    "cen_accuracy": 0.584625
  },
  "87": {
    "cen_loss": 1.5577078967690468,
    "cen_accuracy": 0.582
  },
  "88": {
    "cen_loss": 1.600386993587017,
    "cen_accuracy": 0.566875
  },
  "89": {
    "cen_loss": 1.601088688671589,
    "cen_accuracy": 0.570625
  },
  "90": {
    "cen_loss": 1.5197974674105643,
    "cen_accuracy": 0.609625
  },
  "91": {
    "cen_loss": 1.438513978689909,
    "cen_accuracy": 0.591375
  },
  "92": {
    "cen_loss": 1.4627357040047646,
    "cen_accuracy": 0.58525
  },
  "93": {
    "cen_loss": 1.478650180876255,
    "cen_accuracy": 0.59525
  },
  "94": {
    "cen_loss": 1.4511433053016662,
    "cen_accuracy": 0.584875
  },
  "95": {
    "cen_loss": 1.4901776887774467,
    "cen_accuracy": 0.594125
  },
  "96": {
    "cen_loss": 1.4765474211573602,
    "cen_accuracy": 0.59025
  },
  "97": {
    "cen_loss": 1.5777690072655677,
    "cen_accuracy": 0.576
  },
  "98": {
    "cen_loss": 1.48771163636446,
    "cen_accuracy": 0.59575
  },
  "99": {
    "cen_loss": 1.5458237237930297,
    "cen_accuracy": 0.59725
  },
  "100": {
    "cen_loss": 1.5933484528064727,
    "cen_accuracy": 0.606125
  },