{
  "0": {
    "cen_loss": 2.30263138961792,
    "cen_accuracy": 0.10175
  },
  "1": {
    "cen_loss": 2.30263138961792,
    "cen_accuracy": 0.10175
  },
  "2": {
    "cen_loss": 3.1534447219371797,
    "cen_accuracy": 0.10075
  },
  "3": {
    "cen_loss": 3.3155979380607605,
    "cen_accuracy": 0.10175
  },
  "4": {
    "cen_loss": 3.922328423023224,
    "cen_accuracy": 0.10175
  },
  "5": {
    "cen_loss": 3.332787079334259,
    "cen_accuracy": 0.10175
  },
  "6": {
    "cen_loss": 5.993167908191681,
    "cen_accuracy": 0.1
  },
  "7": {
    "cen_loss": 3.51088640499115,
    "cen_accuracy": 0.112875
  },
  "8": {
    "cen_loss": 2.1203612859249117,
    "cen_accuracy": 0.2095
  },
  "9": {
    "cen_loss": 2.261031411409378,
    "cen_accuracy": 0.250375
  },
  "10": {
    "cen_loss": 2.498944032907486,
    "cen_accuracy": 0.267125
  },
  "11": {
    "cen_loss": 5.128768176078796,
    "cen_accuracy": 0.225875
  },
  "12": {
    "cen_loss": 2.9577740972042084,
    "cen_accuracy": 0.22025
  },
  "13": {
    "cen_loss": 3.1705111057758333,
    "cen_accuracy": 0.21375
  },
  "14": {
    "cen_loss": 2.479807198524475,
    "cen_accuracy": 0.2705
  },
  "15": {
    "cen_loss": 2.671694213628769,
    "cen_accuracy": 0.2105
  },
  "16": {
    "cen_loss": 2.187967942237854,
    "cen_accuracy": 0.312625
  },
  "17": {
    "cen_loss": 2.119867535710335,
    "cen_accuracy": 0.364
  },
  "18": {
    "cen_loss": 4.104257251739502,
    "cen_accuracy": 0.272125
  },
  "19": {
    "cen_loss": 2.403665869832039,
    "cen_accuracy": 0.3765
  },
  "20": {
    "cen_loss": 2.749402473926544,
    "cen_accuracy": 0.348
  },
  "21": {
    "cen_loss": 1.8250472284555435,
    "cen_accuracy": 0.398875
  },
  "22": {
    "cen_loss": 2.489263728141785,
    "cen_accuracy": 0.345125
  },
  "23": {
    "cen_loss": 3.6693868367671967,
    "cen_accuracy": 0.280875
  },
  "24": {
    "cen_loss": 3.2311497453451157,
    "cen_accuracy": 0.349625
  },
  "25": {
    "cen_loss": 2.5937785118818284,
    "cen_accuracy": 0.323125
  },
  "26": {
    "cen_loss": 1.9803291594982146,
    "cen_accuracy": 0.380375
  },
  "27": {
    "cen_loss": 3.072122054576874,
    "cen_accuracy": 0.360875
  },
  "28": {
    "cen_loss": 2.381037300348282,
    "cen_accuracy": 0.292375
  },
  "29": {
    "cen_loss": 1.9935988795757293,
    "cen_accuracy": 0.3815
  },
  "30": {
    "cen_loss": 2.5102453529834747,
    "cen_accuracy": 0.3535
  },
  "31": {
    "cen_loss": 3.116272293806076,
    "cen_accuracy": 0.33
  },
  "32": {
    "cen_loss": 2.609914155960083,
    "cen_accuracy": 0.305625
  },
  "33": {
    "cen_loss": 2.70341529405117,
    "cen_accuracy": 0.368
  },
  "34": {
    "cen_loss": 2.3823700566291808,
    "cen_accuracy": 0.3665
  },
  "35": {
    "cen_loss": 1.489114838719368,
    "cen_accuracy": 0.480375
  },
  "36": {
    "cen_loss": 1.964483532190323,
    "cen_accuracy": 0.442125
  },
  "37": {
    "cen_loss": 1.8920070766210555,
    "cen_accuracy": 0.434625
  },
  "38": {
    "cen_loss": 3.4839948511123655,
    "cen_accuracy": 0.348
  },
  "39": {
    "cen_loss": 2.7778094704151153,
    "cen_accuracy": 0.292875
  },
  "40": {
    "cen_loss": 4.121104888916015,
    "cen_accuracy": 0.2455
  },
  "41": {
    "cen_loss": 2.3577861368656157,
    "cen_accuracy": 0.396125
  },
  "42": {
    "cen_loss": 2.0737354236841203,
    "cen_accuracy": 0.389125
  },
  "43": {
    "cen_loss": 1.7706658083200455,
    "cen_accuracy": 0.42775
  },
  "44": {
    "cen_loss": 1.8851632640361786,
    "cen_accuracy": 0.35975
  },
  "45": {
    "cen_loss": 1.9584578865766524,
    "cen_accuracy": 0.43275
  },
  "46": {
    "cen_loss": 2.557907311081886,
    "cen_accuracy": 0.361375
  },
  "47": {
    "cen_loss": 2.277005548477173,
    "cen_accuracy": 0.403875
  },
  "48": {
    "cen_loss": 1.4744786833524703,
    "cen_accuracy": 0.506625
  },
  "49": {
    "cen_loss": 1.4352207672595978,
    "cen_accuracy": 0.530625
  },
  "50": {
    "cen_loss": 1.825257463514805,
    "cen_accuracy": 0.474875
  },
  "51": {
    "cen_loss": 1.7712635929584504,
    "cen_accuracy": 0.457625
  },
  "52": {
    "cen_loss": 1.6667482956647872,
    "cen_accuracy": 0.487
  },
  "53": {
    "cen_loss": 1.6968258452415466,
    "cen_accuracy": 0.470875
  },
  "54": {
    "cen_loss": 1.910117245912552,
    "cen_accuracy": 0.433375
  },
  "55": {
    "cen_loss": 1.8851675313711167,
    "cen_accuracy": 0.4205
  },
  "56": {
    "cen_loss": 3.1861103971004487,
    "cen_accuracy": 0.259375
  },
  "57": {
    "cen_loss": 1.9351265445947647,
    "cen_accuracy": 0.48575
  },
  "58": {
    "cen_loss": 1.9952930175065995,
    "cen_accuracy": 0.415375
  },
  "59": {
    "cen_loss": 2.391032044529915,
    "cen_accuracy": 0.408375
  },
  "60": {
    "cen_loss": 2.8612872462272643,
    "cen_accuracy": 0.359625
  },
  "61": {
    "cen_loss": 2.234252274632454,
    "cen_accuracy": 0.46825
  },
  "62": {
    "cen_loss": 1.972966257095337,
    "cen_accuracy": 0.408375
  },
  "63": {
    "cen_loss": 2.7015897715091706,
    "cen_accuracy": 0.402875
  },
  "64": {
    "cen_loss": 1.695322318315506,
    "cen_accuracy": 0.4605
  },
  "65": {
    "cen_loss": 1.3079468089342117,
    "cen_accuracy": 0.556125
  },
  "66": {
    "cen_loss": 1.6712620595693588,
    "cen_accuracy": 0.489875
  },
  "67": {
    "cen_loss": 1.9973265951871872,
    "cen_accuracy": 0.450125
  },
  "68": {
    "cen_loss": 1.8528877363204956,
    "cen_accuracy": 0.461375
  },
  "69": {
    "cen_loss": 1.9222578769922256,
    "cen_accuracy": 0.445375
  },
  "70": {
    "cen_loss": 2.5108215647935865,
    "cen_accuracy": 0.378125
  },
  "71": {
    "cen_loss": 1.8133310767412185,
    "cen_accuracy": 0.4685
  },
  "72": {
    "cen_loss": 1.9971505315303804,
    "cen_accuracy": 0.419375
  },
  "73": {
    "cen_loss": 1.6330396395921707,
    "cen_accuracy": 0.516875
  },
  "74": {
    "cen_loss": 2.296396665215492,
    "cen_accuracy": 0.4115
  },
  "75": {
    "cen_loss": 1.7976068419218063,
    "cen_accuracy": 0.487125
  },
  "76": {
    "cen_loss": 2.799833519220352,
    "cen_accuracy": 0.289125
  },
  "77": {
    "cen_loss": 2.754084337949753,
    "cen_accuracy": 0.286625
  },
  "78": {
    "cen_loss": 1.9737229079008103,
    "cen_accuracy": 0.444
  },
  "79": {
    "cen_loss": 1.5887611238956452,
    "cen_accuracy": 0.530125
  },
  "80": {
    "cen_loss": 1.7041546460390091,
    "cen_accuracy": 0.5105
  },
  "81": {
    "cen_loss": 1.6091714251041411,
    "cen_accuracy": 0.524125
  },
  "82": {
    "cen_loss": 1.3955425810813904,
    "cen_accuracy": 0.556125
  },
  "83": {
    "cen_loss": 2.1518066928386688,
    "cen_accuracy": 0.392375
  },
  "84": {
    "cen_loss": 1.2469812473654747,
    "cen_accuracy": 0.567
  },
  "85": {
    "cen_loss": 1.453540477991104,
    "cen_accuracy": 0.546125
  },
  "86": {
    "cen_loss": 2.389583165407181,
    "cen_accuracy": 0.356875
  },
  "87": {
    "cen_loss": 1.4556386127471923,
    "cen_accuracy": 0.545375
  },
  "88": {
    "cen_loss": 1.5143054641485214,
    "cen_accuracy": 0.504375
  },
  "89": {
    "cen_loss": 1.5214783165454864,
    "cen_accuracy": 0.53125
  },
  "90": {
    "cen_loss": 1.7309223592281342,
    "cen_accuracy": 0.497625
  },
  "91": {
    "cen_loss": 1.8139269140958787,
    "cen_accuracy": 0.47925
  },
  "92": {
    "cen_loss": 1.2772428204417228,
    "cen_accuracy": 0.588875
  },
  "93": {
    "cen_loss": 1.3526100916862487,
    "cen_accuracy": 0.57075
  },
  "94": {
    "cen_loss": 1.3780171180963516,
    "cen_accuracy": 0.586125
  },
  "95": {
    "cen_loss": 1.3136774188280105,
    "cen_accuracy": 0.5615
  },
  "96": {
    "cen_loss": 1.4295703483819961,
    "cen_accuracy": 0.565625
  },
  "97": {
    "cen_loss": 1.8826849148273468,
    "cen_accuracy": 0.448625
  },
  "98": {
    "cen_loss": 1.3243253591060637,
    "cen_accuracy": 0.564375
  },
  "99": {
    "cen_loss": 2.1323867710828783,
    "cen_accuracy": 0.457625
  },
  "100": {
    "cen_loss": 2.3228595658540727,
    "cen_accuracy": 0.445875
  },