{
  "0": {
    "cen_loss": 2.3028095273971556,
    "cen_accuracy": 0.10075
  },
  "1": {
    "cen_loss": 2.3028095273971556,
    "cen_accuracy": 0.10075
  },
  "2": {
    "cen_loss": 3.5327172713279724,
    "cen_accuracy": 0.101125
  },
  "3": {
    "cen_loss": 4.605035604953766,
    "cen_accuracy": 0.101125
  },
  "4": {
    "cen_loss": 5.122906885147095,
    "cen_accuracy": 0.10075
  },
  "5": {
    "cen_loss": 4.831813352108002,
    "cen_accuracy": 0.10125
  },
  "6": {
    "cen_loss": 6.188186016559601,
    "cen_accuracy": 0.101125
  },
  "7": {
    "cen_loss": 5.353791267871856,
    "cen_accuracy": 0.107
  },
  "8": {
    "cen_loss": 3.6280222225189207,
    "cen_accuracy": 0.184875
  },
  "9": {
    "cen_loss": 3.3978784239292144,
    "cen_accuracy": 0.239125
  },
  "10": {
    "cen_loss": 1.7037997752428056,
    "cen_accuracy": 0.477625
  },
  "11": {
    "cen_loss": 2.561151335477829,
    "cen_accuracy": 0.322625
  },
  "12": {
    "cen_loss": 2.6781035842895506,
    "cen_accuracy": 0.30175
  },
  "13": {
    "cen_loss": 2.1758181784152986,
    "cen_accuracy": 0.41375
  },
  "14": {
    "cen_loss": 2.138330719232559,
    "cen_accuracy": 0.4015
  },
  "15": {
    "cen_loss": 1.7874224750995635,
    "cen_accuracy": 0.485125
  },
  "16": {
    "cen_loss": 1.7971375913619996,
    "cen_accuracy": 0.49475
  },
  "17": {
    "cen_loss": 1.6316043610572815,
    "cen_accuracy": 0.533625
  },
  "18": {
    "cen_loss": 1.6887560037374496,
    "cen_accuracy": 0.526125
  },
  "19": {
    "cen_loss": 1.48509677785635,
    "cen_accuracy": 0.561
  },
  "20": {
    "cen_loss": 1.494858740568161,
    "cen_accuracy": 0.578
  },
  "21": {
    "cen_loss": 1.695070648431778,
    "cen_accuracy": 0.535875
  },
  "22": {
    "cen_loss": 1.5191015151143075,
    "cen_accuracy": 0.56975
  },
  "23": {
    "cen_loss": 1.4590538685321808,
    "cen_accuracy": 0.586
  },
  "24": {
    "cen_loss": 1.4981128048300743,
    "cen_accuracy": 0.584375
  },
  "25": {
    "cen_loss": 1.4939745909571647,
    "cen_accuracy": 0.5845
  },
  "26": {
    "cen_loss": 1.4531691252291203,
    "cen_accuracy": 0.598875
  },
  "27": {
    "cen_loss": 1.4024921297430992,
    "cen_accuracy": 0.60975
  },
  "28": {
    "cen_loss": 1.4203069050014019,
    "cen_accuracy": 0.597875
  },
  "29": {
    "cen_loss": 1.3133595840930938,
    "cen_accuracy": 0.617375
  },
  "30": {
    "cen_loss": 1.4230081695318222,
    "cen_accuracy": 0.6135
  },
  "31": {
    "cen_loss": 1.3536998526155948,
    "cen_accuracy": 0.615875
  },
  "32": {
    "cen_loss": 1.383421180665493,
    "cen_accuracy": 0.597625
  },
  "33": {
    "cen_loss": 1.259712562739849,
    "cen_accuracy": 0.637125
  },
  "34": {
    "cen_loss": 1.2525880753695964,
    "cen_accuracy": 0.6385
  },
  "35": {
    "cen_loss": 1.4708096613585948,
    "cen_accuracy": 0.603
  },
  "36": {
    "cen_loss": 1.2012916565835476,
    "cen_accuracy": 0.647375
  },
  "37": {
    "cen_loss": 1.256803638726473,
    "cen_accuracy": 0.64725
  },
  "38": {
    "cen_loss": 1.2563542802035808,
    "cen_accuracy": 0.655625
  },
  "39": {
    "cen_loss": 1.2537508362233638,
    "cen_accuracy": 0.65125
  },
  "40": {
    "cen_loss": 1.3140216839313508,
    "cen_accuracy": 0.65225
  },
  "41": {
    "cen_loss": 1.1725221425294876,
    "cen_accuracy": 0.664375
  },
  "42": {
    "cen_loss": 1.2746347977370023,
    "cen_accuracy": 0.6375
  },
  "43": {
    "cen_loss": 1.2496870698630809,
    "cen_accuracy": 0.65525
  },
  "44": {
    "cen_loss": 1.3446821478307247,
    "cen_accuracy": 0.644375
  },
  "45": {
    "cen_loss": 1.172604905575514,
    "cen_accuracy": 0.668875
  },
  "46": {
    "cen_loss": 1.130410093575716,
    "cen_accuracy": 0.68
  },
  "47": {
    "cen_loss": 1.1648111672997474,
    "cen_accuracy": 0.666875
  },
  "48": {
    "cen_loss": 1.1079873671531677,
    "cen_accuracy": 0.684125
  },
  "49": {
    "cen_loss": 1.109904828518629,
    "cen_accuracy": 0.68175
  },
  "50": {
    "cen_loss": 1.131317980527878,
    "cen_accuracy": 0.685
  },
  "51": {
    "cen_loss": 1.1378195074498654,
    "cen_accuracy": 0.684125
  },
  "52": {
    "cen_loss": 1.1372993817329407,
    "cen_accuracy": 0.68475
  },
  "53": {
    "cen_loss": 1.1373117989003658,
    "cen_accuracy": 0.6855
  },
  "54": {
    "cen_loss": 1.2236201655119658,
    "cen_accuracy": 0.670375
  },
  "55": {
    "cen_loss": 1.1132324675023555,
    "cen_accuracy": 0.684
  },
  "56": {
    "cen_loss": 1.0675216234177352,
    "cen_accuracy": 0.695
  },
  "57": {
    "cen_loss": 1.072221177905798,
    "cen_accuracy": 0.699125
  },
  "58": {
    "cen_loss": 1.1148106108307838,
    "cen_accuracy": 0.686125
  },
  "59": {
    "cen_loss": 1.0311255659163,
    "cen_accuracy": 0.707125
  },
  "60": {
    "cen_loss": 1.0852417784333228,
    "cen_accuracy": 0.698
  },
  "61": {
    "cen_loss": 1.0420188008248805,
    "cen_accuracy": 0.7085
  },
  "62": {
    "cen_loss": 1.0659579546302558,
    "cen_accuracy": 0.7055
  },
  "63": {
    "cen_loss": 1.042136577822268,
    "cen_accuracy": 0.708625
  },
  "64": {
    "cen_loss": 1.0393236645311117,
    "cen_accuracy": 0.713
  },
  "65": {
    "cen_loss": 1.07666862334311,
    "cen_accuracy": 0.70425
  },
  "66": {
    "cen_loss": 1.0379177126586436,
    "cen_accuracy": 0.710375
  },
  "67": {
    "cen_loss": 0.9876821064203978,
    "cen_accuracy": 0.719125
  },
  "68": {
    "cen_loss": 1.0462291967272759,
    "cen_accuracy": 0.7065
  },
  "69": {
    "cen_loss": 1.0625361126363277,
    "cen_accuracy": 0.7065
  },
  "70": {
    "cen_loss": 1.111783435240388,
    "cen_accuracy": 0.70575
  },
  "71": {
    "cen_loss": 1.0161565957814456,
    "cen_accuracy": 0.711875
  },
  "72": {
    "cen_loss": 1.0290034977793694,
    "cen_accuracy": 0.711625
  },
  "73": {
    "cen_loss": 0.9512906844019889,
    "cen_accuracy": 0.72425
  },
  "74": {
    "cen_loss": 0.9742398588657379,
    "cen_accuracy": 0.719875
  },
  "75": {
    "cen_loss": 1.0229165044724942,
    "cen_accuracy": 0.71775
  },
  "76": {
    "cen_loss": 0.9566466937959194,
    "cen_accuracy": 0.725625
  },
  "77": {
    "cen_loss": 1.011110148847103,
    "cen_accuracy": 0.72225
  },
  "78": {
    "cen_loss": 0.9538698441237211,
    "cen_accuracy": 0.72475
  },
  "79": {
    "cen_loss": 0.9731492528170347,
    "cen_accuracy": 0.729125
  },
  "80": {
    "cen_loss": 1.0207494270950557,
    "cen_accuracy": 0.719125
  },
  "81": {
    "cen_loss": 0.9854929271191358,
    "cen_accuracy": 0.723875
  },
  "82": {
    "cen_loss": 0.9671169343367219,
    "cen_accuracy": 0.728875
  },
  "83": {
    "cen_loss": 1.0158405349701642,
    "cen_accuracy": 0.72675
  },
  "84": {
    "cen_loss": 0.9410292399525643,
    "cen_accuracy": 0.736125
  },
  "85": {
    "cen_loss": 0.9489336581230163,
    "cen_accuracy": 0.730625
  },
  "86": {
    "cen_loss": 0.9668542715907097,
    "cen_accuracy": 0.731375
  },
  "87": {
    "cen_loss": 0.9936745171546936,
    "cen_accuracy": 0.72875
  },
  "88": {
    "cen_loss": 0.9034584106206894,
    "cen_accuracy": 0.740375
  },
  "89": {
    "cen_loss": 0.964341215506196,
    "cen_accuracy": 0.73175
  },
  "90": {
    "cen_loss": 1.0198215773776174,
    "cen_accuracy": 0.7245
  },
  "91": {
    "cen_loss": 0.9289028432667256,
    "cen_accuracy": 0.738875
  },
  "92": {
    "cen_loss": 0.9596405518651009,
    "cen_accuracy": 0.73575
  },
  "93": {
    "cen_loss": 0.9368716313540936,
    "cen_accuracy": 0.74375
  },
  "94": {
    "cen_loss": 0.9449239461570978,
    "cen_accuracy": 0.738375
  },
  "95": {
    "cen_loss": 0.94943101516366,
    "cen_accuracy": 0.741875
  },
  "96": {
    "cen_loss": 0.9124541637003422,
    "cen_accuracy": 0.7375
  },
  "97": {
    "cen_loss": 0.8951268530786037,
    "cen_accuracy": 0.745
  },
  "98": {
    "cen_loss": 0.8875145986676216,
    "cen_accuracy": 0.745625
  },
  "99": {
    "cen_loss": 0.9277561789229513,
    "cen_accuracy": 0.74425
  },
  "100": {
    "cen_loss": 0.9277561789229513,
    "cen_accuracy": 0.74425
  },
  "101": {
    "cen_loss": 0.9277561789229513,