{
  "0": {
    "cen_loss": 2.3026313900947573,
    "cen_accuracy": 0.10175
  },
  "1": {
    "cen_loss": 2.3026313900947573,
    "cen_accuracy": 0.10175
  },
  "2": {
    "cen_loss": 4.176747606754303,
    "cen_accuracy": 0.1
  },
  "3": {
    "cen_loss": 4.876333269119263,
    "cen_accuracy": 0.1
  },
  "4": {
    "cen_loss": 5.030003772735595,
    "cen_accuracy": 0.100125
  },
  "5": {
    "cen_loss": 3.9041123361587524,
    "cen_accuracy": 0.1
  },
  "6": {
    "cen_loss": 5.593908554553986,
    "cen_accuracy": 0.1165
  },
  "7": {
    "cen_loss": 5.331904132843017,
    "cen_accuracy": 0.105875
  },
  "8": {
    "cen_loss": 3.5359081614017485,
    "cen_accuracy": 0.194125
  },
  "9": {
    "cen_loss": 2.7200007870197296,
    "cen_accuracy": 0.25375
  },
  "10": {
    "cen_loss": 1.6309204726219177,
    "cen_accuracy": 0.496625
  },
  "11": {
    "cen_loss": 2.18844254553318,
    "cen_accuracy": 0.36925
  },
  "12": {
    "cen_loss": 2.2366960909366607,
    "cen_accuracy": 0.387875
  },
  "13": {
    "cen_loss": 2.13362062227726,
    "cen_accuracy": 0.4275
  },
  "14": {
    "cen_loss": 1.8357239243984222,
    "cen_accuracy": 0.480625
  },
  "15": {
    "cen_loss": 1.915141728401184,
    "cen_accuracy": 0.47725
  },
  "16": {
    "cen_loss": 1.7106145361065865,
    "cen_accuracy": 0.526
  },
  "17": {
    "cen_loss": 1.9936418182849884,
    "cen_accuracy": 0.500625
  },
  "18": {
    "cen_loss": 1.701980994462967,
    "cen_accuracy": 0.534125
  },
  "19": {
    "cen_loss": 1.7817199761867524,
    "cen_accuracy": 0.53175
  },
  "20": {
    "cen_loss": 1.7118340666294098,
    "cen_accuracy": 0.561125
  },
  "21": {
    "cen_loss": 1.8048724728822707,
    "cen_accuracy": 0.545125
  },
  "22": {
    "cen_loss": 1.7126233038306236,
    "cen_accuracy": 0.54975
  },
  "23": {
    "cen_loss": 1.6435009241700171,
    "cen_accuracy": 0.56725
  },
  "24": {
    "cen_loss": 1.6813236328959464,
    "cen_accuracy": 0.55425
  },
  "25": {
    "cen_loss": 1.5777031025886536,
    "cen_accuracy": 0.569375
  },
  "26": {
    "cen_loss": 1.5652679584026337,
    "cen_accuracy": 0.585875
  },
  "27": {
    "cen_loss": 1.5931007088422775,
    "cen_accuracy": 0.576125
  },
  "28": {
    "cen_loss": 1.606426652163267,
    "cen_accuracy": 0.57625
  },
  "29": {
    "cen_loss": 1.5397113869190215,
    "cen_accuracy": 0.582
  },
  "30": {
    "cen_loss": 1.5913644508719444,
    "cen_accuracy": 0.59125
  },
  "31": {
    "cen_loss": 1.3742992480397225,
    "cen_accuracy": 0.621375
  },
  "32": {
    "cen_loss": 1.367294631421566,
    "cen_accuracy": 0.616875
  },
  "33": {
    "cen_loss": 1.4015722740292549,
    "cen_accuracy": 0.616
  },
  "34": {
    "cen_loss": 1.4945877522826194,
    "cen_accuracy": 0.61
  },
  "35": {
    "cen_loss": 1.475845488846302,
    "cen_accuracy": 0.60325
  },
  "36": {
    "cen_loss": 1.427542860865593,
    "cen_accuracy": 0.618125
  },
  "37": {
    "cen_loss": 1.5422397102117538,
    "cen_accuracy": 0.605375
  },
  "38": {
    "cen_loss": 1.3161329443454743,
    "cen_accuracy": 0.63225
  },
  "39": {
    "cen_loss": 1.3265622816085816,
    "cen_accuracy": 0.6355
  },
  "40": {
    "cen_loss": 1.350887708246708,
    "cen_accuracy": 0.638
  },
  "41": {
    "cen_loss": 1.3210442306399346,
    "cen_accuracy": 0.633875
  },
  "42": {
    "cen_loss": 1.2867923152446747,
    "cen_accuracy": 0.631
  },
  "43": {
    "cen_loss": 1.2784078362584115,
    "cen_accuracy": 0.640875
  },
  "44": {
    "cen_loss": 1.2805132095217704,
    "cen_accuracy": 0.645125
  },
  "45": {
    "cen_loss": 1.2459744594693183,
    "cen_accuracy": 0.651875
  },
  "46": {
    "cen_loss": 1.25790723580122,
    "cen_accuracy": 0.65325
  },
  "47": {
    "cen_loss": 1.364157425582409,
    "cen_accuracy": 0.64
  },
  "48": {
    "cen_loss": 1.3551666677296161,
    "cen_accuracy": 0.63575
  },
  "49": {
    "cen_loss": 1.227876932144165,
    "cen_accuracy": 0.660375
  },
  "50": {
    "cen_loss": 1.2180119311213493,
    "cen_accuracy": 0.6675
  },
  "51": {
    "cen_loss": 1.3345712420940399,
    "cen_accuracy": 0.64775
  },
  "52": {
    "cen_loss": 1.2228948503136634,
    "cen_accuracy": 0.66375
  },
  "53": {
    "cen_loss": 1.2250751211047173,
    "cen_accuracy": 0.665875
  },
  "54": {
    "cen_loss": 1.2799552481770515,
    "cen_accuracy": 0.654375
  },
  "55": {
    "cen_loss": 1.2138105485737323,
    "cen_accuracy": 0.668625
  },
  "56": {
    "cen_loss": 1.2096339644491672,
    "cen_accuracy": 0.667375
  },
  "57": {
    "cen_loss": 1.1539033409655095,
    "cen_accuracy": 0.682875
  },
  "58": {
    "cen_loss": 1.1991155738532544,
    "cen_accuracy": 0.676
  },
  "59": {
    "cen_loss": 1.151452674999833,
    "cen_accuracy": 0.6735
  },
  "60": {
    "cen_loss": 1.2661440636515617,
    "cen_accuracy": 0.65825
  },
  "61": {
    "cen_loss": 1.1903975242972373,
    "cen_accuracy": 0.6685
  },
  "62": {
    "cen_loss": 1.1127777531147003,
    "cen_accuracy": 0.68525
  },
  "63": {
    "cen_loss": 1.175729646027088,
    "cen_accuracy": 0.67475
  },
  "64": {
    "cen_loss": 1.1515209912657738,
    "cen_accuracy": 0.67625
  },
  "65": {
    "cen_loss": 1.1386399761736392,
    "cen_accuracy": 0.68875
  },
  "66": {
    "cen_loss": 1.2769953629374504,
    "cen_accuracy": 0.661125
  },
  "67": {
    "cen_loss": 1.075170507967472,
    "cen_accuracy": 0.69425
  },
  "68": {
    "cen_loss": 1.136164367645979,
    "cen_accuracy": 0.684375
  },
  "69": {
    "cen_loss": 1.1181225433051587,
    "cen_accuracy": 0.684875
  },
  "70": {
    "cen_loss": 1.1788448818027972,
    "cen_accuracy": 0.677125
  },
  "71": {
    "cen_loss": 1.0608188087642192,
    "cen_accuracy": 0.699
  },
  "72": {
    "cen_loss": 1.0650482847094536,
    "cen_accuracy": 0.698625
  },
  "73": {
    "cen_loss": 1.1405204556584358,
    "cen_accuracy": 0.689625
  },
  "74": {
    "cen_loss": 1.143996932387352,
    "cen_accuracy": 0.687
  },
  "75": {
    "cen_loss": 1.0694035761356353,
    "cen_accuracy": 0.703875
  },
  "76": {
    "cen_loss": 1.0573183936476707,
    "cen_accuracy": 0.701
  },
  "77": {
    "cen_loss": 1.1051716635525226,
    "cen_accuracy": 0.693625
  },
  "78": {
    "cen_loss": 1.0184841331541539,
    "cen_accuracy": 0.715
  },
  "79": {
    "cen_loss": 1.1004171838462353,
    "cen_accuracy": 0.705625
  },
  "80": {
    "cen_loss": 1.2169110988974572,
    "cen_accuracy": 0.692125
  },
  "81": {
    "cen_loss": 1.013510910242796,
    "cen_accuracy": 0.709375
  },
  "82": {
    "cen_loss": 1.0900744049251079,
    "cen_accuracy": 0.70525
  },
  "83": {
    "cen_loss": 1.0071349831223488,
    "cen_accuracy": 0.7075
  },
  "84": {
    "cen_loss": 1.0364772167205811,
    "cen_accuracy": 0.711875
  },
  "85": {
    "cen_loss": 0.9844580374062061,
    "cen_accuracy": 0.715125
  },
  "86": {
    "cen_loss": 1.0243038683831691,
    "cen_accuracy": 0.711875
  },
  "87": {
    "cen_loss": 1.0513346153199672,
    "cen_accuracy": 0.711125
  },
  "88": {
    "cen_loss": 1.0239276911616326,
    "cen_accuracy": 0.711625
  },
  "89": {
    "cen_loss": 1.1063980121314525,
    "cen_accuracy": 0.704
  },
  "90": {
    "cen_loss": 1.0755144049674272,
    "cen_accuracy": 0.710875
  },
  "91": {
    "cen_loss": 1.0590811624526977,
    "cen_accuracy": 0.706
  },
  "92": {
    "cen_loss": 0.9733743905574084,
    "cen_accuracy": 0.72275
  },
  "93": {
    "cen_loss": 0.9791106643974781,
    "cen_accuracy": 0.72075
  },
  "94": {
    "cen_loss": 1.0112865767478942,
    "cen_accuracy": 0.713625
  },
  "95": {
    "cen_loss": 0.9998667559176684,
    "cen_accuracy": 0.72125
  },
  "96": {
    "cen_loss": 1.0405326144695282,
    "cen_accuracy": 0.705375
  },
  "97": {
    "cen_loss": 1.0462577100545167,
    "cen_accuracy": 0.7205
  },
  "98": {
    "cen_loss": 1.027070306122303,
    "cen_accuracy": 0.715875
  },
  "99": {
    "cen_loss": 1.0142682904303073,
    "cen_accuracy": 0.7185
  },
  "100": {
    "cen_loss": 1.0340097718536854,
    "cen_accuracy": 0.7195
  },
  "101": {
    "cen_loss": 0.9361887477785349,