{
  "0": {
    "cen_loss": 2.3027744300842286,
    "cen_accuracy": 0.1
  },
  "1": {
    "cen_loss": 2.3027744300842286,
    "cen_accuracy": 0.1
  },
  "2": {
    "cen_loss": 2.34091915435791,
    "cen_accuracy": 0.1
  },
  "3": {
    "cen_loss": 2.516359910202026,
    "cen_accuracy": 0.1
  },
  "4": {
    "cen_loss": 2.43381685256958,
    "cen_accuracy": 0.1231
  },
  "5": {
    "cen_loss": 2.8208756309509275,
    "cen_accuracy": 0.1041
  },
  "6": {
    "cen_loss": 2.3968480615615846,
    "cen_accuracy": 0.1488
  },
  "7": {
    "cen_loss": 2.446725575828552,
    "cen_accuracy": 0.1142
  },
  "8": {
    "cen_loss": 2.4701486909866333,
    "cen_accuracy": 0.1548
  },
  "9": {
    "cen_loss": 2.6066996837615966,
    "cen_accuracy": 0.1573
  },
  "10": {
    "cen_loss": 2.6884343797683714,
    "cen_accuracy": 0.1726
  },
  "11": {
    "cen_loss": 2.8402350477218627,
    "cen_accuracy": 0.1344
  },
  "12": {
    "cen_loss": 3.3094422874450684,
    "cen_accuracy": 0.125
  },
  "13": {
    "cen_loss": 3.0675553363800048,
    "cen_accuracy": 0.1457
  },
  "14": {
    "cen_loss": 2.9256544618606566,
    "cen_accuracy": 0.1296
  },
  "15": {
    "cen_loss": 2.523151174545288,
    "cen_accuracy": 0.1823
  },
  "16": {
    "cen_loss": 2.9006395332336425,
    "cen_accuracy": 0.148
  },
  "17": {
    "cen_loss": 2.546531397628784,
    "cen_accuracy": 0.1781
  },
  "18": {
    "cen_loss": 2.903338480758667,
    "cen_accuracy": 0.1728
  },
  "19": {
    "cen_loss": 2.5962597036361696,
    "cen_accuracy": 0.1993
  },
  "20": {
    "cen_loss": 2.214567980384827,
    "cen_accuracy": 0.2071
  },
  "21": {
    "cen_loss": 2.0348547143936155,
    "cen_accuracy": 0.2307
  },
  "22": {
    "cen_loss": 2.103574529838562,
    "cen_accuracy": 0.2205
  },
  "23": {
    "cen_loss": 2.30855265750885,
    "cen_accuracy": 0.2133
  },
  "24": {
    "cen_loss": 2.067848525238037,
    "cen_accuracy": 0.2316
  },
  "25": {
    "cen_loss": 1.9220913997650146,
    "cen_accuracy": 0.2708
  },
  "26": {
    "cen_loss": 2.0181666790008546,
    "cen_accuracy": 0.261
  },
  "27": {
    "cen_loss": 1.925402173614502,
    "cen_accuracy": 0.2838
  },
  "28": {
    "cen_loss": 1.9617124309539795,
    "cen_accuracy": 0.2598
  },
  "29": {
    "cen_loss": 2.055073738861084,
    "cen_accuracy": 0.2263
  },
  "30": {
    "cen_loss": 1.7515861457824706,
    "cen_accuracy": 0.3223
  },
  "31": {
    "cen_loss": 1.8069643983840942,
    "cen_accuracy": 0.3079
  },
  "32": {
    "cen_loss": 1.908486923980713,
    "cen_accuracy": 0.2643
  },
  "33": {
    "cen_loss": 1.972722177505493,
    "cen_accuracy": 0.2719
  },
  "34": {
    "cen_loss": 1.882703456878662,
    "cen_accuracy": 0.2818
  },
  "35": {
    "cen_loss": 1.8385017545700073,
    "cen_accuracy": 0.3306
  },
  "36": {
    "cen_loss": 1.5977723501205445,
    "cen_accuracy": 0.4102
  },
  "37": {
    "cen_loss": 1.6475522779464722,
    "cen_accuracy": 0.3639
  },
  "38": {
    "cen_loss": 1.7233331302642823,
    "cen_accuracy": 0.3421
  },
  "39": {
    "cen_loss": 1.827521124649048,
    "cen_accuracy": 0.3215
  },
  "40": {
    "cen_loss": 1.6910701456069945,
    "cen_accuracy": 0.3619
  },
  "41": {
    "cen_loss": 1.7570573991775513,
    "cen_accuracy": 0.327
  },
  "42": {
    "cen_loss": 1.6491994464874267,
    "cen_accuracy": 0.3973
  },
  "43": {
    "cen_loss": 1.6243310771942139,
    "cen_accuracy": 0.3912
  },
  "44": {
    "cen_loss": 1.657486249923706,
    "cen_accuracy": 0.3682
  },
  "45": {
    "cen_loss": 1.491334690284729,
    "cen_accuracy": 0.4429
  },
  "46": {
    "cen_loss": 1.5080081778526306,
    "cen_accuracy": 0.4408
  },
  "47": {
    "cen_loss": 1.506117870426178,
    "cen_accuracy": 0.4486
  },
  "48": {
    "cen_loss": 1.6635364652633666,
    "cen_accuracy": 0.38
  },
  "49": {
    "cen_loss": 1.5890854654312134,
    "cen_accuracy": 0.4138
  },
  "50": {
    "cen_loss": 1.5048697957992554,
    "cen_accuracy": 0.4247
  },
  "51": {
    "cen_loss": 1.467172348499298,
    "cen_accuracy": 0.4685
  },
  "52": {
    "cen_loss": 1.7420214493751527,
    "cen_accuracy": 0.3506
  },
  "53": {
    "cen_loss": 1.558570522403717,
    "cen_accuracy": 0.4215
  },
  "54": {
    "cen_loss": 1.4284016736030578,
    "cen_accuracy": 0.4717
  },
  "55": {
    "cen_loss": 1.4461617033958436,
    "cen_accuracy": 0.4686
  },
  "56": {
    "cen_loss": 1.6185662440299988,
    "cen_accuracy": 0.4193
  },
  "57": {
    "cen_loss": 1.4190529500961304,
    "cen_accuracy": 0.4943
  },
  "58": {
    "cen_loss": 1.4365332527160644,
    "cen_accuracy": 0.4731
  },
  "59": {
    "cen_loss": 1.3741189296722411,
    "cen_accuracy": 0.5074
  },
  "60": {
    "cen_loss": 1.3377830682754517,
    "cen_accuracy": 0.5131
  },
  "61": {
    "cen_loss": 1.4953320850372314,
    "cen_accuracy": 0.4494
  },
  "62": {
    "cen_loss": 1.3625036359786988,
    "cen_accuracy": 0.5134
  },
  "63": {
    "cen_loss": 1.390725811767578,
    "cen_accuracy": 0.4771
  },
  "64": {
    "cen_loss": 1.459044999217987,
    "cen_accuracy": 0.4528
  },
  "65": {
    "cen_loss": 1.3883562435150147,
    "cen_accuracy": 0.4878
  },
  "66": {
    "cen_loss": 1.384451707792282,
    "cen_accuracy": 0.4849
  },
  "67": {
    "cen_loss": 1.3552545724868774,
    "cen_accuracy": 0.5091
  },
  "68": {
    "cen_loss": 1.2678587611198426,
    "cen_accuracy": 0.5396
  },
  "69": {
    "cen_loss": 1.228674634695053,
    "cen_accuracy": 0.5513
  },
  "70": {
    "cen_loss": 1.2586269260406495,
    "cen_accuracy": 0.5352
  },
  "71": {
    "cen_loss": 1.2491640845775605,
    "cen_accuracy": 0.5507
  },
  "72": {
    "cen_loss": 1.3019724793434142,
    "cen_accuracy": 0.519
  },
  "73": {
    "cen_loss": 1.4390366323471069,
    "cen_accuracy": 0.4533
  },
  "74": {
    "cen_loss": 1.3504737555503845,
    "cen_accuracy": 0.4944
  },
  "75": {
    "cen_loss": 1.2613612462043762,
    "cen_accuracy": 0.5443
  },
  "76": {
    "cen_loss": 1.1910929048538208,
    "cen_accuracy": 0.5679
  },
  "77": {
    "cen_loss": 1.3518826186180115,
    "cen_accuracy": 0.4952
  },
  "78": {
    "cen_loss": 1.2518711003303529,
    "cen_accuracy": 0.5522
  },
  "79": {
    "cen_loss": 1.1728438433647155,
    "cen_accuracy": 0.5812
  },
  "80": {
    "cen_loss": 1.173955160665512,
    "cen_accuracy": 0.5812
  },
  "81": {
    "cen_loss": 1.3200982726573944,
    "cen_accuracy": 0.5308
  },
  "82": {
    "cen_loss": 1.2762187534809113,
    "cen_accuracy": 0.5422
  },
  "83": {
    "cen_loss": 1.2581305559158324,
    "cen_accuracy": 0.531
  },
  "84": {
    "cen_loss": 1.2253586154937743,
    "cen_accuracy": 0.5479
  },
  "85": {
    "cen_loss": 1.1939102020263672,
    "cen_accuracy": 0.5663
  },
  "86": {
    "cen_loss": 1.1467035235404968,
    "cen_accuracy": 0.5948
  },
  "87": {
    "cen_loss": 1.2985378541469574,
    "cen_accuracy": 0.5259
  },
  "88": {
    "cen_loss": 1.1954705946922302,
    "cen_accuracy": 0.5716
  },
  "89": {
    "cen_loss": 1.2218416628837585,
    "cen_accuracy": 0.5572
  },
  "90": {
    "cen_loss": 1.220175319671631,
    "cen_accuracy": 0.557
  },
  "91": {
    "cen_loss": 1.1436315288543701,
    "cen_accuracy": 0.5939
  },
  "92": {
    "cen_loss": 1.2889673203468324,
    "cen_accuracy": 0.5416
  },
  "93": {
    "cen_loss": 1.2664653579711913,
    "cen_accuracy": 0.5453
  },
  "94": {
    "cen_loss": 1.2676527400016784,
    "cen_accuracy": 0.5473
  },
  "95": {
    "cen_loss": 1.168102556848526,
    "cen_accuracy": 0.5841
  },
  "96": {
    "cen_loss": 1.122048621082306,
    "cen_accuracy": 0.6061
  },
  "97": {
    "cen_loss": 1.1077021685600281,
    "cen_accuracy": 0.609
  },
  "98": {
    "cen_loss": 1.2511251856803893,
    "cen_accuracy": 0.5438
  },
  "99": {
    "cen_loss": 1.2982739593505859,
    "cen_accuracy": 0.5359
  },
  "100": {
    "cen_loss": 1.145603213596344,
    "cen_accuracy": 0.5987
  },
  "101": {
    "cen_loss": 1.1149079337120056,
    "cen_accuracy": 0.6014
  }
}