{
  "0": {
    "cen_loss": 2.302809526920319,
    "cen_accuracy": 0.10075
  },
  "1": {
    "cen_loss": 2.302809526920319,
    "cen_accuracy": 0.10075
  },
  "2": {
    "cen_loss": 3.4050127787590028,
    "cen_accuracy": 0.101125
  },
  "3": {
    "cen_loss": 5.153406498432159,
    "cen_accuracy": 0.101125
  },
  "4": {
    "cen_loss": 4.699047545909882,
    "cen_accuracy": 0.101125
  },
  "5": {
    "cen_loss": 4.7712885518074035,
    "cen_accuracy": 0.101125
  },
  "6": {
    "cen_loss": 5.061823544502258,
    "cen_accuracy": 0.1105
  },
  "7": {
    "cen_loss": 4.0503493971824645,
    "cen_accuracy": 0.16675
  },
  "8": {
    "cen_loss": 3.814963038921356,
    "cen_accuracy": 0.216125
  },
  "9": {
    "cen_loss": 3.0968622434139252,
    "cen_accuracy": 0.239625
  },
  "10": {
    "cen_loss": 1.6048450677394868,
    "cen_accuracy": 0.485125
  },
  "11": {
    "cen_loss": 2.2694461364746092,
    "cen_accuracy": 0.33325
  },
  "12": {
    "cen_loss": 1.9370786162614821,
    "cen_accuracy": 0.4115
  },
  "13": {
    "cen_loss": 2.1699149396419526,
    "cen_accuracy": 0.411125
  },
  "14": {
    "cen_loss": 1.6936735337972642,
    "cen_accuracy": 0.493125
  },
  "15": {
    "cen_loss": 1.776052014708519,
    "cen_accuracy": 0.4915
  },
  "16": {
    "cen_loss": 1.6898614708781243,
    "cen_accuracy": 0.5125
  },
  "17": {
    "cen_loss": 1.4988210867643357,
    "cen_accuracy": 0.567625
  },
  "18": {
    "cen_loss": 1.7651787338852882,
    "cen_accuracy": 0.520625
  },
  "19": {
    "cen_loss": 1.52544449031353,
    "cen_accuracy": 0.571375
  },
  "20": {
    "cen_loss": 1.4452478194236755,
    "cen_accuracy": 0.599
  },
  "21": {
    "cen_loss": 1.6194260866343975,
    "cen_accuracy": 0.5605
  },
  "22": {
    "cen_loss": 1.3798317848742008,
    "cen_accuracy": 0.59275
  },
  "23": {
    "cen_loss": 1.5210153488218785,
    "cen_accuracy": 0.597
  },
  "24": {
    "cen_loss": 1.4774493518471719,
    "cen_accuracy": 0.587375
  },
  "25": {
    "cen_loss": 1.3133082411140204,
    "cen_accuracy": 0.618625
  },
  "26": {
    "cen_loss": 1.3205257180929184,
    "cen_accuracy": 0.632
  },
  "27": {
    "cen_loss": 1.3359353165328502,
    "cen_accuracy": 0.622875
  },
  "28": {
    "cen_loss": 1.3384574646055698,
    "cen_accuracy": 0.631
  },
  "29": {
    "cen_loss": 1.3063943302631378,
    "cen_accuracy": 0.6425
  },
  "30": {
    "cen_loss": 1.3723556652665139,
    "cen_accuracy": 0.63125
  },
  "31": {
    "cen_loss": 1.3633210952281951,
    "cen_accuracy": 0.62075
  },
  "32": {
    "cen_loss": 1.3349627541154623,
    "cen_accuracy": 0.636375
  },
  "33": {
    "cen_loss": 1.310906530790031,
    "cen_accuracy": 0.642875
  },
  "34": {
    "cen_loss": 1.2668095584064722,
    "cen_accuracy": 0.645625
  },
  "35": {
    "cen_loss": 1.3472279486954213,
    "cen_accuracy": 0.6405
  },
  "36": {
    "cen_loss": 1.3595534265041351,
    "cen_accuracy": 0.6435
  },
  "37": {
    "cen_loss": 1.2448861132487654,
    "cen_accuracy": 0.653375
  },
  "38": {
    "cen_loss": 1.2368419195860625,
    "cen_accuracy": 0.662375
  },
  "39": {
    "cen_loss": 1.244171276539564,
    "cen_accuracy": 0.662875
  },
  "40": {
    "cen_loss": 1.2637468358576298,
    "cen_accuracy": 0.663875
  },
  "41": {
    "cen_loss": 1.229491937071085,
    "cen_accuracy": 0.673
  },
  "42": {
    "cen_loss": 1.3327574808448552,
    "cen_accuracy": 0.655
  },
  "43": {
    "cen_loss": 1.156073889747262,
    "cen_accuracy": 0.6815
  },
  "44": {
    "cen_loss": 1.134329552397132,
    "cen_accuracy": 0.681375
  },
  "45": {
    "cen_loss": 1.2281672816574574,
    "cen_accuracy": 0.6705
  },
  "46": {
    "cen_loss": 1.1370866041630507,
    "cen_accuracy": 0.6885
  },
  "47": {
    "cen_loss": 1.2484397065043449,
    "cen_accuracy": 0.6715
  },
  "48": {
    "cen_loss": 1.1377334308028222,
    "cen_accuracy": 0.688625
  },
  "49": {
    "cen_loss": 1.1339179208427668,
    "cen_accuracy": 0.69075
  },
  "50": {
    "cen_loss": 1.2185835960805416,
    "cen_accuracy": 0.68075
  },
  "51": {
    "cen_loss": 1.170479985974729,
    "cen_accuracy": 0.68425
  },
  "52": {
    "cen_loss": 1.1992169288694858,
    "cen_accuracy": 0.6825
  },
  "53": {
    "cen_loss": 1.0908039283156394,
    "cen_accuracy": 0.6985
  },
  "54": {
    "cen_loss": 1.096029283210635,
    "cen_accuracy": 0.697875
  },
  "55": {
    "cen_loss": 1.1189456982687116,
    "cen_accuracy": 0.69275
  },
  "56": {
    "cen_loss": 1.1185862827301025,
    "cen_accuracy": 0.694875
  },
  "57": {
    "cen_loss": 1.0776115587353707,
    "cen_accuracy": 0.7045
  },
  "58": {
    "cen_loss": 1.1103017269596458,
    "cen_accuracy": 0.70475
  },
  "59": {
    "cen_loss": 1.1196824599206447,
    "cen_accuracy": 0.704
  },
  "60": {
    "cen_loss": 1.0890599521398545,
    "cen_accuracy": 0.704625
  },
  "61": {
    "cen_loss": 1.0773632006645202,
    "cen_accuracy": 0.707375
  },
  "62": {
    "cen_loss": 1.064224331371486,
    "cen_accuracy": 0.707
  },
  "63": {
    "cen_loss": 1.0721970430761576,
    "cen_accuracy": 0.7045
  },
  "64": {
    "cen_loss": 1.1706016384214162,
    "cen_accuracy": 0.68925
  },
  "65": {
    "cen_loss": 1.0786823215093464,
    "cen_accuracy": 0.708375
  },
  "66": {
    "cen_loss": 1.1239702411592007,
    "cen_accuracy": 0.703375
  },
  "67": {
    "cen_loss": 1.1378193770498037,
    "cen_accuracy": 0.698375
  },
  "68": {
    "cen_loss": 1.0494638775885106,
    "cen_accuracy": 0.711375
  },
  "69": {
    "cen_loss": 1.0575876969844102,
    "cen_accuracy": 0.7195
  },
  "70": {
    "cen_loss": 1.062783460829407,
    "cen_accuracy": 0.72
  },
  "71": {
    "cen_loss": 1.061177964128554,
    "cen_accuracy": 0.7115
  },
  "72": {
    "cen_loss": 1.1326542784385383,
    "cen_accuracy": 0.6965
  },
  "73": {
    "cen_loss": 1.0308692720234394,
    "cen_accuracy": 0.71475
  },
  "74": {
    "cen_loss": 1.0789920799806714,
    "cen_accuracy": 0.71275
  },
  "75": {
    "cen_loss": 1.0560716083496808,
    "cen_accuracy": 0.717375
  },
  "76": {
    "cen_loss": 1.0778873498141766,
    "cen_accuracy": 0.7135
  },
  "77": {
    "cen_loss": 0.9876891512870789,
    "cen_accuracy": 0.736
  },
  "78": {
    "cen_loss": 1.0539405521154404,
    "cen_accuracy": 0.725625
  },
  "79": {
    "cen_loss": 1.0516740001663565,
    "cen_accuracy": 0.723875
  },
  "80": {
    "cen_loss": 1.0410531739145517,
    "cen_accuracy": 0.72325
  },
  "81": {
    "cen_loss": 1.0308763810917736,
    "cen_accuracy": 0.7295
  },
  "82": {
    "cen_loss": 1.0427518896032124,
    "cen_accuracy": 0.721625
  },
  "83": {
    "cen_loss": 1.0035976122915744,
    "cen_accuracy": 0.7265
  },
  "84": {
    "cen_loss": 0.9669260353147984,
    "cen_accuracy": 0.737125
  },
  "85": {
    "cen_loss": 1.0201911974102258,
    "cen_accuracy": 0.732125
  },
  "86": {
    "cen_loss": 1.0154383103400468,
    "cen_accuracy": 0.73175
  },
  "87": {
    "cen_loss": 1.0105040425844491,
    "cen_accuracy": 0.727375
  },
  "88": {
    "cen_loss": 1.0042355232015252,
    "cen_accuracy": 0.73625
  },
  "89": {
    "cen_loss": 1.0161587674133479,
    "cen_accuracy": 0.728
  },
  "90": {
    "cen_loss": 1.042580910280347,
    "cen_accuracy": 0.72375
  },
  "91": {
    "cen_loss": 1.0321887949854136,
    "cen_accuracy": 0.729125
  },
  "92": {
    "cen_loss": 1.0225427792668342,
    "cen_accuracy": 0.735125
  },
  "93": {
    "cen_loss": 1.0425943350344897,
    "cen_accuracy": 0.725875
  },
  "94": {
    "cen_loss": 0.9906224118247628,
    "cen_accuracy": 0.74175
  },
  "95": {
    "cen_loss": 1.0144509660191834,
    "cen_accuracy": 0.7305
  },
  "96": {
    "cen_loss": 0.993545614913106,
    "cen_accuracy": 0.7385
  },
  "97": {
    "cen_loss": 0.9894529748857022,
    "cen_accuracy": 0.736
  },
  "98": {
    "cen_loss": 0.9938107806891203,
    "cen_accuracy": 0.736125
  },
  "99": {
    "cen_loss": 0.9805105743780732,
    "cen_accuracy": 0.73925
  },
  "100": {
    "cen_loss": 0.9953871325850486,
    "cen_accuracy": 0.737875
  },
  "101": {
    "cen_loss": 1.013099993467331,