{
  "0": {
    "cen_loss": 2.3028162007331847,
    "cen_accuracy": 0.1005
  },
  "1": {
    "cen_loss": 2.3028162007331847,
    "cen_accuracy": 0.1005
  },
  "2": {
    "cen_loss": 2.864449604511261,
    "cen_accuracy": 0.0995
  },
  "3": {
    "cen_loss": 4.232937960147858,
    "cen_accuracy": 0.101625
  },
  "4": {
    "cen_loss": 3.4574136471748353,
    "cen_accuracy": 0.0995
  },
  "5": {
    "cen_loss": 4.312869918823242,
    "cen_accuracy": 0.098875
  },
  "6": {
    "cen_loss": 2.807036229610443,
    "cen_accuracy": 0.0995
  },
  "7": {
    "cen_loss": 3.5384869799613954,
    "cen_accuracy": 0.130625
  },
  "8": {
    "cen_loss": 4.719198240756988,
    "cen_accuracy": 0.108375
  },
  "9": {
    "cen_loss": 3.5632490530014036,
    "cen_accuracy": 0.16025
  },
  "10": {
    "cen_loss": 2.4102950050830843,
    "cen_accuracy": 0.294875
  },
  "11": {
    "cen_loss": 3.377507107257843,
    "cen_accuracy": 0.2085
  },
  "12": {
    "cen_loss": 2.979168718099594,
    "cen_accuracy": 0.254625
  },
  "13": {
    "cen_loss": 3.328813745737076,
    "cen_accuracy": 0.312
  },
  "14": {
    "cen_loss": 2.362132563829422,
    "cen_accuracy": 0.366875
  },
  "15": {
    "cen_loss": 1.9013425604104996,
    "cen_accuracy": 0.40175
  },
  "16": {
    "cen_loss": 1.7404566663503647,
    "cen_accuracy": 0.43675
  },
  "17": {
    "cen_loss": 1.9584107123613357,
    "cen_accuracy": 0.42375
  },
  "18": {
    "cen_loss": 1.9976633443832397,
    "cen_accuracy": 0.4295
  },
  "19": {
    "cen_loss": 2.216902672767639,
    "cen_accuracy": 0.410375
  },
  "20": {
    "cen_loss": 1.9224177103042603,
    "cen_accuracy": 0.44125
  },
  "21": {
    "cen_loss": 1.8100100462436677,
    "cen_accuracy": 0.461125
  },
  "22": {
    "cen_loss": 1.5701037765741348,
    "cen_accuracy": 0.509375
  },
  "23": {
    "cen_loss": 2.035327221274376,
    "cen_accuracy": 0.444375
  },
  "24": {
    "cen_loss": 1.5948422912359237,
    "cen_accuracy": 0.49525
  },
  "25": {
    "cen_loss": 1.6171902655363082,
    "cen_accuracy": 0.49575
  },
  "26": {
    "cen_loss": 1.565827699303627,
    "cen_accuracy": 0.51
  },
  "27": {
    "cen_loss": 2.2466640968322755,
    "cen_accuracy": 0.4365
  },
  "28": {
    "cen_loss": 2.011514975309372,
    "cen_accuracy": 0.467125
  },
  "29": {
    "cen_loss": 1.9297404059171677,
    "cen_accuracy": 0.46825
  },
  "30": {
    "cen_loss": 2.037662208676338,
    "cen_accuracy": 0.45675
  },
  "31": {
    "cen_loss": 1.6886028668880462,
    "cen_accuracy": 0.513875
  },
  "32": {
    "cen_loss": 1.545583405852318,
    "cen_accuracy": 0.54225
  },
  "33": {
    "cen_loss": 1.6537075744867324,
    "cen_accuracy": 0.510125
  },
  "34": {
    "cen_loss": 1.8501783307790756,
    "cen_accuracy": 0.501125
  },
  "35": {
    "cen_loss": 1.631406124830246,
    "cen_accuracy": 0.547
  },
  "36": {
    "cen_loss": 1.8606281169652938,
    "cen_accuracy": 0.4665
  },
  "37": {
    "cen_loss": 1.7826740301847457,
    "cen_accuracy": 0.504
  },
  "38": {
    "cen_loss": 1.5977689784765243,
    "cen_accuracy": 0.518375
  },
  "39": {
    "cen_loss": 1.5889359632730484,
    "cen_accuracy": 0.535125
  },
  "40": {
    "cen_loss": 1.4710917156934737,
    "cen_accuracy": 0.57375
  },
  "41": {
    "cen_loss": 1.537216874420643,
    "cen_accuracy": 0.54775
  },
  "42": {
    "cen_loss": 1.6898730428218842,
    "cen_accuracy": 0.534125
  },
  "43": {
    "cen_loss": 1.426966933608055,
    "cen_accuracy": 0.57525
  },
  "44": {
    "cen_loss": 1.9083930578231811,
    "cen_accuracy": 0.494125
  },
  "45": {
    "cen_loss": 1.7525823082923888,
    "cen_accuracy": 0.523625
  },
  "46": {
    "cen_loss": 1.6063670854568481,
    "cen_accuracy": 0.528625
  },
  "47": {
    "cen_loss": 1.654987064599991,
    "cen_accuracy": 0.50225
  },
  "48": {
    "cen_loss": 1.690713118314743,
    "cen_accuracy": 0.526375
  },
  "49": {
    "cen_loss": 1.4099031826257706,
    "cen_accuracy": 0.579625
  },
  "50": {
    "cen_loss": 1.510398441016674,
    "cen_accuracy": 0.5725
  },
  "51": {
    "cen_loss": 1.4439643397927284,
    "cen_accuracy": 0.559875
  },
  "52": {
    "cen_loss": 1.4672667242884636,
    "cen_accuracy": 0.551125
  },
  "53": {
    "cen_loss": 1.5009523745775222,
    "cen_accuracy": 0.559125
  },
  "54": {
    "cen_loss": 1.5525668407678603,
    "cen_accuracy": 0.5645
  },
  "55": {
    "cen_loss": 1.5315132813453673,
    "cen_accuracy": 0.559
  },
  "56": {
    "cen_loss": 1.475367723286152,
    "cen_accuracy": 0.575125
  },
  "57": {
    "cen_loss": 1.441956706881523,
    "cen_accuracy": 0.572
  },
  "58": {
    "cen_loss": 1.45717060482502,
    "cen_accuracy": 0.574125
  },
  "59": {
    "cen_loss": 1.5105167095661163,
    "cen_accuracy": 0.568625
  },
  "60": {
    "cen_loss": 1.5826518837213517,
    "cen_accuracy": 0.571
  },
  "61": {
    "cen_loss": 1.604780145049095,
    "cen_accuracy": 0.573625
  },
  "62": {
    "cen_loss": 1.4429886786341668,
    "cen_accuracy": 0.559125
  },
  "63": {
    "cen_loss": 1.50548538261652,
    "cen_accuracy": 0.563
  },
  "64": {
    "cen_loss": 1.800442143201828,
    "cen_accuracy": 0.508875
  },
  "65": {
    "cen_loss": 1.3890918219089508,
    "cen_accuracy": 0.59025
  },
  "66": {
    "cen_loss": 1.493557762503624,
    "cen_accuracy": 0.553125
  },
  "67": {
    "cen_loss": 1.311223442018032,
    "cen_accuracy": 0.594375
  },
  "68": {
    "cen_loss": 1.541412712275982,
    "cen_accuracy": 0.56675
  },
  "69": {
    "cen_loss": 1.3243072801828384,
    "cen_accuracy": 0.596875
  },
  "70": {
    "cen_loss": 1.4256574101448058,
    "cen_accuracy": 0.579875
  },
  "71": {
    "cen_loss": 1.2707622935175895,
    "cen_accuracy": 0.607875
  },
  "72": {
    "cen_loss": 1.4152639836072922,
    "cen_accuracy": 0.590125
  },
  "73": {
    "cen_loss": 1.5743150404691697,
    "cen_accuracy": 0.552625
  },
  "74": {
    "cen_loss": 1.6698960391283035,
    "cen_accuracy": 0.564125
  },
  "75": {
    "cen_loss": 1.4901472334861756,
    "cen_accuracy": 0.579
  },
  "76": {
    "cen_loss": 1.3033091332912445,
    "cen_accuracy": 0.6125
  },
  "77": {
    "cen_loss": 1.3866348124146461,
    "cen_accuracy": 0.584375
  },
  "78": {
    "cen_loss": 1.6338886874318124,
    "cen_accuracy": 0.550875
  },
  "79": {
    "cen_loss": 1.642875964164734,
    "cen_accuracy": 0.548125
  },
  "80": {
    "cen_loss": 1.7424883456230165,
    "cen_accuracy": 0.54975
  },
  "81": {
    "cen_loss": 1.6208583818078042,
    "cen_accuracy": 0.556625
  },
  "82": {
    "cen_loss": 1.5505119980573654,
    "cen_accuracy": 0.5715
  },
  "83": {
    "cen_loss": 1.3349352406859398,
    "cen_accuracy": 0.6145
  },
  "84": {
    "cen_loss": 1.427872376561165,
    "cen_accuracy": 0.5945
  },
  "85": {
    "cen_loss": 1.4238364827632903,
    "cen_accuracy": 0.601375
  },
  "86": {
    "cen_loss": 1.346191036939621,
    "cen_accuracy": 0.62075
  },
  "87": {
    "cen_loss": 1.4389551479816436,
    "cen_accuracy": 0.59375
  },
  "88": {
    "cen_loss": 1.4343928513526916,
    "cen_accuracy": 0.601125
  },
  "89": {
    "cen_loss": 1.4930438352823256,
    "cen_accuracy": 0.602
  },
  "90": {
    "cen_loss": 1.5201037902235985,
    "cen_accuracy": 0.604125
  },
  "91": {
    "cen_loss": 1.6988734140396118,
    "cen_accuracy": 0.5635
  },
  "92": {
    "cen_loss": 1.5071759898066521,
    "cen_accuracy": 0.603125
  },
  "93": {
    "cen_loss": 1.3990207091867923,
    "cen_accuracy": 0.611875
  },
  "94": {
    "cen_loss": 1.5193005359172822,
    "cen_accuracy": 0.599
  },
  "95": {
    "cen_loss": 1.5784862554073333,
    "cen_accuracy": 0.588375
  },
  "96": {
    "cen_loss": 1.367288974881172,
    "cen_accuracy": 0.619125
  },
  "97": {
    "cen_loss": 1.428849359512329,
    "cen_accuracy": 0.610625
  },
  "98": {
    "cen_loss": 1.4790600479841232,
    "cen_accuracy": 0.615
  },
  "99": {
    "cen_loss": 1.5800629754662514,
    "cen_accuracy": 0.599375
  },
  "100": {
    "cen_loss": 1.6054544187784194,
    "cen_accuracy": 0.6075
  },
  "101": {
    "cen_loss": 1.5295425584614277,