{
  "0": {
    "cen_loss": 2.3027569942474364,
    "cen_accuracy": 0.100375
  },
  "1": {
    "cen_loss": 2.3027569942474364,
    "cen_accuracy": 0.100375
  },
  "2": {
    "cen_loss": 3.767106774330139,
    "cen_accuracy": 0.100625
  },
  "3": {
    "cen_loss": 4.496462665081024,
    "cen_accuracy": 0.099125
  },
  "4": {
    "cen_loss": 4.755061221599579,
    "cen_accuracy": 0.099125
  },
  "5": {
    "cen_loss": 5.868305725574493,
    "cen_accuracy": 0.099125
  },
  "6": {
    "cen_loss": 6.466116830825806,
    "cen_accuracy": 0.100375
  },
  "7": {
    "cen_loss": 5.438802236557007,
    "cen_accuracy": 0.148875
  },
  "8": {
    "cen_loss": 3.4610858850479125,
    "cen_accuracy": 0.225625
  },
  "9": {
    "cen_loss": 2.4084472901821137,
    "cen_accuracy": 0.328
  },
  "10": {
    "cen_loss": 1.4280634132027625,
    "cen_accuracy": 0.553
  },
  "11": {
    "cen_loss": 1.9596712852716447,
    "cen_accuracy": 0.41575
  },
  "12": {
    "cen_loss": 1.580701352596283,
    "cen_accuracy": 0.519125
  },
  "13": {
    "cen_loss": 1.5143504739403724,
    "cen_accuracy": 0.531375
  },
  "14": {
    "cen_loss": 1.3723030839562416,
    "cen_accuracy": 0.579
  },
  "15": {
    "cen_loss": 1.3346881958842278,
    "cen_accuracy": 0.59875
  },
  "16": {
    "cen_loss": 1.2788399574160576,
    "cen_accuracy": 0.616375
  },
  "17": {
    "cen_loss": 1.2554775831401348,
    "cen_accuracy": 0.624375
  },
  "18": {
    "cen_loss": 1.227574456602335,
    "cen_accuracy": 0.63625
  },
  "19": {
    "cen_loss": 1.2256457817852497,
    "cen_accuracy": 0.63975
  },
  "20": {
    "cen_loss": 1.2082945312857627,
    "cen_accuracy": 0.659125
  },
  "21": {
    "cen_loss": 1.2344950833916664,
    "cen_accuracy": 0.64075
  },
  "22": {
    "cen_loss": 1.23068232691288,
    "cen_accuracy": 0.6445
  },
  "23": {
    "cen_loss": 1.1908271128237247,
    "cen_accuracy": 0.651125
  },
  "24": {
    "cen_loss": 1.1735790009796618,
    "cen_accuracy": 0.660625
  },
  "25": {
    "cen_loss": 1.1631413149237633,
    "cen_accuracy": 0.663625
  },
  "26": {
    "cen_loss": 1.146095178335905,
    "cen_accuracy": 0.666625
  },
  "27": {
    "cen_loss": 1.1611261185109616,
    "cen_accuracy": 0.666125
  },
  "28": {
    "cen_loss": 1.1684663089811802,
    "cen_accuracy": 0.66975
  },
  "29": {
    "cen_loss": 1.283090910553932,
    "cen_accuracy": 0.64575
  },
  "30": {
    "cen_loss": 1.2783434031009675,
    "cen_accuracy": 0.660125
  },
  "31": {
    "cen_loss": 1.326546806871891,
    "cen_accuracy": 0.64675
  },
  "32": {
    "cen_loss": 1.2479262944757938,
    "cen_accuracy": 0.6525
  },
  "33": {
    "cen_loss": 1.3628128742873669,
    "cen_accuracy": 0.642875
  },
  "34": {
    "cen_loss": 1.349312375485897,
    "cen_accuracy": 0.646375
  },
  "35": {
    "cen_loss": 1.4011901594698428,
    "cen_accuracy": 0.643125
  },
  "36": {
    "cen_loss": 1.4387844161093235,
    "cen_accuracy": 0.641625
  },
  "37": {
    "cen_loss": 1.2556587092876434,
    "cen_accuracy": 0.671875
  },
  "38": {
    "cen_loss": 1.175233150035143,
    "cen_accuracy": 0.682375
  },
  "39": {
    "cen_loss": 1.2151601424217224,
    "cen_accuracy": 0.680375
  },
  "40": {
    "cen_loss": 1.24995452272892,
    "cen_accuracy": 0.685125
  },
  "41": {
    "cen_loss": 1.3460168779343367,
    "cen_accuracy": 0.6665
  },
  "42": {
    "cen_loss": 1.4070140475034714,
    "cen_accuracy": 0.6615
  },
  "43": {
    "cen_loss": 1.2546867486536504,
    "cen_accuracy": 0.674375
  },
  "44": {
    "cen_loss": 1.1414442203044892,
    "cen_accuracy": 0.689625
  },
  "45": {
    "cen_loss": 1.2125801326930523,
    "cen_accuracy": 0.684
  },
  "46": {
    "cen_loss": 1.3185767064094542,
    "cen_accuracy": 0.67075
  },
  "47": {
    "cen_loss": 1.2739858042001724,
    "cen_accuracy": 0.6735
  },
  "48": {
    "cen_loss": 1.3470685524195434,
    "cen_accuracy": 0.672125
  },
  "49": {
    "cen_loss": 1.4138413050174714,
    "cen_accuracy": 0.663625
  },
  "50": {
    "cen_loss": 1.4618736254572868,
    "cen_accuracy": 0.67225
  },
  "51": {
    "cen_loss": 1.4773075315356254,
    "cen_accuracy": 0.656125
  },
  "52": {
    "cen_loss": 1.376334886789322,
    "cen_accuracy": 0.668125
  },
  "53": {
    "cen_loss": 1.385133592262864,
    "cen_accuracy": 0.67525
  },
  "54": {
    "cen_loss": 1.4249099881052971,
    "cen_accuracy": 0.667875
  },
  "55": {
    "cen_loss": 1.4348449411392212,
    "cen_accuracy": 0.664375
  },
  "56": {
    "cen_loss": 1.4650867079496384,
    "cen_accuracy": 0.64925
  },
  "57": {
    "cen_loss": 1.1767983637154102,
    "cen_accuracy": 0.690875
  },
  "58": {
    "cen_loss": 1.2505770804584027,
    "cen_accuracy": 0.6785
  },
  "59": {
    "cen_loss": 1.2016612215191125,
    "cen_accuracy": 0.690125
  },
  "60": {
    "cen_loss": 1.2561828679144382,
    "cen_accuracy": 0.693125
  },
  "61": {
    "cen_loss": 1.233618532449007,
    "cen_accuracy": 0.686625
  },
  "62": {
    "cen_loss": 1.1599739765822887,
    "cen_accuracy": 0.695375
  },
  "63": {
    "cen_loss": 1.2228848237991332,
    "cen_accuracy": 0.68975
  },
  "64": {
    "cen_loss": 1.3150326123088598,
    "cen_accuracy": 0.685625
  },
  "65": {
    "cen_loss": 1.3026011685281993,
    "cen_accuracy": 0.681125
  },
  "66": {
    "cen_loss": 1.3632184285670519,
    "cen_accuracy": 0.678625
  },
  "67": {
    "cen_loss": 1.2233255080580712,
    "cen_accuracy": 0.690625
  },
  "68": {
    "cen_loss": 1.2601934787333011,
    "cen_accuracy": 0.68825
  },
  "69": {
    "cen_loss": 1.315338239595294,
    "cen_accuracy": 0.6855
  },
  "70": {
    "cen_loss": 1.3649491371810436,
    "cen_accuracy": 0.682375
  },
  "71": {
    "cen_loss": 1.2279844902008772,
    "cen_accuracy": 0.687
  },
  "72": {
    "cen_loss": 1.2692865912616254,
    "cen_accuracy": 0.684375
  },
  "73": {
    "cen_loss": 1.2508218461722136,
    "cen_accuracy": 0.68375
  },
  "74": {
    "cen_loss": 1.3958338468670846,
    "cen_accuracy": 0.671625
  },
  "75": {
    "cen_loss": 1.3431963548064232,
    "cen_accuracy": 0.681375
  },
  "76": {
    "cen_loss": 1.3249871990531683,
    "cen_accuracy": 0.68425
  },
  "77": {
    "cen_loss": 1.4069665749371052,
    "cen_accuracy": 0.674875
  },
  "78": {
    "cen_loss": 1.2862053859978915,
    "cen_accuracy": 0.685125
  },
  "79": {
    "cen_loss": 1.3745366189479828,
    "cen_accuracy": 0.6795
  },
  "80": {
    "cen_loss": 1.4011576607227325,
    "cen_accuracy": 0.684125
  },
  "81": {
    "cen_loss": 1.3297529259324075,
    "cen_accuracy": 0.693125
  },
  "82": {
    "cen_loss": 1.1920962859392166,
    "cen_accuracy": 0.697375
  },
  "83": {
    "cen_loss": 1.2358520442545413,
    "cen_accuracy": 0.700125
  },
  "84": {
    "cen_loss": 1.1944732834100724,
    "cen_accuracy": 0.696125
  },
  "85": {
    "cen_loss": 1.1856173867583275,
    "cen_accuracy": 0.69675
  },
  "86": {
    "cen_loss": 1.1258736189305782,
    "cen_accuracy": 0.70775
  },
  "87": {
    "cen_loss": 1.2225334861576558,
    "cen_accuracy": 0.7025
  },
  "88": {
    "cen_loss": 1.1447130289375782,
    "cen_accuracy": 0.706625
  },
  "89": {
    "cen_loss": 1.1465630790293218,
    "cen_accuracy": 0.709375
  },
  "90": {
    "cen_loss": 1.193887708619237,
    "cen_accuracy": 0.71
  },
  "91": {
    "cen_loss": 1.1525200348496436,
    "cen_accuracy": 0.705125
  },
  "92": {
    "cen_loss": 1.2002585950493811,
    "cen_accuracy": 0.702375
  },
  "93": {
    "cen_loss": 1.0572192315757274,
    "cen_accuracy": 0.724875
  },
  "94": {
    "cen_loss": 1.0350847439467907,
    "cen_accuracy": 0.72675
  },
  "95": {
    "cen_loss": 1.056612097620964,
    "cen_accuracy": 0.725625
  },
  "96": {
    "cen_loss": 1.1277869759276509,
    "cen_accuracy": 0.719125
  },
  "97": {
    "cen_loss": 1.2033347959071399,
    "cen_accuracy": 0.70775
  },
  "98": {
    "cen_loss": 1.1451037247031928,
    "cen_accuracy": 0.72075
  },
  "99": {
    "cen_loss": 1.1660205281749367,
    "cen_accuracy": 0.717
  },
  "100": {
    "cen_loss": 1.245070120304823,
    "cen_accuracy": 0.71625
  },