{
  "0": {
    "cen_loss": 2.302691418170929,
    "cen_accuracy": 0.101125
  },
  "1": {
    "cen_loss": 2.302691418170929,
    "cen_accuracy": 0.101125
  },
  "2": {
    "cen_loss": 3.3147649879455567,
    "cen_accuracy": 0.0995
  },
  "3": {
    "cen_loss": 3.7516315598487853,
    "cen_accuracy": 0.099875
  },
  "4": {
    "cen_loss": 4.161330115318298,
    "cen_accuracy": 0.099625
  },
  "5": {
    "cen_loss": 4.434644956588745,
    "cen_accuracy": 0.0995
  },
  "6": {
    "cen_loss": 4.308992422580719,
    "cen_accuracy": 0.156
  },
  "7": {
    "cen_loss": 4.63377086019516,
    "cen_accuracy": 0.10225
  },
  "8": {
    "cen_loss": 4.140094828605652,
    "cen_accuracy": 0.159125
  },
  "9": {
    "cen_loss": 3.562227017879486,
    "cen_accuracy": 0.159625
  },
  "10": {
    "cen_loss": 1.53493114900589,
    "cen_accuracy": 0.416375
  },
  "11": {
    "cen_loss": 2.972965811252594,
    "cen_accuracy": 0.180375
  },
  "12": {
    "cen_loss": 2.4892356588840485,
    "cen_accuracy": 0.215125
  },
  "13": {
    "cen_loss": 2.227515599966049,
    "cen_accuracy": 0.263125
  },
  "14": {
    "cen_loss": 1.863161283493042,
    "cen_accuracy": 0.34125
  },
  "15": {
    "cen_loss": 1.6010254693031312,
    "cen_accuracy": 0.42325
  },
  "16": {
    "cen_loss": 2.0180707845687866,
    "cen_accuracy": 0.331375
  },
  "17": {
    "cen_loss": 1.6868176169395446,
    "cen_accuracy": 0.429875
  },
  "18": {
    "cen_loss": 1.8564637197256089,
    "cen_accuracy": 0.398125
  },
  "19": {
    "cen_loss": 1.494265846848488,
    "cen_accuracy": 0.489875
  },
  "20": {
    "cen_loss": 1.367662060201168,
    "cen_accuracy": 0.533875
  },
  "21": {
    "cen_loss": 1.5930108513832093,
    "cen_accuracy": 0.468875
  },
  "22": {
    "cen_loss": 1.4903323746919632,
    "cen_accuracy": 0.503375
  },
  "23": {
    "cen_loss": 1.5681544735431672,
    "cen_accuracy": 0.487625
  },
  "24": {
    "cen_loss": 1.4768717806339264,
    "cen_accuracy": 0.52625
  },
  "25": {
    "cen_loss": 1.282236919939518,
    "cen_accuracy": 0.567625
  },
  "26": {
    "cen_loss": 1.3942486968040466,
    "cen_accuracy": 0.551625
  },
  "27": {
    "cen_loss": 1.4656621606349944,
    "cen_accuracy": 0.54025
  },
  "28": {
    "cen_loss": 1.2680348218083382,
    "cen_accuracy": 0.586875
  },
  "29": {
    "cen_loss": 1.1978551317453385,
    "cen_accuracy": 0.598875
  },
  "30": {
    "cen_loss": 1.2009672861695289,
    "cen_accuracy": 0.6005
  },
  "31": {
    "cen_loss": 1.2730560581088066,
    "cen_accuracy": 0.59475
  },
  "32": {
    "cen_loss": 1.2197502422332764,
    "cen_accuracy": 0.60775
  },
  "33": {
    "cen_loss": 1.266920804321766,
    "cen_accuracy": 0.602625
  },
  "34": {
    "cen_loss": 1.1818470498919487,
    "cen_accuracy": 0.63075
  },
  "35": {
    "cen_loss": 1.1668755152225494,
    "cen_accuracy": 0.63525
  },
  "36": {
    "cen_loss": 1.2163359198570252,
    "cen_accuracy": 0.625125
  },
  "37": {
    "cen_loss": 1.1393445810675622,
    "cen_accuracy": 0.640625
  },
  "38": {
    "cen_loss": 1.2198268887400627,
    "cen_accuracy": 0.62475
  },
  "39": {
    "cen_loss": 1.1483546140789986,
    "cen_accuracy": 0.64575
  },
  "40": {
    "cen_loss": 1.1163035736680031,
    "cen_accuracy": 0.65475
  },
  "41": {
    "cen_loss": 1.1169900665283203,
    "cen_accuracy": 0.653375
  },
  "42": {
    "cen_loss": 1.2012404145002364,
    "cen_accuracy": 0.636875
  },
  "43": {
    "cen_loss": 1.0912984107732773,
    "cen_accuracy": 0.664375
  },
  "44": {
    "cen_loss": 1.1035697358846663,
    "cen_accuracy": 0.66025
  },
  "45": {
    "cen_loss": 1.103461395919323,
    "cen_accuracy": 0.6655
  },
  "46": {
    "cen_loss": 1.0641395546197892,
    "cen_accuracy": 0.666375
  },
  "47": {
    "cen_loss": 1.0998105853796005,
    "cen_accuracy": 0.65975
  },
  "48": {
    "cen_loss": 1.064595380425453,
    "cen_accuracy": 0.666
  },
  "49": {
    "cen_loss": 1.0154707742929459,
    "cen_accuracy": 0.679375
  },
  "50": {
    "cen_loss": 1.0412183041274548,
    "cen_accuracy": 0.678625
  },
  "51": {
    "cen_loss": 1.048459898352623,
    "cen_accuracy": 0.678125
  },
  "52": {
    "cen_loss": 0.9958151507377625,
    "cen_accuracy": 0.6885
  },
  "53": {
    "cen_loss": 1.0585738610625266,
    "cen_accuracy": 0.681375
  },
  "54": {
    "cen_loss": 1.0155439671576023,
    "cen_accuracy": 0.69375
  },
  "55": {
    "cen_loss": 1.0148426164090634,
    "cen_accuracy": 0.69025
  },
  "56": {
    "cen_loss": 0.9602064674496651,
    "cen_accuracy": 0.7025
  },
  "57": {
    "cen_loss": 1.0486392205953599,
    "cen_accuracy": 0.6935
  },
  "58": {
    "cen_loss": 0.9878520229160785,
    "cen_accuracy": 0.698375
  },
  "59": {
    "cen_loss": 0.9891666969656945,
    "cen_accuracy": 0.7085
  },
  "60": {
    "cen_loss": 0.9637999058514833,
    "cen_accuracy": 0.70775
  },
  "61": {
    "cen_loss": 1.0025930669605732,
    "cen_accuracy": 0.703
  },
  "62": {
    "cen_loss": 0.9570956861972809,
    "cen_accuracy": 0.70925
  },
  "63": {
    "cen_loss": 0.9174130368828773,
    "cen_accuracy": 0.719625
  },
  "64": {
    "cen_loss": 0.940578028589487,
    "cen_accuracy": 0.70725
  },
  "65": {
    "cen_loss": 0.9015199705958367,
    "cen_accuracy": 0.723
  },
  "66": {
    "cen_loss": 0.9202607860863209,
    "cen_accuracy": 0.70775
  },
  "67": {
    "cen_loss": 0.9301819567382336,
    "cen_accuracy": 0.719125
  },
  "68": {
    "cen_loss": 0.8593461077511311,
    "cen_accuracy": 0.72525
  },
  "69": {
    "cen_loss": 0.907266808271408,
    "cen_accuracy": 0.72375
  },
  "70": {
    "cen_loss": 0.9292127553522587,
    "cen_accuracy": 0.720625
  },
  "71": {
    "cen_loss": 0.8800652376860381,
    "cen_accuracy": 0.73275
  },
  "72": {
    "cen_loss": 0.9178360502719879,
    "cen_accuracy": 0.716125
  },
  "73": {
    "cen_loss": 0.8696149239093065,
    "cen_accuracy": 0.731125
  },
  "74": {
    "cen_loss": 0.9045267792940139,
    "cen_accuracy": 0.719625
  },
  "75": {
    "cen_loss": 0.9208088996112347,
    "cen_accuracy": 0.723125
  },
  "76": {
    "cen_loss": 0.8706953040510416,
    "cen_accuracy": 0.73175
  },
  "77": {
    "cen_loss": 0.8878469431400299,
    "cen_accuracy": 0.72675
  },
  "78": {
    "cen_loss": 0.891826338276267,
    "cen_accuracy": 0.72925
  },
  "79": {
    "cen_loss": 0.8254974724203348,
    "cen_accuracy": 0.743
  },
  "80": {
    "cen_loss": 0.9000803018808365,
    "cen_accuracy": 0.726625
  },
  "81": {
    "cen_loss": 0.836577354669571,
    "cen_accuracy": 0.740125
  },
  "82": {
    "cen_loss": 0.9189983111321927,
    "cen_accuracy": 0.7245
  },
  "83": {
    "cen_loss": 0.8812983265519142,
    "cen_accuracy": 0.731875
  },
  "84": {
    "cen_loss": 0.8541864010989666,
    "cen_accuracy": 0.736375
  },
  "85": {
    "cen_loss": 0.8713597046583891,
    "cen_accuracy": 0.733375
  },
  "86": {
    "cen_loss": 0.8291935940533877,
    "cen_accuracy": 0.74475
  },
  "87": {
    "cen_loss": 0.8691215829849244,
    "cen_accuracy": 0.736375
  },
  "88": {
    "cen_loss": 0.8754680330902338,
    "cen_accuracy": 0.736625
  },
  "89": {
    "cen_loss": 0.8588986049741506,
    "cen_accuracy": 0.737125
  },
  "90": {
    "cen_loss": 0.8413225783854723,
    "cen_accuracy": 0.74425
  },
  "91": {
    "cen_loss": 0.8381914375424385,
    "cen_accuracy": 0.74125
  },
  "92": {
    "cen_loss": 0.8243778432756662,
    "cen_accuracy": 0.749375
  },
  "93": {
    "cen_loss": 0.8366507697701454,
    "cen_accuracy": 0.751
  },
  "94": {
    "cen_loss": 0.85490246476233,
    "cen_accuracy": 0.746625
  },
  "95": {
    "cen_loss": 0.7900972429513932,
    "cen_accuracy": 0.757875
  },
  "96": {
    "cen_loss": 0.7858287089467049,
    "cen_accuracy": 0.753875
  },
  "97": {
    "cen_loss": 0.8018650442510843,
    "cen_accuracy": 0.754875
  },
  "98": {
    "cen_loss": 0.8208259287178516,
    "cen_accuracy": 0.75025
  },
  "99": {
    "cen_loss": 0.8434650875627995,
    "cen_accuracy": 0.744375
  },
  "100": {
    "cen_loss": 0.8819333284199238,
    "cen_accuracy": 0.74325
  }
}