{
  "0": {
    "cen_loss": 2.302756995201111,
    "cen_accuracy": 0.100375
  },
  "1": {
    "cen_loss": 2.302756995201111,
    "cen_accuracy": 0.100375
  },
  "2": {
    "cen_loss": 4.5520485739707945,
    "cen_accuracy": 0.099125
  },
  "3": {
    "cen_loss": 4.388174682617188,
    "cen_accuracy": 0.099125
  },
  "4": {
    "cen_loss": 5.678161940574646,
    "cen_accuracy": 0.099125
  },
  "5": {
    "cen_loss": 6.378571137905121,
    "cen_accuracy": 0.099125
  },
  "6": {
    "cen_loss": 6.845253800868988,
    "cen_accuracy": 0.099125
  },
  "7": {
    "cen_loss": 5.684502368450165,
    "cen_accuracy": 0.122625
  },
  "8": {
    "cen_loss": 3.5808747086524964,
    "cen_accuracy": 0.19275
  },
  "9": {
    "cen_loss": 2.4615267555713656,
    "cen_accuracy": 0.2925
  },
  "10": {
    "cen_loss": 1.5124347503185271,
    "cen_accuracy": 0.535625
  },
  "11": {
    "cen_loss": 2.044232521057129,
    "cen_accuracy": 0.387
  },
  "12": {
    "cen_loss": 1.8743953001499176,
    "cen_accuracy": 0.441875
  },
  "13": {
    "cen_loss": 1.7045894708633422,
    "cen_accuracy": 0.489875
  },
  "14": {
    "cen_loss": 1.557090471982956,
    "cen_accuracy": 0.524875
  },
  "15": {
    "cen_loss": 1.5181899820566178,
    "cen_accuracy": 0.54525
  },
  "16": {
    "cen_loss": 1.4417667238116265,
    "cen_accuracy": 0.571875
  },
  "17": {
    "cen_loss": 1.4080101688504219,
    "cen_accuracy": 0.586625
  },
  "18": {
    "cen_loss": 1.3879285073280334,
    "cen_accuracy": 0.593875
  },
  "19": {
    "cen_loss": 1.353731850206852,
    "cen_accuracy": 0.6105
  },
  "20": {
    "cen_loss": 1.276204391181469,
    "cen_accuracy": 0.637
  },
  "21": {
    "cen_loss": 1.3439574275016786,
    "cen_accuracy": 0.6105
  },
  "22": {
    "cen_loss": 1.350812900662422,
    "cen_accuracy": 0.613375
  },
  "23": {
    "cen_loss": 1.293620918571949,
    "cen_accuracy": 0.632625
  },
  "24": {
    "cen_loss": 1.222252819776535,
    "cen_accuracy": 0.642125
  },
  "25": {
    "cen_loss": 1.1988564107716084,
    "cen_accuracy": 0.648125
  },
  "26": {
    "cen_loss": 1.1840372455716133,
    "cen_accuracy": 0.656
  },
  "27": {
    "cen_loss": 1.2006322702169419,
    "cen_accuracy": 0.65725
  },
  "28": {
    "cen_loss": 1.2389297376573085,
    "cen_accuracy": 0.65475
  },
  "29": {
    "cen_loss": 1.2539425760507583,
    "cen_accuracy": 0.654375
  },
  "30": {
    "cen_loss": 1.2790954229831695,
    "cen_accuracy": 0.659125
  },
  "31": {
    "cen_loss": 1.3981874569952488,
    "cen_accuracy": 0.622375
  },
  "32": {
    "cen_loss": 1.2617670878469944,
    "cen_accuracy": 0.6455
  },
  "33": {
    "cen_loss": 1.2974505368471145,
    "cen_accuracy": 0.651375
  },
  "34": {
    "cen_loss": 1.2252097578644752,
    "cen_accuracy": 0.653875
  },
  "35": {
    "cen_loss": 1.2933365851640701,
    "cen_accuracy": 0.656375
  },
  "36": {
    "cen_loss": 1.477641495525837,
    "cen_accuracy": 0.625
  },
  "37": {
    "cen_loss": 1.273956602215767,
    "cen_accuracy": 0.65175
  },
  "38": {
    "cen_loss": 1.2464281841218472,
    "cen_accuracy": 0.6575
  },
  "39": {
    "cen_loss": 1.2730843716859817,
    "cen_accuracy": 0.6545
  },
  "40": {
    "cen_loss": 1.3544283612966537,
    "cen_accuracy": 0.645125
  },
  "41": {
    "cen_loss": 1.2196164662837983,
    "cen_accuracy": 0.6625
  },
  "42": {
    "cen_loss": 1.3088940052986144,
    "cen_accuracy": 0.64775
  },
  "43": {
    "cen_loss": 1.1428422157764435,
    "cen_accuracy": 0.6725
  },
  "44": {
    "cen_loss": 1.1321306803822517,
    "cen_accuracy": 0.67325
  },
  "45": {
    "cen_loss": 1.1219618290662765,
    "cen_accuracy": 0.68425
  },
  "46": {
    "cen_loss": 1.1797332991361618,
    "cen_accuracy": 0.68225
  },
  "47": {
    "cen_loss": 1.0890961903780698,
    "cen_accuracy": 0.69075
  },
  "48": {
    "cen_loss": 1.1101989937722683,
    "cen_accuracy": 0.69
  },
  "49": {
    "cen_loss": 1.2075847469568253,
    "cen_accuracy": 0.677125
  },
  "50": {
    "cen_loss": 1.1983292186558248,
    "cen_accuracy": 0.677
  },
  "51": {
    "cen_loss": 1.1506410815417767,
    "cen_accuracy": 0.68725
  },
  "52": {
    "cen_loss": 1.1739389882683755,
    "cen_accuracy": 0.676125
  },
  "53": {
    "cen_loss": 1.1320278156101704,
    "cen_accuracy": 0.685875
  },
  "54": {
    "cen_loss": 1.1420800442248582,
    "cen_accuracy": 0.687125
  },
  "55": {
    "cen_loss": 1.0172393288314343,
    "cen_accuracy": 0.7055
  },
  "56": {
    "cen_loss": 1.0072004913687707,
    "cen_accuracy": 0.71425
  },
  "57": {
    "cen_loss": 1.0577320042550564,
    "cen_accuracy": 0.70375
  },
  "58": {
    "cen_loss": 1.1336415819823742,
    "cen_accuracy": 0.694875
  },
  "59": {
    "cen_loss": 1.0874869130551814,
    "cen_accuracy": 0.69975
  },
  "60": {
    "cen_loss": 1.1948123550266028,
    "cen_accuracy": 0.689
  },
  "61": {
    "cen_loss": 1.057209504365921,
    "cen_accuracy": 0.7145
  },
  "62": {
    "cen_loss": 1.1316373602971435,
    "cen_accuracy": 0.69175
  },
  "63": {
    "cen_loss": 1.066515998750925,
    "cen_accuracy": 0.705625
  },
  "64": {
    "cen_loss": 0.9916093785464763,
    "cen_accuracy": 0.72175
  },
  "65": {
    "cen_loss": 1.0497543460279704,
    "cen_accuracy": 0.7165
  },
  "66": {
    "cen_loss": 1.0883620514124632,
    "cen_accuracy": 0.712125
  },
  "67": {
    "cen_loss": 1.0722616301029921,
    "cen_accuracy": 0.698375
  },
  "68": {
    "cen_loss": 1.0853142923414707,
    "cen_accuracy": 0.704375
  },
  "69": {
    "cen_loss": 1.0321835418641567,
    "cen_accuracy": 0.718125
  },
  "70": {
    "cen_loss": 1.0474858616590499,
    "cen_accuracy": 0.716625
  },
  "71": {
    "cen_loss": 1.1442023506760597,
    "cen_accuracy": 0.70075
  },
  "72": {
    "cen_loss": 0.9829756175577641,
    "cen_accuracy": 0.722625
  },
  "73": {
    "cen_loss": 1.0533203765302896,
    "cen_accuracy": 0.7125
  },
  "74": {
    "cen_loss": 0.9703876097202301,
    "cen_accuracy": 0.729125
  },
  "75": {
    "cen_loss": 1.011202763289213,
    "cen_accuracy": 0.71875
  },
  "76": {
    "cen_loss": 1.0581491275429726,
    "cen_accuracy": 0.712
  },
  "77": {
    "cen_loss": 1.0189105690568685,
    "cen_accuracy": 0.718875
  },
  "78": {
    "cen_loss": 1.0056416031122208,
    "cen_accuracy": 0.72375
  },
  "79": {
    "cen_loss": 0.9946192679703235,
    "cen_accuracy": 0.724375
  },
  "80": {
    "cen_loss": 1.0857314927577972,
    "cen_accuracy": 0.711
  },
  "81": {
    "cen_loss": 0.9565448531508446,
    "cen_accuracy": 0.732625
  },
  "82": {
    "cen_loss": 0.9759830658733845,
    "cen_accuracy": 0.732625
  },
  "83": {
    "cen_loss": 0.9423099239841104,
    "cen_accuracy": 0.738625
  },
  "84": {
    "cen_loss": 1.0172889245450496,
    "cen_accuracy": 0.72475
  },
  "85": {
    "cen_loss": 0.9319929571598768,
    "cen_accuracy": 0.746875
  },
  "86": {
    "cen_loss": 0.9040549137741327,
    "cen_accuracy": 0.749375
  },
  "87": {
    "cen_loss": 0.9058445490822196,
    "cen_accuracy": 0.751625
  },
  "88": {
    "cen_loss": 1.0037759660184384,
    "cen_accuracy": 0.72725
  },
  "89": {
    "cen_loss": 0.9263315318077803,
    "cen_accuracy": 0.738625
  },
  "90": {
    "cen_loss": 0.9292523300051689,
    "cen_accuracy": 0.74025
  },
  "91": {
    "cen_loss": 0.9728323410451413,
    "cen_accuracy": 0.738875
  },
  "92": {
    "cen_loss": 0.989106100678444,
    "cen_accuracy": 0.73375
  },
  "93": {
    "cen_loss": 0.9832853543907404,
    "cen_accuracy": 0.736375
  },
  "94": {
    "cen_loss": 1.0282161952108144,
    "cen_accuracy": 0.73775
  },
  "95": {
    "cen_loss": 0.9670040545165539,
    "cen_accuracy": 0.74175
  },
  "96": {
    "cen_loss": 0.9438668160289526,
    "cen_accuracy": 0.740125
  },
  "97": {
    "cen_loss": 0.9258616232126952,
    "cen_accuracy": 0.739
  },
  "98": {
    "cen_loss": 1.055304801210761,
    "cen_accuracy": 0.72025
  },
  "99": {
    "cen_loss": 0.9656888827458024,
    "cen_accuracy": 0.739
  },
  "100": {
    "cen_loss": 1.1007694440335036,
    "cen_accuracy": 0.719125
  },