{
  "0": {
    "cen_loss": 2.302756995201111,
    "cen_accuracy": 0.100375
  },
  "1": {
    "cen_loss": 2.302756995201111,
    "cen_accuracy": 0.100375
  },
  "2": {
    "cen_loss": 4.139338810443878,
    "cen_accuracy": 0.099125
  },
  "3": {
    "cen_loss": 3.332369041919708,
    "cen_accuracy": 0.101125
  },
  "4": {
    "cen_loss": 3.759031855106354,
    "cen_accuracy": 0.099125
  },
  "5": {
    "cen_loss": 3.769544418811798,
    "cen_accuracy": 0.099125
  },
  "6": {
    "cen_loss": 3.559204707622528,
    "cen_accuracy": 0.099125
  },
  "7": {
    "cen_loss": 3.504712881565094,
    "cen_accuracy": 0.106625
  },
  "8": {
    "cen_loss": 3.3519789292812345,
    "cen_accuracy": 0.127375
  },
  "9": {
    "cen_loss": 2.893706214427948,
    "cen_accuracy": 0.173875
  },
  "10": {
    "cen_loss": 1.5647811665534974,
    "cen_accuracy": 0.40525
  },
  "11": {
    "cen_loss": 2.6307786500453947,
    "cen_accuracy": 0.178
  },
  "12": {
    "cen_loss": 3.0181237540245056,
    "cen_accuracy": 0.217
  },
  "13": {
    "cen_loss": 1.9954884481430053,
    "cen_accuracy": 0.285625
  },
  "14": {
    "cen_loss": 2.0255722103118896,
    "cen_accuracy": 0.287875
  },
  "15": {
    "cen_loss": 1.7942823383808135,
    "cen_accuracy": 0.36125
  },
  "16": {
    "cen_loss": 1.772135178089142,
    "cen_accuracy": 0.37775
  },
  "17": {
    "cen_loss": 1.591651723265648,
    "cen_accuracy": 0.432875
  },
  "18": {
    "cen_loss": 1.5481015391349793,
    "cen_accuracy": 0.44225
  },
  "19": {
    "cen_loss": 1.472186641573906,
    "cen_accuracy": 0.47775
  },
  "20": {
    "cen_loss": 1.2716673895716668,
    "cen_accuracy": 0.56125
  },
  "21": {
    "cen_loss": 1.5773124753236771,
    "cen_accuracy": 0.466
  },
  "22": {
    "cen_loss": 1.7205191247463227,
    "cen_accuracy": 0.46825
  },
  "23": {
    "cen_loss": 1.363890718460083,
    "cen_accuracy": 0.524375
  },
  "24": {
    "cen_loss": 1.4481675944328307,
    "cen_accuracy": 0.495125
  },
  "25": {
    "cen_loss": 1.3373197070360183,
    "cen_accuracy": 0.53325
  },
  "26": {
    "cen_loss": 1.324949554026127,
    "cen_accuracy": 0.545625
  },
  "27": {
    "cen_loss": 1.332633928835392,
    "cen_accuracy": 0.551625
  },
  "28": {
    "cen_loss": 1.7126063891649246,
    "cen_accuracy": 0.47625
  },
  "29": {
    "cen_loss": 1.6179350160360337,
    "cen_accuracy": 0.49125
  },
  "30": {
    "cen_loss": 1.7905106724500657,
    "cen_accuracy": 0.485625
  },
  "31": {
    "cen_loss": 1.979370249390602,
    "cen_accuracy": 0.426875
  },
  "32": {
    "cen_loss": 2.2689184931516646,
    "cen_accuracy": 0.419
  },
  "33": {
    "cen_loss": 2.048016289114952,
    "cen_accuracy": 0.41675
  },
  "34": {
    "cen_loss": 2.2143275372982023,
    "cen_accuracy": 0.404
  },
  "35": {
    "cen_loss": 2.5507461807727814,
    "cen_accuracy": 0.4245
  },
  "36": {
    "cen_loss": 1.8458038959503174,
    "cen_accuracy": 0.448125
  },
  "37": {
    "cen_loss": 1.617589128613472,
    "cen_accuracy": 0.4795
  },
  "38": {
    "cen_loss": 1.2022385296821594,
    "cen_accuracy": 0.587875
  },
  "39": {
    "cen_loss": 1.397637032210827,
    "cen_accuracy": 0.529875
  },
  "40": {
    "cen_loss": 1.5144846427440644,
    "cen_accuracy": 0.50025
  },
  "41": {
    "cen_loss": 1.8454661561250687,
    "cen_accuracy": 0.438625
  },
  "42": {
    "cen_loss": 2.1882561984062194,
    "cen_accuracy": 0.47875
  },
  "43": {
    "cen_loss": 2.3467747268676757,
    "cen_accuracy": 0.41275
  },
  "44": {
    "cen_loss": 1.8968808878660202,
    "cen_accuracy": 0.502375
  },
  "45": {
    "cen_loss": 1.4969804999828338,
    "cen_accuracy": 0.54475
  },
  "46": {
    "cen_loss": 1.3836716713905335,
    "cen_accuracy": 0.5465
  },
  "47": {
    "cen_loss": 1.333164765238762,
    "cen_accuracy": 0.584
  },
  "48": {
    "cen_loss": 1.5048637256026267,
    "cen_accuracy": 0.53225
  },
  "49": {
    "cen_loss": 1.6976349818706513,
    "cen_accuracy": 0.498625
  },
  "50": {
    "cen_loss": 1.8962815483808517,
    "cen_accuracy": 0.471375
  },
  "51": {
    "cen_loss": 1.3802059290409088,
    "cen_accuracy": 0.569125
  },
  "52": {
    "cen_loss": 1.8987074462175368,
    "cen_accuracy": 0.491625
  },
  "53": {
    "cen_loss": 1.7819986667633056,
    "cen_accuracy": 0.4765
  },
  "54": {
    "cen_loss": 1.138761470258236,
    "cen_accuracy": 0.60875
  },
  "55": {
    "cen_loss": 1.199475399941206,
    "cen_accuracy": 0.60825
  },
  "56": {
    "cen_loss": 1.097087772667408,
    "cen_accuracy": 0.63125
  },
  "57": {
    "cen_loss": 1.1831142905950547,
    "cen_accuracy": 0.611375
  },
  "58": {
    "cen_loss": 1.601552275657654,
    "cen_accuracy": 0.52325
  },
  "59": {
    "cen_loss": 1.2386736093759536,
    "cen_accuracy": 0.5935
  },
  "60": {
    "cen_loss": 1.2213404393792153,
    "cen_accuracy": 0.603375
  },
  "61": {
    "cen_loss": 1.183308968514204,
    "cen_accuracy": 0.6105
  },
  "62": {
    "cen_loss": 1.2193389223217965,
    "cen_accuracy": 0.6075
  },
  "63": {
    "cen_loss": 1.0733087352216244,
    "cen_accuracy": 0.640625
  },
  "64": {
    "cen_loss": 1.0878868727982045,
    "cen_accuracy": 0.640125
  },
  "65": {
    "cen_loss": 1.1681955192089082,
    "cen_accuracy": 0.624
  },
  "66": {
    "cen_loss": 1.1934643370956182,
    "cen_accuracy": 0.6195
  },
  "67": {
    "cen_loss": 1.3298104511499405,
    "cen_accuracy": 0.586625
  },
  "68": {
    "cen_loss": 1.8835923957824707,
    "cen_accuracy": 0.457625
  },
  "69": {
    "cen_loss": 1.812099429130554,
    "cen_accuracy": 0.518875
  },
  "70": {
    "cen_loss": 1.9904747426509857,
    "cen_accuracy": 0.4995
  },
  "71": {
    "cen_loss": 1.5409099764823913,
    "cen_accuracy": 0.49175
  },
  "72": {
    "cen_loss": 1.2936326082348824,
    "cen_accuracy": 0.589625
  },
  "73": {
    "cen_loss": 1.9706050261855126,
    "cen_accuracy": 0.51225
  },
  "74": {
    "cen_loss": 1.3451843266487122,
    "cen_accuracy": 0.587875
  },
  "75": {
    "cen_loss": 1.1934587439894677,
    "cen_accuracy": 0.5825
  },
  "76": {
    "cen_loss": 1.1410207873284817,
    "cen_accuracy": 0.62925
  },
  "77": {
    "cen_loss": 1.4235053647458553,
    "cen_accuracy": 0.592375
  },
  "78": {
    "cen_loss": 1.286242395311594,
    "cen_accuracy": 0.593625
  },
  "79": {
    "cen_loss": 1.777165670633316,
    "cen_accuracy": 0.515875
  },
  "80": {
    "cen_loss": 2.8800126432180404,
    "cen_accuracy": 0.3565
  },
  "81": {
    "cen_loss": 1.236342908501625,
    "cen_accuracy": 0.599875
  },
  "82": {
    "cen_loss": 1.6860305019021034,
    "cen_accuracy": 0.4995
  },
  "83": {
    "cen_loss": 1.714421899497509,
    "cen_accuracy": 0.48775
  },
  "84": {
    "cen_loss": 2.140760710120201,
    "cen_accuracy": 0.450875
  },
  "85": {
    "cen_loss": 1.200469285428524,
    "cen_accuracy": 0.6065
  },
  "86": {
    "cen_loss": 1.0249192985594273,
    "cen_accuracy": 0.652
  },
  "87": {
    "cen_loss": 1.142554803609848,
    "cen_accuracy": 0.627375
  },
  "88": {
    "cen_loss": 1.322129993379116,
    "cen_accuracy": 0.615375
  },
  "89": {
    "cen_loss": 1.2533073360323905,
    "cen_accuracy": 0.6155
  },
  "90": {
    "cen_loss": 1.3641763069629669,
    "cen_accuracy": 0.597875
  },
  "91": {
    "cen_loss": 1.323177396029234,
    "cen_accuracy": 0.5975
  },
  "92": {
    "cen_loss": 1.4369915329813958,
    "cen_accuracy": 0.56925
  },
  "93": {
    "cen_loss": 1.1983118323385715,
    "cen_accuracy": 0.626
  },
  "94": {
    "cen_loss": 1.183104411959648,
    "cen_accuracy": 0.617625
  },
  "95": {
    "cen_loss": 1.3621911548376084,
    "cen_accuracy": 0.577875
  },
  "96": {
    "cen_loss": 1.7338827447891236,
    "cen_accuracy": 0.481125
  },
  "97": {
    "cen_loss": 1.4525364344120026,
    "cen_accuracy": 0.587625
  },
  "98": {
    "cen_loss": 1.566091554969549,
    "cen_accuracy": 0.546625
  },
  "99": {
    "cen_loss": 1.2784334230422973,
    "cen_accuracy": 0.587
  },
  "100": {
    "cen_loss": 1.3259765608310699,
    "cen_accuracy": 0.572
  },
  "101": {
    "cen_loss": 1.6937496299743653,