{
  "0": {
    "cen_loss": 2.3026963715553284,
    "cen_accuracy": 0.098
  },
  "1": {
    "cen_loss": 2.3026963715553284,
    "cen_accuracy": 0.098
  },
  "2": {
    "cen_loss": 2.986770383119583,
    "cen_accuracy": 0.099375
  },
  "3": {
    "cen_loss": 2.776633062839508,
    "cen_accuracy": 0.099125
  },
  "4": {
    "cen_loss": 3.530202838420868,
    "cen_accuracy": 0.100625
  },
  "5": {
    "cen_loss": 3.0376892008781433,
    "cen_accuracy": 0.099125
  },
  "6": {
    "cen_loss": 3.3040542464256286,
    "cen_accuracy": 0.089625
  },
  "7": {
    "cen_loss": 3.763323637008667,
    "cen_accuracy": 0.099125
  },
  "8": {
    "cen_loss": 3.533654317855835,
    "cen_accuracy": 0.102125
  },
  "9": {
    "cen_loss": 3.73004847240448,
    "cen_accuracy": 0.1355
  },
  "10": {
    "cen_loss": 1.3102589591741562,
    "cen_accuracy": 0.526625
  },
  "11": {
    "cen_loss": 3.7665812015533446,
    "cen_accuracy": 0.137
  },
  "12": {
    "cen_loss": 3.046835331916809,
    "cen_accuracy": 0.168375
  },
  "13": {
    "cen_loss": 2.264207431793213,
    "cen_accuracy": 0.276875
  },
  "14": {
    "cen_loss": 1.6013777105808258,
    "cen_accuracy": 0.4465
  },
  "15": {
    "cen_loss": 1.6015110538005828,
    "cen_accuracy": 0.4595
  },
  "16": {
    "cen_loss": 1.2931817942261696,
    "cen_accuracy": 0.546125
  },
  "17": {
    "cen_loss": 1.2506466854810714,
    "cen_accuracy": 0.56825
  },
  "18": {
    "cen_loss": 1.1508133315443994,
    "cen_accuracy": 0.5855
  },
  "19": {
    "cen_loss": 1.0594879127144814,
    "cen_accuracy": 0.626625
  },
  "20": {
    "cen_loss": 0.911008830010891,
    "cen_accuracy": 0.685
  },
  "21": {
    "cen_loss": 1.0718716183304786,
    "cen_accuracy": 0.62225
  },
  "22": {
    "cen_loss": 1.2341550769209861,
    "cen_accuracy": 0.622875
  },
  "23": {
    "cen_loss": 1.236020435988903,
    "cen_accuracy": 0.59575
  },
  "24": {
    "cen_loss": 1.05088614153862,
    "cen_accuracy": 0.63025
  },
  "25": {
    "cen_loss": 0.9420262721478939,
    "cen_accuracy": 0.6735
  },
  "26": {
    "cen_loss": 0.9270907860696316,
    "cen_accuracy": 0.673625
  },
  "27": {
    "cen_loss": 1.050559702694416,
    "cen_accuracy": 0.64075
  },
  "28": {
    "cen_loss": 1.3758673225641251,
    "cen_accuracy": 0.565375
  },
  "29": {
    "cen_loss": 1.355306144118309,
    "cen_accuracy": 0.56125
  },
  "30": {
    "cen_loss": 1.5067701210975648,
    "cen_accuracy": 0.53725
  },
  "31": {
    "cen_loss": 1.7885240084528924,
    "cen_accuracy": 0.486875
  },
  "32": {
    "cen_loss": 2.160708447575569,
    "cen_accuracy": 0.396875
  },
  "33": {
    "cen_loss": 1.253859672665596,
    "cen_accuracy": 0.56475
  },
  "34": {
    "cen_loss": 1.6994154844284057,
    "cen_accuracy": 0.4745
  },
  "35": {
    "cen_loss": 1.2361009120345117,
    "cen_accuracy": 0.605875
  },
  "36": {
    "cen_loss": 1.509818603336811,
    "cen_accuracy": 0.5155
  },
  "37": {
    "cen_loss": 1.6885130672454833,
    "cen_accuracy": 0.52425
  },
  "38": {
    "cen_loss": 2.488433912396431,
    "cen_accuracy": 0.374625
  },
  "39": {
    "cen_loss": 1.9379490090608598,
    "cen_accuracy": 0.408125
  },
  "40": {
    "cen_loss": 2.2468185498714446,
    "cen_accuracy": 0.3935
  },
  "41": {
    "cen_loss": 1.4517238705158233,
    "cen_accuracy": 0.55
  },
  "42": {
    "cen_loss": 1.232288402915001,
    "cen_accuracy": 0.618125
  },
  "43": {
    "cen_loss": 1.3908874037861825,
    "cen_accuracy": 0.620125
  },
  "44": {
    "cen_loss": 1.04310632827878,
    "cen_accuracy": 0.665625
  },
  "45": {
    "cen_loss": 2.0721979850530623,
    "cen_accuracy": 0.447375
  },
  "46": {
    "cen_loss": 1.6029065674543381,
    "cen_accuracy": 0.548875
  },
  "47": {
    "cen_loss": 0.9108348798155784,
    "cen_accuracy": 0.685
  },
  "48": {
    "cen_loss": 1.5208170629739761,
    "cen_accuracy": 0.584125
  },
  "49": {
    "cen_loss": 0.9362157877087594,
    "cen_accuracy": 0.678
  },
  "50": {
    "cen_loss": 1.114055444777012,
    "cen_accuracy": 0.64525
  },
  "51": {
    "cen_loss": 1.4901520864963531,
    "cen_accuracy": 0.594625
  },
  "52": {
    "cen_loss": 2.974448578119278,
    "cen_accuracy": 0.342875
  },
  "53": {
    "cen_loss": 0.932247463464737,
    "cen_accuracy": 0.67575
  },
  "54": {
    "cen_loss": 0.8336187987029553,
    "cen_accuracy": 0.7185
  },
  "55": {
    "cen_loss": 0.7184869097173214,
    "cen_accuracy": 0.7505
  },
  "56": {
    "cen_loss": 0.713512683749199,
    "cen_accuracy": 0.756125
  },
  "57": {
    "cen_loss": 0.7328440822064877,
    "cen_accuracy": 0.754125
  },
  "58": {
    "cen_loss": 0.8052474316358567,
    "cen_accuracy": 0.72925
  },
  "59": {
    "cen_loss": 0.6969678819179534,
    "cen_accuracy": 0.764375
  },
  "60": {
    "cen_loss": 0.6645052168816328,
    "cen_accuracy": 0.78
  },
  "61": {
    "cen_loss": 0.6522954053878784,
    "cen_accuracy": 0.78
  },
  "62": {
    "cen_loss": 0.8609951003491878,
    "cen_accuracy": 0.714125
  },
  "63": {
    "cen_loss": 0.8653646868169308,
    "cen_accuracy": 0.705875
  },
  "64": {
    "cen_loss": 0.8141299863159657,
    "cen_accuracy": 0.739125
  },
  "65": {
    "cen_loss": 0.9580256206393242,
    "cen_accuracy": 0.68125
  },
  "66": {
    "cen_loss": 0.8815919234454632,
    "cen_accuracy": 0.717875
  },
  "67": {
    "cen_loss": 0.7288490000367165,
    "cen_accuracy": 0.753
  },
  "68": {
    "cen_loss": 0.6674573273062706,
    "cen_accuracy": 0.771625
  },
  "69": {
    "cen_loss": 0.6549367547035218,
    "cen_accuracy": 0.779625
  },
  "70": {
    "cen_loss": 0.6607778985202313,
    "cen_accuracy": 0.787125
  },
  "71": {
    "cen_loss": 0.6760959869623184,
    "cen_accuracy": 0.7675
  },
  "72": {
    "cen_loss": 0.7719107991456986,
    "cen_accuracy": 0.74125
  },
  "73": {
    "cen_loss": 0.7363707871884108,
    "cen_accuracy": 0.744125
  },
  "74": {
    "cen_loss": 1.370971689581871,
    "cen_accuracy": 0.6445
  },
  "75": {
    "cen_loss": 2.1899322164058685,
    "cen_accuracy": 0.45025
  },
  "76": {
    "cen_loss": 1.1879011151492596,
    "cen_accuracy": 0.642875
  },
  "77": {
    "cen_loss": 0.9561355450451374,
    "cen_accuracy": 0.671125
  },
  "78": {
    "cen_loss": 0.8173266376256942,
    "cen_accuracy": 0.725125
  },
  "79": {
    "cen_loss": 0.8357427114397288,
    "cen_accuracy": 0.731125
  },
  "80": {
    "cen_loss": 0.8447045352011919,
    "cen_accuracy": 0.742625
  },
  "81": {
    "cen_loss": 0.774634702205658,
    "cen_accuracy": 0.73225
  },
  "82": {
    "cen_loss": 0.880267525061965,
    "cen_accuracy": 0.717625
  },
  "83": {
    "cen_loss": 1.3009705384075643,
    "cen_accuracy": 0.618375
  },
  "84": {
    "cen_loss": 1.3688116382360458,
    "cen_accuracy": 0.60775
  },
  "85": {
    "cen_loss": 1.1865273026823997,
    "cen_accuracy": 0.643125
  },
  "86": {
    "cen_loss": 1.220858865559101,
    "cen_accuracy": 0.651375
  },
  "87": {
    "cen_loss": 1.3549620948433876,
    "cen_accuracy": 0.5715
  },
  "88": {
    "cen_loss": 1.4313254830241204,
    "cen_accuracy": 0.5705
  },
  "89": {
    "cen_loss": 0.8841767486035824,
    "cen_accuracy": 0.707875
  },
  "90": {
    "cen_loss": 1.218415225803852,
    "cen_accuracy": 0.643
  },
  "91": {
    "cen_loss": 1.1043418536782266,
    "cen_accuracy": 0.63225
  },
  "92": {
    "cen_loss": 1.51503269636631,
    "cen_accuracy": 0.5765
  },
  "93": {
    "cen_loss": 1.2158639809489251,
    "cen_accuracy": 0.65175
  },
  "94": {
    "cen_loss": 0.7675401979684829,
    "cen_accuracy": 0.736875
  },
  "95": {
    "cen_loss": 0.6977905932068825,
    "cen_accuracy": 0.77025
  },
  "96": {
    "cen_loss": 1.1908759526759387,
    "cen_accuracy": 0.673375
  },
  "97": {
    "cen_loss": 1.066380826383829,
    "cen_accuracy": 0.706375
  },
  "98": {
    "cen_loss": 0.8209578011333942,
    "cen_accuracy": 0.726875
  },
  "99": {
    "cen_loss": 1.2321433075666428,
    "cen_accuracy": 0.605
  },
  "100": {
    "cen_loss": 2.293432929992676,
    "cen_accuracy": 0.40925
  },
  "101": {
    "cen_loss": 0.9849737372994423,