{
  "0": {
    "cen_loss": 2.302711468219757,
    "cen_accuracy": 0.099125
  },
  "1": {
    "cen_loss": 2.302711468219757,
    "cen_accuracy": 0.099125
  },
  "2": {
    "cen_loss": 2.5926376194953917,
    "cen_accuracy": 0.10075
  },
  "3": {
    "cen_loss": 3.3241839694976805,
    "cen_accuracy": 0.098875
  },
  "4": {
    "cen_loss": 4.3153780970573425,
    "cen_accuracy": 0.097125
  },
  "5": {
    "cen_loss": 5.436945362091064,
    "cen_accuracy": 0.0995
  },
  "6": {
    "cen_loss": 4.2146927242279055,
    "cen_accuracy": 0.0995
  },
  "7": {
    "cen_loss": 4.569022026062012,
    "cen_accuracy": 0.134375
  },
  "8": {
    "cen_loss": 2.3632135088443755,
    "cen_accuracy": 0.294125
  },
  "9": {
    "cen_loss": 1.7824245767593383,
    "cen_accuracy": 0.429375
  },
  "10": {
    "cen_loss": 1.4036370151638984,
    "cen_accuracy": 0.551625
  },
  "11": {
    "cen_loss": 1.653560714006424,
    "cen_accuracy": 0.47325
  },
  "12": {
    "cen_loss": 1.9564169799089433,
    "cen_accuracy": 0.443
  },
  "13": {
    "cen_loss": 1.2641431303024293,
    "cen_accuracy": 0.5875
  },
  "14": {
    "cen_loss": 1.3607121880650521,
    "cen_accuracy": 0.56975
  },
  "15": {
    "cen_loss": 1.3298351666927337,
    "cen_accuracy": 0.588125
  },
  "16": {
    "cen_loss": 1.3525245347619057,
    "cen_accuracy": 0.57725
  },
  "17": {
    "cen_loss": 1.2493769925534726,
    "cen_accuracy": 0.615
  },
  "18": {
    "cen_loss": 1.3158726307749748,
    "cen_accuracy": 0.587875
  },
  "19": {
    "cen_loss": 1.3707632284164428,
    "cen_accuracy": 0.593625
  },
  "20": {
    "cen_loss": 1.5464303869009017,
    "cen_accuracy": 0.58925
  },
  "21": {
    "cen_loss": 1.1891801997721194,
    "cen_accuracy": 0.636625
  },
  "22": {
    "cen_loss": 1.2381894192099572,
    "cen_accuracy": 0.651875
  },
  "23": {
    "cen_loss": 1.1822995320558547,
    "cen_accuracy": 0.645625
  },
  "24": {
    "cen_loss": 1.0872905183434487,
    "cen_accuracy": 0.682
  },
  "25": {
    "cen_loss": 1.0651370796561241,
    "cen_accuracy": 0.68125
  },
  "26": {
    "cen_loss": 1.1915642621517182,
    "cen_accuracy": 0.650875
  },
  "27": {
    "cen_loss": 1.2323818619549274,
    "cen_accuracy": 0.639875
  },
  "28": {
    "cen_loss": 1.1735347770750522,
    "cen_accuracy": 0.67975
  },
  "29": {
    "cen_loss": 0.9352688723802567,
    "cen_accuracy": 0.717125
  },
  "30": {
    "cen_loss": 0.9972244027853012,
    "cen_accuracy": 0.7105
  },
  "31": {
    "cen_loss": 1.0663872428834438,
    "cen_accuracy": 0.700875
  },
  "32": {
    "cen_loss": 1.2695898749828338,
    "cen_accuracy": 0.622
  },
  "33": {
    "cen_loss": 0.9188123883754015,
    "cen_accuracy": 0.715375
  },
  "34": {
    "cen_loss": 1.1954503890275956,
    "cen_accuracy": 0.672375
  },
  "35": {
    "cen_loss": 1.018446851029992,
    "cen_accuracy": 0.70425
  },
  "36": {
    "cen_loss": 1.0249956675320864,
    "cen_accuracy": 0.69125
  },
  "37": {
    "cen_loss": 0.7792365462183952,
    "cen_accuracy": 0.747875
  },
  "38": {
    "cen_loss": 0.889567832313478,
    "cen_accuracy": 0.734625
  },
  "39": {
    "cen_loss": 0.9487078940421343,
    "cen_accuracy": 0.716
  },
  "40": {
    "cen_loss": 1.0369045065492393,
    "cen_accuracy": 0.703125
  },
  "41": {
    "cen_loss": 0.7811599225252867,
    "cen_accuracy": 0.75475
  },
  "42": {
    "cen_loss": 1.1024231084883214,
    "cen_accuracy": 0.70225
  },
  "43": {
    "cen_loss": 0.7941959173977375,
    "cen_accuracy": 0.74775
  },
  "44": {
    "cen_loss": 0.8322895752638578,
    "cen_accuracy": 0.746375
  },
  "45": {
    "cen_loss": 0.9011646948605776,
    "cen_accuracy": 0.73175
  },
  "46": {
    "cen_loss": 0.9086516968309879,
    "cen_accuracy": 0.745375
  },
  "47": {
    "cen_loss": 0.8258403799533844,
    "cen_accuracy": 0.752125
  },
  "48": {
    "cen_loss": 0.9317538869231939,
    "cen_accuracy": 0.7195
  },
  "49": {
    "cen_loss": 0.8223578091859818,
    "cen_accuracy": 0.759125
  },
  "50": {
    "cen_loss": 0.8312029623985291,
    "cen_accuracy": 0.762125
  },
  "51": {
    "cen_loss": 0.8371312039531768,
    "cen_accuracy": 0.749125
  },
  "52": {
    "cen_loss": 0.9430126035809517,
    "cen_accuracy": 0.715
  },
  "53": {
    "cen_loss": 0.7663435894474387,
    "cen_accuracy": 0.762625
  },
  "54": {
    "cen_loss": 0.8585185904800892,
    "cen_accuracy": 0.749375
  },
  "55": {
    "cen_loss": 0.8287794207036495,
    "cen_accuracy": 0.743375
  },
  "56": {
    "cen_loss": 0.9556036262065172,
    "cen_accuracy": 0.72525
  },
  "57": {
    "cen_loss": 0.7353451267033816,
    "cen_accuracy": 0.775875
  },
  "58": {
    "cen_loss": 0.8082146751210093,
    "cen_accuracy": 0.755125
  },
  "59": {
    "cen_loss": 0.9343096364736557,
    "cen_accuracy": 0.723875
  },
  "60": {
    "cen_loss": 1.1446224237531424,
    "cen_accuracy": 0.695
  },
  "61": {
    "cen_loss": 1.1334705857932568,
    "cen_accuracy": 0.691625
  },
  "62": {
    "cen_loss": 0.8459884621500969,
    "cen_accuracy": 0.767625
  },
  "63": {
    "cen_loss": 0.9202516230121255,
    "cen_accuracy": 0.751875
  },
  "64": {
    "cen_loss": 0.9197330425083637,
    "cen_accuracy": 0.737875
  },
  "65": {
    "cen_loss": 0.8765342701226473,
    "cen_accuracy": 0.748
  },
  "66": {
    "cen_loss": 0.7602292410954833,
    "cen_accuracy": 0.773125
  },
  "67": {
    "cen_loss": 0.7187381001785398,
    "cen_accuracy": 0.775125
  },
  "68": {
    "cen_loss": 0.8405272246971727,
    "cen_accuracy": 0.759625
  },
  "69": {
    "cen_loss": 0.772295033082366,
    "cen_accuracy": 0.775625
  },
  "70": {
    "cen_loss": 0.7686149590834975,
    "cen_accuracy": 0.7735
  },
  "71": {
    "cen_loss": 0.7183687287867069,
    "cen_accuracy": 0.774875
  },
  "72": {
    "cen_loss": 0.7718545725941658,
    "cen_accuracy": 0.775375
  },
  "73": {
    "cen_loss": 0.8251145591437816,
    "cen_accuracy": 0.73525
  },
  "74": {
    "cen_loss": 0.6722935051992536,
    "cen_accuracy": 0.7995
  },
  "75": {
    "cen_loss": 0.7192223212346435,
    "cen_accuracy": 0.78625
  },
  "76": {
    "cen_loss": 0.8389386425688863,
    "cen_accuracy": 0.758125
  },
  "77": {
    "cen_loss": 0.7644401699230075,
    "cen_accuracy": 0.77025
  },
  "78": {
    "cen_loss": 0.6860938554480672,
    "cen_accuracy": 0.784375
  },
  "79": {
    "cen_loss": 0.6995495821200312,
    "cen_accuracy": 0.787875
  },
  "80": {
    "cen_loss": 0.8281415860950947,
    "cen_accuracy": 0.766375
  },
  "81": {
    "cen_loss": 0.7599287301767618,
    "cen_accuracy": 0.782125
  },
  "82": {
    "cen_loss": 0.751395396027714,
    "cen_accuracy": 0.772125
  },
  "83": {
    "cen_loss": 0.7448832108974457,
    "cen_accuracy": 0.79175
  },
  "84": {
    "cen_loss": 0.7887684385180473,
    "cen_accuracy": 0.782625
  },
  "85": {
    "cen_loss": 0.8356040872484446,
    "cen_accuracy": 0.757
  },
  "86": {
    "cen_loss": 0.7207559189349413,
    "cen_accuracy": 0.78525
  },
  "87": {
    "cen_loss": 0.7503723998516798,
    "cen_accuracy": 0.77175
  },
  "88": {
    "cen_loss": 0.7565769796073437,
    "cen_accuracy": 0.78875
  },
  "89": {
    "cen_loss": 0.6893250750564038,
    "cen_accuracy": 0.79375
  },
  "90": {
    "cen_loss": 0.7774060668088496,
    "cen_accuracy": 0.777875
  },
  "91": {
    "cen_loss": 0.6725716895982623,
    "cen_accuracy": 0.7955
  },
  "92": {
    "cen_loss": 0.776820366088301,
    "cen_accuracy": 0.781625
  },
  "93": {
    "cen_loss": 0.753794075243175,
    "cen_accuracy": 0.784375
  },
  "94": {
    "cen_loss": 0.7320031195618212,
    "cen_accuracy": 0.785625
  },
  "95": {
    "cen_loss": 0.7323891951441764,
    "cen_accuracy": 0.790875
  },
  "96": {
    "cen_loss": 0.7800121254697442,
    "cen_accuracy": 0.779
  },
  "97": {
    "cen_loss": 0.753421851478517,
    "cen_accuracy": 0.769125
  },
  "98": {
    "cen_loss": 0.724351636864245,
    "cen_accuracy": 0.78975
  },
  "99": {
    "cen_loss": 0.7235929300785064,
    "cen_accuracy": 0.79025
  },
  "100": {
    "cen_loss": 0.7861125249415636,
    "cen_accuracy": 0.77975
  },