{
  "0": {
    "cen_loss": 2.3028095273971556,
    "cen_accuracy": 0.10075
  },
  "1": {
    "cen_loss": 2.3028095273971556,
    "cen_accuracy": 0.10075
  },
  "2": {
    "cen_loss": 3.913026514530182,
    "cen_accuracy": 0.101125
  },
  "3": {
    "cen_loss": 4.772336992263794,
    "cen_accuracy": 0.101125
  },
  "4": {
    "cen_loss": 5.1464092316627505,
    "cen_accuracy": 0.101125
  },
  "5": {
    "cen_loss": 6.052176225662231,
    "cen_accuracy": 0.101125
  },
  "6": {
    "cen_loss": 5.040923634529114,
    "cen_accuracy": 0.1205
  },
  "7": {
    "cen_loss": 5.0417794833183285,
    "cen_accuracy": 0.14075
  },
  "8": {
    "cen_loss": 3.311959386110306,
    "cen_accuracy": 0.215125
  },
  "9": {
    "cen_loss": 2.565537467956543,
    "cen_accuracy": 0.311625
  },
  "10": {
    "cen_loss": 1.648349643111229,
    "cen_accuracy": 0.49675
  },
  "11": {
    "cen_loss": 1.8622643798589706,
    "cen_accuracy": 0.437875
  },
  "12": {
    "cen_loss": 1.8780162700414658,
    "cen_accuracy": 0.455375
  },
  "13": {
    "cen_loss": 2.074205445408821,
    "cen_accuracy": 0.435625
  },
  "14": {
    "cen_loss": 1.873096961736679,
    "cen_accuracy": 0.498875
  },
  "15": {
    "cen_loss": 1.8163989365696906,
    "cen_accuracy": 0.49225
  },
  "16": {
    "cen_loss": 1.7333218319416046,
    "cen_accuracy": 0.52275
  },
  "17": {
    "cen_loss": 1.7751157021522521,
    "cen_accuracy": 0.531
  },
  "18": {
    "cen_loss": 1.7584021155834197,
    "cen_accuracy": 0.536875
  },
  "19": {
    "cen_loss": 1.5196158891916276,
    "cen_accuracy": 0.574875
  },
  "20": {
    "cen_loss": 1.428045756161213,
    "cen_accuracy": 0.600875
  },
  "21": {
    "cen_loss": 1.5827164828181266,
    "cen_accuracy": 0.58225
  },
  "22": {
    "cen_loss": 1.5300336874723435,
    "cen_accuracy": 0.58125
  },
  "23": {
    "cen_loss": 1.5572741180062295,
    "cen_accuracy": 0.584875
  },
  "24": {
    "cen_loss": 1.5388174895644189,
    "cen_accuracy": 0.59425
  },
  "25": {
    "cen_loss": 1.393769015699625,
    "cen_accuracy": 0.618375
  },
  "26": {
    "cen_loss": 1.4499950070381165,
    "cen_accuracy": 0.604125
  },
  "27": {
    "cen_loss": 1.42046240696311,
    "cen_accuracy": 0.6285
  },
  "28": {
    "cen_loss": 1.3934311579465866,
    "cen_accuracy": 0.6205
  },
  "29": {
    "cen_loss": 1.3204227589070796,
    "cen_accuracy": 0.634
  },
  "30": {
    "cen_loss": 1.4471070238053798,
    "cen_accuracy": 0.621625
  },
  "31": {
    "cen_loss": 1.3430062238574028,
    "cen_accuracy": 0.62675
  },
  "32": {
    "cen_loss": 1.2545855910778045,
    "cen_accuracy": 0.64625
  },
  "33": {
    "cen_loss": 1.251000512868166,
    "cen_accuracy": 0.65275
  },
  "34": {
    "cen_loss": 1.2695053615272045,
    "cen_accuracy": 0.655625
  },
  "35": {
    "cen_loss": 1.3028452588915824,
    "cen_accuracy": 0.6405
  },
  "36": {
    "cen_loss": 1.3573098300099373,
    "cen_accuracy": 0.639
  },
  "37": {
    "cen_loss": 1.2365317207574844,
    "cen_accuracy": 0.659375
  },
  "38": {
    "cen_loss": 1.2726226055175065,
    "cen_accuracy": 0.66125
  },
  "39": {
    "cen_loss": 1.1737831160128116,
    "cen_accuracy": 0.6765
  },
  "40": {
    "cen_loss": 1.1610088238865137,
    "cen_accuracy": 0.684375
  },
  "41": {
    "cen_loss": 1.1699333653897046,
    "cen_accuracy": 0.68025
  },
  "42": {
    "cen_loss": 1.2331695741415023,
    "cen_accuracy": 0.66325
  },
  "43": {
    "cen_loss": 1.1345431950688363,
    "cen_accuracy": 0.691875
  },
  "44": {
    "cen_loss": 1.1614947063028813,
    "cen_accuracy": 0.683
  },
  "45": {
    "cen_loss": 1.1935977580249308,
    "cen_accuracy": 0.6835
  },
  "46": {
    "cen_loss": 1.238559911340475,
    "cen_accuracy": 0.6775
  },
  "47": {
    "cen_loss": 1.1949452540576457,
    "cen_accuracy": 0.68
  },
  "48": {
    "cen_loss": 1.1500089560449123,
    "cen_accuracy": 0.68675
  },
  "49": {
    "cen_loss": 1.1050260663181544,
    "cen_accuracy": 0.693625
  },
  "50": {
    "cen_loss": 1.1405081385970115,
    "cen_accuracy": 0.692125
  },
  "51": {
    "cen_loss": 1.1420468538701534,
    "cen_accuracy": 0.6855
  },
  "52": {
    "cen_loss": 1.1065131350457669,
    "cen_accuracy": 0.691
  },
  "53": {
    "cen_loss": 1.0527353938519954,
    "cen_accuracy": 0.706625
  },
  "54": {
    "cen_loss": 1.1446781846880913,
    "cen_accuracy": 0.686
  },
  "55": {
    "cen_loss": 1.0419315777048468,
    "cen_accuracy": 0.71075
  },
  "56": {
    "cen_loss": 1.0067549119889736,
    "cen_accuracy": 0.71875
  },
  "57": {
    "cen_loss": 1.0022643221616745,
    "cen_accuracy": 0.72275
  },
  "58": {
    "cen_loss": 1.034413289129734,
    "cen_accuracy": 0.715
  },
  "59": {
    "cen_loss": 1.0173619366288185,
    "cen_accuracy": 0.719375
  },
  "60": {
    "cen_loss": 1.0240412167012691,
    "cen_accuracy": 0.72225
  },
  "61": {
    "cen_loss": 1.013946555905044,
    "cen_accuracy": 0.71
  },
  "62": {
    "cen_loss": 1.0402338655442,
    "cen_accuracy": 0.712875
  },
  "63": {
    "cen_loss": 1.0152319328039885,
    "cen_accuracy": 0.722125
  },
  "64": {
    "cen_loss": 1.0383671924471856,
    "cen_accuracy": 0.717125
  },
  "65": {
    "cen_loss": 0.9879176604598761,
    "cen_accuracy": 0.72575
  },
  "66": {
    "cen_loss": 0.9625727301314473,
    "cen_accuracy": 0.731125
  },
  "67": {
    "cen_loss": 0.9777777816206217,
    "cen_accuracy": 0.7315
  },
  "68": {
    "cen_loss": 1.0164567097127437,
    "cen_accuracy": 0.720875
  },
  "69": {
    "cen_loss": 0.9830990371704101,
    "cen_accuracy": 0.728125
  },
  "70": {
    "cen_loss": 1.132067679464817,
    "cen_accuracy": 0.700875
  },
  "71": {
    "cen_loss": 1.0016050383001567,
    "cen_accuracy": 0.732125
  },
  "72": {
    "cen_loss": 1.008969779331237,
    "cen_accuracy": 0.72875
  },
  "73": {
    "cen_loss": 1.0348912144489586,
    "cen_accuracy": 0.7215
  },
  "74": {
    "cen_loss": 0.9706486324518919,
    "cen_accuracy": 0.735125
  },
  "75": {
    "cen_loss": 0.9619359427392483,
    "cen_accuracy": 0.735625
  },
  "76": {
    "cen_loss": 0.9896038934215903,
    "cen_accuracy": 0.7275
  },
  "77": {
    "cen_loss": 0.9492241272851825,
    "cen_accuracy": 0.736875
  },
  "78": {
    "cen_loss": 0.9845301769375802,
    "cen_accuracy": 0.723875
  },
  "79": {
    "cen_loss": 0.9879976163357497,
    "cen_accuracy": 0.730125
  },
  "80": {
    "cen_loss": 1.0873702491670847,
    "cen_accuracy": 0.712375
  },
  "81": {
    "cen_loss": 0.9579627027139067,
    "cen_accuracy": 0.735125
  },
  "82": {
    "cen_loss": 0.9960862526893616,
    "cen_accuracy": 0.726375
  },
  "83": {
    "cen_loss": 0.9531713283658028,
    "cen_accuracy": 0.736375
  },
  "84": {
    "cen_loss": 0.916252327375114,
    "cen_accuracy": 0.746875
  },
  "85": {
    "cen_loss": 0.9017119691818952,
    "cen_accuracy": 0.74325
  },
  "86": {
    "cen_loss": 0.9057265964448452,
    "cen_accuracy": 0.74875
  },
  "87": {
    "cen_loss": 0.8837446106746792,
    "cen_accuracy": 0.7475
  },
  "88": {
    "cen_loss": 0.8952189162820577,
    "cen_accuracy": 0.755875
  },
  "89": {
    "cen_loss": 0.9152992945611477,
    "cen_accuracy": 0.74975
  },
  "90": {
    "cen_loss": 0.9437512044236064,
    "cen_accuracy": 0.748875
  },
  "91": {
    "cen_loss": 0.8759494749158621,
    "cen_accuracy": 0.7565
  },
  "92": {
    "cen_loss": 0.9134999708179384,
    "cen_accuracy": 0.746625
  },
  "93": {
    "cen_loss": 0.9069853053167463,
    "cen_accuracy": 0.75125
  },
  "94": {
    "cen_loss": 0.8523076562806964,
    "cen_accuracy": 0.759625
  },
  "95": {
    "cen_loss": 0.9027544262036681,
    "cen_accuracy": 0.748625
  },
  "96": {
    "cen_loss": 0.9045302377715707,
    "cen_accuracy": 0.752125
  },
  "97": {
    "cen_loss": 0.8565334711745382,
    "cen_accuracy": 0.76075
  },
  "98": {
    "cen_loss": 0.8755254754275084,
    "cen_accuracy": 0.75925
  },
  "99": {
    "cen_loss": 0.8649469080865383,
    "cen_accuracy": 0.761125
  },
  "100": {
    "cen_loss": 0.9079729848206043,
    "cen_accuracy": 0.752125
  },