{
  "0": {
    "cen_loss": 2.302756995201111,
    "cen_accuracy": 0.100375
  },
  "1": {
    "cen_loss": 2.302756995201111,
    "cen_accuracy": 0.100375
  },
  "2": {
    "cen_loss": 2.8782306129932405,
    "cen_accuracy": 0.101125
  },
  "3": {
    "cen_loss": 3.4386654176712037,
    "cen_accuracy": 0.1
  },
  "4": {
    "cen_loss": 3.077125813961029,
    "cen_accuracy": 0.1
  },
  "5": {
    "cen_loss": 3.9647928442955016,
    "cen_accuracy": 0.108375
  },
  "6": {
    "cen_loss": 3.176110167503357,
    "cen_accuracy": 0.138625
  },
  "7": {
    "cen_loss": 3.5816252751350404,
    "cen_accuracy": 0.13
  },
  "8": {
    "cen_loss": 2.2385858228206637,
    "cen_accuracy": 0.2265
  },
  "9": {
    "cen_loss": 2.3753087141513824,
    "cen_accuracy": 0.2915
  },
  "10": {
    "cen_loss": 2.8658536574840547,
    "cen_accuracy": 0.330875
  },
  "11": {
    "cen_loss": 2.6554191484451293,
    "cen_accuracy": 0.3085
  },
  "12": {
    "cen_loss": 2.7376594729423522,
    "cen_accuracy": 0.22025
  },
  "13": {
    "cen_loss": 3.1022255029678343,
    "cen_accuracy": 0.333625
  },
  "14": {
    "cen_loss": 2.2058017179965974,
    "cen_accuracy": 0.331625
  },
  "15": {
    "cen_loss": 3.1812110481262206,
    "cen_accuracy": 0.215875
  },
  "16": {
    "cen_loss": 2.1983382078409197,
    "cen_accuracy": 0.409
  },
  "17": {
    "cen_loss": 2.1756878311634065,
    "cen_accuracy": 0.347125
  },
  "18": {
    "cen_loss": 1.8479534446001054,
    "cen_accuracy": 0.43075
  },
  "19": {
    "cen_loss": 1.9225469139814377,
    "cen_accuracy": 0.44925
  },
  "20": {
    "cen_loss": 2.72665953373909,
    "cen_accuracy": 0.39525
  },
  "21": {
    "cen_loss": 1.9307825226783752,
    "cen_accuracy": 0.345
  },
  "22": {
    "cen_loss": 2.4200846030712126,
    "cen_accuracy": 0.4235
  },
  "23": {
    "cen_loss": 2.2960119140148163,
    "cen_accuracy": 0.391125
  },
  "24": {
    "cen_loss": 2.9293517553806305,
    "cen_accuracy": 0.3255
  },
  "25": {
    "cen_loss": 1.6205145442485809,
    "cen_accuracy": 0.46925
  },
  "26": {
    "cen_loss": 1.8636768758296967,
    "cen_accuracy": 0.44375
  },
  "27": {
    "cen_loss": 1.8935132429599761,
    "cen_accuracy": 0.428875
  },
  "28": {
    "cen_loss": 2.7336721074581147,
    "cen_accuracy": 0.306625
  },
  "29": {
    "cen_loss": 2.128999777197838,
    "cen_accuracy": 0.386
  },
  "30": {
    "cen_loss": 2.3608528777360918,
    "cen_accuracy": 0.392
  },
  "31": {
    "cen_loss": 1.8557542999982835,
    "cen_accuracy": 0.459
  },
  "32": {
    "cen_loss": 2.45593030834198,
    "cen_accuracy": 0.38925
  },
  "33": {
    "cen_loss": 2.1541501732468604,
    "cen_accuracy": 0.378875
  },
  "34": {
    "cen_loss": 1.6580730718374252,
    "cen_accuracy": 0.465
  },
  "35": {
    "cen_loss": 1.9305828496217727,
    "cen_accuracy": 0.43725
  },
  "36": {
    "cen_loss": 2.1911351890563964,
    "cen_accuracy": 0.41375
  },
  "37": {
    "cen_loss": 2.4686819034814835,
    "cen_accuracy": 0.352375
  },
  "38": {
    "cen_loss": 1.4889460768699645,
    "cen_accuracy": 0.485625
  },
  "39": {
    "cen_loss": 2.2995422314405443,
    "cen_accuracy": 0.443
  },
  "40": {
    "cen_loss": 3.237346722006798,
    "cen_accuracy": 0.381125
  },
  "41": {
    "cen_loss": 1.7807266578674317,
    "cen_accuracy": 0.475875
  },
  "42": {
    "cen_loss": 1.3968226779103279,
    "cen_accuracy": 0.516375
  },
  "43": {
    "cen_loss": 1.4618764188289641,
    "cen_accuracy": 0.529
  },
  "44": {
    "cen_loss": 1.8516325919628143,
    "cen_accuracy": 0.47
  },
  "45": {
    "cen_loss": 1.798065817117691,
    "cen_accuracy": 0.464
  },
  "46": {
    "cen_loss": 2.6064028298854827,
    "cen_accuracy": 0.3305
  },
  "47": {
    "cen_loss": 2.0557512181997297,
    "cen_accuracy": 0.416125
  },
  "48": {
    "cen_loss": 1.419640152990818,
    "cen_accuracy": 0.539
  },
  "49": {
    "cen_loss": 2.2284780527353285,
    "cen_accuracy": 0.440875
  },
  "50": {
    "cen_loss": 2.7827317426204683,
    "cen_accuracy": 0.3985
  },
  "51": {
    "cen_loss": 2.0592445143461227,
    "cen_accuracy": 0.400375
  },
  "52": {
    "cen_loss": 1.6844637296199798,
    "cen_accuracy": 0.456625
  },
  "53": {
    "cen_loss": 1.6809013057351112,
    "cen_accuracy": 0.4575
  },
  "54": {
    "cen_loss": 2.4714327978491784,
    "cen_accuracy": 0.40225
  },
  "55": {
    "cen_loss": 1.9871237913370132,
    "cen_accuracy": 0.4405
  },
  "56": {
    "cen_loss": 1.7821349081993103,
    "cen_accuracy": 0.457375
  },
  "57": {
    "cen_loss": 1.761810724914074,
    "cen_accuracy": 0.486125
  },
  "58": {
    "cen_loss": 1.4791997495889664,
    "cen_accuracy": 0.52275
  },
  "59": {
    "cen_loss": 2.4781549490690233,
    "cen_accuracy": 0.40725
  },
  "60": {
    "cen_loss": 2.7203774498701097,
    "cen_accuracy": 0.401375
  },
  "61": {
    "cen_loss": 1.6502128360271453,
    "cen_accuracy": 0.4805
  },
  "62": {
    "cen_loss": 1.2607510583400727,
    "cen_accuracy": 0.551625
  },
  "63": {
    "cen_loss": 1.6773990788459778,
    "cen_accuracy": 0.474375
  },
  "64": {
    "cen_loss": 1.4605397306084633,
    "cen_accuracy": 0.546875
  },
  "65": {
    "cen_loss": 1.4685618489980699,
    "cen_accuracy": 0.560625
  },
  "66": {
    "cen_loss": 1.396680036842823,
    "cen_accuracy": 0.55
  },
  "67": {
    "cen_loss": 1.5778583130836488,
    "cen_accuracy": 0.538625
  },
  "68": {
    "cen_loss": 1.5471858897805213,
    "cen_accuracy": 0.502875
  },
  "69": {
    "cen_loss": 1.6252067729234696,
    "cen_accuracy": 0.52675
  },
  "70": {
    "cen_loss": 1.7167714344263076,
    "cen_accuracy": 0.5155
  },
  "71": {
    "cen_loss": 1.678569808959961,
    "cen_accuracy": 0.520875
  },
  "72": {
    "cen_loss": 1.2618165261149406,
    "cen_accuracy": 0.583625
  },
  "73": {
    "cen_loss": 1.5673161482214928,
    "cen_accuracy": 0.547125
  },
  "74": {
    "cen_loss": 2.003404625535011,
    "cen_accuracy": 0.466
  },
  "75": {
    "cen_loss": 1.2983154258430003,
    "cen_accuracy": 0.585875
  },
  "76": {
    "cen_loss": 1.507343398988247,
    "cen_accuracy": 0.539
  },
  "77": {
    "cen_loss": 1.7304075949192048,
    "cen_accuracy": 0.490125
  },
  "78": {
    "cen_loss": 1.7796776599884032,
    "cen_accuracy": 0.49375
  },
  "79": {
    "cen_loss": 2.015042359948158,
    "cen_accuracy": 0.4695
  },
  "80": {
    "cen_loss": 2.3072824218273165,
    "cen_accuracy": 0.45025
  },
  "81": {
    "cen_loss": 1.6275023706555367,
    "cen_accuracy": 0.5235
  },
  "82": {
    "cen_loss": 1.6709705029129982,
    "cen_accuracy": 0.491625
  },
  "83": {
    "cen_loss": 1.4669077140688895,
    "cen_accuracy": 0.555
  },
  "84": {
    "cen_loss": 2.292621249437332,
    "cen_accuracy": 0.388
  },
  "85": {
    "cen_loss": 1.6225128549933434,
    "cen_accuracy": 0.532875
  },
  "86": {
    "cen_loss": 1.266076653122902,
    "cen_accuracy": 0.60075
  },
  "87": {
    "cen_loss": 1.3795666504502297,
    "cen_accuracy": 0.5585
  },
  "88": {
    "cen_loss": 1.2380732617378234,
    "cen_accuracy": 0.628875
  },
  "89": {
    "cen_loss": 1.0748917012512684,
    "cen_accuracy": 0.63975
  },
  "90": {
    "cen_loss": 1.1181982278525828,
    "cen_accuracy": 0.6375
  },
  "91": {
    "cen_loss": 1.8099951831698418,
    "cen_accuracy": 0.502875
  },
  "92": {
    "cen_loss": 1.4066114542484283,
    "cen_accuracy": 0.58625
  },
  "93": {
    "cen_loss": 1.4747867045998573,
    "cen_accuracy": 0.56425
  },
  "94": {
    "cen_loss": 1.3682534976005554,
    "cen_accuracy": 0.559375
  },
  "95": {
    "cen_loss": 1.6975992358326912,
    "cen_accuracy": 0.51825
  },
  "96": {
    "cen_loss": 1.2093303681015968,
    "cen_accuracy": 0.58225
  },
  "97": {
    "cen_loss": 1.3838034022450447,
    "cen_accuracy": 0.5755
  },
  "98": {
    "cen_loss": 1.2633338854908944,
    "cen_accuracy": 0.5885
  },
  "99": {
    "cen_loss": 1.260510017156601,
    "cen_accuracy": 0.5905
  },
  "100": {
    "cen_loss": 1.7542707844972611,
    "cen_accuracy": 0.52625
  },
  "101": {
    "cen_loss": 1.156945122897625,