{
  "0": {
    "cen_loss": 2.3027041506767274,
    "cen_accuracy": 0.101375
  },
  "1": {
    "cen_loss": 2.3027041506767274,
    "cen_accuracy": 0.101375
  },
  "2": {
    "cen_loss": 2.6542920451164247,
    "cen_accuracy": 0.10125
  },
  "3": {
    "cen_loss": 2.6894044933319092,
    "cen_accuracy": 0.10125
  },
  "4": {
    "cen_loss": 3.8782109632492063,
    "cen_accuracy": 0.10125
  },
  "5": {
    "cen_loss": 4.799376229286194,
    "cen_accuracy": 0.097875
  },
  "6": {
    "cen_loss": 3.9487104139328,
    "cen_accuracy": 0.098625
  },
  "7": {
    "cen_loss": 4.249342092037201,
    "cen_accuracy": 0.10125
  },
  "8": {
    "cen_loss": 3.782667405128479,
    "cen_accuracy": 0.098625
  },
  "9": {
    "cen_loss": 3.2907182903289796,
    "cen_accuracy": 0.098625
  },
  "10": {
    "cen_loss": 2.0967939889430998,
    "cen_accuracy": 0.297
  },
  "11": {
    "cen_loss": 3.7806549763679502,
    "cen_accuracy": 0.100125
  },
  "12": {
    "cen_loss": 3.377103286266327,
    "cen_accuracy": 0.1315
  },
  "13": {
    "cen_loss": 2.4040550909042357,
    "cen_accuracy": 0.245125
  },
  "14": {
    "cen_loss": 2.717629581451416,
    "cen_accuracy": 0.26125
  },
  "15": {
    "cen_loss": 2.6442219479084015,
    "cen_accuracy": 0.23425
  },
  "16": {
    "cen_loss": 1.9638791415691377,
    "cen_accuracy": 0.3495
  },
  "17": {
    "cen_loss": 1.8090325130224227,
    "cen_accuracy": 0.419125
  },
  "18": {
    "cen_loss": 2.2339473419189453,
    "cen_accuracy": 0.35875
  },
  "19": {
    "cen_loss": 1.5459024772644043,
    "cen_accuracy": 0.47425
  },
  "20": {
    "cen_loss": 1.6755828458070754,
    "cen_accuracy": 0.47425
  },
  "21": {
    "cen_loss": 1.7884362633228301,
    "cen_accuracy": 0.473125
  },
  "22": {
    "cen_loss": 1.6836551342606545,
    "cen_accuracy": 0.462375
  },
  "23": {
    "cen_loss": 1.4165284578204156,
    "cen_accuracy": 0.526625
  },
  "24": {
    "cen_loss": 1.3622795408368111,
    "cen_accuracy": 0.534375
  },
  "25": {
    "cen_loss": 1.7384574537873267,
    "cen_accuracy": 0.49
  },
  "26": {
    "cen_loss": 1.3642222405672073,
    "cen_accuracy": 0.5305
  },
  "27": {
    "cen_loss": 1.1484826477766037,
    "cen_accuracy": 0.597875
  },
  "28": {
    "cen_loss": 2.3784139992594717,
    "cen_accuracy": 0.405375
  },
  "29": {
    "cen_loss": 1.531810940861702,
    "cen_accuracy": 0.564875
  },
  "30": {
    "cen_loss": 1.3792296727001667,
    "cen_accuracy": 0.61425
  },
  "31": {
    "cen_loss": 1.1936084126830102,
    "cen_accuracy": 0.6225
  },
  "32": {
    "cen_loss": 1.2513458464741707,
    "cen_accuracy": 0.58675
  },
  "33": {
    "cen_loss": 1.2942481200695037,
    "cen_accuracy": 0.575125
  },
  "34": {
    "cen_loss": 1.1768075751066207,
    "cen_accuracy": 0.60075
  },
  "35": {
    "cen_loss": 1.0287051060199737,
    "cen_accuracy": 0.661625
  },
  "36": {
    "cen_loss": 1.1652092259526252,
    "cen_accuracy": 0.609875
  },
  "37": {
    "cen_loss": 1.078444596529007,
    "cen_accuracy": 0.6305
  },
  "38": {
    "cen_loss": 1.075496501982212,
    "cen_accuracy": 0.646125
  },
  "39": {
    "cen_loss": 1.0584315428733826,
    "cen_accuracy": 0.628125
  },
  "40": {
    "cen_loss": 1.1365620089769364,
    "cen_accuracy": 0.640125
  },
  "41": {
    "cen_loss": 1.0504788359105588,
    "cen_accuracy": 0.647125
  },
  "42": {
    "cen_loss": 1.0334883717894554,
    "cen_accuracy": 0.6645
  },
  "43": {
    "cen_loss": 1.1971879426240921,
    "cen_accuracy": 0.61075
  },
  "44": {
    "cen_loss": 0.9553423591554165,
    "cen_accuracy": 0.683375
  },
  "45": {
    "cen_loss": 0.8451615996360778,
    "cen_accuracy": 0.709125
  },
  "46": {
    "cen_loss": 1.2002312017083168,
    "cen_accuracy": 0.642375
  },
  "47": {
    "cen_loss": 1.0417169661521912,
    "cen_accuracy": 0.651375
  },
  "48": {
    "cen_loss": 1.0828462302684785,
    "cen_accuracy": 0.673125
  },
  "49": {
    "cen_loss": 1.4884622156918048,
    "cen_accuracy": 0.598375
  },
  "50": {
    "cen_loss": 1.4826213423609733,
    "cen_accuracy": 0.6045
  },
  "51": {
    "cen_loss": 1.235343145787716,
    "cen_accuracy": 0.636625
  },
  "52": {
    "cen_loss": 0.9528732326626778,
    "cen_accuracy": 0.6645
  },
  "53": {
    "cen_loss": 1.1273334696292878,
    "cen_accuracy": 0.661875
  },
  "54": {
    "cen_loss": 1.084160406291485,
    "cen_accuracy": 0.635125
  },
  "55": {
    "cen_loss": 1.0197320581674576,
    "cen_accuracy": 0.651125
  },
  "56": {
    "cen_loss": 1.128602376282215,
    "cen_accuracy": 0.62475
  },
  "57": {
    "cen_loss": 1.0129144183397294,
    "cen_accuracy": 0.672625
  },
  "58": {
    "cen_loss": 0.9398404168486595,
    "cen_accuracy": 0.677125
  },
  "59": {
    "cen_loss": 1.188046254068613,
    "cen_accuracy": 0.644875
  },
  "60": {
    "cen_loss": 1.251708515971899,
    "cen_accuracy": 0.642625
  },
  "61": {
    "cen_loss": 0.8486470061540604,
    "cen_accuracy": 0.7095
  },
  "62": {
    "cen_loss": 1.3934638769626617,
    "cen_accuracy": 0.58725
  },
  "63": {
    "cen_loss": 1.025770522415638,
    "cen_accuracy": 0.685875
  },
  "64": {
    "cen_loss": 0.8982562456130981,
    "cen_accuracy": 0.674375
  },
  "65": {
    "cen_loss": 0.8212857076525688,
    "cen_accuracy": 0.724625
  },
  "66": {
    "cen_loss": 0.9392170640528202,
    "cen_accuracy": 0.703
  },
  "67": {
    "cen_loss": 1.039215050637722,
    "cen_accuracy": 0.6775
  },
  "68": {
    "cen_loss": 0.9849664658010006,
    "cen_accuracy": 0.669625
  },
  "69": {
    "cen_loss": 0.8719116449952126,
    "cen_accuracy": 0.704875
  },
  "70": {
    "cen_loss": 0.892353374376893,
    "cen_accuracy": 0.7095
  },
  "71": {
    "cen_loss": 0.7908961720615625,
    "cen_accuracy": 0.73125
  },
  "72": {
    "cen_loss": 0.8225183388888836,
    "cen_accuracy": 0.7245
  },
  "73": {
    "cen_loss": 1.0122443628609181,
    "cen_accuracy": 0.6885
  },
  "74": {
    "cen_loss": 1.020624309450388,
    "cen_accuracy": 0.660125
  },
  "75": {
    "cen_loss": 0.8897851384282112,
    "cen_accuracy": 0.6825
  },
  "76": {
    "cen_loss": 1.0997944402098656,
    "cen_accuracy": 0.698375
  },
  "77": {
    "cen_loss": 0.7660114773213863,
    "cen_accuracy": 0.734
  },
  "78": {
    "cen_loss": 1.076446515351534,
    "cen_accuracy": 0.661
  },
  "79": {
    "cen_loss": 0.8431402960121631,
    "cen_accuracy": 0.710625
  },
  "80": {
    "cen_loss": 0.8667448799610138,
    "cen_accuracy": 0.710625
  },
  "81": {
    "cen_loss": 0.8207861233949661,
    "cen_accuracy": 0.721
  },
  "82": {
    "cen_loss": 0.9366120457947255,
    "cen_accuracy": 0.68625
  },
  "83": {
    "cen_loss": 0.9655449919998645,
    "cen_accuracy": 0.69025
  },
  "84": {
    "cen_loss": 0.8358743979036808,
    "cen_accuracy": 0.732625
  },
  "85": {
    "cen_loss": 0.9220086675286293,
    "cen_accuracy": 0.701625
  },
  "86": {
    "cen_loss": 0.7592519421577454,
    "cen_accuracy": 0.74175
  },
  "87": {
    "cen_loss": 0.9803916930854321,
    "cen_accuracy": 0.6995
  },
  "88": {
    "cen_loss": 0.9658126498162747,
    "cen_accuracy": 0.693875
  },
  "89": {
    "cen_loss": 0.9133413935899735,
    "cen_accuracy": 0.7215
  },
  "90": {
    "cen_loss": 0.9808833538293839,
    "cen_accuracy": 0.716125
  },
  "91": {
    "cen_loss": 1.0013262084126473,
    "cen_accuracy": 0.66225
  },
  "92": {
    "cen_loss": 0.8946967282891274,
    "cen_accuracy": 0.695
  },
  "93": {
    "cen_loss": 0.8900890279710293,
    "cen_accuracy": 0.697875
  },
  "94": {
    "cen_loss": 0.9246429167091846,
    "cen_accuracy": 0.70125
  },
  "95": {
    "cen_loss": 0.8196522634327411,
    "cen_accuracy": 0.709375
  },
  "96": {
    "cen_loss": 1.0301142278313637,
    "cen_accuracy": 0.67225
  },
  "97": {
    "cen_loss": 0.7628364226818085,
    "cen_accuracy": 0.738
  },
  "98": {
    "cen_loss": 0.7530047290623189,
    "cen_accuracy": 0.744
  },
  "99": {
    "cen_loss": 0.8408876835107804,
    "cen_accuracy": 0.736375
  },
  "100": {
    "cen_loss": 0.8717528271228075,
    "cen_accuracy": 0.73375
  },