{
  "0": {
    "cen_loss": 2.3032441968917845,
    "cen_accuracy": 0.097
  },
  "1": {
    "cen_loss": 2.3032441968917845,
    "cen_accuracy": 0.097
  },
  "2": {
    "cen_loss": 2.4624963383674623,
    "cen_accuracy": 0.12
  },
  "3": {
    "cen_loss": 2.1527506308555604,
    "cen_accuracy": 0.22
  },
  "4": {
    "cen_loss": 2.129699273824692,
    "cen_accuracy": 0.25875
  },
  "5": {
    "cen_loss": 2.2799223399162294,
    "cen_accuracy": 0.276625
  },
  "6": {
    "cen_loss": 2.189056360244751,
    "cen_accuracy": 0.258
  },
  "7": {
    "cen_loss": 1.9840901319980622,
    "cen_accuracy": 0.329875
  },
  "8": {
    "cen_loss": 1.7118872907161713,
    "cen_accuracy": 0.384
  },
  "9": {
    "cen_loss": 1.9538876668214797,
    "cen_accuracy": 0.3825
  },
  "10": {
    "cen_loss": 1.9512815220355988,
    "cen_accuracy": 0.382875
  },
  "11": {
    "cen_loss": 1.9951090747117997,
    "cen_accuracy": 0.37525
  },
  "12": {
    "cen_loss": 2.353203368186951,
    "cen_accuracy": 0.3185
  },
  "13": {
    "cen_loss": 2.0644057899713517,
    "cen_accuracy": 0.37775
  },
  "14": {
    "cen_loss": 2.628605687856674,
    "cen_accuracy": 0.284375
  },
  "15": {
    "cen_loss": 2.026530472993851,
    "cen_accuracy": 0.372375
  },
  "16": {
    "cen_loss": 2.0265200664997103,
    "cen_accuracy": 0.37
  },
  "17": {
    "cen_loss": 2.4915035967826844,
    "cen_accuracy": 0.31925
  },
  "18": {
    "cen_loss": 2.2344795150756838,
    "cen_accuracy": 0.3315
  },
  "19": {
    "cen_loss": 2.1037571156024932,
    "cen_accuracy": 0.387
  },
  "20": {
    "cen_loss": 2.103757019162178,
    "cen_accuracy": 0.387
  },
  "21": {
    "cen_loss": 2.634807149171829,
    "cen_accuracy": 0.31125
  },
  "22": {
    "cen_loss": 2.201730706691742,
    "cen_accuracy": 0.357875
  },
  "23": {
    "cen_loss": 2.0309952359199523,
    "cen_accuracy": 0.367125
  },
  "24": {
    "cen_loss": 1.928141894698143,
    "cen_accuracy": 0.3965
  },
  "25": {
    "cen_loss": 2.1041240290403365,
    "cen_accuracy": 0.371125
  },
  "26": {
    "cen_loss": 1.8678029025793075,
    "cen_accuracy": 0.40425
  },
  "27": {
    "cen_loss": 1.878880036354065,
    "cen_accuracy": 0.407375
  },
  "28": {
    "cen_loss": 1.9991874210834504,
    "cen_accuracy": 0.4015
  },
  "29": {
    "cen_loss": 2.55908077442646,
    "cen_accuracy": 0.32725
  },
  "30": {
    "cen_loss": 2.559080600261688,
    "cen_accuracy": 0.32725
  },
  "31": {
    "cen_loss": 2.0164521728754043,
    "cen_accuracy": 0.383625
  },
  "32": {
    "cen_loss": 1.8829589763879775,
    "cen_accuracy": 0.4065
  },
  "33": {
    "cen_loss": 1.807510226368904,
    "cen_accuracy": 0.4235
  },
  "34": {
    "cen_loss": 2.12139728307724,
    "cen_accuracy": 0.39525
  },
  "35": {
    "cen_loss": 1.9972084636688232,
    "cen_accuracy": 0.403875
  },
  "36": {
    "cen_loss": 1.8845791440010071,
    "cen_accuracy": 0.4105
  },
  "37": {
    "cen_loss": 2.169488291501999,
    "cen_accuracy": 0.388
  },
  "38": {
    "cen_loss": 2.4226411907672882,
    "cen_accuracy": 0.35325
  },
  "39": {
    "cen_loss": 2.0180582780838012,
    "cen_accuracy": 0.420875
  },
  "40": {
    "cen_loss": 2.018058280944824,
    "cen_accuracy": 0.420875
  },
  "41": {
    "cen_loss": 2.0348092324733735,
    "cen_accuracy": 0.406
  },
  "42": {
    "cen_loss": 1.7512864882946015,
    "cen_accuracy": 0.447375
  },
  "43": {
    "cen_loss": 2.309948840379715,
    "cen_accuracy": 0.382375
  },
  "44": {
    "cen_loss": 2.3301507662534715,
    "cen_accuracy": 0.34875
  },
  "45": {
    "cen_loss": 1.6830895493030549,
    "cen_accuracy": 0.44575
  },
  "46": {
    "cen_loss": 2.58351983833313,
    "cen_accuracy": 0.34825
  },
  "47": {
    "cen_loss": 1.9852658466100692,
    "cen_accuracy": 0.395625
  },
  "48": {
    "cen_loss": 2.281643927574158,
    "cen_accuracy": 0.3645
  },
  "49": {
    "cen_loss": 2.506335646390915,
    "cen_accuracy": 0.350875
  },
  "50": {
    "cen_loss": 2.506335676431656,
    "cen_accuracy": 0.350875
  },
  "51": {
    "cen_loss": 2.014508501768112,
    "cen_accuracy": 0.415625
  },
  "52": {
    "cen_loss": 2.129635504722595,
    "cen_accuracy": 0.3995
  },
  "53": {
    "cen_loss": 2.6036023223400115,
    "cen_accuracy": 0.3595
  },
  "54": {
    "cen_loss": 2.29088987493515,
    "cen_accuracy": 0.393125
  },
  "55": {
    "cen_loss": 2.1359499270915987,
    "cen_accuracy": 0.40525
  },
  "56": {
    "cen_loss": 2.0968166906833647,
    "cen_accuracy": 0.388
  },
  "57": {
    "cen_loss": 2.0294861980676653,
    "cen_accuracy": 0.401875
  },
  "58": {
    "cen_loss": 2.275172119021416,
    "cen_accuracy": 0.393
  },
  "59": {
    "cen_loss": 2.335512617111206,
    "cen_accuracy": 0.388125
  },
  "60": {
    "cen_loss": 2.335512439608574,
    "cen_accuracy": 0.388125
  },
  "61": {
    "cen_loss": 2.247649537205696,
    "cen_accuracy": 0.3725
  },
  "62": {
    "cen_loss": 2.1767167958021165,
    "cen_accuracy": 0.40275
  },
  "63": {
    "cen_loss": 2.105697984099388,
    "cen_accuracy": 0.411
  },
  "64": {
    "cen_loss": 2.0492362216711046,
    "cen_accuracy": 0.420625
  },
  "65": {
    "cen_loss": 1.8966140053272247,
    "cen_accuracy": 0.428375
  },
  "66": {
    "cen_loss": 2.390203108787537,
    "cen_accuracy": 0.36725
  },
  "67": {
    "cen_loss": 1.8751036677360535,
    "cen_accuracy": 0.430875
  },
  "68": {
    "cen_loss": 2.3645356808900835,
    "cen_accuracy": 0.36725
  },
  "69": {
    "cen_loss": 2.9403989539146425,
    "cen_accuracy": 0.282
  },
  "70": {
    "cen_loss": 2.940399209499359,
    "cen_accuracy": 0.282
  },
  "71": {
    "cen_loss": 2.6821911368370057,
    "cen_accuracy": 0.326125
  },
  "72": {
    "cen_loss": 1.8733582305908203,
    "cen_accuracy": 0.414625
  },
  "73": {
    "cen_loss": 1.8009453530311585,
    "cen_accuracy": 0.4445
  },
  "74": {
    "cen_loss": 2.232861462473869,
    "cen_accuracy": 0.392125
  },
  "75": {
    "cen_loss": 2.4313200434446336,
    "cen_accuracy": 0.412375
  },
  "76": {
    "cen_loss": 2.030795983195305,
    "cen_accuracy": 0.418625
  },
  "77": {
    "cen_loss": 2.095139133930206,
    "cen_accuracy": 0.418875
  },
  "78": {
    "cen_loss": 1.9145576013326644,
    "cen_accuracy": 0.4415
  },
  "79": {
    "cen_loss": 2.409728425979614,
    "cen_accuracy": 0.3925
  },
  "80": {
    "cen_loss": 2.4097285717725754,
    "cen_accuracy": 0.3925
  },
  "81": {
    "cen_loss": 2.25975248670578,
    "cen_accuracy": 0.3875
  },
  "82": {
    "cen_loss": 1.7876559672355652,
    "cen_accuracy": 0.44975
  },
  "83": {
    "cen_loss": 2.3774335589408873,
    "cen_accuracy": 0.39825
  },
  "84": {
    "cen_loss": 1.761450761795044,
    "cen_accuracy": 0.455375
  },
  "85": {
    "cen_loss": 1.9069281018972397,
    "cen_accuracy": 0.43025
  },
  "86": {
    "cen_loss": 2.119115935564041,
    "cen_accuracy": 0.418625
  },
  "87": {
    "cen_loss": 1.9513899586200714,
    "cen_accuracy": 0.4235
  },
  "88": {
    "cen_loss": 1.8661206911802293,
    "cen_accuracy": 0.43425
  },
  "89": {
    "cen_loss": 2.2304139597415924,
    "cen_accuracy": 0.394625
  },
  "90": {
    "cen_loss": 2.230413732290268,
    "cen_accuracy": 0.394625
  },
  "91": {
    "cen_loss": 2.1842326003313066,
    "cen_accuracy": 0.414
  },
  "92": {
    "cen_loss": 1.819323677420616,
    "cen_accuracy": 0.436375
  },
  "93": {
    "cen_loss": 2.0349426584243773,
    "cen_accuracy": 0.414125
  },
  "94": {
    "cen_loss": 2.736085956811905,
    "cen_accuracy": 0.33825
  },
  "95": {
    "cen_loss": 1.767847215294838,
    "cen_accuracy": 0.454
  },
  "96": {
    "cen_loss": 2.2816784731149675,
    "cen_accuracy": 0.424125
  },
  "97": {
    "cen_loss": 2.059528135538101,
    "cen_accuracy": 0.44125
  },
  "98": {
    "cen_loss": 2.139761031866074,
    "cen_accuracy": 0.414875
  },
  "99": {
    "cen_loss": 1.8736172909736633,
    "cen_accuracy": 0.437375
  },
  "100": {
    "cen_loss": 1.8736172751188278,
    "cen_accuracy": 0.437375
  },
  "101": {
    "cen_loss": 2.066263671398163,
    "cen_accuracy": 0.417875
  }
}