{
  "0": {
    "cen_loss": 2.302809526920319,
    "cen_accuracy": 0.10075
  },
  "1": {
    "cen_loss": 2.302809526920319,
    "cen_accuracy": 0.10075
  },
  "2": {
    "cen_loss": 2.9669170031547547,
    "cen_accuracy": 0.099
  },
  "3": {
    "cen_loss": 4.533942235946656,
    "cen_accuracy": 0.098625
  },
  "4": {
    "cen_loss": 4.637690397262573,
    "cen_accuracy": 0.10075
  },
  "5": {
    "cen_loss": 4.68995237827301,
    "cen_accuracy": 0.101125
  },
  "6": {
    "cen_loss": 4.583009765625,
    "cen_accuracy": 0.099
  },
  "7": {
    "cen_loss": 5.496248672962189,
    "cen_accuracy": 0.099
  },
  "8": {
    "cen_loss": 4.651643844127655,
    "cen_accuracy": 0.16275
  },
  "9": {
    "cen_loss": 5.496590342998505,
    "cen_accuracy": 0.147625
  },
  "10": {
    "cen_loss": 3.266422514200211,
    "cen_accuracy": 0.191125
  },
  "11": {
    "cen_loss": 2.6778018941879274,
    "cen_accuracy": 0.175125
  },
  "12": {
    "cen_loss": 3.8090131907463074,
    "cen_accuracy": 0.151625
  },
  "13": {
    "cen_loss": 2.5533751821517945,
    "cen_accuracy": 0.269
  },
  "14": {
    "cen_loss": 2.196926717042923,
    "cen_accuracy": 0.273125
  },
  "15": {
    "cen_loss": 2.4903185110092165,
    "cen_accuracy": 0.2385
  },
  "16": {
    "cen_loss": 1.8022413681745528,
    "cen_accuracy": 0.339625
  },
  "17": {
    "cen_loss": 1.9714512598514558,
    "cen_accuracy": 0.3435
  },
  "18": {
    "cen_loss": 1.749024240732193,
    "cen_accuracy": 0.361875
  },
  "19": {
    "cen_loss": 2.603403305530548,
    "cen_accuracy": 0.236
  },
  "20": {
    "cen_loss": 2.896681692123413,
    "cen_accuracy": 0.254625
  },
  "21": {
    "cen_loss": 2.032711549162865,
    "cen_accuracy": 0.366125
  },
  "22": {
    "cen_loss": 1.847731654047966,
    "cen_accuracy": 0.37675
  },
  "23": {
    "cen_loss": 1.7912089430093765,
    "cen_accuracy": 0.415875
  },
  "24": {
    "cen_loss": 1.9388321183919908,
    "cen_accuracy": 0.392
  },
  "25": {
    "cen_loss": 1.7310195639133454,
    "cen_accuracy": 0.405125
  },
  "26": {
    "cen_loss": 2.0165782918930053,
    "cen_accuracy": 0.380875
  },
  "27": {
    "cen_loss": 1.7560950424671173,
    "cen_accuracy": 0.41225
  },
  "28": {
    "cen_loss": 1.8289845052957534,
    "cen_accuracy": 0.416375
  },
  "29": {
    "cen_loss": 1.5295007586479188,
    "cen_accuracy": 0.470625
  },
  "30": {
    "cen_loss": 2.0261629737615587,
    "cen_accuracy": 0.400125
  },
  "31": {
    "cen_loss": 1.987695047736168,
    "cen_accuracy": 0.382375
  },
  "32": {
    "cen_loss": 1.931515491247177,
    "cen_accuracy": 0.445
  },
  "33": {
    "cen_loss": 1.7985225772857667,
    "cen_accuracy": 0.445875
  },
  "34": {
    "cen_loss": 1.8519317849874497,
    "cen_accuracy": 0.39375
  },
  "35": {
    "cen_loss": 1.6833828980922698,
    "cen_accuracy": 0.46725
  },
  "36": {
    "cen_loss": 1.6971276279687881,
    "cen_accuracy": 0.455
  },
  "37": {
    "cen_loss": 1.8395631902217866,
    "cen_accuracy": 0.41775
  },
  "38": {
    "cen_loss": 1.9576769324541092,
    "cen_accuracy": 0.394875
  },
  "39": {
    "cen_loss": 1.6358232107162476,
    "cen_accuracy": 0.452125
  },
  "40": {
    "cen_loss": 1.874149715423584,
    "cen_accuracy": 0.40775
  },
  "41": {
    "cen_loss": 1.7937078402042388,
    "cen_accuracy": 0.456
  },
  "42": {
    "cen_loss": 1.6262860598564148,
    "cen_accuracy": 0.49125
  },
  "43": {
    "cen_loss": 1.5003261088132858,
    "cen_accuracy": 0.5035
  },
  "44": {
    "cen_loss": 1.4000892201662063,
    "cen_accuracy": 0.534625
  },
  "45": {
    "cen_loss": 1.8348174531459809,
    "cen_accuracy": 0.4265
  },
  "46": {
    "cen_loss": 1.481520699739456,
    "cen_accuracy": 0.540625
  },
  "47": {
    "cen_loss": 1.8177574541568755,
    "cen_accuracy": 0.4235
  },
  "48": {
    "cen_loss": 1.4128624124526978,
    "cen_accuracy": 0.51925
  },
  "49": {
    "cen_loss": 1.388311272263527,
    "cen_accuracy": 0.527625
  },
  "50": {
    "cen_loss": 1.5353904289007188,
    "cen_accuracy": 0.5005
  },
  "51": {
    "cen_loss": 1.477367562174797,
    "cen_accuracy": 0.523875
  },
  "52": {
    "cen_loss": 1.6459554722309113,
    "cen_accuracy": 0.459
  },
  "53": {
    "cen_loss": 1.6499454777240754,
    "cen_accuracy": 0.50025
  },
  "54": {
    "cen_loss": 1.466866267800331,
    "cen_accuracy": 0.51025
  },
  "55": {
    "cen_loss": 1.3235419498682022,
    "cen_accuracy": 0.5425
  },
  "56": {
    "cen_loss": 1.294402306318283,
    "cen_accuracy": 0.560125
  },
  "57": {
    "cen_loss": 1.480143824338913,
    "cen_accuracy": 0.53375
  },
  "58": {
    "cen_loss": 1.4995489724874496,
    "cen_accuracy": 0.518625
  },
  "59": {
    "cen_loss": 1.4428861461281777,
    "cen_accuracy": 0.525125
  },
  "60": {
    "cen_loss": 1.5904093397259713,
    "cen_accuracy": 0.503875
  },
  "61": {
    "cen_loss": 1.351028587460518,
    "cen_accuracy": 0.574875
  },
  "62": {
    "cen_loss": 1.6440884310007096,
    "cen_accuracy": 0.514125
  },
  "63": {
    "cen_loss": 1.3660614476203918,
    "cen_accuracy": 0.5605
  },
  "64": {
    "cen_loss": 1.4051106142997742,
    "cen_accuracy": 0.517875
  },
  "65": {
    "cen_loss": 1.4829778825044633,
    "cen_accuracy": 0.54725
  },
  "66": {
    "cen_loss": 1.3167605247497558,
    "cen_accuracy": 0.561625
  },
  "67": {
    "cen_loss": 1.429659242272377,
    "cen_accuracy": 0.544375
  },
  "68": {
    "cen_loss": 1.3474322682023048,
    "cen_accuracy": 0.565625
  },
  "69": {
    "cen_loss": 1.5033971227407454,
    "cen_accuracy": 0.513
  },
  "70": {
    "cen_loss": 2.1461887924671172,
    "cen_accuracy": 0.40925
  },
  "71": {
    "cen_loss": 1.504935990333557,
    "cen_accuracy": 0.50475
  },
  "72": {
    "cen_loss": 1.3635899094343185,
    "cen_accuracy": 0.554
  },
  "73": {
    "cen_loss": 1.2664265429973602,
    "cen_accuracy": 0.55875
  },
  "74": {
    "cen_loss": 1.3181742434501649,
    "cen_accuracy": 0.54925
  },
  "75": {
    "cen_loss": 1.3532120375633239,
    "cen_accuracy": 0.542875
  },
  "76": {
    "cen_loss": 1.5023275990486145,
    "cen_accuracy": 0.561125
  },
  "77": {
    "cen_loss": 1.3945194261074065,
    "cen_accuracy": 0.542125
  },
  "78": {
    "cen_loss": 1.261775376200676,
    "cen_accuracy": 0.57175
  },
  "79": {
    "cen_loss": 1.2770666342377663,
    "cen_accuracy": 0.572125
  },
  "80": {
    "cen_loss": 1.4191159257888795,
    "cen_accuracy": 0.53875
  },
  "81": {
    "cen_loss": 1.4160260276794434,
    "cen_accuracy": 0.543125
  },
  "82": {
    "cen_loss": 1.261018420636654,
    "cen_accuracy": 0.572875
  },
  "83": {
    "cen_loss": 1.1582465824484824,
    "cen_accuracy": 0.604
  },
  "84": {
    "cen_loss": 1.2233326725959779,
    "cen_accuracy": 0.5775
  },
  "85": {
    "cen_loss": 1.2841185126304626,
    "cen_accuracy": 0.585
  },
  "86": {
    "cen_loss": 1.2050691033601761,
    "cen_accuracy": 0.584625
  },
  "87": {
    "cen_loss": 1.182575265645981,
    "cen_accuracy": 0.606625
  },
  "88": {
    "cen_loss": 1.3223336022496224,
    "cen_accuracy": 0.569625
  },
  "89": {
    "cen_loss": 1.3235110427737236,
    "cen_accuracy": 0.56875
  },
  "90": {
    "cen_loss": 1.5749348095655442,
    "cen_accuracy": 0.52725
  },
  "91": {
    "cen_loss": 1.304111370742321,
    "cen_accuracy": 0.59625
  },
  "92": {
    "cen_loss": 1.158499596297741,
    "cen_accuracy": 0.603875
  },
  "93": {
    "cen_loss": 1.1839815711975097,
    "cen_accuracy": 0.62125
  },
  "94": {
    "cen_loss": 1.2622463220357896,
    "cen_accuracy": 0.5805
  },
  "95": {
    "cen_loss": 1.3245882322192193,
    "cen_accuracy": 0.588875
  },
  "96": {
    "cen_loss": 1.1736733677983284,
    "cen_accuracy": 0.611125
  },
  "97": {
    "cen_loss": 1.3565239521861077,
    "cen_accuracy": 0.5735
  },
  "98": {
    "cen_loss": 1.1521644920706748,
    "cen_accuracy": 0.623125
  },
  "99": {
    "cen_loss": 1.3607790645360947,
    "cen_accuracy": 0.577
  },
  "100": {
    "cen_loss": 1.6958333127498626,
    "cen_accuracy": 0.534625
  },
  "101": {
    "cen_loss": 1.1258109928369522,