{
  "0": {
    "cen_loss": 3.631603500344082,
    "cen_accuracy": 0.010486390004462293
  },
  "1": {
    "cen_loss": 3.6316035120469126,
    "cen_accuracy": 0.010486390004462293
  },
  "2": {
    "cen_loss": 3.1830533193403565,
    "cen_accuracy": 0.09170013386880857
  },
  "3": {
    "cen_loss": 3.1694267617438,
    "cen_accuracy": 0.1106648817492191
  },
  "4": {
    "cen_loss": 3.4373014142395184,
    "cen_accuracy": 0.06291834002677377
  },
  "5": {
    "cen_loss": 3.5060020810203434,
    "cen_accuracy": 0.13676929941990182
  },
  "6": {
    "cen_loss": 3.265327226365586,
    "cen_accuracy": 0.15506470325747435
  },
  "7": {
    "cen_loss": 3.1357676459443935,
    "cen_accuracy": 0.2565818830879072
  },
  "8": {
    "cen_loss": 3.1491655567191317,
    "cen_accuracy": 0.2429718875502008
  },
  "9": {
    "cen_loss": 3.0478537530039422,
    "cen_accuracy": 0.27331548415885765
  },
  "10": {
    "cen_loss": 3.0468781229003845,
    "cen_accuracy": 0.2737617135207497
  },
  "11": {
    "cen_loss": 2.977902103818883,
    "cen_accuracy": 0.31659973226238286
  },
  "12": {
    "cen_loss": 3.217529117608911,
    "cen_accuracy": 0.27599286033020975
  },
  "13": {
    "cen_loss": 3.1289605424107316,
    "cen_accuracy": 0.29808121374386437
  },
  "14": {
    "cen_loss": 3.033379389206675,
    "cen_accuracy": 0.33355644801427936
  },
  "15": {
    "cen_loss": 3.0625787139843212,
    "cen_accuracy": 0.31682284694332885
  },
  "16": {
    "cen_loss": 3.200813558472953,
    "cen_accuracy": 0.286702365015618
  },
  "17": {
    "cen_loss": 2.8871695560198285,
    "cen_accuracy": 0.36724676483712626
  },
  "18": {
    "cen_loss": 2.921050159168371,
    "cen_accuracy": 0.39357429718875503
  },
  "19": {
    "cen_loss": 2.913407390322977,
    "cen_accuracy": 0.34917447568049975
  },
  "20": {
    "cen_loss": 2.913407434261787,
    "cen_accuracy": 0.34917447568049975
  },
  "21": {
    "cen_loss": 2.989764936584173,
    "cen_accuracy": 0.3174921909861669
  },
  "22": {
    "cen_loss": 2.6578799245188356,
    "cen_accuracy": 0.3848728246318608
  },
  "23": {
    "cen_loss": 2.577172213024138,
    "cen_accuracy": 0.4091923248549755
  },
  "24": {
    "cen_loss": 2.569407847245747,
    "cen_accuracy": 0.38844265952699686
  },
  "25": {
    "cen_loss": 2.4240544383854195,
    "cen_accuracy": 0.4707719767960732
  },
  "26": {
    "cen_loss": 2.850531478802682,
    "cen_accuracy": 0.429495760821062
  },
  "27": {
    "cen_loss": 2.5933367937922958,
    "cen_accuracy": 0.464301651048639
  },
  "28": {
    "cen_loss": 2.706919465199053,
    "cen_accuracy": 0.4426595269968764
  },
  "29": {
    "cen_loss": 2.5975385794199135,
    "cen_accuracy": 0.4495760821062026
  },
  "30": {
    "cen_loss": 2.5975385739940555,
    "cen_accuracy": 0.4495760821062026
  },
  "31": {
    "cen_loss": 2.8514122115028377,
    "cen_accuracy": 0.41231593038821956
  },
  "32": {
    "cen_loss": 2.779454935240671,
    "cen_accuracy": 0.41945560017849176
  },
  "33": {
    "cen_loss": 2.657847270948022,
    "cen_accuracy": 0.44109772423025434
  },
  "34": {
    "cen_loss": 2.463035931389335,
    "cen_accuracy": 0.45493083444890675
  },
  "35": {
    "cen_loss": 2.3636549101616326,
    "cen_accuracy": 0.49776885319053993
  },
  "36": {
    "cen_loss": 2.642248483280793,
    "cen_accuracy": 0.4453369031682285
  },
  "37": {
    "cen_loss": 2.4140709765830617,
    "cen_accuracy": 0.4928603302097278
  },
  "38": {
    "cen_loss": 2.274180439953717,
    "cen_accuracy": 0.5089245872378403
  },
  "39": {
    "cen_loss": 2.41111608439394,
    "cen_accuracy": 0.49129852744310576
  },
  "40": {
    "cen_loss": 2.4111160555358233,
    "cen_accuracy": 0.49129852744310576
  },
  "41": {
    "cen_loss": 2.436157934902928,
    "cen_accuracy": 0.4890673806336457
  },
  "42": {
    "cen_loss": 2.407882414242882,
    "cen_accuracy": 0.46608656849620705
  },
  "43": {
    "cen_loss": 2.22057446769602,
    "cen_accuracy": 0.4888442659526997
  },
  "44": {
    "cen_loss": 2.522888901934779,
    "cen_accuracy": 0.4718875502008032
  },
  "45": {
    "cen_loss": 2.479685839559818,
    "cen_accuracy": 0.4783578759482374
  },
  "46": {
    "cen_loss": 3.8803456941389283,
    "cen_accuracy": 0.30254350736278446
  },
  "47": {
    "cen_loss": 2.7341394047820105,
    "cen_accuracy": 0.4344042838018742
  },
  "48": {
    "cen_loss": 2.494109519331773,
    "cen_accuracy": 0.48148148148148145
  },
  "49": {
    "cen_loss": 2.5703309817486497,
    "cen_accuracy": 0.4395359214636323
  },
  "50": {
    "cen_loss": 2.570331016006027,
    "cen_accuracy": 0.4395359214636323
  },
  "51": {
    "cen_loss": 2.58231301650252,
    "cen_accuracy": 0.4685408299866131
  },
  "52": {
    "cen_loss": 2.4028676495069057,
    "cen_accuracy": 0.4817045961624275
  },
  "53": {
    "cen_loss": 2.3687600542636176,
    "cen_accuracy": 0.4776885319053994
  },
  "54": {
    "cen_loss": 2.3277270254520688,
    "cen_accuracy": 0.48527443105756357
  },
  "55": {
    "cen_loss": 1.9982666526719535,
    "cen_accuracy": 0.5609103078982597
  },
  "56": {
    "cen_loss": 2.200080491240032,
    "cen_accuracy": 0.499776885319054
  },
  "57": {
    "cen_loss": 2.226704241494311,
    "cen_accuracy": 0.5113788487282463
  },
  "58": {
    "cen_loss": 2.2425821105160386,
    "cen_accuracy": 0.4964301651048639
  },
  "59": {
    "cen_loss": 2.585774225722674,
    "cen_accuracy": 0.464301651048639
  },
  "60": {
    "cen_loss": 2.5857742232757186,
    "cen_accuracy": 0.464301651048639
  },
  "61": {
    "cen_loss": 2.2358279649612096,
    "cen_accuracy": 0.4895136099955377
  },
  "62": {
    "cen_loss": 2.033340779071427,
    "cen_accuracy": 0.5486390004462294
  },
  "63": {
    "cen_loss": 2.437852290207549,
    "cen_accuracy": 0.48125836680053546
  },
  "64": {
    "cen_loss": 2.13583817668442,
    "cen_accuracy": 0.5238732708612227
  },
  "65": {
    "cen_loss": 2.0799301499396976,
    "cen_accuracy": 0.5432842481035252
  },
  "66": {
    "cen_loss": 2.295811343544139,
    "cen_accuracy": 0.5055778670236502
  },
  "67": {
    "cen_loss": 3.2232770304869245,
    "cen_accuracy": 0.3862115127175368
  },
  "68": {
    "cen_loss": 2.479976704506231,
    "cen_accuracy": 0.47612672913877735
  },
  "69": {
    "cen_loss": 2.338439372435897,
    "cen_accuracy": 0.5087014725568942
  },
  "70": {
    "cen_loss": 2.3384394466956775,
    "cen_accuracy": 0.5087014725568942
  },
  "71": {
    "cen_loss": 2.0989504587113035,
    "cen_accuracy": 0.5437304774654173
  },
  "72": {
    "cen_loss": 2.0793284325661374,
    "cen_accuracy": 0.5238732708612227
  },
  "73": {
    "cen_loss": 1.8358724232711519,
    "cen_accuracy": 0.5680499776885319
  },
  "74": {
    "cen_loss": 2.06081561454967,
    "cen_accuracy": 0.5399375278893351
  },
  "75": {
    "cen_loss": 2.1077320709498744,
    "cen_accuracy": 0.5174029451137885
  },
  "76": {
    "cen_loss": 2.1001034365972733,
    "cen_accuracy": 0.5064703257474342
  },
  "77": {
    "cen_loss": 2.278935793360021,
    "cen_accuracy": 0.5046854082998661
  },
  "78": {
    "cen_loss": 2.102521231215961,
    "cen_accuracy": 0.5495314591700133
  },
  "79": {
    "cen_loss": 2.0701792800016885,
    "cen_accuracy": 0.5633645693886657
  },
  "80": {
    "cen_loss": 2.070179274961492,
    "cen_accuracy": 0.5633645693886657
  },
  "81": {
    "cen_loss": 2.0866334872392605,
    "cen_accuracy": 0.5468540829986613
  },
  "82": {
    "cen_loss": 2.1227409527909273,
    "cen_accuracy": 0.5553324408746095
  },
  "83": {
    "cen_loss": 2.3656040679552044,
    "cen_accuracy": 0.4979919678714859
  },
  "84": {
    "cen_loss": 2.0278984883277347,
    "cen_accuracy": 0.5381526104417671
  },
  "85": {
    "cen_loss": 1.929071463069337,
    "cen_accuracy": 0.537706381079875
  },
  "86": {
    "cen_loss": 1.8992721966897095,
    "cen_accuracy": 0.5560017849174476
  },
  "87": {
    "cen_loss": 1.8756356743604463,
    "cen_accuracy": 0.5653726015171798
  },
  "88": {
    "cen_loss": 1.8069478911727945,
    "cen_accuracy": 0.5925925925925926
  },