{
  "0": {
    "cen_loss": 2.3027744300842286,
    "cen_accuracy": 0.1
  },
  "1": {
    "cen_loss": 2.3027744300842286,
    "cen_accuracy": 0.1
  },
  "2": {
    "cen_loss": 2.41592879447937,
    "cen_accuracy": 0.1
  },
  "3": {
    "cen_loss": 2.789179878997803,
    "cen_accuracy": 0.1
  },
  "4": {
    "cen_loss": 2.834660831069946,
    "cen_accuracy": 0.1005
  },
  "5": {
    "cen_loss": 3.3268696853637696,
    "cen_accuracy": 0.1
  },
  "6": {
    "cen_loss": 2.606821615219116,
    "cen_accuracy": 0.1732
  },
  "7": {
    "cen_loss": 2.5185105964660646,
    "cen_accuracy": 0.169
  },
  "8": {
    "cen_loss": 2.97490456867218,
    "cen_accuracy": 0.1312
  },
  "9": {
    "cen_loss": 2.6034792896270753,
    "cen_accuracy": 0.2304
  },
  "10": {
    "cen_loss": 2.65681448764801,
    "cen_accuracy": 0.1639
  },
  "11": {
    "cen_loss": 2.53142701587677,
    "cen_accuracy": 0.1818
  },
  "12": {
    "cen_loss": 2.4296647565841676,
    "cen_accuracy": 0.1737
  },
  "13": {
    "cen_loss": 2.4093999713897705,
    "cen_accuracy": 0.1758
  },
  "14": {
    "cen_loss": 2.4666116926193236,
    "cen_accuracy": 0.1709
  },
  "15": {
    "cen_loss": 2.86324269657135,
    "cen_accuracy": 0.1748
  },
  "16": {
    "cen_loss": 3.1646107681274414,
    "cen_accuracy": 0.1861
  },
  "17": {
    "cen_loss": 2.3010272773742675,
    "cen_accuracy": 0.2112
  },
  "18": {
    "cen_loss": 2.51123178730011,
    "cen_accuracy": 0.2355
  },
  "19": {
    "cen_loss": 2.1994583696365355,
    "cen_accuracy": 0.2332
  },
  "20": {
    "cen_loss": 3.1226844429016114,
    "cen_accuracy": 0.2442
  },
  "21": {
    "cen_loss": 1.944302408027649,
    "cen_accuracy": 0.2296
  },
  "22": {
    "cen_loss": 2.1558967361450194,
    "cen_accuracy": 0.2203
  },
  "23": {
    "cen_loss": 2.375055822944641,
    "cen_accuracy": 0.2433
  },
  "24": {
    "cen_loss": 2.751244633483887,
    "cen_accuracy": 0.2602
  },
  "25": {
    "cen_loss": 2.2558292692184447,
    "cen_accuracy": 0.2106
  },
  "26": {
    "cen_loss": 2.923284420967102,
    "cen_accuracy": 0.1473
  },
  "27": {
    "cen_loss": 2.061612438583374,
    "cen_accuracy": 0.2703
  },
  "28": {
    "cen_loss": 1.897445311164856,
    "cen_accuracy": 0.338
  },
  "29": {
    "cen_loss": 2.047271661186218,
    "cen_accuracy": 0.3148
  },
  "30": {
    "cen_loss": 2.298630727386475,
    "cen_accuracy": 0.2046
  },
  "31": {
    "cen_loss": 2.6932889163970946,
    "cen_accuracy": 0.1533
  },
  "32": {
    "cen_loss": 2.1518966440200806,
    "cen_accuracy": 0.2936
  },
  "33": {
    "cen_loss": 2.146214567565918,
    "cen_accuracy": 0.2866
  },
  "34": {
    "cen_loss": 2.650257993888855,
    "cen_accuracy": 0.2571
  },
  "35": {
    "cen_loss": 2.4014017448425293,
    "cen_accuracy": 0.2554
  },
  "36": {
    "cen_loss": 2.1786505851745606,
    "cen_accuracy": 0.2715
  },
  "37": {
    "cen_loss": 2.6649248487472534,
    "cen_accuracy": 0.235
  },
  "38": {
    "cen_loss": 2.408407714653015,
    "cen_accuracy": 0.3043
  },
  "39": {
    "cen_loss": 2.015985447883606,
    "cen_accuracy": 0.2988
  },
  "40": {
    "cen_loss": 2.923557932853699,
    "cen_accuracy": 0.2669
  },
  "41": {
    "cen_loss": 1.8518533319473267,
    "cen_accuracy": 0.3064
  },
  "42": {
    "cen_loss": 1.9439437719345092,
    "cen_accuracy": 0.3235
  },
  "43": {
    "cen_loss": 2.321957384681702,
    "cen_accuracy": 0.2886
  },
  "44": {
    "cen_loss": 2.0430908966064454,
    "cen_accuracy": 0.2869
  },
  "45": {
    "cen_loss": 1.9008368825912476,
    "cen_accuracy": 0.267
  },
  "46": {
    "cen_loss": 2.0020790479660033,
    "cen_accuracy": 0.3492
  },
  "47": {
    "cen_loss": 1.8415497846603393,
    "cen_accuracy": 0.3487
  },
  "48": {
    "cen_loss": 1.7733410568237304,
    "cen_accuracy": 0.3304
  },
  "49": {
    "cen_loss": 1.7395245180130006,
    "cen_accuracy": 0.3609
  },
  "50": {
    "cen_loss": 1.9377669746398927,
    "cen_accuracy": 0.2805
  },
  "51": {
    "cen_loss": 2.079766368675232,
    "cen_accuracy": 0.305
  },
  "52": {
    "cen_loss": 2.2116556591033936,
    "cen_accuracy": 0.3188
  },
  "53": {
    "cen_loss": 1.9244067213058471,
    "cen_accuracy": 0.3348
  },
  "54": {
    "cen_loss": 2.229112430381775,
    "cen_accuracy": 0.3202
  },
  "55": {
    "cen_loss": 2.203399279975891,
    "cen_accuracy": 0.2923
  },
  "56": {
    "cen_loss": 2.4902823173522948,
    "cen_accuracy": 0.2303
  },
  "57": {
    "cen_loss": 2.1635241481781007,
    "cen_accuracy": 0.2917
  },
  "58": {
    "cen_loss": 1.9774929107666015,
    "cen_accuracy": 0.3133
  },
  "59": {
    "cen_loss": 1.8683060747146607,
    "cen_accuracy": 0.346
  },
  "60": {
    "cen_loss": 2.22476870136261,
    "cen_accuracy": 0.286
  },
  "61": {
    "cen_loss": 2.384914546203613,
    "cen_accuracy": 0.3482
  },
  "62": {
    "cen_loss": 3.0432185846328736,
    "cen_accuracy": 0.136
  },
  "63": {
    "cen_loss": 2.433576030540466,
    "cen_accuracy": 0.2007
  },
  "64": {
    "cen_loss": 2.0139924663543702,
    "cen_accuracy": 0.2668
  },
  "65": {
    "cen_loss": 1.6517936143875123,
    "cen_accuracy": 0.4053
  },
  "66": {
    "cen_loss": 1.8474754360198975,
    "cen_accuracy": 0.3605
  },
  "67": {
    "cen_loss": 1.95892601146698,
    "cen_accuracy": 0.2978
  },
  "68": {
    "cen_loss": 3.0929820672988892,
    "cen_accuracy": 0.1854
  },
  "69": {
    "cen_loss": 2.1209443605422975,
    "cen_accuracy": 0.364
  },
  "70": {
    "cen_loss": 2.166143018722534,
    "cen_accuracy": 0.3124
  },
  "71": {
    "cen_loss": 2.304857473182678,
    "cen_accuracy": 0.2347
  },
  "72": {
    "cen_loss": 1.4893804471969605,
    "cen_accuracy": 0.4787
  },
  "73": {
    "cen_loss": 1.744667319393158,
    "cen_accuracy": 0.3879
  },
  "74": {
    "cen_loss": 1.5223365468978882,
    "cen_accuracy": 0.4302
  },
  "75": {
    "cen_loss": 1.6375542360305786,
    "cen_accuracy": 0.3764
  },
  "76": {
    "cen_loss": 1.8244675759315492,
    "cen_accuracy": 0.4044
  },
  "77": {
    "cen_loss": 1.921331188774109,
    "cen_accuracy": 0.3655
  },
  "78": {
    "cen_loss": 2.411337466812134,
    "cen_accuracy": 0.2814
  },
  "79": {
    "cen_loss": 1.511478050327301,
    "cen_accuracy": 0.4333
  },
  "80": {
    "cen_loss": 1.6015724303245544,
    "cen_accuracy": 0.4436
  },
  "81": {
    "cen_loss": 1.5771026460647584,
    "cen_accuracy": 0.4301
  },
  "82": {
    "cen_loss": 1.426267187690735,
    "cen_accuracy": 0.4743
  },
  "83": {
    "cen_loss": 1.5308018600463866,
    "cen_accuracy": 0.4316
  },
  "84": {
    "cen_loss": 2.0823146495819094,
    "cen_accuracy": 0.2844
  },
  "85": {
    "cen_loss": 1.79387546749115,
    "cen_accuracy": 0.3744
  },
  "86": {
    "cen_loss": 2.271183145904541,
    "cen_accuracy": 0.3219
  },
  "87": {
    "cen_loss": 1.7737334608078004,
    "cen_accuracy": 0.3561
  },
  "88": {
    "cen_loss": 1.6418140022277832,
    "cen_accuracy": 0.4209
  },
  "89": {
    "cen_loss": 1.7458459162712097,
    "cen_accuracy": 0.392
  },
  "90": {
    "cen_loss": 2.1966137089729307,
    "cen_accuracy": 0.3584
  },
  "91": {
    "cen_loss": 2.205709805679321,
    "cen_accuracy": 0.3706
  },
  "92": {
    "cen_loss": 2.8123319118499754,
    "cen_accuracy": 0.2859
  },
  "93": {
    "cen_loss": 1.7853807599067688,
    "cen_accuracy": 0.4072
  },
  "94": {
    "cen_loss": 1.581984552669525,
    "cen_accuracy": 0.4948
  },
  "95": {
    "cen_loss": 1.845920773792267,
    "cen_accuracy": 0.4034
  },
  "96": {
    "cen_loss": 1.5423363921165467,
    "cen_accuracy": 0.4676
  },
  "97": {
    "cen_loss": 1.8303122833251952,
    "cen_accuracy": 0.4063
  },
  "98": {
    "cen_loss": 1.7440374418258666,
    "cen_accuracy": 0.4099
  },
  "99": {
    "cen_loss": 2.3566224351882936,
    "cen_accuracy": 0.2966
  },
  "100": {
    "cen_loss": 1.7466737612724303,
    "cen_accuracy": 0.4405
  },
  "101": {
    "cen_loss": 2.084916430282593,
    "cen_accuracy": 0.3821
  }
}