{
  "0": {
    "cen_loss": 2.3027670545578003,
    "cen_accuracy": 0.0985
  },
  "1": {
    "cen_loss": 2.3027670545578003,
    "cen_accuracy": 0.0985
  },
  "2": {
    "cen_loss": 3.549176664352417,
    "cen_accuracy": 0.099875
  },
  "3": {
    "cen_loss": 4.386185516357422,
    "cen_accuracy": 0.099875
  },
  "4": {
    "cen_loss": 5.02046991443634,
    "cen_accuracy": 0.099875
  },
  "5": {
    "cen_loss": 4.377906103610992,
    "cen_accuracy": 0.12125
  },
  "6": {
    "cen_loss": 4.802020383834839,
    "cen_accuracy": 0.1005
  },
  "7": {
    "cen_loss": 4.883849536418915,
    "cen_accuracy": 0.1295
  },
  "8": {
    "cen_loss": 3.36518590426445,
    "cen_accuracy": 0.204875
  },
  "9": {
    "cen_loss": 2.2940913155078886,
    "cen_accuracy": 0.31725
  },
  "10": {
    "cen_loss": 1.6405152332782746,
    "cen_accuracy": 0.49775
  },
  "11": {
    "cen_loss": 2.1084543018341066,
    "cen_accuracy": 0.373375
  },
  "12": {
    "cen_loss": 1.770786639690399,
    "cen_accuracy": 0.46525
  },
  "13": {
    "cen_loss": 1.6714202963113785,
    "cen_accuracy": 0.49625
  },
  "14": {
    "cen_loss": 1.5673468233346939,
    "cen_accuracy": 0.513375
  },
  "15": {
    "cen_loss": 1.7244297894239426,
    "cen_accuracy": 0.505625
  },
  "16": {
    "cen_loss": 1.5387743698358536,
    "cen_accuracy": 0.54625
  },
  "17": {
    "cen_loss": 1.495547005712986,
    "cen_accuracy": 0.564625
  },
  "18": {
    "cen_loss": 1.6073899041414261,
    "cen_accuracy": 0.554375
  },
  "19": {
    "cen_loss": 1.4915845870375632,
    "cen_accuracy": 0.575625
  },
  "20": {
    "cen_loss": 1.4999855456352233,
    "cen_accuracy": 0.59675
  },
  "21": {
    "cen_loss": 1.4562549272179603,
    "cen_accuracy": 0.58125
  },
  "22": {
    "cen_loss": 1.4767827549278736,
    "cen_accuracy": 0.58075
  },
  "23": {
    "cen_loss": 1.4504765459895135,
    "cen_accuracy": 0.582
  },
  "24": {
    "cen_loss": 1.5651710592806338,
    "cen_accuracy": 0.574375
  },
  "25": {
    "cen_loss": 1.332883511185646,
    "cen_accuracy": 0.618
  },
  "26": {
    "cen_loss": 1.3312534268200398,
    "cen_accuracy": 0.619875
  },
  "27": {
    "cen_loss": 1.4284028097391128,
    "cen_accuracy": 0.605375
  },
  "28": {
    "cen_loss": 1.2883939877152444,
    "cen_accuracy": 0.627375
  },
  "29": {
    "cen_loss": 1.3964009397625923,
    "cen_accuracy": 0.61475
  },
  "30": {
    "cen_loss": 1.4177371501922607,
    "cen_accuracy": 0.623125
  },
  "31": {
    "cen_loss": 1.3123359849452974,
    "cen_accuracy": 0.624625
  },
  "32": {
    "cen_loss": 1.3474793347120284,
    "cen_accuracy": 0.617
  },
  "33": {
    "cen_loss": 1.2388767053484917,
    "cen_accuracy": 0.636
  },
  "34": {
    "cen_loss": 1.4260524144172668,
    "cen_accuracy": 0.602125
  },
  "35": {
    "cen_loss": 1.2319856941998004,
    "cen_accuracy": 0.643
  },
  "36": {
    "cen_loss": 1.205110239133239,
    "cen_accuracy": 0.65525
  },
  "37": {
    "cen_loss": 1.2231906199157239,
    "cen_accuracy": 0.65425
  },
  "38": {
    "cen_loss": 1.2499780354648828,
    "cen_accuracy": 0.645
  },
  "39": {
    "cen_loss": 1.2606456913948059,
    "cen_accuracy": 0.6475
  },
  "40": {
    "cen_loss": 1.2541978084445,
    "cen_accuracy": 0.657375
  },
  "41": {
    "cen_loss": 1.2524865843951702,
    "cen_accuracy": 0.638875
  },
  "42": {
    "cen_loss": 1.2496390252262355,
    "cen_accuracy": 0.647125
  },
  "43": {
    "cen_loss": 1.2342253675758839,
    "cen_accuracy": 0.647375
  },
  "44": {
    "cen_loss": 1.228067143946886,
    "cen_accuracy": 0.662
  },
  "45": {
    "cen_loss": 1.2185569519400596,
    "cen_accuracy": 0.655
  },
  "46": {
    "cen_loss": 1.1697569426745176,
    "cen_accuracy": 0.66075
  },
  "47": {
    "cen_loss": 1.1760857065618038,
    "cen_accuracy": 0.661625
  },
  "48": {
    "cen_loss": 1.09882766777277,
    "cen_accuracy": 0.6785
  },
  "49": {
    "cen_loss": 1.262889862716198,
    "cen_accuracy": 0.65575
  },
  "50": {
    "cen_loss": 1.2912350786328315,
    "cen_accuracy": 0.657875
  },
  "51": {
    "cen_loss": 1.1286266380846501,
    "cen_accuracy": 0.676
  },
  "52": {
    "cen_loss": 1.1129357486665248,
    "cen_accuracy": 0.686625
  },
  "53": {
    "cen_loss": 1.1045521231889726,
    "cen_accuracy": 0.677875
  },
  "54": {
    "cen_loss": 1.1119647471010685,
    "cen_accuracy": 0.678
  },
  "55": {
    "cen_loss": 1.1234121885448694,
    "cen_accuracy": 0.680125
  },
  "56": {
    "cen_loss": 1.0942143261134625,
    "cen_accuracy": 0.688375
  },
  "57": {
    "cen_loss": 1.1734014591276645,
    "cen_accuracy": 0.67225
  },
  "58": {
    "cen_loss": 1.0783720658868552,
    "cen_accuracy": 0.69075
  },
  "59": {
    "cen_loss": 1.1257817966789008,
    "cen_accuracy": 0.681625
  },
  "60": {
    "cen_loss": 1.2171749418973923,
    "cen_accuracy": 0.6855
  },
  "61": {
    "cen_loss": 1.1195693386495114,
    "cen_accuracy": 0.682625
  },
  "62": {
    "cen_loss": 1.136053780645132,
    "cen_accuracy": 0.684625
  },
  "63": {
    "cen_loss": 1.0541864029616117,
    "cen_accuracy": 0.689125
  },
  "64": {
    "cen_loss": 1.1143589396253228,
    "cen_accuracy": 0.68925
  },
  "65": {
    "cen_loss": 1.0844651640206575,
    "cen_accuracy": 0.681
  },
  "66": {
    "cen_loss": 1.0444397530555725,
    "cen_accuracy": 0.695375
  },
  "67": {
    "cen_loss": 1.0594953050613403,
    "cen_accuracy": 0.69375
  },
  "68": {
    "cen_loss": 1.0234029799699784,
    "cen_accuracy": 0.700625
  },
  "69": {
    "cen_loss": 1.0671034028977155,
    "cen_accuracy": 0.6895
  },
  "70": {
    "cen_loss": 1.1101102864146233,
    "cen_accuracy": 0.688125
  },
  "71": {
    "cen_loss": 1.0473936322629451,
    "cen_accuracy": 0.704
  },
  "72": {
    "cen_loss": 1.0478344250172376,
    "cen_accuracy": 0.69625
  },
  "73": {
    "cen_loss": 1.0783102389276027,
    "cen_accuracy": 0.69125
  },
  "74": {
    "cen_loss": 1.115664365530014,
    "cen_accuracy": 0.681875
  },
  "75": {
    "cen_loss": 1.067621473684907,
    "cen_accuracy": 0.68975
  },
  "76": {
    "cen_loss": 0.998244053453207,
    "cen_accuracy": 0.709875
  },
  "77": {
    "cen_loss": 0.9959649078249931,
    "cen_accuracy": 0.71325
  },
  "78": {
    "cen_loss": 1.0001614585518837,
    "cen_accuracy": 0.716125
  },
  "79": {
    "cen_loss": 1.0569841829240323,
    "cen_accuracy": 0.702375
  },
  "80": {
    "cen_loss": 1.1476733641326426,
    "cen_accuracy": 0.693125
  },
  "81": {
    "cen_loss": 0.9918254950642585,
    "cen_accuracy": 0.718375
  },
  "82": {
    "cen_loss": 1.1044037759341299,
    "cen_accuracy": 0.697375
  },
  "83": {
    "cen_loss": 0.9902404792010784,
    "cen_accuracy": 0.71775
  },
  "84": {
    "cen_loss": 1.0235655236691237,
    "cen_accuracy": 0.70925
  },
  "85": {
    "cen_loss": 1.0711373519152403,
    "cen_accuracy": 0.693
  },
  "86": {
    "cen_loss": 1.0194139867797494,
    "cen_accuracy": 0.709625
  },
  "87": {
    "cen_loss": 1.0312827978432177,
    "cen_accuracy": 0.709875
  },
  "88": {
    "cen_loss": 1.055026921480894,
    "cen_accuracy": 0.7015
  },
  "89": {
    "cen_loss": 1.01692533262074,
    "cen_accuracy": 0.703375
  },
  "90": {
    "cen_loss": 1.1787234168946743,
    "cen_accuracy": 0.6785
  },
  "91": {
    "cen_loss": 1.0387517786771059,
    "cen_accuracy": 0.70625
  },
  "92": {
    "cen_loss": 0.9815922755897045,
    "cen_accuracy": 0.715
  },
  "93": {
    "cen_loss": 0.971504713267088,
    "cen_accuracy": 0.7185
  },
  "94": {
    "cen_loss": 0.9901899415403604,
    "cen_accuracy": 0.71525
  },
  "95": {
    "cen_loss": 0.9693691844493151,
    "cen_accuracy": 0.72075
  },
  "96": {
    "cen_loss": 1.0236074928343295,
    "cen_accuracy": 0.710375
  },
  "97": {
    "cen_loss": 0.9611018773913383,
    "cen_accuracy": 0.722625
  },
  "98": {
    "cen_loss": 0.9559235126823187,
    "cen_accuracy": 0.722375
  },
  "99": {
    "cen_loss": 0.9377895288020373,
    "cen_accuracy": 0.728125
  },
  "100": {
    "cen_loss": 1.0113408747017383,
    "cen_accuracy": 0.720875
  },
  "101": {
    "cen_loss": 0.9694493103697897,