{
  "0": {
    "cen_loss": 2.3028095273971556,
    "cen_accuracy": 0.10075
  },
  "1": {
    "cen_loss": 2.3028095273971556,
    "cen_accuracy": 0.10075
  },
  "2": {
    "cen_loss": 3.8198962388038633,
    "cen_accuracy": 0.101125
  },
  "3": {
    "cen_loss": 5.042758485794067,
    "cen_accuracy": 0.101125
  },
  "4": {
    "cen_loss": 5.8577485809326175,
    "cen_accuracy": 0.101125
  },
  "5": {
    "cen_loss": 6.983867351055145,
    "cen_accuracy": 0.101125
  },
  "6": {
    "cen_loss": 6.275166164398193,
    "cen_accuracy": 0.101125
  },
  "7": {
    "cen_loss": 4.328448966264725,
    "cen_accuracy": 0.1305
  },
  "8": {
    "cen_loss": 3.857334526538849,
    "cen_accuracy": 0.1705
  },
  "9": {
    "cen_loss": 2.8647978951931,
    "cen_accuracy": 0.26025
  },
  "10": {
    "cen_loss": 1.6157673995494843,
    "cen_accuracy": 0.49525
  },
  "11": {
    "cen_loss": 2.2421727912425995,
    "cen_accuracy": 0.381875
  },
  "12": {
    "cen_loss": 2.0911746262311937,
    "cen_accuracy": 0.434125
  },
  "13": {
    "cen_loss": 2.0557094399929046,
    "cen_accuracy": 0.444
  },
  "14": {
    "cen_loss": 1.8232381680011749,
    "cen_accuracy": 0.4935
  },
  "15": {
    "cen_loss": 1.9462337102890015,
    "cen_accuracy": 0.484625
  },
  "16": {
    "cen_loss": 1.7448779363632203,
    "cen_accuracy": 0.5225
  },
  "17": {
    "cen_loss": 1.6885832631587983,
    "cen_accuracy": 0.52825
  },
  "18": {
    "cen_loss": 1.6316186386346816,
    "cen_accuracy": 0.553625
  },
  "19": {
    "cen_loss": 1.4798769584298135,
    "cen_accuracy": 0.571125
  },
  "20": {
    "cen_loss": 1.5342159434854985,
    "cen_accuracy": 0.5705
  },
  "21": {
    "cen_loss": 1.4537561739087104,
    "cen_accuracy": 0.580375
  },
  "22": {
    "cen_loss": 1.5047676941752435,
    "cen_accuracy": 0.579375
  },
  "23": {
    "cen_loss": 1.5340980257093906,
    "cen_accuracy": 0.5845
  },
  "24": {
    "cen_loss": 1.5723739054203034,
    "cen_accuracy": 0.577875
  },
  "25": {
    "cen_loss": 1.4342344888746739,
    "cen_accuracy": 0.60325
  },
  "26": {
    "cen_loss": 1.489417314171791,
    "cen_accuracy": 0.5905
  },
  "27": {
    "cen_loss": 1.3504362944960595,
    "cen_accuracy": 0.619625
  },
  "28": {
    "cen_loss": 1.443669878050685,
    "cen_accuracy": 0.607
  },
  "29": {
    "cen_loss": 1.3454735383540393,
    "cen_accuracy": 0.635125
  },
  "30": {
    "cen_loss": 1.4088180781900883,
    "cen_accuracy": 0.630125
  },
  "31": {
    "cen_loss": 1.3691821085512639,
    "cen_accuracy": 0.617375
  },
  "32": {
    "cen_loss": 1.3822807791531087,
    "cen_accuracy": 0.615125
  },
  "33": {
    "cen_loss": 1.3776050327420235,
    "cen_accuracy": 0.63575
  },
  "34": {
    "cen_loss": 1.314800100117922,
    "cen_accuracy": 0.648625
  },
  "35": {
    "cen_loss": 1.3605765010416508,
    "cen_accuracy": 0.628875
  },
  "36": {
    "cen_loss": 1.3048022588342427,
    "cen_accuracy": 0.635625
  },
  "37": {
    "cen_loss": 1.1522196597456933,
    "cen_accuracy": 0.6655
  },
  "38": {
    "cen_loss": 1.2400398794114589,
    "cen_accuracy": 0.6525
  },
  "39": {
    "cen_loss": 1.2000087543725968,
    "cen_accuracy": 0.661125
  },
  "40": {
    "cen_loss": 1.2514134483486414,
    "cen_accuracy": 0.6695
  },
  "41": {
    "cen_loss": 1.238499011129141,
    "cen_accuracy": 0.657
  },
  "42": {
    "cen_loss": 1.295518933571875,
    "cen_accuracy": 0.641875
  },
  "43": {
    "cen_loss": 1.1985039892494678,
    "cen_accuracy": 0.659625
  },
  "44": {
    "cen_loss": 1.1637274818718433,
    "cen_accuracy": 0.67
  },
  "45": {
    "cen_loss": 1.1911506476998328,
    "cen_accuracy": 0.668625
  },
  "46": {
    "cen_loss": 1.115885639987886,
    "cen_accuracy": 0.687375
  },
  "47": {
    "cen_loss": 1.147571012765169,
    "cen_accuracy": 0.681625
  },
  "48": {
    "cen_loss": 1.1424829333126545,
    "cen_accuracy": 0.68425
  },
  "49": {
    "cen_loss": 1.157464255720377,
    "cen_accuracy": 0.671125
  },
  "50": {
    "cen_loss": 1.1692963031530381,
    "cen_accuracy": 0.678625
  },
  "51": {
    "cen_loss": 1.1090507103949785,
    "cen_accuracy": 0.6875
  },
  "52": {
    "cen_loss": 1.151116328060627,
    "cen_accuracy": 0.68725
  },
  "53": {
    "cen_loss": 1.0581026005446912,
    "cen_accuracy": 0.692125
  },
  "54": {
    "cen_loss": 1.1323993705436588,
    "cen_accuracy": 0.693375
  },
  "55": {
    "cen_loss": 1.050858850494027,
    "cen_accuracy": 0.701125
  },
  "56": {
    "cen_loss": 1.0996930223703385,
    "cen_accuracy": 0.690875
  },
  "57": {
    "cen_loss": 1.04773742569983,
    "cen_accuracy": 0.700875
  },
  "58": {
    "cen_loss": 1.0978422017693519,
    "cen_accuracy": 0.68675
  },
  "59": {
    "cen_loss": 1.0043273243457078,
    "cen_accuracy": 0.70175
  },
  "60": {
    "cen_loss": 1.0459448267370461,
    "cen_accuracy": 0.6945
  },
  "61": {
    "cen_loss": 1.0943451133668423,
    "cen_accuracy": 0.696
  },
  "62": {
    "cen_loss": 0.9597492668032647,
    "cen_accuracy": 0.7145
  },
  "63": {
    "cen_loss": 1.017899154022336,
    "cen_accuracy": 0.7105
  },
  "64": {
    "cen_loss": 0.9870004699528218,
    "cen_accuracy": 0.71575
  },
  "65": {
    "cen_loss": 1.0065009266138076,
    "cen_accuracy": 0.706
  },
  "66": {
    "cen_loss": 1.0021175916939973,
    "cen_accuracy": 0.711625
  },
  "67": {
    "cen_loss": 1.0051681853085757,
    "cen_accuracy": 0.713125
  },
  "68": {
    "cen_loss": 1.015370833814144,
    "cen_accuracy": 0.712875
  },
  "69": {
    "cen_loss": 1.002549406349659,
    "cen_accuracy": 0.7175
  },
  "70": {
    "cen_loss": 1.0218129175752402,
    "cen_accuracy": 0.719875
  },
  "71": {
    "cen_loss": 1.0352705900222063,
    "cen_accuracy": 0.71225
  },
  "72": {
    "cen_loss": 1.0171695557087659,
    "cen_accuracy": 0.718125
  },
  "73": {
    "cen_loss": 1.1051719335466623,
    "cen_accuracy": 0.704875
  },
  "74": {
    "cen_loss": 1.004764446645975,
    "cen_accuracy": 0.72325
  },
  "75": {
    "cen_loss": 0.995898072939366,
    "cen_accuracy": 0.713375
  },
  "76": {
    "cen_loss": 1.0059424349963666,
    "cen_accuracy": 0.71525
  },
  "77": {
    "cen_loss": 1.0641483639255167,
    "cen_accuracy": 0.7105
  },
  "78": {
    "cen_loss": 0.986559161156416,
    "cen_accuracy": 0.720875
  },
  "79": {
    "cen_loss": 0.9770380628481508,
    "cen_accuracy": 0.722625
  },
  "80": {
    "cen_loss": 1.0126101989150047,
    "cen_accuracy": 0.718875
  },
  "81": {
    "cen_loss": 1.0868526208549738,
    "cen_accuracy": 0.70225
  },
  "82": {
    "cen_loss": 1.1216670204848052,
    "cen_accuracy": 0.70025
  },
  "83": {
    "cen_loss": 0.980415124848485,
    "cen_accuracy": 0.719875
  },
  "84": {
    "cen_loss": 0.9784130253195763,
    "cen_accuracy": 0.727875
  },
  "85": {
    "cen_loss": 0.9980116385817528,
    "cen_accuracy": 0.724375
  },
  "86": {
    "cen_loss": 0.916777050614357,
    "cen_accuracy": 0.741375
  },
  "87": {
    "cen_loss": 1.0366018368154764,
    "cen_accuracy": 0.722125
  },
  "88": {
    "cen_loss": 1.018749248608947,
    "cen_accuracy": 0.713875
  },
  "89": {
    "cen_loss": 0.9875480328649282,
    "cen_accuracy": 0.73025
  },
  "90": {
    "cen_loss": 0.9995526656806469,
    "cen_accuracy": 0.731625
  },
  "91": {
    "cen_loss": 0.9751644994020462,
    "cen_accuracy": 0.732125
  },
  "92": {
    "cen_loss": 0.9693033348619938,
    "cen_accuracy": 0.73325
  },
  "93": {
    "cen_loss": 0.9268879113346338,
    "cen_accuracy": 0.73425
  },
  "94": {
    "cen_loss": 0.9140602533221245,
    "cen_accuracy": 0.73625
  },
  "95": {
    "cen_loss": 0.9180822706371545,
    "cen_accuracy": 0.739
  },
  "96": {
    "cen_loss": 0.964103780940175,
    "cen_accuracy": 0.729
  },
  "97": {
    "cen_loss": 0.9937571772783995,
    "cen_accuracy": 0.72675
  },
  "98": {
    "cen_loss": 0.885932951927185,
    "cen_accuracy": 0.745125
  },
  "99": {
    "cen_loss": 0.9301762226969004,
    "cen_accuracy": 0.7355
  },
  "100": {
    "cen_loss": 0.9682982236146926,
    "cen_accuracy": 0.731375
  },