{
  "0": {
    "cen_loss": 2.3027569942474364,
    "cen_accuracy": 0.100375
  },
  "1": {
    "cen_loss": 2.3027569942474364,
    "cen_accuracy": 0.100375
  },
  "2": {
    "cen_loss": 4.701458957672119,
    "cen_accuracy": 0.100625
  },
  "3": {
    "cen_loss": 3.1451588563919066,
    "cen_accuracy": 0.13125
  },
  "4": {
    "cen_loss": 4.042466350078583,
    "cen_accuracy": 0.101375
  },
  "5": {
    "cen_loss": 2.437737557411194,
    "cen_accuracy": 0.14725
  },
  "6": {
    "cen_loss": 2.945639291763306,
    "cen_accuracy": 0.162
  },
  "7": {
    "cen_loss": 3.1021046764850615,
    "cen_accuracy": 0.22875
  },
  "8": {
    "cen_loss": 3.680879818916321,
    "cen_accuracy": 0.1575
  },
  "9": {
    "cen_loss": 2.598905865430832,
    "cen_accuracy": 0.259625
  },
  "10": {
    "cen_loss": 2.421357167959213,
    "cen_accuracy": 0.299
  },
  "11": {
    "cen_loss": 2.7095493772029875,
    "cen_accuracy": 0.310375
  },
  "12": {
    "cen_loss": 2.864834385633469,
    "cen_accuracy": 0.28375
  },
  "13": {
    "cen_loss": 1.692107584953308,
    "cen_accuracy": 0.402875
  },
  "14": {
    "cen_loss": 2.830909749031067,
    "cen_accuracy": 0.309125
  },
  "15": {
    "cen_loss": 2.0446699661016465,
    "cen_accuracy": 0.40175
  },
  "16": {
    "cen_loss": 1.8386317446231841,
    "cen_accuracy": 0.420625
  },
  "17": {
    "cen_loss": 1.7764841554164887,
    "cen_accuracy": 0.440625
  },
  "18": {
    "cen_loss": 1.9931323595046997,
    "cen_accuracy": 0.403375
  },
  "19": {
    "cen_loss": 2.4597786943912507,
    "cen_accuracy": 0.3775
  },
  "20": {
    "cen_loss": 2.484659537911415,
    "cen_accuracy": 0.391
  },
  "21": {
    "cen_loss": 1.7549401054382323,
    "cen_accuracy": 0.44725
  },
  "22": {
    "cen_loss": 1.6911938914060594,
    "cen_accuracy": 0.487375
  },
  "23": {
    "cen_loss": 2.2099730080366133,
    "cen_accuracy": 0.444125
  },
  "24": {
    "cen_loss": 1.7604833753705025,
    "cen_accuracy": 0.470125
  },
  "25": {
    "cen_loss": 1.8444793914556503,
    "cen_accuracy": 0.462125
  },
  "26": {
    "cen_loss": 2.147901049852371,
    "cen_accuracy": 0.45925
  },
  "27": {
    "cen_loss": 2.344979012131691,
    "cen_accuracy": 0.42475
  },
  "28": {
    "cen_loss": 2.034506832242012,
    "cen_accuracy": 0.434375
  },
  "29": {
    "cen_loss": 1.6834670499563218,
    "cen_accuracy": 0.52875
  },
  "30": {
    "cen_loss": 1.705978730082512,
    "cen_accuracy": 0.531625
  },
  "31": {
    "cen_loss": 1.8692240534424782,
    "cen_accuracy": 0.494625
  },
  "32": {
    "cen_loss": 2.3576959849596024,
    "cen_accuracy": 0.424625
  },
  "33": {
    "cen_loss": 1.812378278374672,
    "cen_accuracy": 0.495
  },
  "34": {
    "cen_loss": 1.9009780484437941,
    "cen_accuracy": 0.49675
  },
  "35": {
    "cen_loss": 1.9384882925748825,
    "cen_accuracy": 0.46825
  },
  "36": {
    "cen_loss": 1.812005833864212,
    "cen_accuracy": 0.49275
  },
  "37": {
    "cen_loss": 1.854312351822853,
    "cen_accuracy": 0.48875
  },
  "38": {
    "cen_loss": 1.8189891795516013,
    "cen_accuracy": 0.502625
  },
  "39": {
    "cen_loss": 1.9458136937618256,
    "cen_accuracy": 0.4765
  },
  "40": {
    "cen_loss": 1.928387503862381,
    "cen_accuracy": 0.4865
  },
  "41": {
    "cen_loss": 2.1630348469018936,
    "cen_accuracy": 0.465875
  },
  "42": {
    "cen_loss": 1.9395991740226746,
    "cen_accuracy": 0.48475
  },
  "43": {
    "cen_loss": 1.8749486076831818,
    "cen_accuracy": 0.480375
  },
  "44": {
    "cen_loss": 1.8272105615139007,
    "cen_accuracy": 0.49325
  },
  "45": {
    "cen_loss": 2.214334618330002,
    "cen_accuracy": 0.465625
  },
  "46": {
    "cen_loss": 1.9060209566950799,
    "cen_accuracy": 0.51375
  },
  "47": {
    "cen_loss": 1.6312807698845864,
    "cen_accuracy": 0.541875
  },
  "48": {
    "cen_loss": 1.8110892426967622,
    "cen_accuracy": 0.50725
  },
  "49": {
    "cen_loss": 1.7647538690567017,
    "cen_accuracy": 0.5405
  },
  "50": {
    "cen_loss": 1.9004615465998649,
    "cen_accuracy": 0.535125
  },
  "51": {
    "cen_loss": 1.657863943397999,
    "cen_accuracy": 0.5425
  },
  "52": {
    "cen_loss": 1.7727166300415993,
    "cen_accuracy": 0.555375
  },
  "53": {
    "cen_loss": 1.8621336566209794,
    "cen_accuracy": 0.53675
  },
  "54": {
    "cen_loss": 1.8621617304980755,
    "cen_accuracy": 0.518875
  },
  "55": {
    "cen_loss": 1.7560955058336258,
    "cen_accuracy": 0.57325
  },
  "56": {
    "cen_loss": 1.6897512043714524,
    "cen_accuracy": 0.544
  },
  "57": {
    "cen_loss": 1.5452182131409644,
    "cen_accuracy": 0.56425
  },
  "58": {
    "cen_loss": 1.6148367138504982,
    "cen_accuracy": 0.541875
  },
  "59": {
    "cen_loss": 1.8853006701469421,
    "cen_accuracy": 0.50275
  },
  "60": {
    "cen_loss": 1.8886209307909012,
    "cen_accuracy": 0.51475
  },
  "61": {
    "cen_loss": 1.7139437831044197,
    "cen_accuracy": 0.504375
  },
  "62": {
    "cen_loss": 1.7506585580706597,
    "cen_accuracy": 0.54625
  },
  "63": {
    "cen_loss": 1.6745562119483948,
    "cen_accuracy": 0.548
  },
  "64": {
    "cen_loss": 2.3400710047483444,
    "cen_accuracy": 0.462625
  },
  "65": {
    "cen_loss": 1.855071536719799,
    "cen_accuracy": 0.52675
  },
  "66": {
    "cen_loss": 2.0627334110736846,
    "cen_accuracy": 0.51475
  },
  "67": {
    "cen_loss": 1.9856886444091797,
    "cen_accuracy": 0.487125
  },
  "68": {
    "cen_loss": 2.0149880675077436,
    "cen_accuracy": 0.532875
  },
  "69": {
    "cen_loss": 1.4475121600627898,
    "cen_accuracy": 0.562625
  },
  "70": {
    "cen_loss": 1.4235587500333786,
    "cen_accuracy": 0.575125
  },
  "71": {
    "cen_loss": 1.5082733654379845,
    "cen_accuracy": 0.556
  },
  "72": {
    "cen_loss": 1.5199988775849342,
    "cen_accuracy": 0.571875
  },
  "73": {
    "cen_loss": 1.4518133430480957,
    "cen_accuracy": 0.578625
  },
  "74": {
    "cen_loss": 1.494762752532959,
    "cen_accuracy": 0.57725
  },
  "75": {
    "cen_loss": 1.4986827389597892,
    "cen_accuracy": 0.562
  },
  "76": {
    "cen_loss": 1.445788470029831,
    "cen_accuracy": 0.591125
  },
  "77": {
    "cen_loss": 1.3772342205047607,
    "cen_accuracy": 0.6075
  },
  "78": {
    "cen_loss": 1.5190818852186203,
    "cen_accuracy": 0.570625
  },
  "79": {
    "cen_loss": 1.5229713853597642,
    "cen_accuracy": 0.57475
  },
  "80": {
    "cen_loss": 1.6155369501113892,
    "cen_accuracy": 0.569875
  },
  "81": {
    "cen_loss": 1.497255520105362,
    "cen_accuracy": 0.581875
  },
  "82": {
    "cen_loss": 1.4930059987306594,
    "cen_accuracy": 0.584625
  },
  "83": {
    "cen_loss": 1.4941684531569481,
    "cen_accuracy": 0.582
  },
  "84": {
    "cen_loss": 1.5379294055104256,
    "cen_accuracy": 0.577
  },
  "85": {
    "cen_loss": 1.4599115416407584,
    "cen_accuracy": 0.593625
  },
  "86": {
    "cen_loss": 1.3652530933618545,
    "cen_accuracy": 0.619625
  },
  "87": {
    "cen_loss": 1.5727069912552833,
    "cen_accuracy": 0.560125
  },
  "88": {
    "cen_loss": 1.58207722979784,
    "cen_accuracy": 0.559125
  },
  "89": {
    "cen_loss": 1.6246368839144707,
    "cen_accuracy": 0.56125
  },
  "90": {
    "cen_loss": 1.6399464498758316,
    "cen_accuracy": 0.564625
  },
  "91": {
    "cen_loss": 1.571055642068386,
    "cen_accuracy": 0.563875
  },
  "92": {
    "cen_loss": 1.6063335455656051,
    "cen_accuracy": 0.568875
  },
  "93": {
    "cen_loss": 1.4969291528463364,
    "cen_accuracy": 0.570875
  },
  "94": {
    "cen_loss": 1.5747418639659883,
    "cen_accuracy": 0.556125
  },
  "95": {
    "cen_loss": 1.6207624979317188,
    "cen_accuracy": 0.55225
  },
  "96": {
    "cen_loss": 1.4459410369992256,
    "cen_accuracy": 0.589875
  },
  "97": {
    "cen_loss": 1.3919104114770888,
    "cen_accuracy": 0.59025
  },
  "98": {
    "cen_loss": 1.3684491598904134,
    "cen_accuracy": 0.607875
  },
  "99": {
    "cen_loss": 1.6072090384364128,
    "cen_accuracy": 0.5625
  },
  "100": {
    "cen_loss": 1.6974636542797088,
    "cen_accuracy": 0.55025
  },