{
  "0": {
    "cen_loss": 3.629737402912976,
    "cen_accuracy": 0.06961178045515395
  },
  "1": {
    "cen_loss": 3.629737409934674,
    "cen_accuracy": 0.06961178045515395
  },
  "2": {
    "cen_loss": 3.3164602359029556,
    "cen_accuracy": 0.08634538152610442
  },
  "3": {
    "cen_loss": 3.413538853327433,
    "cen_accuracy": 0.07407407407407407
  },
  "4": {
    "cen_loss": 3.986914557253128,
    "cen_accuracy": 0.09437751004016064
  },
  "5": {
    "cen_loss": 3.03768851702791,
    "cen_accuracy": 0.2289156626506024
  },
  "6": {
    "cen_loss": 3.4137462458936088,
    "cen_accuracy": 0.1035252119589469
  },
  "7": {
    "cen_loss": 3.4735871728431533,
    "cen_accuracy": 0.15417224453369033
  },
  "8": {
    "cen_loss": 3.002285681362399,
    "cen_accuracy": 0.2929495760821062
  },
  "9": {
    "cen_loss": 3.014221961665292,
    "cen_accuracy": 0.2878179384203481
  },
  "10": {
    "cen_loss": 3.013889562493188,
    "cen_accuracy": 0.2880410531012941
  },
  "11": {
    "cen_loss": 2.9374647296363356,
    "cen_accuracy": 0.35586791610887997
  },
  "12": {
    "cen_loss": 2.897024272595703,
    "cen_accuracy": 0.28313253012048195
  },
  "13": {
    "cen_loss": 2.9519079015596486,
    "cen_accuracy": 0.33355644801427936
  },
  "14": {
    "cen_loss": 2.920730492516534,
    "cen_accuracy": 0.3848728246318608
  },
  "15": {
    "cen_loss": 2.7620688144089334,
    "cen_accuracy": 0.38331102186523874
  },
  "16": {
    "cen_loss": 2.871722447558313,
    "cen_accuracy": 0.3676929941990183
  },
  "17": {
    "cen_loss": 2.951474495946909,
    "cen_accuracy": 0.3777331548415886
  },
  "18": {
    "cen_loss": 2.7126251217085886,
    "cen_accuracy": 0.392904953145917
  },
  "19": {
    "cen_loss": 2.7636232632497015,
    "cen_accuracy": 0.3850959393128068
  },
  "20": {
    "cen_loss": 2.7636232908045484,
    "cen_accuracy": 0.3850959393128068
  },
  "21": {
    "cen_loss": 2.5187386200729622,
    "cen_accuracy": 0.44399821508255244
  },
  "22": {
    "cen_loss": 2.7372223921303025,
    "cen_accuracy": 0.4036144578313253
  },
  "23": {
    "cen_loss": 2.571940433681144,
    "cen_accuracy": 0.4424364123159304
  },
  "24": {
    "cen_loss": 2.502993999275976,
    "cen_accuracy": 0.43105756358768405
  },
  "25": {
    "cen_loss": 2.837979398631241,
    "cen_accuracy": 0.39245872378402497
  },
  "26": {
    "cen_loss": 2.855067652072932,
    "cen_accuracy": 0.4091923248549755
  },
  "27": {
    "cen_loss": 2.9852197899024757,
    "cen_accuracy": 0.39848282016956715
  },
  "28": {
    "cen_loss": 2.485915574257207,
    "cen_accuracy": 0.4078536367692994
  },
  "29": {
    "cen_loss": 2.7152563215951098,
    "cen_accuracy": 0.38755020080321284
  },
  "30": {
    "cen_loss": 2.7152563441496564,
    "cen_accuracy": 0.38755020080321284
  },
  "31": {
    "cen_loss": 2.346055364885377,
    "cen_accuracy": 0.46720214190093706
  },
  "32": {
    "cen_loss": 2.526663908517983,
    "cen_accuracy": 0.4352967425256582
  },
  "33": {
    "cen_loss": 2.65790868475734,
    "cen_accuracy": 0.465640339134315
  },
  "34": {
    "cen_loss": 2.3387414745218464,
    "cen_accuracy": 0.5131637661758144
  },
  "35": {
    "cen_loss": 2.7029808778839417,
    "cen_accuracy": 0.4395359214636323
  },
  "36": {
    "cen_loss": 2.4221815670283977,
    "cen_accuracy": 0.48348951360999554
  },
  "37": {
    "cen_loss": 2.533878966225066,
    "cen_accuracy": 0.48058902275769744
  },
  "38": {
    "cen_loss": 2.3865603081406572,
    "cen_accuracy": 0.4796965640339134
  },
  "39": {
    "cen_loss": 2.18813801247964,
    "cen_accuracy": 0.5437304774654173
  },
  "40": {
    "cen_loss": 2.188137984047081,
    "cen_accuracy": 0.5437304774654173
  },
  "41": {
    "cen_loss": 2.6694980766083956,
    "cen_accuracy": 0.464078536367693
  },
  "42": {
    "cen_loss": 2.6249747001821575,
    "cen_accuracy": 0.4674252565818831
  },
  "43": {
    "cen_loss": 2.315913380256246,
    "cen_accuracy": 0.49040606871932174
  },
  "44": {
    "cen_loss": 2.1652134806383194,
    "cen_accuracy": 0.5312360553324409
  },
  "45": {
    "cen_loss": 2.2243468360356164,
    "cen_accuracy": 0.5290049085229808
  },
  "46": {
    "cen_loss": 2.2472958672211565,
    "cen_accuracy": 0.5111557340473003
  },
  "47": {
    "cen_loss": 2.241562025401274,
    "cen_accuracy": 0.4930834448906738
  },
  "48": {
    "cen_loss": 2.368055670402881,
    "cen_accuracy": 0.45515394912985274
  },
  "49": {
    "cen_loss": 2.142969968328514,
    "cen_accuracy": 0.5265506470325747
  },
  "50": {
    "cen_loss": 2.142969938752269,
    "cen_accuracy": 0.5265506470325747
  },
  "51": {
    "cen_loss": 2.4229613431911816,
    "cen_accuracy": 0.47925033467202144
  },
  "52": {
    "cen_loss": 2.5470785390367894,
    "cen_accuracy": 0.48460508701472554
  },
  "53": {
    "cen_loss": 2.4809908758365165,
    "cen_accuracy": 0.47947344935296743
  },
  "54": {
    "cen_loss": 2.2320534994111747,
    "cen_accuracy": 0.4979919678714859
  },
  "55": {
    "cen_loss": 2.240404477879066,
    "cen_accuracy": 0.5153949129852744
  },
  "56": {
    "cen_loss": 2.5999313483579067,
    "cen_accuracy": 0.47211066488174924
  },
  "57": {
    "cen_loss": 2.4180674550789694,
    "cen_accuracy": 0.5120481927710844
  },
  "58": {
    "cen_loss": 2.337397875290053,
    "cen_accuracy": 0.5
  },
  "59": {
    "cen_loss": 2.593866572960952,
    "cen_accuracy": 0.47612672913877735
  },
  "60": {
    "cen_loss": 2.593866541469698,
    "cen_accuracy": 0.47612672913877735
  },
  "61": {
    "cen_loss": 2.319738270501269,
    "cen_accuracy": 0.5131637661758144
  },
  "62": {
    "cen_loss": 2.217716533157082,
    "cen_accuracy": 0.5412762159750112
  },
  "63": {
    "cen_loss": 2.5420424344549217,
    "cen_accuracy": 0.46229361892012494
  },
  "64": {
    "cen_loss": 2.4122798207720066,
    "cen_accuracy": 0.465417224453369
  },
  "65": {
    "cen_loss": 2.200811706553182,
    "cen_accuracy": 0.5180722891566265
  },
  "66": {
    "cen_loss": 2.3208670783181216,
    "cen_accuracy": 0.49888442659527
  },
  "67": {
    "cen_loss": 2.2589016270818374,
    "cen_accuracy": 0.5008924587237841
  },
  "68": {
    "cen_loss": 2.3298850790404253,
    "cen_accuracy": 0.5236501561802767
  },
  "69": {
    "cen_loss": 2.1743521135016137,
    "cen_accuracy": 0.5292280232039268
  },
  "70": {
    "cen_loss": 2.1743521588234858,
    "cen_accuracy": 0.5292280232039268
  },
  "71": {
    "cen_loss": 2.34572752895285,
    "cen_accuracy": 0.5124944221329764
  },
  "72": {
    "cen_loss": 2.369152702108551,
    "cen_accuracy": 0.5258813029897367
  },
  "73": {
    "cen_loss": 2.2604740130707177,
    "cen_accuracy": 0.5238732708612227
  },
  "74": {
    "cen_loss": 2.1426591208966808,
    "cen_accuracy": 0.5269968763944668
  },
  "75": {
    "cen_loss": 2.2470244764483756,
    "cen_accuracy": 0.5158411423471665
  },
  "76": {
    "cen_loss": 1.995360037941105,
    "cen_accuracy": 0.5642570281124498
  },
  "77": {
    "cen_loss": 2.179321303105897,
    "cen_accuracy": 0.5069165551093262
  },
  "78": {
    "cen_loss": 2.210953949631883,
    "cen_accuracy": 0.49754573850959394
  },
  "79": {
    "cen_loss": 2.3174583522311174,
    "cen_accuracy": 0.48639000446229363
  },
  "80": {
    "cen_loss": 2.3174583798059127,
    "cen_accuracy": 0.48639000446229363
  },
  "81": {
    "cen_loss": 2.1988884603163323,
    "cen_accuracy": 0.5160642570281124
  },
  "82": {
    "cen_loss": 2.3412184987270384,
    "cen_accuracy": 0.5156180276662204
  },
  "83": {
    "cen_loss": 2.611736043090801,
    "cen_accuracy": 0.4736724676483713
  },
  "84": {
    "cen_loss": 2.2491169463093397,
    "cen_accuracy": 0.5220883534136547
  },
  "85": {
    "cen_loss": 2.2707318085237893,
    "cen_accuracy": 0.5281124497991968
  },
  "86": {
    "cen_loss": 2.12334761728351,
    "cen_accuracy": 0.5410531012940651
  },
  "87": {
    "cen_loss": 1.9701582947143323,
    "cen_accuracy": 0.5580098170459616
  },
  "88": {
    "cen_loss": 2.1072963403171325,
    "cen_accuracy": 0.5243195002231147
  },