{
  "0": {
    "cen_loss": 4.373662099831569,
    "cen_accuracy": 0.1197601587848679
  },
  "1": {
    "cen_loss": 4.373662099831569,
    "cen_accuracy": 0.1197601587848679
  },
  "2": {
    "cen_loss": 2.9336778378387174,
    "cen_accuracy": 0.22159759445679172
  },
  "3": {
    "cen_loss": 2.5359691924142296,
    "cen_accuracy": 0.2979046577686923
  },
  "4": {
    "cen_loss": 2.3885856969564045,
    "cen_accuracy": 0.3351893889872711
  },
  "5": {
    "cen_loss": 2.236000284797931,
    "cen_accuracy": 0.3763225139352738
  },
  "6": {
    "cen_loss": 2.1117016263066435,
    "cen_accuracy": 0.40158666016948147
  },
  "7": {
    "cen_loss": 2.041297592514501,
    "cen_accuracy": 0.4214882515836889
  },
  "8": {
    "cen_loss": 1.9583337570211807,
    "cen_accuracy": 0.43958330857271893
  },
  "9": {
    "cen_loss": 1.895109785194072,
    "cen_accuracy": 0.4551397092905787
  },
  "10": {
    "cen_loss": 1.8950900317377521,
    "cen_accuracy": 0.45514802885701044
  },
  "11": {
    "cen_loss": 1.8593224735213765,
    "cen_accuracy": 0.46346759528874837
  },
  "12": {
    "cen_loss": 1.8464166063404879,
    "cen_accuracy": 0.46862334945744544
  },
  "13": {
    "cen_loss": 1.8064083474432664,
    "cen_accuracy": 0.4781492530217854
  },
  "14": {
    "cen_loss": 1.7784734937711961,
    "cen_accuracy": 0.48529219505817756
  },
  "15": {
    "cen_loss": 1.749470638860166,
    "cen_accuracy": 0.4948620734736567
  },
  "16": {
    "cen_loss": 1.7312344705827987,
    "cen_accuracy": 0.4998193465574823
  },
  "17": {
    "cen_loss": 1.7150001171400615,
    "cen_accuracy": 0.5035191766006252
  },
  "18": {
    "cen_loss": 1.7079517522181986,
    "cen_accuracy": 0.5061041847419152
  },
  "19": {
    "cen_loss": 1.6932268898235947,
    "cen_accuracy": 0.5107156015640785
  },
  "20": {
    "cen_loss": 1.6932266295041924,
    "cen_accuracy": 0.5107156015640785
  },
  "21": {
    "cen_loss": 1.7175492691760506,
    "cen_accuracy": 0.5060958651754834
  },
  "22": {
    "cen_loss": 1.7192024396412537,
    "cen_accuracy": 0.5073533082161661
  },
  "23": {
    "cen_loss": 1.7036889423635635,
    "cen_accuracy": 0.5123830803788968
  },
  "24": {
    "cen_loss": 1.6993175549481583,
    "cen_accuracy": 0.514509323856951
  },
  "25": {
    "cen_loss": 1.6873835630689125,
    "cen_accuracy": 0.5175542851709671
  },
  "26": {
    "cen_loss": 1.6909029123779966,
    "cen_accuracy": 0.5186607875063882
  },
  "27": {
    "cen_loss": 1.6936675063784985,
    "cen_accuracy": 0.5182459976942916
  },
  "28": {
    "cen_loss": 1.678866309481156,
    "cen_accuracy": 0.5218780826964904
  },
  "29": {
    "cen_loss": 1.6627903630980894,
    "cen_accuracy": 0.5241588324082768
  },
  "30": {
    "cen_loss": 1.662790147367515,
    "cen_accuracy": 0.5241517013513353
  },
  "31": {
    "cen_loss": 1.67381867674337,
    "cen_accuracy": 0.523896171810932
  },
  "32": {
    "cen_loss": 1.72801796817223,
    "cen_accuracy": 0.5118411200513436
  },
  "33": {
    "cen_loss": 1.7704941418908267,
    "cen_accuracy": 0.5041478981209665
  },
  "34": {
    "cen_loss": 1.8152970826334385,
    "cen_accuracy": 0.49856309202628984
  },
  "35": {
    "cen_loss": 1.7648335461056082,
    "cen_accuracy": 0.5059389819227706
  },
  "36": {
    "cen_loss": 1.7141993108838094,
    "cen_accuracy": 0.5157917255969289
  },
  "37": {
    "cen_loss": 1.7226490538410348,
    "cen_accuracy": 0.5159557399065832
  },
  "38": {
    "cen_loss": 1.8455367452674187,
    "cen_accuracy": 0.4968445073033908
  },
  "39": {
    "cen_loss": 1.8009596883004553,
    "cen_accuracy": 0.5042548639750889
  },
  "40": {
    "cen_loss": 1.8009593864930638,
    "cen_accuracy": 0.5042524869561084
  },
  "41": {
    "cen_loss": 1.8196374805711564,
    "cen_accuracy": 0.4994021797264051
  },
  "42": {
    "cen_loss": 1.7854217392010459,
    "cen_accuracy": 0.5072249491912193
  },
  "43": {
    "cen_loss": 1.7576583590967858,
    "cen_accuracy": 0.5071465075648629
  },
  "44": {
    "cen_loss": 1.796729117127314,
    "cen_accuracy": 0.5021214894400932
  },
  "45": {
    "cen_loss": 1.7739512185486863,
    "cen_accuracy": 0.5071132292991359
  },
  "46": {
    "cen_loss": 1.7605542889966248,
    "cen_accuracy": 0.510526628555129
  },
  "47": {
    "cen_loss": 1.739452355400389,
    "cen_accuracy": 0.5180653442517739
  },
  "48": {
    "cen_loss": 1.7015940814794153,
    "cen_accuracy": 0.5226660644885249
  },
  "49": {
    "cen_loss": 1.6574267989963845,
    "cen_accuracy": 0.5292741772543054
  },
  "50": {
    "cen_loss": 1.6574265040064171,
    "cen_accuracy": 0.5292801198017566
  },
  "51": {
    "cen_loss": 1.6992170488150484,
    "cen_accuracy": 0.5215595621531038
  },
  "52": {
    "cen_loss": 1.7316873199345602,
    "cen_accuracy": 0.5160329930234493
  },
  "53": {
    "cen_loss": 1.7068961117540458,
    "cen_accuracy": 0.521929188604571
  },
  "54": {
    "cen_loss": 1.6460474437617665,
    "cen_accuracy": 0.5299777748725324
  },
  "55": {
    "cen_loss": 1.675510186909833,
    "cen_accuracy": 0.5280999298779401
  },
  "56": {
    "cen_loss": 1.811133634506417,
    "cen_accuracy": 0.5133968789740786
  },
  "57": {
    "cen_loss": 1.7810437588923558,
    "cen_accuracy": 0.5147494027739812
  },
  "58": {
    "cen_loss": 1.704874598103084,
    "cen_accuracy": 0.526596465372776
  },
  "59": {
    "cen_loss": 1.6354222304165964,
    "cen_accuracy": 0.5349433675227897
  },
  "60": {
    "cen_loss": 1.6354221622800411,
    "cen_accuracy": 0.5349528755987116
  },
  "61": {
    "cen_loss": 1.6454214891335377,
    "cen_accuracy": 0.5350800461141683
  },
  "62": {
    "cen_loss": 1.6737394700378885,
    "cen_accuracy": 0.5308287476675502
  },
  "63": {
    "cen_loss": 1.6974193591691487,
    "cen_accuracy": 0.5275627235883479
  },
  "64": {
    "cen_loss": 1.7755307577854937,
    "cen_accuracy": 0.5097469663295261
  },
  "65": {
    "cen_loss": 1.7268432647430805,
    "cen_accuracy": 0.5185799688610514
  },
  "66": {
    "cen_loss": 1.80761732823154,
    "cen_accuracy": 0.5043820344905454
  },
  "67": {
    "cen_loss": 1.8222918935951509,
    "cen_accuracy": 0.5064536065320482
  },
  "68": {
    "cen_loss": 1.7443415834187972,
    "cen_accuracy": 0.5162397936747525
  },
  "69": {
    "cen_loss": 1.7182921666449757,
    "cen_accuracy": 0.5242693637908699
  },
  "70": {
    "cen_loss": 1.7182926841781245,
    "cen_accuracy": 0.5242634212434186
  },
  "71": {
    "cen_loss": 1.7166667673565952,
    "cen_accuracy": 0.5252772198386004
  },
  "72": {
    "cen_loss": 1.7362500233310116,
    "cen_accuracy": 0.5186489024114858
  },
  "73": {
    "cen_loss": 1.718792396316351,
    "cen_accuracy": 0.5212707543469735
  },
  "74": {
    "cen_loss": 1.735320815517915,
    "cen_accuracy": 0.515203413399256
  },
  "75": {
    "cen_loss": 1.7923677094207489,
    "cen_accuracy": 0.5071631466977263
  },
  "76": {
    "cen_loss": 1.7888455845939901,
    "cen_accuracy": 0.5096340579279526
  },
  "77": {
    "cen_loss": 1.730831709030947,
    "cen_accuracy": 0.517797929616468
  },
  "78": {
    "cen_loss": 1.8010230550430035,
    "cen_accuracy": 0.5111018671484092
  },
  "79": {
    "cen_loss": 1.7683055658836,
    "cen_accuracy": 0.5166605260343003
  },
  "80": {
    "cen_loss": 1.7683059754289072,
    "cen_accuracy": 0.5166795421861443
  },
  "81": {
    "cen_loss": 1.7185148070053193,
    "cen_accuracy": 0.5238997373394026
  },
  "82": {
    "cen_loss": 1.6486605000374914,
    "cen_accuracy": 0.5296426151962823
  },
  "83": {
    "cen_loss": 1.658632913777925,
    "cen_accuracy": 0.5296960981233435
  },
  "84": {
    "cen_loss": 1.6385485441717111,
    "cen_accuracy": 0.5354116402619475
  },
  "85": {
    "cen_loss": 1.6195340939306502,
    "cen_accuracy": 0.5403772329122049
  },
  "86": {
    "cen_loss": 1.5961649676372027,
    "cen_accuracy": 0.5450480752088805
  },
  "87": {
    "cen_loss": 1.589534153566975,
    "cen_accuracy": 0.546610965188557
  },
  "88": {
    "cen_loss": 1.5908776065658574,
    "cen_accuracy": 0.5473430870345499
  },