{
  "0": {
    "cen_loss": 2.304660168170929,
    "cen_accuracy": 0.0995
  },
  "1": {
    "cen_loss": 2.304660168170929,
    "cen_accuracy": 0.0995
  },
  "2": {
    "cen_loss": 2.3445816321372988,
    "cen_accuracy": 0.134
  },
  "3": {
    "cen_loss": 2.4886226453781126,
    "cen_accuracy": 0.15775
  }
}