{
  "0": {
    "cen_loss": 2.302711468219757,
    "cen_accuracy": 0.099125
  },
  "1": {
    "cen_loss": 2.302711468219757,
    "cen_accuracy": 0.099125
  },
  "2": {
    "cen_loss": 2.5397565932273864,
    "cen_accuracy": 0.0995
  },
  "3": {
    "cen_loss": 3.2835248064994813,
    "cen_accuracy": 0.10075
  },
  "4": {
    "cen_loss": 4.236469749450683,
    "cen_accuracy": 0.098875
  },
  "5": {
    "cen_loss": 3.1220036177635193,
    "cen_accuracy": 0.1005
  },
  "6": {
    "cen_loss": 2.9652935929298403,
    "cen_accuracy": 0.125125
  },
  "7": {
    "cen_loss": 3.046500118255615,
    "cen_accuracy": 0.09975
  },
  "8": {
    "cen_loss": 3.3778392038345335,
    "cen_accuracy": 0.105125
  },
  "9": {
    "cen_loss": 2.5386772379875184,
    "cen_accuracy": 0.16625
  },
  "10": {
    "cen_loss": 4.114680419683457,
    "cen_accuracy": 0.1735
  },
  "11": {
    "cen_loss": 3.086406464934349,
    "cen_accuracy": 0.312125
  },
  "12": {
    "cen_loss": 3.1594843199253084,
    "cen_accuracy": 0.251375
  },
  "13": {
    "cen_loss": 3.3863082728385927,
    "cen_accuracy": 0.247625
  },
  "14": {
    "cen_loss": 3.1493144454956057,
    "cen_accuracy": 0.2495
  },
  "15": {
    "cen_loss": 2.9257702717781067,
    "cen_accuracy": 0.2565
  },
  "16": {
    "cen_loss": 2.1948570096492768,
    "cen_accuracy": 0.31975
  },
  "17": {
    "cen_loss": 2.470593886613846,
    "cen_accuracy": 0.27625
  },
  "18": {
    "cen_loss": 3.61838530087471,
    "cen_accuracy": 0.3275
  },
  "19": {
    "cen_loss": 2.451249035358429,
    "cen_accuracy": 0.321
  },
  "20": {
    "cen_loss": 2.4475289219617844,
    "cen_accuracy": 0.337
  },
  "21": {
    "cen_loss": 2.0761146548986433,
    "cen_accuracy": 0.43225
  },
  "22": {
    "cen_loss": 1.9839346352815628,
    "cen_accuracy": 0.398625
  },
  "23": {
    "cen_loss": 2.10650093460083,
    "cen_accuracy": 0.3915
  },
  "24": {
    "cen_loss": 1.7842824268341064,
    "cen_accuracy": 0.427
  },
  "25": {
    "cen_loss": 1.8643304455280303,
    "cen_accuracy": 0.4545
  },
  "26": {
    "cen_loss": 2.3973937529325484,
    "cen_accuracy": 0.38325
  },
  "27": {
    "cen_loss": 2.6005018422603605,
    "cen_accuracy": 0.37775
  },
  "28": {
    "cen_loss": 2.4877330424785615,
    "cen_accuracy": 0.3905
  },
  "29": {
    "cen_loss": 1.3257199147939682,
    "cen_accuracy": 0.50325
  },
  "30": {
    "cen_loss": 1.3046888501644134,
    "cen_accuracy": 0.513375
  },
  "31": {
    "cen_loss": 2.0059906107187273,
    "cen_accuracy": 0.398125
  },
  "32": {
    "cen_loss": 1.7419366120100022,
    "cen_accuracy": 0.398625
  },
  "33": {
    "cen_loss": 2.4925294988155366,
    "cen_accuracy": 0.316125
  },
  "34": {
    "cen_loss": 1.832499368071556,
    "cen_accuracy": 0.395625
  },
  "35": {
    "cen_loss": 1.3557573149204254,
    "cen_accuracy": 0.539375
  },
  "36": {
    "cen_loss": 1.7080287076234817,
    "cen_accuracy": 0.465625
  },
  "37": {
    "cen_loss": 1.9235160282850265,
    "cen_accuracy": 0.479875
  },
  "38": {
    "cen_loss": 2.3713405287265776,
    "cen_accuracy": 0.353625
  },
  "39": {
    "cen_loss": 2.3519382300376894,
    "cen_accuracy": 0.435125
  },
  "40": {
    "cen_loss": 2.7601375595331192,
    "cen_accuracy": 0.418125
  },
  "41": {
    "cen_loss": 1.4254675509929657,
    "cen_accuracy": 0.474
  },
  "42": {
    "cen_loss": 2.417506747841835,
    "cen_accuracy": 0.431125
  },
  "43": {
    "cen_loss": 2.7749065973758698,
    "cen_accuracy": 0.356625
  },
  "44": {
    "cen_loss": 1.9979702224731446,
    "cen_accuracy": 0.42925
  },
  "45": {
    "cen_loss": 1.1660316305160523,
    "cen_accuracy": 0.5775
  },
  "46": {
    "cen_loss": 1.433499199271202,
    "cen_accuracy": 0.552
  },
  "47": {
    "cen_loss": 2.226083238363266,
    "cen_accuracy": 0.43
  },
  "48": {
    "cen_loss": 1.818636287689209,
    "cen_accuracy": 0.4255
  },
  "49": {
    "cen_loss": 1.7984834458827972,
    "cen_accuracy": 0.447375
  },
  "50": {
    "cen_loss": 2.7211373076438905,
    "cen_accuracy": 0.333
  },
  "51": {
    "cen_loss": 1.8153847141265869,
    "cen_accuracy": 0.415375
  },
  "52": {
    "cen_loss": 1.7722474145889282,
    "cen_accuracy": 0.483875
  },
  "53": {
    "cen_loss": 1.1414677525758743,
    "cen_accuracy": 0.5905
  },
  "54": {
    "cen_loss": 1.163358845949173,
    "cen_accuracy": 0.635625
  },
  "55": {
    "cen_loss": 3.1294600377082826,
    "cen_accuracy": 0.3235
  },
  "56": {
    "cen_loss": 1.1735031042099,
    "cen_accuracy": 0.58725
  },
  "57": {
    "cen_loss": 1.3493757628202439,
    "cen_accuracy": 0.515875
  },
  "58": {
    "cen_loss": 2.3031292476654053,
    "cen_accuracy": 0.378375
  },
  "59": {
    "cen_loss": 1.2794348635673523,
    "cen_accuracy": 0.586875
  },
  "60": {
    "cen_loss": 1.860040088534355,
    "cen_accuracy": 0.493
  },
  "61": {
    "cen_loss": 1.7781979730129243,
    "cen_accuracy": 0.493
  },
  "62": {
    "cen_loss": 1.906072488307953,
    "cen_accuracy": 0.4815
  },
  "63": {
    "cen_loss": 1.9509573884010314,
    "cen_accuracy": 0.46525
  },
  "64": {
    "cen_loss": 1.3329695892333984,
    "cen_accuracy": 0.600625
  },
  "65": {
    "cen_loss": 1.4905928171873093,
    "cen_accuracy": 0.583875
  },
  "66": {
    "cen_loss": 1.6014779842495919,
    "cen_accuracy": 0.558375
  },
  "67": {
    "cen_loss": 0.9933306053876877,
    "cen_accuracy": 0.65275
  },
  "68": {
    "cen_loss": 1.3797805684804916,
    "cen_accuracy": 0.596375
  },
  "69": {
    "cen_loss": 1.308706897675991,
    "cen_accuracy": 0.57825
  },
  "70": {
    "cen_loss": 1.7518040556907655,
    "cen_accuracy": 0.5165
  },
  "71": {
    "cen_loss": 1.14341349953413,
    "cen_accuracy": 0.6195
  },
  "72": {
    "cen_loss": 1.4306650494933129,
    "cen_accuracy": 0.4975
  },
  "73": {
    "cen_loss": 1.1418584676980972,
    "cen_accuracy": 0.6115
  },
  "74": {
    "cen_loss": 1.3790395857691764,
    "cen_accuracy": 0.575625
  },
  "75": {
    "cen_loss": 1.8026432256698608,
    "cen_accuracy": 0.551
  },
  "76": {
    "cen_loss": 1.156223219037056,
    "cen_accuracy": 0.614625
  },
  "77": {
    "cen_loss": 1.1151722586154937,
    "cen_accuracy": 0.625375
  },
  "78": {
    "cen_loss": 1.068380181312561,
    "cen_accuracy": 0.64625
  },
  "79": {
    "cen_loss": 1.3054496199488639,
    "cen_accuracy": 0.604125
  },
  "80": {
    "cen_loss": 1.4058847305476665,
    "cen_accuracy": 0.594875
  },
  "81": {
    "cen_loss": 1.8786026818752288,
    "cen_accuracy": 0.458625
  },
  "82": {
    "cen_loss": 1.123338720023632,
    "cen_accuracy": 0.608625
  },
  "83": {
    "cen_loss": 1.2152174342870712,
    "cen_accuracy": 0.592625
  },
  "84": {
    "cen_loss": 1.3151000199317933,
    "cen_accuracy": 0.598875
  },
  "85": {
    "cen_loss": 1.1195211523771287,
    "cen_accuracy": 0.626125
  },
  "86": {
    "cen_loss": 1.1965139748454094,
    "cen_accuracy": 0.61725
  },
  "87": {
    "cen_loss": 1.0290490943193435,
    "cen_accuracy": 0.635125
  },
  "88": {
    "cen_loss": 1.0742435819208622,
    "cen_accuracy": 0.642875
  },
  "89": {
    "cen_loss": 1.260972424685955,
    "cen_accuracy": 0.578125
  },
  "90": {
    "cen_loss": 1.8388748235702514,
    "cen_accuracy": 0.496
  },
  "91": {
    "cen_loss": 1.133697457432747,
    "cen_accuracy": 0.6285
  },
  "92": {
    "cen_loss": 0.9516064577698707,
    "cen_accuracy": 0.685625
  },
  "93": {
    "cen_loss": 0.8396916160583496,
    "cen_accuracy": 0.712
  },
  "94": {
    "cen_loss": 1.0002850461006165,
    "cen_accuracy": 0.662375
  },
  "95": {
    "cen_loss": 1.1908634409606458,
    "cen_accuracy": 0.637125
  },
  "96": {
    "cen_loss": 1.4479054664969444,
    "cen_accuracy": 0.583625
  },
  "97": {
    "cen_loss": 1.203876060128212,
    "cen_accuracy": 0.619
  },
  "98": {
    "cen_loss": 1.5348125722408295,
    "cen_accuracy": 0.54525
  },
  "99": {
    "cen_loss": 1.4663464034795761,
    "cen_accuracy": 0.559625
  },
  "100": {
    "cen_loss": 1.8939637605547905,
    "cen_accuracy": 0.512875
  },
  "101": {
    "cen_loss": 1.5861849897503852,