{
  "0": {
    "cen_loss": 2.3027670545578003,
    "cen_accuracy": 0.0985
  },
  "1": {
    "cen_loss": 2.3027670545578003,
    "cen_accuracy": 0.0985
  },
  "2": {
    "cen_loss": 3.3138741068840027,
    "cen_accuracy": 0.099875
  },
  "3": {
    "cen_loss": 3.6257700986862185,
    "cen_accuracy": 0.157875
  },
  "4": {
    "cen_loss": 2.936540011882782,
    "cen_accuracy": 0.159
  },
  "5": {
    "cen_loss": 2.776029453754425,
    "cen_accuracy": 0.261625
  },
  "6": {
    "cen_loss": 2.5247728333473205,
    "cen_accuracy": 0.209625
  },
  "7": {
    "cen_loss": 3.783367061138153,
    "cen_accuracy": 0.285625
  },
  "8": {
    "cen_loss": 3.339531310558319,
    "cen_accuracy": 0.28125
  },
  "9": {
    "cen_loss": 2.754240073442459,
    "cen_accuracy": 0.248625
  },
  "10": {
    "cen_loss": 2.881028718948364,
    "cen_accuracy": 0.258375
  },
  "11": {
    "cen_loss": 2.441988681077957,
    "cen_accuracy": 0.264875
  },
  "12": {
    "cen_loss": 3.5803581042289734,
    "cen_accuracy": 0.289625
  },
  "13": {
    "cen_loss": 2.69275488114357,
    "cen_accuracy": 0.292375
  },
  "14": {
    "cen_loss": 3.826705338001251,
    "cen_accuracy": 0.22725
  },
  "15": {
    "cen_loss": 3.3282149970531463,
    "cen_accuracy": 0.297375
  },
  "16": {
    "cen_loss": 2.491080146074295,
    "cen_accuracy": 0.340375
  },
  "17": {
    "cen_loss": 3.4991712217330933,
    "cen_accuracy": 0.30875
  },
  "18": {
    "cen_loss": 2.4037837624549865,
    "cen_accuracy": 0.3575
  },
  "19": {
    "cen_loss": 2.5755616004467012,
    "cen_accuracy": 0.315
  },
  "20": {
    "cen_loss": 3.0250040853023528,
    "cen_accuracy": 0.3155
  },
  "21": {
    "cen_loss": 3.050409013748169,
    "cen_accuracy": 0.27125
  },
  "22": {
    "cen_loss": 2.2806656103134157,
    "cen_accuracy": 0.33675
  },
  "23": {
    "cen_loss": 1.870532701730728,
    "cen_accuracy": 0.388375
  },
  "24": {
    "cen_loss": 2.311205878734589,
    "cen_accuracy": 0.367
  },
  "25": {
    "cen_loss": 1.9453358772993088,
    "cen_accuracy": 0.407875
  },
  "26": {
    "cen_loss": 2.417225171327591,
    "cen_accuracy": 0.36375
  },
  "27": {
    "cen_loss": 2.7348854122161863,
    "cen_accuracy": 0.330375
  },
  "28": {
    "cen_loss": 3.2120562982559204,
    "cen_accuracy": 0.28925
  },
  "29": {
    "cen_loss": 2.167956864118576,
    "cen_accuracy": 0.431375
  },
  "30": {
    "cen_loss": 2.3931703774929045,
    "cen_accuracy": 0.432875
  },
  "31": {
    "cen_loss": 2.1073974528312682,
    "cen_accuracy": 0.404
  },
  "32": {
    "cen_loss": 2.3470454947948456,
    "cen_accuracy": 0.380375
  },
  "33": {
    "cen_loss": 2.9876196151971817,
    "cen_accuracy": 0.33
  },
  "34": {
    "cen_loss": 1.7958393535614015,
    "cen_accuracy": 0.417375
  },
  "35": {
    "cen_loss": 2.018023454904556,
    "cen_accuracy": 0.438375
  },
  "36": {
    "cen_loss": 1.9681975475549698,
    "cen_accuracy": 0.460125
  },
  "37": {
    "cen_loss": 2.568654552936554,
    "cen_accuracy": 0.343
  },
  "38": {
    "cen_loss": 2.3410268865823745,
    "cen_accuracy": 0.416625
  },
  "39": {
    "cen_loss": 1.4440230246782302,
    "cen_accuracy": 0.538375
  },
  "40": {
    "cen_loss": 1.678340846657753,
    "cen_accuracy": 0.539875
  },
  "41": {
    "cen_loss": 2.428882202863693,
    "cen_accuracy": 0.36375
  },
  "42": {
    "cen_loss": 2.3135490435361863,
    "cen_accuracy": 0.417625
  },
  "43": {
    "cen_loss": 1.844999216556549,
    "cen_accuracy": 0.464625
  },
  "44": {
    "cen_loss": 2.899286560535431,
    "cen_accuracy": 0.330875
  },
  "45": {
    "cen_loss": 1.980392025232315,
    "cen_accuracy": 0.456
  },
  "46": {
    "cen_loss": 2.160140522360802,
    "cen_accuracy": 0.439625
  },
  "47": {
    "cen_loss": 2.0091318407058716,
    "cen_accuracy": 0.41875
  },
  "48": {
    "cen_loss": 1.7836876853704453,
    "cen_accuracy": 0.50175
  },
  "49": {
    "cen_loss": 1.516305365562439,
    "cen_accuracy": 0.522
  },
  "50": {
    "cen_loss": 2.2016941640377046,
    "cen_accuracy": 0.463625
  },
  "51": {
    "cen_loss": 2.285573855519295,
    "cen_accuracy": 0.430375
  },
  "52": {
    "cen_loss": 2.856604971408844,
    "cen_accuracy": 0.35225
  },
  "53": {
    "cen_loss": 1.5729047962427138,
    "cen_accuracy": 0.50075
  },
  "54": {
    "cen_loss": 1.9640599018335343,
    "cen_accuracy": 0.47075
  },
  "55": {
    "cen_loss": 2.278556923747063,
    "cen_accuracy": 0.41175
  },
  "56": {
    "cen_loss": 1.634360816001892,
    "cen_accuracy": 0.514125
  },
  "57": {
    "cen_loss": 1.9938627390861512,
    "cen_accuracy": 0.43
  },
  "58": {
    "cen_loss": 1.8036733360290527,
    "cen_accuracy": 0.47125
  },
  "59": {
    "cen_loss": 1.8074283574223518,
    "cen_accuracy": 0.460375
  },
  "60": {
    "cen_loss": 2.681130055189133,
    "cen_accuracy": 0.377875
  },
  "61": {
    "cen_loss": 2.913562817692757,
    "cen_accuracy": 0.395
  },
  "62": {
    "cen_loss": 2.256006102204323,
    "cen_accuracy": 0.40925
  },
  "63": {
    "cen_loss": 1.69063270008564,
    "cen_accuracy": 0.49375
  },
  "64": {
    "cen_loss": 1.829826350092888,
    "cen_accuracy": 0.490625
  },
  "65": {
    "cen_loss": 2.852937544822693,
    "cen_accuracy": 0.3525
  },
  "66": {
    "cen_loss": 1.260875453352928,
    "cen_accuracy": 0.583375
  },
  "67": {
    "cen_loss": 2.819305236577988,
    "cen_accuracy": 0.296
  },
  "68": {
    "cen_loss": 1.4355091786384582,
    "cen_accuracy": 0.499375
  },
  "69": {
    "cen_loss": 1.2542988908290864,
    "cen_accuracy": 0.593
  },
  "70": {
    "cen_loss": 1.5389088711738586,
    "cen_accuracy": 0.555125
  },
  "71": {
    "cen_loss": 2.1628585891723633,
    "cen_accuracy": 0.452125
  },
  "72": {
    "cen_loss": 2.0920250754356386,
    "cen_accuracy": 0.390875
  },
  "73": {
    "cen_loss": 1.5730687389969826,
    "cen_accuracy": 0.529875
  },
  "74": {
    "cen_loss": 2.776813731312752,
    "cen_accuracy": 0.347
  },
  "75": {
    "cen_loss": 1.946127873301506,
    "cen_accuracy": 0.463875
  },
  "76": {
    "cen_loss": 1.4664104713201522,
    "cen_accuracy": 0.539375
  },
  "77": {
    "cen_loss": 1.488738874077797,
    "cen_accuracy": 0.538375
  },
  "78": {
    "cen_loss": 1.3936334581971168,
    "cen_accuracy": 0.549625
  },
  "79": {
    "cen_loss": 2.0559407566785812,
    "cen_accuracy": 0.451375
  },
  "80": {
    "cen_loss": 2.635584519147873,
    "cen_accuracy": 0.421625
  },
  "81": {
    "cen_loss": 2.044262910604477,
    "cen_accuracy": 0.493
  },
  "82": {
    "cen_loss": 2.0884126913547516,
    "cen_accuracy": 0.431375
  },
  "83": {
    "cen_loss": 1.8525154243707658,
    "cen_accuracy": 0.440875
  },
  "84": {
    "cen_loss": 3.4596172633171083,
    "cen_accuracy": 0.332875
  },
  "85": {
    "cen_loss": 2.9490452926158905,
    "cen_accuracy": 0.346375
  },
  "86": {
    "cen_loss": 2.54762572824955,
    "cen_accuracy": 0.414
  },
  "87": {
    "cen_loss": 1.3491866737008096,
    "cen_accuracy": 0.551875
  },
  "88": {
    "cen_loss": 1.4539684619903563,
    "cen_accuracy": 0.54225
  },
  "89": {
    "cen_loss": 1.3996570813059808,
    "cen_accuracy": 0.574
  },
  "90": {
    "cen_loss": 1.478062784075737,
    "cen_accuracy": 0.56725
  },
  "91": {
    "cen_loss": 1.4775816595554352,
    "cen_accuracy": 0.52
  },
  "92": {
    "cen_loss": 1.9519561054706573,
    "cen_accuracy": 0.469125
  },
  "93": {
    "cen_loss": 1.227286799222231,
    "cen_accuracy": 0.601375
  },
  "94": {
    "cen_loss": 2.259999724626541,
    "cen_accuracy": 0.448125
  },
  "95": {
    "cen_loss": 1.4005952128767967,
    "cen_accuracy": 0.527625
  },
  "96": {
    "cen_loss": 1.4595227157473565,
    "cen_accuracy": 0.54925
  },
  "97": {
    "cen_loss": 2.2348894155025483,
    "cen_accuracy": 0.439375
  },
  "98": {
    "cen_loss": 1.687312684416771,
    "cen_accuracy": 0.511125
  },
  "99": {
    "cen_loss": 2.688284178137779,
    "cen_accuracy": 0.359125
  },
  "100": {
    "cen_loss": 2.9054548022747038,
    "cen_accuracy": 0.3385
  },
  "101": {
    "cen_loss": 1.553980569601059,