{
  "0": {
    "cen_loss": 2.302756995201111,
    "cen_accuracy": 0.100375
  },
  "1": {
    "cen_loss": 2.302756995201111,
    "cen_accuracy": 0.100375
  },
  "2": {
    "cen_loss": 3.481783267021179,
    "cen_accuracy": 0.099125
  },
  "3": {
    "cen_loss": 5.201699286460877,
    "cen_accuracy": 0.099125
  },
  "4": {
    "cen_loss": 5.131162788391113,
    "cen_accuracy": 0.099125
  },
  "5": {
    "cen_loss": 5.831706755638122,
    "cen_accuracy": 0.1
  },
  "6": {
    "cen_loss": 4.843783544063568,
    "cen_accuracy": 0.129375
  },
  "7": {
    "cen_loss": 5.161513889789581,
    "cen_accuracy": 0.125125
  },
  "8": {
    "cen_loss": 2.8608858528137207,
    "cen_accuracy": 0.2475
  },
  "9": {
    "cen_loss": 2.285335066318512,
    "cen_accuracy": 0.2975
  },
  "10": {
    "cen_loss": 1.8420817388296127,
    "cen_accuracy": 0.427375
  },
  "11": {
    "cen_loss": 2.174795596718788,
    "cen_accuracy": 0.368
  },
  "12": {
    "cen_loss": 2.0994189558029173,
    "cen_accuracy": 0.402375
  },
  "13": {
    "cen_loss": 1.9539109650850297,
    "cen_accuracy": 0.400125
  },
  "14": {
    "cen_loss": 1.987798858642578,
    "cen_accuracy": 0.436
  },
  "15": {
    "cen_loss": 2.239290598869324,
    "cen_accuracy": 0.411125
  },
  "16": {
    "cen_loss": 2.0287659420967104,
    "cen_accuracy": 0.421
  },
  "17": {
    "cen_loss": 1.587521116375923,
    "cen_accuracy": 0.513125
  },
  "18": {
    "cen_loss": 1.8622156046628953,
    "cen_accuracy": 0.498625
  },
  "19": {
    "cen_loss": 2.038585176229477,
    "cen_accuracy": 0.472125
  },
  "20": {
    "cen_loss": 2.223157967209816,
    "cen_accuracy": 0.45775
  },
  "21": {
    "cen_loss": 1.6011905006170273,
    "cen_accuracy": 0.540375
  },
  "22": {
    "cen_loss": 1.8811111080646514,
    "cen_accuracy": 0.482125
  },
  "23": {
    "cen_loss": 1.858258104801178,
    "cen_accuracy": 0.50325
  },
  "24": {
    "cen_loss": 1.6497874884605408,
    "cen_accuracy": 0.517625
  },
  "25": {
    "cen_loss": 1.6539083436131476,
    "cen_accuracy": 0.534375
  },
  "26": {
    "cen_loss": 1.5409172979593277,
    "cen_accuracy": 0.5615
  },
  "27": {
    "cen_loss": 1.6363126965165138,
    "cen_accuracy": 0.539875
  },
  "28": {
    "cen_loss": 1.6346620648503303,
    "cen_accuracy": 0.54425
  },
  "29": {
    "cen_loss": 1.6056194272637367,
    "cen_accuracy": 0.547125
  },
  "30": {
    "cen_loss": 1.6222454231977463,
    "cen_accuracy": 0.54875
  },
  "31": {
    "cen_loss": 1.518548746407032,
    "cen_accuracy": 0.561625
  },
  "32": {
    "cen_loss": 1.6483092509508133,
    "cen_accuracy": 0.559375
  },
  "33": {
    "cen_loss": 1.3944990109801292,
    "cen_accuracy": 0.5775
  },
  "34": {
    "cen_loss": 1.386374841570854,
    "cen_accuracy": 0.59775
  },
  "35": {
    "cen_loss": 1.476969710290432,
    "cen_accuracy": 0.594
  },
  "36": {
    "cen_loss": 1.4600273592472077,
    "cen_accuracy": 0.59425
  },
  "37": {
    "cen_loss": 1.4882591818571091,
    "cen_accuracy": 0.578125
  },
  "38": {
    "cen_loss": 1.5599320297837258,
    "cen_accuracy": 0.582375
  },
  "39": {
    "cen_loss": 1.669802343606949,
    "cen_accuracy": 0.575
  },
  "40": {
    "cen_loss": 1.788095448434353,
    "cen_accuracy": 0.570875
  },
  "41": {
    "cen_loss": 1.3266779606342316,
    "cen_accuracy": 0.591875
  },
  "42": {
    "cen_loss": 1.5377753289341927,
    "cen_accuracy": 0.580125
  },
  "43": {
    "cen_loss": 1.2952695422768592,
    "cen_accuracy": 0.619
  },
  "44": {
    "cen_loss": 1.776347661972046,
    "cen_accuracy": 0.554375
  },
  "45": {
    "cen_loss": 1.3463229212164878,
    "cen_accuracy": 0.615625
  },
  "46": {
    "cen_loss": 1.3710085767805575,
    "cen_accuracy": 0.60725
  },
  "47": {
    "cen_loss": 1.250032000541687,
    "cen_accuracy": 0.627
  },
  "48": {
    "cen_loss": 1.3972615056335926,
    "cen_accuracy": 0.614125
  },
  "49": {
    "cen_loss": 1.3771481061577797,
    "cen_accuracy": 0.622375
  },
  "50": {
    "cen_loss": 1.3414809576570987,
    "cen_accuracy": 0.6365
  },
  "51": {
    "cen_loss": 1.2451925850510597,
    "cen_accuracy": 0.63025
  },
  "52": {
    "cen_loss": 1.3662310177087784,
    "cen_accuracy": 0.61325
  },
  "53": {
    "cen_loss": 1.5145565021038054,
    "cen_accuracy": 0.565375
  },
  "54": {
    "cen_loss": 1.3197883212566375,
    "cen_accuracy": 0.608625
  },
  "55": {
    "cen_loss": 1.3683137701749801,
    "cen_accuracy": 0.63775
  },
  "56": {
    "cen_loss": 1.2372158170044423,
    "cen_accuracy": 0.63275
  },
  "57": {
    "cen_loss": 1.439431095123291,
    "cen_accuracy": 0.6185
  },
  "58": {
    "cen_loss": 1.3303228924870492,
    "cen_accuracy": 0.63725
  },
  "59": {
    "cen_loss": 1.1486793298721314,
    "cen_accuracy": 0.676
  },
  "60": {
    "cen_loss": 1.3562400304973126,
    "cen_accuracy": 0.6435
  },
  "61": {
    "cen_loss": 1.1075262265205383,
    "cen_accuracy": 0.670625
  },
  "62": {
    "cen_loss": 1.572506350815296,
    "cen_accuracy": 0.578375
  },
  "63": {
    "cen_loss": 1.5574440737366677,
    "cen_accuracy": 0.585125
  },
  "64": {
    "cen_loss": 1.2248402152359485,
    "cen_accuracy": 0.654125
  },
  "65": {
    "cen_loss": 1.3409174409806728,
    "cen_accuracy": 0.638125
  },
  "66": {
    "cen_loss": 1.0865115764662623,
    "cen_accuracy": 0.671375
  },
  "67": {
    "cen_loss": 1.171056980162859,
    "cen_accuracy": 0.66975
  },
  "68": {
    "cen_loss": 1.1817177332639694,
    "cen_accuracy": 0.6695
  },
  "69": {
    "cen_loss": 1.236564536869526,
    "cen_accuracy": 0.649875
  },
  "70": {
    "cen_loss": 1.562430457174778,
    "cen_accuracy": 0.602375
  },
  "71": {
    "cen_loss": 1.4780438778996468,
    "cen_accuracy": 0.6235
  },
  "72": {
    "cen_loss": 1.1553320861011744,
    "cen_accuracy": 0.6585
  },
  "73": {
    "cen_loss": 1.2525243900418281,
    "cen_accuracy": 0.650125
  },
  "74": {
    "cen_loss": 1.070721856802702,
    "cen_accuracy": 0.685125
  },
  "75": {
    "cen_loss": 1.0341896107941866,
    "cen_accuracy": 0.681375
  },
  "76": {
    "cen_loss": 1.0895833337008953,
    "cen_accuracy": 0.677375
  },
  "77": {
    "cen_loss": 1.2613248481750488,
    "cen_accuracy": 0.643
  },
  "78": {
    "cen_loss": 1.2082331169098615,
    "cen_accuracy": 0.658
  },
  "79": {
    "cen_loss": 1.1111301591992377,
    "cen_accuracy": 0.67825
  },
  "80": {
    "cen_loss": 1.3106001379191876,
    "cen_accuracy": 0.640625
  },
  "81": {
    "cen_loss": 1.170401102423668,
    "cen_accuracy": 0.666875
  },
  "82": {
    "cen_loss": 1.0222647236287594,
    "cen_accuracy": 0.681875
  },
  "83": {
    "cen_loss": 1.0375203275978566,
    "cen_accuracy": 0.68425
  },
  "84": {
    "cen_loss": 0.9574344250559806,
    "cen_accuracy": 0.700375
  },
  "85": {
    "cen_loss": 0.9536906644403934,
    "cen_accuracy": 0.695875
  },
  "86": {
    "cen_loss": 0.9329797713160515,
    "cen_accuracy": 0.70375
  },
  "87": {
    "cen_loss": 1.169795453324914,
    "cen_accuracy": 0.67625
  },
  "88": {
    "cen_loss": 1.1932896727621556,
    "cen_accuracy": 0.666625
  },
  "89": {
    "cen_loss": 1.070235240831971,
    "cen_accuracy": 0.675875
  },
  "90": {
    "cen_loss": 1.3354528668522834,
    "cen_accuracy": 0.631875
  },
  "91": {
    "cen_loss": 0.9472665817812085,
    "cen_accuracy": 0.709125
  },
  "92": {
    "cen_loss": 1.1145096860229968,
    "cen_accuracy": 0.673875
  },
  "93": {
    "cen_loss": 1.0733083750605583,
    "cen_accuracy": 0.669
  },
  "94": {
    "cen_loss": 1.0484652099609375,
    "cen_accuracy": 0.6875
  },
  "95": {
    "cen_loss": 1.0401889902353287,
    "cen_accuracy": 0.691375
  },
  "96": {
    "cen_loss": 0.915848177075386,
    "cen_accuracy": 0.723
  },
  "97": {
    "cen_loss": 0.9689559477418661,
    "cen_accuracy": 0.71325
  },
  "98": {
    "cen_loss": 1.0100938886404038,
    "cen_accuracy": 0.7005
  },
  "99": {
    "cen_loss": 1.0188783794045448,
    "cen_accuracy": 0.708375
  },
  "100": {
    "cen_loss": 1.105479598850012,
    "cen_accuracy": 0.7
  },
  "101": {
    "cen_loss": 1.1771734701544045,