{
  "0": {
    "cen_loss": 2.3028161997795107,
    "cen_accuracy": 0.1005
  },
  "1": {
    "cen_loss": 2.3028161997795107,
    "cen_accuracy": 0.1005
  },
  "2": {
    "cen_loss": 2.6961652021408082,
    "cen_accuracy": 0.10075
  },
  "3": {
    "cen_loss": 4.477213659763336,
    "cen_accuracy": 0.0995
  },
  "4": {
    "cen_loss": 4.202089756965637,
    "cen_accuracy": 0.101625
  },
  "5": {
    "cen_loss": 5.077588580608368,
    "cen_accuracy": 0.16025
  },
  "6": {
    "cen_loss": 4.37127723646164,
    "cen_accuracy": 0.1765
  },
  "7": {
    "cen_loss": 2.9352441318035125,
    "cen_accuracy": 0.216875
  },
  "8": {
    "cen_loss": 3.3184892683029177,
    "cen_accuracy": 0.1975
  },
  "9": {
    "cen_loss": 4.286973859786987,
    "cen_accuracy": 0.183375
  },
  "10": {
    "cen_loss": 3.5519504027366637,
    "cen_accuracy": 0.28225
  },
  "11": {
    "cen_loss": 3.3004016644954683,
    "cen_accuracy": 0.2875
  },
  "12": {
    "cen_loss": 2.443264364004135,
    "cen_accuracy": 0.274875
  },
  "13": {
    "cen_loss": 2.5120823400020598,
    "cen_accuracy": 0.3255
  },
  "14": {
    "cen_loss": 2.3392183129787445,
    "cen_accuracy": 0.311875
  },
  "15": {
    "cen_loss": 3.4064140293598175,
    "cen_accuracy": 0.29175
  },
  "16": {
    "cen_loss": 4.326489542961121,
    "cen_accuracy": 0.24475
  },
  "17": {
    "cen_loss": 3.491340389728546,
    "cen_accuracy": 0.2625
  },
  "18": {
    "cen_loss": 3.1702523045539857,
    "cen_accuracy": 0.314625
  },
  "19": {
    "cen_loss": 3.6868098607063295,
    "cen_accuracy": 0.349625
  },
  "20": {
    "cen_loss": 3.600741375684738,
    "cen_accuracy": 0.349875
  },
  "21": {
    "cen_loss": 3.3667473351955413,
    "cen_accuracy": 0.263125
  },
  "22": {
    "cen_loss": 4.46900686454773,
    "cen_accuracy": 0.206875
  },
  "23": {
    "cen_loss": 1.8113691021203995,
    "cen_accuracy": 0.421
  },
  "24": {
    "cen_loss": 3.607301425933838,
    "cen_accuracy": 0.274
  },
  "25": {
    "cen_loss": 2.648951283931732,
    "cen_accuracy": 0.28825
  },
  "26": {
    "cen_loss": 2.728447895050049,
    "cen_accuracy": 0.33775
  },
  "27": {
    "cen_loss": 2.8006859583854675,
    "cen_accuracy": 0.3495
  },
  "28": {
    "cen_loss": 1.8827443052530288,
    "cen_accuracy": 0.4115
  },
  "29": {
    "cen_loss": 2.085251748919487,
    "cen_accuracy": 0.42975
  },
  "30": {
    "cen_loss": 2.630081585407257,
    "cen_accuracy": 0.4175
  },
  "31": {
    "cen_loss": 1.767248283982277,
    "cen_accuracy": 0.473
  },
  "32": {
    "cen_loss": 1.9158347194194794,
    "cen_accuracy": 0.45025
  },
  "33": {
    "cen_loss": 2.8790068621635436,
    "cen_accuracy": 0.392
  },
  "34": {
    "cen_loss": 4.45062293958664,
    "cen_accuracy": 0.206
  },
  "35": {
    "cen_loss": 2.6808308346271517,
    "cen_accuracy": 0.28475
  },
  "36": {
    "cen_loss": 2.3817610313892366,
    "cen_accuracy": 0.40725
  },
  "37": {
    "cen_loss": 2.5628850111961365,
    "cen_accuracy": 0.297375
  },
  "38": {
    "cen_loss": 1.8631608453989028,
    "cen_accuracy": 0.4665
  },
  "39": {
    "cen_loss": 3.066181052684784,
    "cen_accuracy": 0.377125
  },
  "40": {
    "cen_loss": 2.893503931283951,
    "cen_accuracy": 0.403375
  },
  "41": {
    "cen_loss": 1.5846980838179587,
    "cen_accuracy": 0.462375
  },
  "42": {
    "cen_loss": 1.9871958775520324,
    "cen_accuracy": 0.4565
  },
  "43": {
    "cen_loss": 3.4013795399665834,
    "cen_accuracy": 0.310375
  },
  "44": {
    "cen_loss": 1.9230594863891601,
    "cen_accuracy": 0.386625
  },
  "45": {
    "cen_loss": 2.7831916120052336,
    "cen_accuracy": 0.286875
  },
  "46": {
    "cen_loss": 1.5521940150260924,
    "cen_accuracy": 0.49075
  },
  "47": {
    "cen_loss": 2.452968898534775,
    "cen_accuracy": 0.364
  },
  "48": {
    "cen_loss": 1.8840294177532195,
    "cen_accuracy": 0.418125
  },
  "49": {
    "cen_loss": 3.0314359109401705,
    "cen_accuracy": 0.284
  },
  "50": {
    "cen_loss": 4.090135642528534,
    "cen_accuracy": 0.22725
  },
  "51": {
    "cen_loss": 2.5286479017734527,
    "cen_accuracy": 0.325375
  },
  "52": {
    "cen_loss": 1.9516483368873596,
    "cen_accuracy": 0.399125
  },
  "53": {
    "cen_loss": 1.9072275528907776,
    "cen_accuracy": 0.444125
  },
  "54": {
    "cen_loss": 2.0628197774887087,
    "cen_accuracy": 0.39475
  },
  "55": {
    "cen_loss": 1.8875951889753342,
    "cen_accuracy": 0.4415
  },
  "56": {
    "cen_loss": 2.4982396030426024,
    "cen_accuracy": 0.354625
  },
  "57": {
    "cen_loss": 2.353653298974037,
    "cen_accuracy": 0.4095
  },
  "58": {
    "cen_loss": 1.6565465372800827,
    "cen_accuracy": 0.510625
  },
  "59": {
    "cen_loss": 2.4672594455480574,
    "cen_accuracy": 0.3975
  },
  "60": {
    "cen_loss": 3.252978089809418,
    "cen_accuracy": 0.32725
  },
  "61": {
    "cen_loss": 2.141666071653366,
    "cen_accuracy": 0.374625
  },
  "62": {
    "cen_loss": 2.0899136600494383,
    "cen_accuracy": 0.461125
  },
  "63": {
    "cen_loss": 2.5690348381996153,
    "cen_accuracy": 0.328875
  },
  "64": {
    "cen_loss": 2.3257624200582505,
    "cen_accuracy": 0.42275
  },
  "65": {
    "cen_loss": 2.035543731212616,
    "cen_accuracy": 0.43025
  },
  "66": {
    "cen_loss": 1.8501559448242189,
    "cen_accuracy": 0.435
  },
  "67": {
    "cen_loss": 2.5147955796718597,
    "cen_accuracy": 0.396
  },
  "68": {
    "cen_loss": 2.20427431333065,
    "cen_accuracy": 0.404375
  },
  "69": {
    "cen_loss": 1.8668601664304734,
    "cen_accuracy": 0.472625
  },
  "70": {
    "cen_loss": 2.0562500051259995,
    "cen_accuracy": 0.453125
  },
  "71": {
    "cen_loss": 1.8360984802246094,
    "cen_accuracy": 0.46425
  },
  "72": {
    "cen_loss": 1.7539365848302841,
    "cen_accuracy": 0.501125
  },
  "73": {
    "cen_loss": 1.8894123046398164,
    "cen_accuracy": 0.40675
  },
  "74": {
    "cen_loss": 1.6907382797002792,
    "cen_accuracy": 0.50475
  },
  "75": {
    "cen_loss": 1.9021255593299866,
    "cen_accuracy": 0.459625
  },
  "76": {
    "cen_loss": 2.02261940741539,
    "cen_accuracy": 0.371625
  },
  "77": {
    "cen_loss": 2.0180021398067476,
    "cen_accuracy": 0.401
  },
  "78": {
    "cen_loss": 1.1911739337444305,
    "cen_accuracy": 0.59725
  },
  "79": {
    "cen_loss": 1.478970575094223,
    "cen_accuracy": 0.51425
  },
  "80": {
    "cen_loss": 1.7143455567359924,
    "cen_accuracy": 0.474375
  },
  "81": {
    "cen_loss": 2.665258681535721,
    "cen_accuracy": 0.378625
  },
  "82": {
    "cen_loss": 1.433407709300518,
    "cen_accuracy": 0.545875
  },
  "83": {
    "cen_loss": 1.606619130730629,
    "cen_accuracy": 0.470375
  },
  "84": {
    "cen_loss": 3.2201695696115493,
    "cen_accuracy": 0.413625
  },
  "85": {
    "cen_loss": 2.0325123155117035,
    "cen_accuracy": 0.451375
  },
  "86": {
    "cen_loss": 2.0411270687580108,
    "cen_accuracy": 0.373125
  },
  "87": {
    "cen_loss": 2.0081972507238386,
    "cen_accuracy": 0.4385
  },
  "88": {
    "cen_loss": 1.7777144749164582,
    "cen_accuracy": 0.412625
  },
  "89": {
    "cen_loss": 1.3073463215827943,
    "cen_accuracy": 0.55
  },
  "90": {
    "cen_loss": 1.508108749806881,
    "cen_accuracy": 0.508
  },
  "91": {
    "cen_loss": 1.2778642343878746,
    "cen_accuracy": 0.577375
  },
  "92": {
    "cen_loss": 2.407897721529007,
    "cen_accuracy": 0.381
  },
  "93": {
    "cen_loss": 2.3550770322084427,
    "cen_accuracy": 0.4135
  },
  "94": {
    "cen_loss": 1.885871971964836,
    "cen_accuracy": 0.445375
  },
  "95": {
    "cen_loss": 2.29920709335804,
    "cen_accuracy": 0.429375
  },
  "96": {
    "cen_loss": 3.340590362548828,
    "cen_accuracy": 0.212875
  },
  "97": {
    "cen_loss": 1.6806421743631363,
    "cen_accuracy": 0.492
  },
  "98": {
    "cen_loss": 1.7378753293752671,
    "cen_accuracy": 0.5215
  },
  "99": {
    "cen_loss": 1.8349659388065338,
    "cen_accuracy": 0.491875
  },
  "100": {
    "cen_loss": 1.8597503671646118,
    "cen_accuracy": 0.48675
  },
  "101": {
    "cen_loss": 1.8837812914848329,