{
  "0": {
    "cen_loss": 2.302809526920319,
    "cen_accuracy": 0.10075
  },
  "1": {
    "cen_loss": 2.302809526920319,
    "cen_accuracy": 0.10075
  },
  "2": {
    "cen_loss": 3.268641889333725,
    "cen_accuracy": 0.098625
  },
  "3": {
    "cen_loss": 5.039368121623993,
    "cen_accuracy": 0.098625
  },
  "4": {
    "cen_loss": 4.840317520618439,
    "cen_accuracy": 0.101125
  },
  "5": {
    "cen_loss": 5.971958700180053,
    "cen_accuracy": 0.101125
  },
  "6": {
    "cen_loss": 6.128931936264038,
    "cen_accuracy": 0.116625
  },
  "7": {
    "cen_loss": 3.914320140838623,
    "cen_accuracy": 0.1765
  },
  "8": {
    "cen_loss": 2.9750343453884125,
    "cen_accuracy": 0.249625
  },
  "9": {
    "cen_loss": 2.4953636655807494,
    "cen_accuracy": 0.351375
  },
  "10": {
    "cen_loss": 2.55555872964859,
    "cen_accuracy": 0.43025
  },
  "11": {
    "cen_loss": 2.4464825717210767,
    "cen_accuracy": 0.434625
  },
  "12": {
    "cen_loss": 2.1547723314762117,
    "cen_accuracy": 0.463125
  },
  "13": {
    "cen_loss": 1.9731103757023811,
    "cen_accuracy": 0.509875
  },
  "14": {
    "cen_loss": 1.916997471153736,
    "cen_accuracy": 0.524125
  },
  "15": {
    "cen_loss": 1.9102290272712708,
    "cen_accuracy": 0.535375
  },
  "16": {
    "cen_loss": 1.8959750172495842,
    "cen_accuracy": 0.53775
  },
  "17": {
    "cen_loss": 2.0574199858903883,
    "cen_accuracy": 0.543
  },
  "18": {
    "cen_loss": 1.987805048763752,
    "cen_accuracy": 0.544125
  },
  "19": {
    "cen_loss": 1.8221547890603542,
    "cen_accuracy": 0.563625
  },
  "20": {
    "cen_loss": 2.031502845227718,
    "cen_accuracy": 0.550125
  },
  "21": {
    "cen_loss": 1.8568925433158874,
    "cen_accuracy": 0.560375
  },
  "22": {
    "cen_loss": 1.7843521357178689,
    "cen_accuracy": 0.581125
  },
  "23": {
    "cen_loss": 1.7069226848483086,
    "cen_accuracy": 0.5795
  },
  "24": {
    "cen_loss": 1.6998783726096154,
    "cen_accuracy": 0.580375
  },
  "25": {
    "cen_loss": 1.656425575196743,
    "cen_accuracy": 0.5915
  },
  "26": {
    "cen_loss": 1.6766804158687592,
    "cen_accuracy": 0.5895
  },
  "27": {
    "cen_loss": 1.6072493941783905,
    "cen_accuracy": 0.60575
  },
  "28": {
    "cen_loss": 1.7046225739121437,
    "cen_accuracy": 0.6005
  },
  "29": {
    "cen_loss": 1.614927687317133,
    "cen_accuracy": 0.60625
  },
  "30": {
    "cen_loss": 1.7951139863729477,
    "cen_accuracy": 0.58575
  },
  "31": {
    "cen_loss": 1.564913208693266,
    "cen_accuracy": 0.600125
  },
  "32": {
    "cen_loss": 1.495674965441227,
    "cen_accuracy": 0.620125
  },
  "33": {
    "cen_loss": 1.4814960129261017,
    "cen_accuracy": 0.6195
  },
  "34": {
    "cen_loss": 1.486976762652397,
    "cen_accuracy": 0.630375
  },
  "35": {
    "cen_loss": 1.4125968144536019,
    "cen_accuracy": 0.641375
  },
  "36": {
    "cen_loss": 1.3569424670636654,
    "cen_accuracy": 0.638875
  },
  "37": {
    "cen_loss": 1.4176970236897468,
    "cen_accuracy": 0.645875
  },
  "38": {
    "cen_loss": 1.3629708922803403,
    "cen_accuracy": 0.649875
  },
  "39": {
    "cen_loss": 1.3790155056566,
    "cen_accuracy": 0.642625
  },
  "40": {
    "cen_loss": 1.5383891531974077,
    "cen_accuracy": 0.6165
  },
  "41": {
    "cen_loss": 1.3057966419756413,
    "cen_accuracy": 0.653875
  },
  "42": {
    "cen_loss": 1.3247349523305894,
    "cen_accuracy": 0.652625
  },
  "43": {
    "cen_loss": 1.3397889500260354,
    "cen_accuracy": 0.651125
  },
  "44": {
    "cen_loss": 1.2307762174904346,
    "cen_accuracy": 0.666875
  },
  "45": {
    "cen_loss": 1.2717749633789062,
    "cen_accuracy": 0.661625
  },
  "46": {
    "cen_loss": 1.2731239718198777,
    "cen_accuracy": 0.668875
  },
  "47": {
    "cen_loss": 1.2373778977692127,
    "cen_accuracy": 0.675125
  },
  "48": {
    "cen_loss": 1.2063623187094927,
    "cen_accuracy": 0.679875
  },
  "49": {
    "cen_loss": 1.2226491178572179,
    "cen_accuracy": 0.678125
  },
  "50": {
    "cen_loss": 1.2892492284476758,
    "cen_accuracy": 0.6695
  },
  "51": {
    "cen_loss": 1.2032937870472669,
    "cen_accuracy": 0.687125
  },
  "52": {
    "cen_loss": 1.2238040743768215,
    "cen_accuracy": 0.685375
  },
  "53": {
    "cen_loss": 1.230483084976673,
    "cen_accuracy": 0.67375
  },
  "54": {
    "cen_loss": 1.136902974396944,
    "cen_accuracy": 0.691375
  },
  "55": {
    "cen_loss": 1.1509607359468936,
    "cen_accuracy": 0.690875
  },
  "56": {
    "cen_loss": 1.2049209509342909,
    "cen_accuracy": 0.682875
  },
  "57": {
    "cen_loss": 1.2264442233145236,
    "cen_accuracy": 0.677625
  },
  "58": {
    "cen_loss": 1.1242907449901105,
    "cen_accuracy": 0.692125
  },
  "59": {
    "cen_loss": 1.178808917313814,
    "cen_accuracy": 0.688375
  },
  "60": {
    "cen_loss": 1.297474442332983,
    "cen_accuracy": 0.667875
  },
  "61": {
    "cen_loss": 1.0976446616500617,
    "cen_accuracy": 0.695875
  },
  "62": {
    "cen_loss": 1.0956593149453402,
    "cen_accuracy": 0.70075
  },
  "63": {
    "cen_loss": 1.0843675634562968,
    "cen_accuracy": 0.701875
  },
  "64": {
    "cen_loss": 1.1138789108097553,
    "cen_accuracy": 0.6975
  },
  "65": {
    "cen_loss": 1.1011355011239647,
    "cen_accuracy": 0.703125
  },
  "66": {
    "cen_loss": 1.0904303086996079,
    "cen_accuracy": 0.709625
  },
  "67": {
    "cen_loss": 1.108759204827249,
    "cen_accuracy": 0.709125
  },
  "68": {
    "cen_loss": 1.1380986417904497,
    "cen_accuracy": 0.701375
  },
  "69": {
    "cen_loss": 1.072856960773468,
    "cen_accuracy": 0.70225
  },
  "70": {
    "cen_loss": 1.1796712992787362,
    "cen_accuracy": 0.688625
  },
  "71": {
    "cen_loss": 1.0834446536004543,
    "cen_accuracy": 0.708125
  },
  "72": {
    "cen_loss": 1.0424671147465705,
    "cen_accuracy": 0.71475
  },
  "73": {
    "cen_loss": 1.07916736805439,
    "cen_accuracy": 0.7085
  },
  "74": {
    "cen_loss": 1.0779104383587836,
    "cen_accuracy": 0.70925
  },
  "75": {
    "cen_loss": 1.0987824867218732,
    "cen_accuracy": 0.69725
  },
  "76": {
    "cen_loss": 1.0289581455141306,
    "cen_accuracy": 0.711375
  },
  "77": {
    "cen_loss": 1.023693478666246,
    "cen_accuracy": 0.71675
  },
  "78": {
    "cen_loss": 1.0196115147322415,
    "cen_accuracy": 0.7155
  },
  "79": {
    "cen_loss": 1.0409498955905438,
    "cen_accuracy": 0.7155
  },
  "80": {
    "cen_loss": 1.078710030183196,
    "cen_accuracy": 0.710375
  },
  "81": {
    "cen_loss": 1.019042107269168,
    "cen_accuracy": 0.715
  },
  "82": {
    "cen_loss": 1.0238231328725815,
    "cen_accuracy": 0.71575
  },
  "83": {
    "cen_loss": 1.0244300847575067,
    "cen_accuracy": 0.717
  },
  "84": {
    "cen_loss": 1.0442708950042725,
    "cen_accuracy": 0.714625
  },
  "85": {
    "cen_loss": 1.0218605853170157,
    "cen_accuracy": 0.722125
  },
  "86": {
    "cen_loss": 1.033403750732541,
    "cen_accuracy": 0.720625
  },
  "87": {
    "cen_loss": 1.0279732202142478,
    "cen_accuracy": 0.725375
  },
  "88": {
    "cen_loss": 0.9714264300689102,
    "cen_accuracy": 0.73275
  },
  "89": {
    "cen_loss": 1.025518351815641,
    "cen_accuracy": 0.72325
  },
  "90": {
    "cen_loss": 1.099943353444338,
    "cen_accuracy": 0.715
  },
  "91": {
    "cen_loss": 1.0224633989036083,
    "cen_accuracy": 0.7225
  },
  "92": {
    "cen_loss": 1.0622350579351187,
    "cen_accuracy": 0.719875
  },
  "93": {
    "cen_loss": 1.0385963003486396,
    "cen_accuracy": 0.720625
  },
  "94": {
    "cen_loss": 0.9901253646910191,
    "cen_accuracy": 0.734375
  },
  "95": {
    "cen_loss": 1.0024555953592063,
    "cen_accuracy": 0.73025
  },
  "96": {
    "cen_loss": 0.9855760070681572,
    "cen_accuracy": 0.728625
  },
  "97": {
    "cen_loss": 1.0095283526629208,
    "cen_accuracy": 0.72475
  },
  "98": {
    "cen_loss": 0.9989170952700078,
    "cen_accuracy": 0.729625
  },
  "99": {
    "cen_loss": 0.9553339323028922,
    "cen_accuracy": 0.736375
  },
  "100": {
    "cen_loss": 1.0100752660334111,
    "cen_accuracy": 0.726
  },