{
  "0": {
    "cen_loss": 2.3028162007331847,
    "cen_accuracy": 0.1005
  },
  "1": {
    "cen_loss": 2.3028162007331847,
    "cen_accuracy": 0.1005
  },
  "2": {
    "cen_loss": 2.713108096122742,
    "cen_accuracy": 0.10075
  },
  "3": {
    "cen_loss": 4.215790307998657,
    "cen_accuracy": 0.0995
  },
  "4": {
    "cen_loss": 4.091739887237549,
    "cen_accuracy": 0.140625
  },
  "5": {
    "cen_loss": 4.093081883907318,
    "cen_accuracy": 0.16875
  },
  "6": {
    "cen_loss": 4.816074331283569,
    "cen_accuracy": 0.1415
  },
  "7": {
    "cen_loss": 3.3115736413002015,
    "cen_accuracy": 0.1965
  },
  "8": {
    "cen_loss": 3.6975507578849793,
    "cen_accuracy": 0.179125
  },
  "9": {
    "cen_loss": 3.0528037905693055,
    "cen_accuracy": 0.24025
  },
  "10": {
    "cen_loss": 2.3954052493572235,
    "cen_accuracy": 0.34475
  },
  "11": {
    "cen_loss": 3.368854607105255,
    "cen_accuracy": 0.235125
  },
  "12": {
    "cen_loss": 2.756437778711319,
    "cen_accuracy": 0.2075
  },
  "13": {
    "cen_loss": 3.239777683019638,
    "cen_accuracy": 0.2555
  },
  "14": {
    "cen_loss": 2.3367277159690856,
    "cen_accuracy": 0.293625
  },
  "15": {
    "cen_loss": 3.322273616313934,
    "cen_accuracy": 0.30875
  },
  "16": {
    "cen_loss": 3.431991618156433,
    "cen_accuracy": 0.238375
  },
  "17": {
    "cen_loss": 2.1253837914466858,
    "cen_accuracy": 0.40275
  },
  "18": {
    "cen_loss": 2.709281566143036,
    "cen_accuracy": 0.3215
  },
  "19": {
    "cen_loss": 3.1626152784824373,
    "cen_accuracy": 0.363
  },
  "20": {
    "cen_loss": 3.660789489030838,
    "cen_accuracy": 0.348625
  },
  "21": {
    "cen_loss": 2.956955768108368,
    "cen_accuracy": 0.28475
  },
  "22": {
    "cen_loss": 2.624437525510788,
    "cen_accuracy": 0.35925
  },
  "23": {
    "cen_loss": 2.44787224650383,
    "cen_accuracy": 0.38775
  },
  "24": {
    "cen_loss": 3.362770192861557,
    "cen_accuracy": 0.275625
  },
  "25": {
    "cen_loss": 2.190431863427162,
    "cen_accuracy": 0.35725
  },
  "26": {
    "cen_loss": 2.5445699603557586,
    "cen_accuracy": 0.366125
  },
  "27": {
    "cen_loss": 1.8261243855953218,
    "cen_accuracy": 0.40075
  },
  "28": {
    "cen_loss": 2.1711785054206847,
    "cen_accuracy": 0.423
  },
  "29": {
    "cen_loss": 2.5290355439186096,
    "cen_accuracy": 0.333125
  },
  "30": {
    "cen_loss": 2.7898375754356386,
    "cen_accuracy": 0.32525
  },
  "31": {
    "cen_loss": 1.6416894932985306,
    "cen_accuracy": 0.436125
  },
  "32": {
    "cen_loss": 1.719033698797226,
    "cen_accuracy": 0.43
  },
  "33": {
    "cen_loss": 2.11232954788208,
    "cen_accuracy": 0.4745
  },
  "34": {
    "cen_loss": 2.1107621761560442,
    "cen_accuracy": 0.3795
  },
  "35": {
    "cen_loss": 2.32737486743927,
    "cen_accuracy": 0.38475
  },
  "36": {
    "cen_loss": 2.8276433815956117,
    "cen_accuracy": 0.362625
  },
  "37": {
    "cen_loss": 2.3851268560886383,
    "cen_accuracy": 0.313
  },
  "38": {
    "cen_loss": 2.671453321456909,
    "cen_accuracy": 0.295125
  },
  "39": {
    "cen_loss": 1.6000686942338944,
    "cen_accuracy": 0.4405
  },
  "40": {
    "cen_loss": 2.030592780947685,
    "cen_accuracy": 0.404625
  },
  "41": {
    "cen_loss": 2.084201371192932,
    "cen_accuracy": 0.449875
  },
  "42": {
    "cen_loss": 2.0590903307199477,
    "cen_accuracy": 0.445375
  },
  "43": {
    "cen_loss": 3.5159244995117187,
    "cen_accuracy": 0.2235
  },
  "44": {
    "cen_loss": 2.42584832572937,
    "cen_accuracy": 0.4165
  },
  "45": {
    "cen_loss": 3.063313747406006,
    "cen_accuracy": 0.32775
  },
  "46": {
    "cen_loss": 2.606763864994049,
    "cen_accuracy": 0.323875
  },
  "47": {
    "cen_loss": 2.03930384016037,
    "cen_accuracy": 0.4175
  },
  "48": {
    "cen_loss": 2.3140894449949263,
    "cen_accuracy": 0.40875
  },
  "49": {
    "cen_loss": 2.0526531273126603,
    "cen_accuracy": 0.367125
  },
  "50": {
    "cen_loss": 2.7206939640045165,
    "cen_accuracy": 0.31425
  },
  "51": {
    "cen_loss": 3.4026394853591917,
    "cen_accuracy": 0.3085
  },
  "52": {
    "cen_loss": 1.7933022224903106,
    "cen_accuracy": 0.454375
  },
  "53": {
    "cen_loss": 1.7492833629846574,
    "cen_accuracy": 0.427875
  },
  "54": {
    "cen_loss": 1.6661230030059815,
    "cen_accuracy": 0.42675
  },
  "55": {
    "cen_loss": 1.6069739818573,
    "cen_accuracy": 0.499875
  },
  "56": {
    "cen_loss": 2.1156327846050265,
    "cen_accuracy": 0.40125
  },
  "57": {
    "cen_loss": 2.6116352040767667,
    "cen_accuracy": 0.345625
  },
  "58": {
    "cen_loss": 1.906612676858902,
    "cen_accuracy": 0.427625
  },
  "59": {
    "cen_loss": 2.092985280752182,
    "cen_accuracy": 0.393875
  },
  "60": {
    "cen_loss": 3.3056960999965668,
    "cen_accuracy": 0.28325
  },
  "61": {
    "cen_loss": 1.8493602795600892,
    "cen_accuracy": 0.445
  },
  "62": {
    "cen_loss": 1.7679273233413697,
    "cen_accuracy": 0.436625
  },
  "63": {
    "cen_loss": 1.4505873819589614,
    "cen_accuracy": 0.521625
  },
  "64": {
    "cen_loss": 1.9221696811914444,
    "cen_accuracy": 0.42975
  },
  "65": {
    "cen_loss": 3.3530867879390716,
    "cen_accuracy": 0.3895
  },
  "66": {
    "cen_loss": 4.043172350883484,
    "cen_accuracy": 0.30675
  },
  "67": {
    "cen_loss": 2.8458703830242156,
    "cen_accuracy": 0.374875
  },
  "68": {
    "cen_loss": 1.699620034277439,
    "cen_accuracy": 0.453125
  },
  "69": {
    "cen_loss": 1.3581222406625748,
    "cen_accuracy": 0.54075
  },
  "70": {
    "cen_loss": 1.535544320821762,
    "cen_accuracy": 0.512875
  },
  "71": {
    "cen_loss": 3.038926411509514,
    "cen_accuracy": 0.40625
  },
  "72": {
    "cen_loss": 2.2119510676860807,
    "cen_accuracy": 0.4115
  },
  "73": {
    "cen_loss": 1.6059841965436936,
    "cen_accuracy": 0.4995
  },
  "74": {
    "cen_loss": 1.6819274299144744,
    "cen_accuracy": 0.473375
  },
  "75": {
    "cen_loss": 2.7229205985069274,
    "cen_accuracy": 0.40775
  },
  "76": {
    "cen_loss": 2.015468739390373,
    "cen_accuracy": 0.422875
  },
  "77": {
    "cen_loss": 2.088851719737053,
    "cen_accuracy": 0.424125
  },
  "78": {
    "cen_loss": 1.7979994506835937,
    "cen_accuracy": 0.435375
  },
  "79": {
    "cen_loss": 1.4529610975980758,
    "cen_accuracy": 0.495
  },
  "80": {
    "cen_loss": 2.0619073091745377,
    "cen_accuracy": 0.411625
  },
  "81": {
    "cen_loss": 1.8098322718143462,
    "cen_accuracy": 0.48275
  },
  "82": {
    "cen_loss": 2.0845613976716995,
    "cen_accuracy": 0.446
  },
  "83": {
    "cen_loss": 1.2646421740055085,
    "cen_accuracy": 0.568875
  },
  "84": {
    "cen_loss": 1.7701784174442292,
    "cen_accuracy": 0.438625
  },
  "85": {
    "cen_loss": 2.340706269979477,
    "cen_accuracy": 0.392875
  },
  "86": {
    "cen_loss": 2.5981382241249085,
    "cen_accuracy": 0.273375
  },
  "87": {
    "cen_loss": 1.60213278901577,
    "cen_accuracy": 0.47875
  },
  "88": {
    "cen_loss": 1.9709344800710678,
    "cen_accuracy": 0.4435
  },
  "89": {
    "cen_loss": 2.19081060051918,
    "cen_accuracy": 0.336375
  },
  "90": {
    "cen_loss": 4.130015079021454,
    "cen_accuracy": 0.19075
  },
  "91": {
    "cen_loss": 2.3504234635829926,
    "cen_accuracy": 0.30325
  },
  "92": {
    "cen_loss": 2.8349549298286436,
    "cen_accuracy": 0.370125
  },
  "93": {
    "cen_loss": 1.8029364563822747,
    "cen_accuracy": 0.49025
  },
  "94": {
    "cen_loss": 1.7688720734119416,
    "cen_accuracy": 0.480375
  },
  "95": {
    "cen_loss": 2.0708113075494765,
    "cen_accuracy": 0.4285
  },
  "96": {
    "cen_loss": 1.4612483129501344,
    "cen_accuracy": 0.529375
  },
  "97": {
    "cen_loss": 1.7121126676797866,
    "cen_accuracy": 0.495
  },
  "98": {
    "cen_loss": 1.836605033636093,
    "cen_accuracy": 0.498375
  },
  "99": {
    "cen_loss": 1.492461054801941,
    "cen_accuracy": 0.518
  },
  "100": {
    "cen_loss": 1.7836991158723832,
    "cen_accuracy": 0.47225
  },
  "101": {
    "cen_loss": 2.0915690536499025,