{
  "0": {
    "cen_loss": 2.30263138961792,
    "cen_accuracy": 0.10175
  },
  "1": {
    "cen_loss": 2.30263138961792,
    "cen_accuracy": 0.10175
  },
  "2": {
    "cen_loss": 4.719128879547119,
    "cen_accuracy": 0.1
  },
  "3": {
    "cen_loss": 5.465354082584381,
    "cen_accuracy": 0.106125
  },
  "4": {
    "cen_loss": 7.200683940887451,
    "cen_accuracy": 0.10175
  },
  "5": {
    "cen_loss": 7.464961537361145,
    "cen_accuracy": 0.1475
  },
  "6": {
    "cen_loss": 4.582302731752396,
    "cen_accuracy": 0.2205
  },
  "7": {
    "cen_loss": 3.0840352705717087,
    "cen_accuracy": 0.367875
  },
  "8": {
    "cen_loss": 3.7903532205820083,
    "cen_accuracy": 0.375375
  },
  "9": {
    "cen_loss": 4.069546883225441,
    "cen_accuracy": 0.3935
  },
  "10": {
    "cen_loss": 6.902057960510254,
    "cen_accuracy": 0.346375
  },
  "11": {
    "cen_loss": 3.6432624034881593,
    "cen_accuracy": 0.44075
  },
  "12": {
    "cen_loss": 3.8330494319796564,
    "cen_accuracy": 0.437625
  },
  "13": {
    "cen_loss": 2.8781000558137895,
    "cen_accuracy": 0.49425
  },
  "14": {
    "cen_loss": 3.3029154589176177,
    "cen_accuracy": 0.4675
  },
  "15": {
    "cen_loss": 3.1891032557487486,
    "cen_accuracy": 0.469125
  },
  "16": {
    "cen_loss": 3.1445367950201035,
    "cen_accuracy": 0.4895
  },
  "17": {
    "cen_loss": 3.4076499111652376,
    "cen_accuracy": 0.4935
  },
  "18": {
    "cen_loss": 2.5665301790237427,
    "cen_accuracy": 0.533
  },
  "19": {
    "cen_loss": 2.4535163624584673,
    "cen_accuracy": 0.55125
  },
  "20": {
    "cen_loss": 3.075096280783415,
    "cen_accuracy": 0.51175
  },
  "21": {
    "cen_loss": 2.4724027590453623,
    "cen_accuracy": 0.538875
  },
  "22": {
    "cen_loss": 2.1884063786268233,
    "cen_accuracy": 0.557875
  },
  "23": {
    "cen_loss": 2.290843888223171,
    "cen_accuracy": 0.565625
  },
  "24": {
    "cen_loss": 2.063786083340645,
    "cen_accuracy": 0.564
  },
  "25": {
    "cen_loss": 2.0215719400346277,
    "cen_accuracy": 0.5735
  },
  "26": {
    "cen_loss": 2.0124865432977677,
    "cen_accuracy": 0.575875
  },
  "27": {
    "cen_loss": 1.727214485526085,
    "cen_accuracy": 0.60125
  },
  "28": {
    "cen_loss": 1.7928458305001258,
    "cen_accuracy": 0.587
  },
  "29": {
    "cen_loss": 1.8970860435962678,
    "cen_accuracy": 0.581
  },
  "30": {
    "cen_loss": 2.157879950493574,
    "cen_accuracy": 0.563375
  },
  "31": {
    "cen_loss": 1.8233196839094161,
    "cen_accuracy": 0.596625
  },
  "32": {
    "cen_loss": 1.6269235737323762,
    "cen_accuracy": 0.60525
  },
  "33": {
    "cen_loss": 1.7666996597647666,
    "cen_accuracy": 0.595125
  },
  "34": {
    "cen_loss": 1.7318475890755654,
    "cen_accuracy": 0.614625
  },
  "35": {
    "cen_loss": 1.6009655756354333,
    "cen_accuracy": 0.616125
  },
  "36": {
    "cen_loss": 1.7067637230753898,
    "cen_accuracy": 0.609125
  },
  "37": {
    "cen_loss": 1.6250896556675434,
    "cen_accuracy": 0.616375
  },
  "38": {
    "cen_loss": 1.816970953822136,
    "cen_accuracy": 0.597625
  },
  "39": {
    "cen_loss": 1.5580286693871022,
    "cen_accuracy": 0.63125
  },
  "40": {
    "cen_loss": 1.7132451322078706,
    "cen_accuracy": 0.616625
  },
  "41": {
    "cen_loss": 1.7250233970880509,
    "cen_accuracy": 0.616
  },
  "42": {
    "cen_loss": 1.5612599728107452,
    "cen_accuracy": 0.635625
  },
  "43": {
    "cen_loss": 1.4596183641552924,
    "cen_accuracy": 0.64275
  },
  "44": {
    "cen_loss": 1.4840863787829877,
    "cen_accuracy": 0.6425
  },
  "45": {
    "cen_loss": 1.4252493585944175,
    "cen_accuracy": 0.645875
  },
  "46": {
    "cen_loss": 1.4090559595823289,
    "cen_accuracy": 0.648125
  },
  "47": {
    "cen_loss": 1.4605478224754334,
    "cen_accuracy": 0.63775
  },
  "48": {
    "cen_loss": 1.5296349061727523,
    "cen_accuracy": 0.64375
  },
  "49": {
    "cen_loss": 1.3495064920336008,
    "cen_accuracy": 0.662625
  },
  "50": {
    "cen_loss": 1.5234554293751716,
    "cen_accuracy": 0.64575
  },
  "51": {
    "cen_loss": 1.3397634421885014,
    "cen_accuracy": 0.67425
  },
  "52": {
    "cen_loss": 1.2790108403414489,
    "cen_accuracy": 0.672375
  },
  "53": {
    "cen_loss": 1.3717658033967017,
    "cen_accuracy": 0.661625
  },
  "54": {
    "cen_loss": 1.3368954974114895,
    "cen_accuracy": 0.667125
  },
  "55": {
    "cen_loss": 1.3238055534362794,
    "cen_accuracy": 0.667875
  },
  "56": {
    "cen_loss": 1.3456853216141462,
    "cen_accuracy": 0.668
  },
  "57": {
    "cen_loss": 1.3441528454720975,
    "cen_accuracy": 0.664375
  },
  "58": {
    "cen_loss": 1.3001063019931316,
    "cen_accuracy": 0.669375
  },
  "59": {
    "cen_loss": 1.2901307619810105,
    "cen_accuracy": 0.667375
  },
  "60": {
    "cen_loss": 1.4916339406967163,
    "cen_accuracy": 0.646625
  },
  "61": {
    "cen_loss": 1.2182056278288365,
    "cen_accuracy": 0.67425
  },
  "62": {
    "cen_loss": 1.2991821190714836,
    "cen_accuracy": 0.66825
  },
  "63": {
    "cen_loss": 1.231579241514206,
    "cen_accuracy": 0.683875
  },
  "64": {
    "cen_loss": 1.2564450651407242,
    "cen_accuracy": 0.680125
  },
  "65": {
    "cen_loss": 1.2653264285624026,
    "cen_accuracy": 0.6795
  },
  "66": {
    "cen_loss": 1.2091612588465215,
    "cen_accuracy": 0.681375
  },
  "67": {
    "cen_loss": 1.2359101662635803,
    "cen_accuracy": 0.686125
  },
  "68": {
    "cen_loss": 1.2031181796342134,
    "cen_accuracy": 0.680125
  },
  "69": {
    "cen_loss": 1.2526459099203349,
    "cen_accuracy": 0.675875
  },
  "70": {
    "cen_loss": 1.5146392115801572,
    "cen_accuracy": 0.645625
  },
  "71": {
    "cen_loss": 1.168240153953433,
    "cen_accuracy": 0.69
  },
  "72": {
    "cen_loss": 1.1671034499555826,
    "cen_accuracy": 0.6875
  },
  "73": {
    "cen_loss": 1.1315458295196295,
    "cen_accuracy": 0.695875
  },
  "74": {
    "cen_loss": 1.13264057213068,
    "cen_accuracy": 0.696375
  },
  "75": {
    "cen_loss": 1.1765017941892146,
    "cen_accuracy": 0.69425
  },
  "76": {
    "cen_loss": 1.151912108451128,
    "cen_accuracy": 0.692625
  },
  "77": {
    "cen_loss": 1.1923826746046544,
    "cen_accuracy": 0.691375
  },
  "78": {
    "cen_loss": 1.1408242346644402,
    "cen_accuracy": 0.69375
  },
  "79": {
    "cen_loss": 1.1456842183023692,
    "cen_accuracy": 0.70025
  },
  "80": {
    "cen_loss": 1.2070407297313213,
    "cen_accuracy": 0.694875
  },
  "81": {
    "cen_loss": 1.1372611101865768,
    "cen_accuracy": 0.701125
  },
  "82": {
    "cen_loss": 1.168036240682006,
    "cen_accuracy": 0.69725
  },
  "83": {
    "cen_loss": 1.15231075873971,
    "cen_accuracy": 0.70225
  },
  "84": {
    "cen_loss": 1.1431779524683952,
    "cen_accuracy": 0.702875
  },
  "85": {
    "cen_loss": 1.1421017572283745,
    "cen_accuracy": 0.705125
  },
  "86": {
    "cen_loss": 1.1566383306980133,
    "cen_accuracy": 0.6985
  },
  "87": {
    "cen_loss": 1.0926305702626704,
    "cen_accuracy": 0.70675
  },
  "88": {
    "cen_loss": 1.1210005325078964,
    "cen_accuracy": 0.7025
  },
  "89": {
    "cen_loss": 1.0826597821563482,
    "cen_accuracy": 0.707
  },
  "90": {
    "cen_loss": 1.1917355310469866,
    "cen_accuracy": 0.697375
  },
  "91": {
    "cen_loss": 1.0858081855475903,
    "cen_accuracy": 0.705625
  },
  "92": {
    "cen_loss": 1.0942426292747258,
    "cen_accuracy": 0.71025
  },
  "93": {
    "cen_loss": 1.0864639841616153,
    "cen_accuracy": 0.713
  },
  "94": {
    "cen_loss": 1.059381451293826,
    "cen_accuracy": 0.71725
  },
  "95": {
    "cen_loss": 1.0795721364542843,
    "cen_accuracy": 0.71175
  },
  "96": {
    "cen_loss": 1.0537874319329859,
    "cen_accuracy": 0.72025
  },
  "97": {
    "cen_loss": 1.0541521861851215,
    "cen_accuracy": 0.71725
  },
  "98": {
    "cen_loss": 1.0891258086189628,
    "cen_accuracy": 0.713
  },
  "99": {
    "cen_loss": 1.108760416790843,
    "cen_accuracy": 0.713375
  },
  "100": {
    "cen_loss": 1.1748246843516827,
    "cen_accuracy": 0.7025
  },