{
  "0": {
    "cen_loss": 2.3027425665855406,
    "js_div": 0,
    "cen_accuracy": 0.099
  },
  "1": {
    "cen_loss": 2.3027425665855406,
    "js_div": 0,
    "cen_accuracy": 0.099
  },
  "2": {
    "cen_loss": 3.4531620359420776,
    "js_div": 0.2016594727755584,
    "cen_accuracy": 0.099
  },
  "3": {
    "cen_loss": 5.901617303371429,
    "js_div": 0.28088792690283915,
    "cen_accuracy": 0.099625
  },
  "4": {
    "cen_loss": 5.893342416286469,
    "js_div": 0.24332329821212273,
    "cen_accuracy": 0.093625
  },
  "5": {
    "cen_loss": 3.6729791164398193,
    "js_div": 0.3062789194381299,
    "cen_accuracy": 0.117125
  },
  "6": {
    "cen_loss": 7.091569943904877,
    "js_div": 0.15009298017802838,
    "cen_accuracy": 0.1235
  },
  "7": {
    "cen_loss": 5.793787247657776,
    "js_div": 0.28322922802880757,
    "cen_accuracy": 0.103
  },
  "8": {
    "cen_loss": 3.037063844680786,
    "js_div": 0.23308990894145326,
    "cen_accuracy": 0.230625
  },
  "9": {
    "cen_loss": 5.485702634334564,
    "js_div": 0.3269075455868353,
    "cen_accuracy": 0.18825
  },
  "10": {
    "cen_loss": 7.080865869998932,
    "js_div": 0.29300273423028256,
    "cen_accuracy": 0.16775
  },
  "11": {
    "cen_loss": 5.5724099264144895,
    "js_div": 0.18101199326097872,
    "cen_accuracy": 0.23175
  },
  "12": {
    "cen_loss": 3.153136434316635,
    "js_div": 0.1789080240550402,
    "cen_accuracy": 0.18225
  },
  "13": {
    "cen_loss": 2.4660241367816926,
    "js_div": 0.1806383815521671,
    "cen_accuracy": 0.300125
  },
  "14": {
    "cen_loss": 4.969117272853851,
    "js_div": 0.39288796460857733,
    "cen_accuracy": 0.218125
  },
  "15": {
    "cen_loss": 2.5553439042568207,
    "js_div": 0.1641588199417824,
    "cen_accuracy": 0.343375
  },
  "16": {
    "cen_loss": 3.590876929521561,
    "js_div": 0.2516701962009662,
    "cen_accuracy": 0.244
  },
  "17": {
    "cen_loss": 3.452333452939987,
    "js_div": 0.21351876975685688,
    "cen_accuracy": 0.310125
  },
  "18": {
    "cen_loss": 3.4192078366279604,
    "js_div": 0.22815613524235598,
    "cen_accuracy": 0.2475
  },
  "19": {
    "cen_loss": 3.243478385925293,
    "js_div": 0.3598373738332017,
    "cen_accuracy": 0.123375
  },
  "20": {
    "cen_loss": 4.656137187957763,
    "js_div": 0.33127586701030864,
    "cen_accuracy": 0.106375
  },
  "21": {
    "cen_loss": 4.2797958676815036,
    "js_div": 0.25924021524156005,
    "cen_accuracy": 0.295875
  },
  "22": {
    "cen_loss": 3.7232735307216642,
    "js_div": 0.31959636249182094,
    "cen_accuracy": 0.272875
  },
  "23": {
    "cen_loss": 2.642954830288887,
    "js_div": 0.21888184334699629,
    "cen_accuracy": 0.358
  },
  "24": {
    "cen_loss": 3.211780207157135,
    "js_div": 0.29998177973984197,
    "cen_accuracy": 0.266375
  },
  "25": {
    "cen_loss": 2.881851177930832,
    "js_div": 0.15644384657548216,
    "cen_accuracy": 0.31275
  },
  "26": {
    "cen_loss": 2.5812408623695373,
    "js_div": 0.28359007386435364,
    "cen_accuracy": 0.377375
  },
  "27": {
    "cen_loss": 1.8299781098365784,
    "js_div": 0.12949552667332204,
    "cen_accuracy": 0.427125
  },
  "28": {
    "cen_loss": 1.5849838438034058,
    "js_div": 0.06836176674852026,
    "cen_accuracy": 0.461375
  },
  "29": {
    "cen_loss": 2.0119504853487014,
    "js_div": 0.17637493430167625,
    "cen_accuracy": 0.439375
  },
  "30": {
    "cen_loss": 2.3183177305459974,
    "js_div": 0.14028125793981783,
    "cen_accuracy": 0.405625
  },
  "31": {
    "cen_loss": 1.8525181739330292,
    "js_div": 0.04736396959376643,
    "cen_accuracy": 0.454
  },
  "32": {
    "cen_loss": 1.938040521621704,
    "js_div": 0.10251372168725219,
    "cen_accuracy": 0.413
  },
  "33": {
    "cen_loss": 2.5552345073223113,
    "js_div": 0.1376871647816261,
    "cen_accuracy": 0.38825
  },
  "34": {
    "cen_loss": 1.3142063460350037,
    "js_div": 0.059095104137681986,
    "cen_accuracy": 0.542
  },
  "35": {
    "cen_loss": 3.7933308465480806,
    "js_div": 0.16761497176416024,
    "cen_accuracy": 0.259875
  },
  "36": {
    "cen_loss": 2.7002123341560362,
    "js_div": 0.08680298303466727,
    "cen_accuracy": 0.35075
  },
  "37": {
    "cen_loss": 2.387861146211624,
    "js_div": 0.18634336747677788,
    "cen_accuracy": 0.40925
  },
  "38": {
    "cen_loss": 1.9664269139766692,
    "js_div": 0.129427152531008,
    "cen_accuracy": 0.441375
  },
  "39": {
    "cen_loss": 2.5652062610387802,
    "js_div": 0.16732266321999753,
    "cen_accuracy": 0.332125
  },
  "40": {
    "cen_loss": 2.4327598016262053,
    "js_div": 0.06621509330195496,
    "cen_accuracy": 0.36075
  },
  "41": {
    "cen_loss": 1.9134109632968903,
    "js_div": 0.06840465377949435,
    "cen_accuracy": 0.449125
  },
  "42": {
    "cen_loss": 1.307978453874588,
    "js_div": 0.1500242588759493,
    "cen_accuracy": 0.522625
  },
  "43": {
    "cen_loss": 1.639862402677536,
    "js_div": 0.13988810806282084,
    "cen_accuracy": 0.494375
  },
  "44": {
    "cen_loss": 2.38712810921669,
    "js_div": 0.24261277466626308,
    "cen_accuracy": 0.39875
  },
  "45": {
    "cen_loss": 1.2788279129862785,
    "js_div": 0.09385099293570126,
    "cen_accuracy": 0.574
  },
  "46": {
    "cen_loss": 1.49237229347229,
    "js_div": 0.08574795587853036,
    "cen_accuracy": 0.530375
  },
  "47": {
    "cen_loss": 1.3472647436261178,
    "js_div": 0.1518356227748262,
    "cen_accuracy": 0.581375
  },
  "48": {
    "cen_loss": 1.2099878982305527,
    "js_div": 0.07769236906547444,
    "cen_accuracy": 0.617875
  },
  "49": {
    "cen_loss": 1.769799436211586,
    "js_div": 0.19643582173725407,
    "cen_accuracy": 0.48875
  },
  "50": {
    "cen_loss": 2.090164735674858,
    "js_div": 0.0779558132614092,
    "cen_accuracy": 0.438875
  },
  "51": {
    "cen_loss": 2.101328359723091,
    "js_div": 0.091642447747793,
    "cen_accuracy": 0.457375
  }
}