{
  "0": {
    "cen_loss": 3.6316095030451394,
    "cen_accuracy": 0.010486390004462293
  },
  "1": {
    "cen_loss": 3.6316095121946255,
    "cen_accuracy": 0.010486390004462293
  },
  "2": {
    "cen_loss": 3.362563145580913,
    "cen_accuracy": 0.1318607764390897
  },
  "3": {
    "cen_loss": 2.9284700943071464,
    "cen_accuracy": 0.12985274431057564
  },
  "4": {
    "cen_loss": 3.1380356661393565,
    "cen_accuracy": 0.21709058456046407
  },
  "5": {
    "cen_loss": 3.275692637612489,
    "cen_accuracy": 0.2570281124497992
  },
  "6": {
    "cen_loss": 2.9548671527506785,
    "cen_accuracy": 0.28647925033467203
  },
  "7": {
    "cen_loss": 3.3146130669494656,
    "cen_accuracy": 0.18206157965194109
  },
  "8": {
    "cen_loss": 3.1468787469378756,
    "cen_accuracy": 0.2469879518072289
  },
  "9": {
    "cen_loss": 2.6427293641393814,
    "cen_accuracy": 0.33980365908076754
  },
  "10": {
    "cen_loss": 2.64229031358644,
    "cen_accuracy": 0.33980365908076754
  },
  "11": {
    "cen_loss": 3.304987800488351,
    "cen_accuracy": 0.2962962962962963
  },
  "12": {
    "cen_loss": 3.154995425159194,
    "cen_accuracy": 0.26215975011155734
  },
  "13": {
    "cen_loss": 3.081371042037957,
    "cen_accuracy": 0.28826416778224007
  },
  "14": {
    "cen_loss": 3.360394673707069,
    "cen_accuracy": 0.2936189201249442
  },
  "15": {
    "cen_loss": 2.8246624011218895,
    "cen_accuracy": 0.30856760374832665
  },
  "16": {
    "cen_loss": 2.6839814537181113,
    "cen_accuracy": 0.3543061133422579
  },
  "17": {
    "cen_loss": 2.5159594225383453,
    "cen_accuracy": 0.4134315037929496
  },
  "18": {
    "cen_loss": 2.6838758565229477,
    "cen_accuracy": 0.3790718429272646
  },
  "19": {
    "cen_loss": 2.7104066314041906,
    "cen_accuracy": 0.39825970548862116
  },
  "20": {
    "cen_loss": 2.7104066632146124,
    "cen_accuracy": 0.39825970548862116
  },
  "21": {
    "cen_loss": 2.7929985430665125,
    "cen_accuracy": 0.38643462739848283
  },
  "22": {
    "cen_loss": 2.3250666824051014,
    "cen_accuracy": 0.4799196787148594
  },
  "23": {
    "cen_loss": 2.2511693659184075,
    "cen_accuracy": 0.5046854082998661
  },
  "24": {
    "cen_loss": 2.445317174748936,
    "cen_accuracy": 0.4393128067826863
  },
  "25": {
    "cen_loss": 2.321008897317089,
    "cen_accuracy": 0.4598393574297189
  },
  "26": {
    "cen_loss": 2.515468832319839,
    "cen_accuracy": 0.4422132976349844
  },
  "27": {
    "cen_loss": 2.3985588410133656,
    "cen_accuracy": 0.4667559125390451
  },
  "28": {
    "cen_loss": 2.4065353705488324,
    "cen_accuracy": 0.4183400267737617
  },
  "29": {
    "cen_loss": 2.444911106842429,
    "cen_accuracy": 0.4319500223114681
  },
  "30": {
    "cen_loss": 2.4449111689738214,
    "cen_accuracy": 0.4319500223114681
  },
  "31": {
    "cen_loss": 2.3259853767742276,
    "cen_accuracy": 0.47322623828647925
  },
  "32": {
    "cen_loss": 2.277986091995069,
    "cen_accuracy": 0.46697902721999107
  },
  "33": {
    "cen_loss": 2.588087975101139,
    "cen_accuracy": 0.44489067380633646
  },
  "34": {
    "cen_loss": 2.2201758905586946,
    "cen_accuracy": 0.4899598393574297
  },
  "35": {
    "cen_loss": 2.535694054278451,
    "cen_accuracy": 0.44065149486836236
  },
  "36": {
    "cen_loss": 2.1827127650905433,
    "cen_accuracy": 0.4933065595716198
  },
  "37": {
    "cen_loss": 2.06792571426555,
    "cen_accuracy": 0.5307898259705489
  },
  "38": {
    "cen_loss": 2.334619112921208,
    "cen_accuracy": 0.49419901829540386
  },
  "39": {
    "cen_loss": 2.628823922789959,
    "cen_accuracy": 0.4422132976349844
  },
  "40": {
    "cen_loss": 2.628823919734589,
    "cen_accuracy": 0.4422132976349844
  },
  "41": {
    "cen_loss": 2.5639841736347107,
    "cen_accuracy": 0.4738955823293173
  },
  "42": {
    "cen_loss": 2.701588838773878,
    "cen_accuracy": 0.44712182061579653
  },
  "43": {
    "cen_loss": 2.153649079060246,
    "cen_accuracy": 0.5459616242748773
  },
  "44": {
    "cen_loss": 2.7424306354582284,
    "cen_accuracy": 0.4573850959393128
  },
  "45": {
    "cen_loss": 2.3674749949317806,
    "cen_accuracy": 0.5165104863900044
  },
  "46": {
    "cen_loss": 2.3595005156258715,
    "cen_accuracy": 0.5240963855421686
  },
  "47": {
    "cen_loss": 2.2054631291942264,
    "cen_accuracy": 0.5466309683177153
  },
  "48": {
    "cen_loss": 2.192275272571764,
    "cen_accuracy": 0.5423917893797412
  },
  "49": {
    "cen_loss": 2.417486422565142,
    "cen_accuracy": 0.5194109772423026
  },
  "50": {
    "cen_loss": 2.4174865139004162,
    "cen_accuracy": 0.5194109772423026
  },
  "51": {
    "cen_loss": 2.4842106013998078,
    "cen_accuracy": 0.47344935296742524
  },
  "52": {
    "cen_loss": 2.0983867278220343,
    "cen_accuracy": 0.5182954038375726
  },
  "53": {
    "cen_loss": 2.2024795289871575,
    "cen_accuracy": 0.5265506470325747
  },
  "54": {
    "cen_loss": 2.332594814070736,
    "cen_accuracy": 0.5040160642570282
  },
  "55": {
    "cen_loss": 2.0765804202893863,
    "cen_accuracy": 0.5294511378848729
  },
  "56": {
    "cen_loss": 2.117396518940481,
    "cen_accuracy": 0.5303435966086568
  },
  "57": {
    "cen_loss": 2.494158851201382,
    "cen_accuracy": 0.4678714859437751
  },
  "58": {
    "cen_loss": 2.284519377801632,
    "cen_accuracy": 0.5171798304328424
  },
  "59": {
    "cen_loss": 2.0515912667628324,
    "cen_accuracy": 0.5499776885319054
  },
  "60": {
    "cen_loss": 2.0515912361093953,
    "cen_accuracy": 0.5499776885319054
  },
  "61": {
    "cen_loss": 2.1505122318870518,
    "cen_accuracy": 0.5187416331994645
  },
  "62": {
    "cen_loss": 2.2962738056199616,
    "cen_accuracy": 0.5051316376617582
  },
  "63": {
    "cen_loss": 2.0535802247533836,
    "cen_accuracy": 0.5553324408746095
  },
  "64": {
    "cen_loss": 2.393803252965305,
    "cen_accuracy": 0.47434181169120926
  },
  "65": {
    "cen_loss": 2.416123655000897,
    "cen_accuracy": 0.46697902721999107
  },
  "66": {
    "cen_loss": 2.312657006134789,
    "cen_accuracy": 0.5066934404283802
  },
  "67": {
    "cen_loss": 2.5806838766052915,
    "cen_accuracy": 0.48348951360999554
  },
  "68": {
    "cen_loss": 2.252743168501703,
    "cen_accuracy": 0.5160642570281124
  },
  "69": {
    "cen_loss": 2.1139219561521094,
    "cen_accuracy": 0.5430611334225792
  },
  "70": {
    "cen_loss": 2.1139220178579445,
    "cen_accuracy": 0.5430611334225792
  },
  "71": {
    "cen_loss": 2.3884451647306966,
    "cen_accuracy": 0.5116019634091923
  },
  "72": {
    "cen_loss": 2.3175640646659175,
    "cen_accuracy": 0.5189647478804106
  },
  "73": {
    "cen_loss": 2.527548254201158,
    "cen_accuracy": 0.502900490852298
  },
  "74": {
    "cen_loss": 2.299256266253913,
    "cen_accuracy": 0.5055778670236502
  },
  "75": {
    "cen_loss": 2.8408904049025216,
    "cen_accuracy": 0.40227576974564927
  },
  "76": {
    "cen_loss": 2.149036636553615,
    "cen_accuracy": 0.5187416331994645
  },
  "77": {
    "cen_loss": 2.2455674303044755,
    "cen_accuracy": 0.4959839357429719
  },
  "78": {
    "cen_loss": 2.07796290169758,
    "cen_accuracy": 0.5526550647032574
  },
  "79": {
    "cen_loss": 1.8371330056271347,
    "cen_accuracy": 0.5700580098170459
  },
  "80": {
    "cen_loss": 1.8371330243383652,
    "cen_accuracy": 0.5700580098170459
  },
  "81": {
    "cen_loss": 2.027415620700848,
    "cen_accuracy": 0.5292280232039268
  },
  "82": {
    "cen_loss": 1.8949771978556178,
    "cen_accuracy": 0.571173583221776
  },
  "83": {
    "cen_loss": 2.1547676930731825,
    "cen_accuracy": 0.5136099955377064
  },
  "84": {
    "cen_loss": 2.0623391945944043,
    "cen_accuracy": 0.5421686746987951
  },
  "85": {
    "cen_loss": 2.070589870174566,
    "cen_accuracy": 0.5774207942882642
  },
  "86": {
    "cen_loss": 2.0418540932460854,
    "cen_accuracy": 0.5535475234270415
  },
  "87": {
    "cen_loss": 1.9532359826782888,
    "cen_accuracy": 0.5736278447121821
  },
  "88": {
    "cen_loss": 2.1200937250265848,
    "cen_accuracy": 0.534359660865685
  },