{
  "0": {
    "cen_loss": 2.3026313900947573,
    "cen_accuracy": 0.10175
  },
  "1": {
    "cen_loss": 2.3026313900947573,
    "cen_accuracy": 0.10175
  },
  "2": {
    "cen_loss": 3.3857498717308045,
    "cen_accuracy": 0.09975
  },
  "3": {
    "cen_loss": 5.556360084533692,
    "cen_accuracy": 0.10175
  },
  "4": {
    "cen_loss": 7.2971100349426266,
    "cen_accuracy": 0.10175
  },
  "5": {
    "cen_loss": 6.1168929891586306,
    "cen_accuracy": 0.10175
  },
  "6": {
    "cen_loss": 5.845882808685302,
    "cen_accuracy": 0.10175
  },
  "7": {
    "cen_loss": 4.152544711112976,
    "cen_accuracy": 0.154375
  },
  "8": {
    "cen_loss": 3.471017549753189,
    "cen_accuracy": 0.177
  },
  "9": {
    "cen_loss": 2.737574789762497,
    "cen_accuracy": 0.267125
  },
  "10": {
    "cen_loss": 1.620340903520584,
    "cen_accuracy": 0.49875
  },
  "11": {
    "cen_loss": 2.082760202407837,
    "cen_accuracy": 0.375125
  },
  "12": {
    "cen_loss": 1.7699048583507537,
    "cen_accuracy": 0.455125
  },
  "13": {
    "cen_loss": 1.7655605210065841,
    "cen_accuracy": 0.456875
  },
  "14": {
    "cen_loss": 1.5656692341566085,
    "cen_accuracy": 0.52525
  },
  "15": {
    "cen_loss": 1.5753957065939903,
    "cen_accuracy": 0.53075
  },
  "16": {
    "cen_loss": 1.7631304321289063,
    "cen_accuracy": 0.505875
  },
  "17": {
    "cen_loss": 1.384622224509716,
    "cen_accuracy": 0.574
  },
  "18": {
    "cen_loss": 1.3491458268761636,
    "cen_accuracy": 0.603625
  },
  "19": {
    "cen_loss": 1.4036809296011925,
    "cen_accuracy": 0.58975
  },
  "20": {
    "cen_loss": 1.350517444550991,
    "cen_accuracy": 0.626875
  },
  "21": {
    "cen_loss": 1.5337293645143508,
    "cen_accuracy": 0.57075
  },
  "22": {
    "cen_loss": 1.2847268020510674,
    "cen_accuracy": 0.612
  },
  "23": {
    "cen_loss": 1.3746843851804733,
    "cen_accuracy": 0.616875
  },
  "24": {
    "cen_loss": 1.397222068697214,
    "cen_accuracy": 0.612375
  },
  "25": {
    "cen_loss": 1.3693381501436233,
    "cen_accuracy": 0.62175
  },
  "26": {
    "cen_loss": 1.3958796074390412,
    "cen_accuracy": 0.610625
  },
  "27": {
    "cen_loss": 1.1820378368198872,
    "cen_accuracy": 0.6535
  },
  "28": {
    "cen_loss": 1.2750641224384307,
    "cen_accuracy": 0.643625
  },
  "29": {
    "cen_loss": 1.2008799249827862,
    "cen_accuracy": 0.65425
  },
  "30": {
    "cen_loss": 1.182765777349472,
    "cen_accuracy": 0.67525
  },
  "31": {
    "cen_loss": 1.2783910554647446,
    "cen_accuracy": 0.639875
  },
  "32": {
    "cen_loss": 1.2006727115511895,
    "cen_accuracy": 0.6545
  },
  "33": {
    "cen_loss": 1.1468675322830677,
    "cen_accuracy": 0.669375
  },
  "34": {
    "cen_loss": 1.1818025988340377,
    "cen_accuracy": 0.660625
  },
  "35": {
    "cen_loss": 1.1852904161810875,
    "cen_accuracy": 0.666375
  },
  "36": {
    "cen_loss": 1.1361047619581222,
    "cen_accuracy": 0.670375
  },
  "37": {
    "cen_loss": 1.132832833558321,
    "cen_accuracy": 0.67025
  },
  "38": {
    "cen_loss": 1.123658947467804,
    "cen_accuracy": 0.680375
  },
  "39": {
    "cen_loss": 1.0972249375283718,
    "cen_accuracy": 0.684125
  },
  "40": {
    "cen_loss": 1.1458276614248752,
    "cen_accuracy": 0.68775
  },
  "41": {
    "cen_loss": 1.086099858790636,
    "cen_accuracy": 0.688875
  },
  "42": {
    "cen_loss": 1.1281450866162777,
    "cen_accuracy": 0.681625
  },
  "43": {
    "cen_loss": 1.0735006552934647,
    "cen_accuracy": 0.691625
  },
  "44": {
    "cen_loss": 1.076973139822483,
    "cen_accuracy": 0.690875
  },
  "45": {
    "cen_loss": 1.15857993632555,
    "cen_accuracy": 0.67425
  },
  "46": {
    "cen_loss": 1.0316240781992674,
    "cen_accuracy": 0.707
  },
  "47": {
    "cen_loss": 1.0545436123013496,
    "cen_accuracy": 0.697
  },
  "48": {
    "cen_loss": 1.08373516279459,
    "cen_accuracy": 0.704125
  },
  "49": {
    "cen_loss": 1.1096920666098595,
    "cen_accuracy": 0.696
  },
  "50": {
    "cen_loss": 1.1105720490217208,
    "cen_accuracy": 0.706
  },
  "51": {
    "cen_loss": 1.066092216283083,
    "cen_accuracy": 0.69975
  },
  "52": {
    "cen_loss": 1.0801312390565871,
    "cen_accuracy": 0.701125
  },
  "53": {
    "cen_loss": 1.020476889848709,
    "cen_accuracy": 0.707375
  },
  "54": {
    "cen_loss": 1.035787524446845,
    "cen_accuracy": 0.7105
  },
  "55": {
    "cen_loss": 1.0604671850800513,
    "cen_accuracy": 0.709875
  },
  "56": {
    "cen_loss": 0.9651612071692943,
    "cen_accuracy": 0.718
  },
  "57": {
    "cen_loss": 0.9652400804907083,
    "cen_accuracy": 0.721625
  },
  "58": {
    "cen_loss": 0.9627910668253898,
    "cen_accuracy": 0.72175
  },
  "59": {
    "cen_loss": 0.9708352267891168,
    "cen_accuracy": 0.724625
  },
  "60": {
    "cen_loss": 1.0195681429505348,
    "cen_accuracy": 0.721125
  },
  "61": {
    "cen_loss": 1.051451317459345,
    "cen_accuracy": 0.71025
  },
  "62": {
    "cen_loss": 0.921987781316042,
    "cen_accuracy": 0.733375
  },
  "63": {
    "cen_loss": 1.0062863738536836,
    "cen_accuracy": 0.719625
  },
  "64": {
    "cen_loss": 0.9497705793827772,
    "cen_accuracy": 0.72875
  },
  "65": {
    "cen_loss": 0.9358283125609159,
    "cen_accuracy": 0.737
  },
  "66": {
    "cen_loss": 1.0289184765219688,
    "cen_accuracy": 0.718375
  },
  "67": {
    "cen_loss": 0.9442236558347941,
    "cen_accuracy": 0.734375
  },
  "68": {
    "cen_loss": 0.9670495985001326,
    "cen_accuracy": 0.736125
  },
  "69": {
    "cen_loss": 0.9603053027391434,
    "cen_accuracy": 0.7305
  },
  "70": {
    "cen_loss": 0.9494020610451698,
    "cen_accuracy": 0.73525
  },
  "71": {
    "cen_loss": 0.9880672057941556,
    "cen_accuracy": 0.730625
  },
  "72": {
    "cen_loss": 0.9843231367617845,
    "cen_accuracy": 0.7305
  },
  "73": {
    "cen_loss": 0.9137457851618528,
    "cen_accuracy": 0.73875
  },
  "74": {
    "cen_loss": 0.9155735017359257,
    "cen_accuracy": 0.74325
  },
  "75": {
    "cen_loss": 0.955468948662281,
    "cen_accuracy": 0.728
  },
  "76": {
    "cen_loss": 0.9078114901036024,
    "cen_accuracy": 0.7425
  },
  "77": {
    "cen_loss": 0.9877790787369013,
    "cen_accuracy": 0.725875
  },
  "78": {
    "cen_loss": 0.9005380335897207,
    "cen_accuracy": 0.746875
  },
  "79": {
    "cen_loss": 0.9130487152934075,
    "cen_accuracy": 0.742875
  },
  "80": {
    "cen_loss": 0.9767942791730165,
    "cen_accuracy": 0.735
  },
  "81": {
    "cen_loss": 0.894468731239438,
    "cen_accuracy": 0.74925
  },
  "82": {
    "cen_loss": 0.8709667437672615,
    "cen_accuracy": 0.74975
  },
  "83": {
    "cen_loss": 0.8600561228320003,
    "cen_accuracy": 0.753
  },
  "84": {
    "cen_loss": 0.8542718691825867,
    "cen_accuracy": 0.7575
  },
  "85": {
    "cen_loss": 0.8735568723976612,
    "cen_accuracy": 0.746125
  },
  "86": {
    "cen_loss": 0.8800201930552721,
    "cen_accuracy": 0.75125
  },
  "87": {
    "cen_loss": 0.8948058324679732,
    "cen_accuracy": 0.749
  },
  "88": {
    "cen_loss": 0.8930625208616256,
    "cen_accuracy": 0.749125
  },
  "89": {
    "cen_loss": 0.8790565361976623,
    "cen_accuracy": 0.757375
  },
  "90": {
    "cen_loss": 0.9597720386683941,
    "cen_accuracy": 0.74725
  },
  "91": {
    "cen_loss": 0.9203986367881298,
    "cen_accuracy": 0.743125
  },
  "92": {
    "cen_loss": 0.8604869299829007,
    "cen_accuracy": 0.758
  },
  "93": {
    "cen_loss": 0.8746686108931899,
    "cen_accuracy": 0.753
  },
  "94": {
    "cen_loss": 0.9001075876876712,
    "cen_accuracy": 0.75125
  },
  "95": {
    "cen_loss": 0.8589140573590994,
    "cen_accuracy": 0.761
  },
  "96": {
    "cen_loss": 0.8739551741182804,
    "cen_accuracy": 0.757
  },
  "97": {
    "cen_loss": 0.8739413906782866,
    "cen_accuracy": 0.756
  },
  "98": {
    "cen_loss": 0.8320074699856341,
    "cen_accuracy": 0.765125
  },
  "99": {
    "cen_loss": 0.8701762386113405,
    "cen_accuracy": 0.76025
  },
  "100": {
    "cen_loss": 0.9202860535308719,
    "cen_accuracy": 0.75475
  },
  "101": {
    "cen_loss": 0.8294472753927111,