{
  "0": {
    "cen_loss": 2.3027777171134947,
    "cen_accuracy": 0.097625
  },
  "1": {
    "cen_loss": 2.3027777171134947,
    "cen_accuracy": 0.097625
  },
  "2": {
    "cen_loss": 2.8412770309448243,
    "cen_accuracy": 0.0985
  },
  "3": {
    "cen_loss": 4.08581242609024,
    "cen_accuracy": 0.099875
  },
  "4": {
    "cen_loss": 5.341589828491211,
    "cen_accuracy": 0.10075
  },
  "5": {
    "cen_loss": 6.845214126586914,
    "cen_accuracy": 0.099875
  },
  "6": {
    "cen_loss": 24.985755601882936,
    "cen_accuracy": 0.099875
  },
  "7": {
    "cen_loss": 3.194913064956665,
    "cen_accuracy": 0.15525
  },
  "8": {
    "cen_loss": 5.181875920772552,
    "cen_accuracy": 0.121125
  },
  "9": {
    "cen_loss": 3.0652419428825377,
    "cen_accuracy": 0.230625
  },
  "10": {
    "cen_loss": 4.1928049757480625,
    "cen_accuracy": 0.264375
  },
  "11": {
    "cen_loss": 3.8905167388916015,
    "cen_accuracy": 0.171125
  },
  "12": {
    "cen_loss": 3.4072600591182707,
    "cen_accuracy": 0.201375
  },
  "13": {
    "cen_loss": 3.258524272441864,
    "cen_accuracy": 0.266875
  },
  "14": {
    "cen_loss": 4.525039713382721,
    "cen_accuracy": 0.251625
  },
  "15": {
    "cen_loss": 2.5222316954135895,
    "cen_accuracy": 0.18625
  },
  "16": {
    "cen_loss": 3.702923085451126,
    "cen_accuracy": 0.26
  },
  "17": {
    "cen_loss": 4.88234466457367,
    "cen_accuracy": 0.259875
  },
  "18": {
    "cen_loss": 2.450242708683014,
    "cen_accuracy": 0.312875
  },
  "19": {
    "cen_loss": 2.2923467037677763,
    "cen_accuracy": 0.331125
  },
  "20": {
    "cen_loss": 2.731578139781952,
    "cen_accuracy": 0.31225
  },
  "21": {
    "cen_loss": 2.422712449789047,
    "cen_accuracy": 0.305375
  },
  "22": {
    "cen_loss": 2.5128735921382903,
    "cen_accuracy": 0.343125
  },
  "23": {
    "cen_loss": 3.5812906193733216,
    "cen_accuracy": 0.337
  },
  "24": {
    "cen_loss": 1.7789691247940063,
    "cen_accuracy": 0.413375
  },
  "25": {
    "cen_loss": 2.9294613740444184,
    "cen_accuracy": 0.302375
  },
  "26": {
    "cen_loss": 2.6527640187740325,
    "cen_accuracy": 0.314125
  },
  "27": {
    "cen_loss": 2.166053162693977,
    "cen_accuracy": 0.40825
  },
  "28": {
    "cen_loss": 3.4468748440742494,
    "cen_accuracy": 0.309125
  },
  "29": {
    "cen_loss": 2.404400472640991,
    "cen_accuracy": 0.381375
  },
  "30": {
    "cen_loss": 2.4605547308921816,
    "cen_accuracy": 0.377875
  },
  "31": {
    "cen_loss": 2.8451557071208953,
    "cen_accuracy": 0.32425
  },
  "32": {
    "cen_loss": 1.6697356032133102,
    "cen_accuracy": 0.43325
  },
  "33": {
    "cen_loss": 3.1621093356609347,
    "cen_accuracy": 0.349875
  },
  "34": {
    "cen_loss": 1.4013699536919595,
    "cen_accuracy": 0.5245
  },
  "35": {
    "cen_loss": 2.501739968061447,
    "cen_accuracy": 0.293
  },
  "36": {
    "cen_loss": 4.884080121994018,
    "cen_accuracy": 0.288
  },
  "37": {
    "cen_loss": 3.350337438106537,
    "cen_accuracy": 0.310125
  },
  "38": {
    "cen_loss": 2.8251198709011076,
    "cen_accuracy": 0.38725
  },
  "39": {
    "cen_loss": 3.500818617105484,
    "cen_accuracy": 0.33725
  },
  "40": {
    "cen_loss": 3.980324604034424,
    "cen_accuracy": 0.32425
  },
  "41": {
    "cen_loss": 2.5374217076301573,
    "cen_accuracy": 0.3495
  },
  "42": {
    "cen_loss": 2.31395596241951,
    "cen_accuracy": 0.40325
  },
  "43": {
    "cen_loss": 3.1968418555259706,
    "cen_accuracy": 0.35475
  },
  "44": {
    "cen_loss": 4.886261058807373,
    "cen_accuracy": 0.279875
  },
  "45": {
    "cen_loss": 2.1548072919845582,
    "cen_accuracy": 0.3085
  },
  "46": {
    "cen_loss": 1.659742558479309,
    "cen_accuracy": 0.4765
  },
  "47": {
    "cen_loss": 1.2302734956741332,
    "cen_accuracy": 0.593125
  },
  "48": {
    "cen_loss": 2.6185326577425,
    "cen_accuracy": 0.36775
  },
  "49": {
    "cen_loss": 1.7913153612613677,
    "cen_accuracy": 0.47075
  },
  "50": {
    "cen_loss": 2.0304104042053224,
    "cen_accuracy": 0.455
  },
  "51": {
    "cen_loss": 1.2072107104063035,
    "cen_accuracy": 0.580375
  },
  "52": {
    "cen_loss": 2.0286657255887985,
    "cen_accuracy": 0.432125
  },
  "53": {
    "cen_loss": 3.9631868426799772,
    "cen_accuracy": 0.318125
  },
  "54": {
    "cen_loss": 3.192238333940506,
    "cen_accuracy": 0.363125
  },
  "55": {
    "cen_loss": 1.7233932218551635,
    "cen_accuracy": 0.4985
  },
  "56": {
    "cen_loss": 3.281370526790619,
    "cen_accuracy": 0.31275
  },
  "57": {
    "cen_loss": 3.310785969257355,
    "cen_accuracy": 0.309
  },
  "58": {
    "cen_loss": 1.3504173589348794,
    "cen_accuracy": 0.570375
  },
  "59": {
    "cen_loss": 1.0674708789587022,
    "cen_accuracy": 0.625375
  },
  "60": {
    "cen_loss": 1.2976266270279884,
    "cen_accuracy": 0.59225
  },
  "61": {
    "cen_loss": 3.254373378753662,
    "cen_accuracy": 0.340375
  },
  "62": {
    "cen_loss": 3.10190771818161,
    "cen_accuracy": 0.368125
  },
  "63": {
    "cen_loss": 1.515898411154747,
    "cen_accuracy": 0.526625
  },
  "64": {
    "cen_loss": 1.6079792619943618,
    "cen_accuracy": 0.460625
  },
  "65": {
    "cen_loss": 1.37185711145401,
    "cen_accuracy": 0.585875
  },
  "66": {
    "cen_loss": 1.9907573971748351,
    "cen_accuracy": 0.498125
  },
  "67": {
    "cen_loss": 2.4474404573440554,
    "cen_accuracy": 0.3905
  },
  "68": {
    "cen_loss": 2.7627121583223344,
    "cen_accuracy": 0.3875
  },
  "69": {
    "cen_loss": 1.8935508135557175,
    "cen_accuracy": 0.505625
  },
  "70": {
    "cen_loss": 2.2134693405628205,
    "cen_accuracy": 0.486875
  },
  "71": {
    "cen_loss": 2.209757543206215,
    "cen_accuracy": 0.425875
  },
  "72": {
    "cen_loss": 1.4664962963461876,
    "cen_accuracy": 0.543125
  },
  "73": {
    "cen_loss": 3.48842623257637,
    "cen_accuracy": 0.33375
  },
  "74": {
    "cen_loss": 1.6217135006189347,
    "cen_accuracy": 0.484625
  },
  "75": {
    "cen_loss": 1.5011653388738633,
    "cen_accuracy": 0.51575
  },
  "76": {
    "cen_loss": 1.5100600495040417,
    "cen_accuracy": 0.58125
  },
  "77": {
    "cen_loss": 1.1899760599732399,
    "cen_accuracy": 0.611375
  },
  "78": {
    "cen_loss": 1.5822939995527268,
    "cen_accuracy": 0.560125
  },
  "79": {
    "cen_loss": 1.7680934689044951,
    "cen_accuracy": 0.51225
  },
  "80": {
    "cen_loss": 3.1894051141738893,
    "cen_accuracy": 0.377875
  },
  "81": {
    "cen_loss": 2.435086870312691,
    "cen_accuracy": 0.4285
  },
  "82": {
    "cen_loss": 1.4111713091135025,
    "cen_accuracy": 0.50725
  },
  "83": {
    "cen_loss": 1.9452190771698952,
    "cen_accuracy": 0.468125
  },
  "84": {
    "cen_loss": 1.4271090990304947,
    "cen_accuracy": 0.548125
  },
  "85": {
    "cen_loss": 1.5070482254624367,
    "cen_accuracy": 0.52625
  },
  "86": {
    "cen_loss": 2.306063014984131,
    "cen_accuracy": 0.42475
  },
  "87": {
    "cen_loss": 1.472033867776394,
    "cen_accuracy": 0.5425
  },
  "88": {
    "cen_loss": 2.2274480078220367,
    "cen_accuracy": 0.490625
  },
  "89": {
    "cen_loss": 2.1341043555736543,
    "cen_accuracy": 0.45225
  },
  "90": {
    "cen_loss": 2.516608274459839,
    "cen_accuracy": 0.40625
  },
  "91": {
    "cen_loss": 1.9295012552738189,
    "cen_accuracy": 0.45125
  },
  "92": {
    "cen_loss": 0.9052412122786045,
    "cen_accuracy": 0.704375
  },
  "93": {
    "cen_loss": 1.210286461442709,
    "cen_accuracy": 0.6135
  },
  "94": {
    "cen_loss": 1.1269997428655625,
    "cen_accuracy": 0.629125
  },
  "95": {
    "cen_loss": 1.7224836428165435,
    "cen_accuracy": 0.55925
  },
  "96": {
    "cen_loss": 1.7920650981664659,
    "cen_accuracy": 0.528875
  },
  "97": {
    "cen_loss": 1.8734785227775574,
    "cen_accuracy": 0.449375
  },
  "98": {
    "cen_loss": 1.6899579738378525,
    "cen_accuracy": 0.487375
  },
  "99": {
    "cen_loss": 1.0947184230983258,
    "cen_accuracy": 0.66125
  },
  "100": {
    "cen_loss": 1.1853124732971192,
    "cen_accuracy": 0.644875
  },