{
  "0": {
    "cen_loss": 2.3027670545578003,
    "cen_accuracy": 0.0985
  },
  "1": {
    "cen_loss": 2.3027670545578003,
    "cen_accuracy": 0.0985
  },
  "2": {
    "cen_loss": 3.8985890684127806,
    "cen_accuracy": 0.099875
  },
  "3": {
    "cen_loss": 4.20148685503006,
    "cen_accuracy": 0.099875
  },
  "4": {
    "cen_loss": 5.739474778175354,
    "cen_accuracy": 0.099875
  },
  "5": {
    "cen_loss": 4.8179942111969,
    "cen_accuracy": 0.099875
  },
  "6": {
    "cen_loss": 4.603746707439423,
    "cen_accuracy": 0.1385
  },
  "7": {
    "cen_loss": 4.302434120178223,
    "cen_accuracy": 0.14425
  },
  "8": {
    "cen_loss": 3.0186943509578703,
    "cen_accuracy": 0.23925
  },
  "9": {
    "cen_loss": 2.4334528648853304,
    "cen_accuracy": 0.30175
  },
  "10": {
    "cen_loss": 1.627042098760605,
    "cen_accuracy": 0.50925
  },
  "11": {
    "cen_loss": 2.240378373622894,
    "cen_accuracy": 0.33775
  },
  "12": {
    "cen_loss": 1.9994636898040772,
    "cen_accuracy": 0.409875
  },
  "13": {
    "cen_loss": 1.865552853345871,
    "cen_accuracy": 0.4625
  },
  "14": {
    "cen_loss": 1.806804067850113,
    "cen_accuracy": 0.4845
  },
  "15": {
    "cen_loss": 1.5926212347745896,
    "cen_accuracy": 0.54725
  },
  "16": {
    "cen_loss": 1.7945787245035172,
    "cen_accuracy": 0.52575
  },
  "17": {
    "cen_loss": 1.5852349254488944,
    "cen_accuracy": 0.55575
  },
  "18": {
    "cen_loss": 1.3885112809538842,
    "cen_accuracy": 0.59725
  },
  "19": {
    "cen_loss": 1.3849499399662017,
    "cen_accuracy": 0.601625
  },
  "20": {
    "cen_loss": 1.3396307301521302,
    "cen_accuracy": 0.63025
  },
  "21": {
    "cen_loss": 1.4358558821678162,
    "cen_accuracy": 0.60025
  },
  "22": {
    "cen_loss": 1.3494200982153415,
    "cen_accuracy": 0.619125
  },
  "23": {
    "cen_loss": 1.3312072489857674,
    "cen_accuracy": 0.624875
  },
  "24": {
    "cen_loss": 1.490955294907093,
    "cen_accuracy": 0.596875
  },
  "25": {
    "cen_loss": 1.2602395499646664,
    "cen_accuracy": 0.644125
  },
  "26": {
    "cen_loss": 1.261685071527958,
    "cen_accuracy": 0.646625
  },
  "27": {
    "cen_loss": 1.2990676210969687,
    "cen_accuracy": 0.638375
  },
  "28": {
    "cen_loss": 1.1698332339972257,
    "cen_accuracy": 0.664625
  },
  "29": {
    "cen_loss": 1.2433291611522437,
    "cen_accuracy": 0.659625
  },
  "30": {
    "cen_loss": 1.2791695895642041,
    "cen_accuracy": 0.6565
  },
  "31": {
    "cen_loss": 1.2451423428952695,
    "cen_accuracy": 0.65975
  },
  "32": {
    "cen_loss": 1.2073333094716072,
    "cen_accuracy": 0.66775
  },
  "33": {
    "cen_loss": 1.1614211506843566,
    "cen_accuracy": 0.670625
  },
  "34": {
    "cen_loss": 1.1666941986083985,
    "cen_accuracy": 0.67675
  },
  "35": {
    "cen_loss": 1.187476508885622,
    "cen_accuracy": 0.674375
  },
  "36": {
    "cen_loss": 1.2497215863466262,
    "cen_accuracy": 0.66425
  },
  "37": {
    "cen_loss": 1.0983562164306642,
    "cen_accuracy": 0.68975
  },
  "38": {
    "cen_loss": 1.1156978031396867,
    "cen_accuracy": 0.685
  },
  "39": {
    "cen_loss": 1.1755621297955512,
    "cen_accuracy": 0.677375
  },
  "40": {
    "cen_loss": 1.1594274624288081,
    "cen_accuracy": 0.68975
  },
  "41": {
    "cen_loss": 1.192361686065793,
    "cen_accuracy": 0.68125
  },
  "42": {
    "cen_loss": 1.1933824601769447,
    "cen_accuracy": 0.6765
  },
  "43": {
    "cen_loss": 1.229931072384119,
    "cen_accuracy": 0.6705
  },
  "44": {
    "cen_loss": 1.1264531016945838,
    "cen_accuracy": 0.687125
  },
  "45": {
    "cen_loss": 1.1028883760869503,
    "cen_accuracy": 0.694875
  },
  "46": {
    "cen_loss": 1.1252238734066486,
    "cen_accuracy": 0.684
  },
  "47": {
    "cen_loss": 1.120280595049262,
    "cen_accuracy": 0.698375
  },
  "48": {
    "cen_loss": 1.093976691454649,
    "cen_accuracy": 0.69975
  },
  "49": {
    "cen_loss": 1.0519764364957809,
    "cen_accuracy": 0.70575
  },
  "50": {
    "cen_loss": 1.1225925237685441,
    "cen_accuracy": 0.704
  },
  "51": {
    "cen_loss": 1.1205896461009979,
    "cen_accuracy": 0.697
  },
  "52": {
    "cen_loss": 1.1289345441162586,
    "cen_accuracy": 0.693625
  },
  "53": {
    "cen_loss": 1.1159421939253806,
    "cen_accuracy": 0.69275
  },
  "54": {
    "cen_loss": 1.1399871655702591,
    "cen_accuracy": 0.692875
  },
  "55": {
    "cen_loss": 1.1740980225503446,
    "cen_accuracy": 0.690875
  },
  "56": {
    "cen_loss": 1.1050822759494185,
    "cen_accuracy": 0.70125
  },
  "57": {
    "cen_loss": 1.1658338847458363,
    "cen_accuracy": 0.694
  },
  "58": {
    "cen_loss": 1.1416330232769252,
    "cen_accuracy": 0.706125
  },
  "59": {
    "cen_loss": 1.2146073032915592,
    "cen_accuracy": 0.6815
  },
  "60": {
    "cen_loss": 1.2813465231209993,
    "cen_accuracy": 0.688375
  },
  "61": {
    "cen_loss": 1.1000307260155677,
    "cen_accuracy": 0.700875
  },
  "62": {
    "cen_loss": 1.1840258253216744,
    "cen_accuracy": 0.690625
  },
  "63": {
    "cen_loss": 1.1449773878455163,
    "cen_accuracy": 0.696125
  },
  "64": {
    "cen_loss": 1.157492453843355,
    "cen_accuracy": 0.702125
  },
  "65": {
    "cen_loss": 1.0818765814900397,
    "cen_accuracy": 0.712125
  },
  "66": {
    "cen_loss": 1.1270238748118282,
    "cen_accuracy": 0.70975
  },
  "67": {
    "cen_loss": 1.1018681746274233,
    "cen_accuracy": 0.7095
  },
  "68": {
    "cen_loss": 1.1629209251552821,
    "cen_accuracy": 0.7045
  },
  "69": {
    "cen_loss": 1.1446030064076185,
    "cen_accuracy": 0.700875
  },
  "70": {
    "cen_loss": 1.1769032481610775,
    "cen_accuracy": 0.712875
  },
  "71": {
    "cen_loss": 1.1645786314085127,
    "cen_accuracy": 0.704375
  },
  "72": {
    "cen_loss": 1.1910298882424832,
    "cen_accuracy": 0.701125
  },
  "73": {
    "cen_loss": 1.1101053111702204,
    "cen_accuracy": 0.708875
  },
  "74": {
    "cen_loss": 1.151175461396575,
    "cen_accuracy": 0.7015
  },
  "75": {
    "cen_loss": 1.198545007482171,
    "cen_accuracy": 0.69475
  },
  "76": {
    "cen_loss": 1.0921040521264076,
    "cen_accuracy": 0.713
  },
  "77": {
    "cen_loss": 1.136532071635127,
    "cen_accuracy": 0.709125
  },
  "78": {
    "cen_loss": 1.1596246134638786,
    "cen_accuracy": 0.7015
  },
  "79": {
    "cen_loss": 1.2040090371817351,
    "cen_accuracy": 0.7005
  },
  "80": {
    "cen_loss": 1.2845720055401326,
    "cen_accuracy": 0.697
  },
  "81": {
    "cen_loss": 1.123851789548993,
    "cen_accuracy": 0.704625
  },
  "82": {
    "cen_loss": 1.1460915330052375,
    "cen_accuracy": 0.705625
  },
  "83": {
    "cen_loss": 1.1527159018814563,
    "cen_accuracy": 0.703125
  },
  "84": {
    "cen_loss": 1.0768374438285828,
    "cen_accuracy": 0.71575
  },
  "85": {
    "cen_loss": 1.0994980566054582,
    "cen_accuracy": 0.7135
  },
  "86": {
    "cen_loss": 1.009325445368886,
    "cen_accuracy": 0.726125
  },
  "87": {
    "cen_loss": 1.0127383236140013,
    "cen_accuracy": 0.722
  },
  "88": {
    "cen_loss": 1.016380846902728,
    "cen_accuracy": 0.7255
  },
  "89": {
    "cen_loss": 1.0365087667256594,
    "cen_accuracy": 0.727
  },
  "90": {
    "cen_loss": 1.0619423859715462,
    "cen_accuracy": 0.72775
  },
  "91": {
    "cen_loss": 1.0143482783138753,
    "cen_accuracy": 0.728
  },
  "92": {
    "cen_loss": 0.9577320834472776,
    "cen_accuracy": 0.735125
  },
  "93": {
    "cen_loss": 0.9991276808604598,
    "cen_accuracy": 0.732125
  },
  "94": {
    "cen_loss": 1.0028221121430396,
    "cen_accuracy": 0.732875
  },
  "95": {
    "cen_loss": 0.9683339787945151,
    "cen_accuracy": 0.7335
  },
  "96": {
    "cen_loss": 0.9886902239918709,
    "cen_accuracy": 0.736375
  },
  "97": {
    "cen_loss": 0.9753350363075733,
    "cen_accuracy": 0.73475
  },
  "98": {
    "cen_loss": 1.0088747987598181,
    "cen_accuracy": 0.732875
  },
  "99": {
    "cen_loss": 1.0173029469400645,
    "cen_accuracy": 0.734875
  },
  "100": {
    "cen_loss": 1.08197088226676,
    "cen_accuracy": 0.72875
  },
  "101": {
    "cen_loss": 0.987779072701931,