{
  "0": {
    "cen_loss": 2.302696087360382,
    "cen_accuracy": 0.100375
  },
  "1": {
    "cen_loss": 2.302696087360382,
    "cen_accuracy": 0.100375
  },
  "2": {
    "cen_loss": 3.4351053137779237,
    "cen_accuracy": 0.099875
  },
  "3": {
    "cen_loss": 4.554956321239471,
    "cen_accuracy": 0.099875
  },
  "4": {
    "cen_loss": 5.037602544307709,
    "cen_accuracy": 0.099875
  },
  "5": {
    "cen_loss": 5.039196048736573,
    "cen_accuracy": 0.110125
  },
  "6": {
    "cen_loss": 4.376549849033355,
    "cen_accuracy": 0.123125
  },
  "7": {
    "cen_loss": 3.968114625453949,
    "cen_accuracy": 0.1795
  },
  "8": {
    "cen_loss": 2.7266748085021972,
    "cen_accuracy": 0.26375
  },
  "9": {
    "cen_loss": 2.449837069272995,
    "cen_accuracy": 0.326375
  },
  "10": {
    "cen_loss": 1.8467431095838547,
    "cen_accuracy": 0.48325
  },
  "11": {
    "cen_loss": 2.175065277338028,
    "cen_accuracy": 0.36825
  },
  "12": {
    "cen_loss": 1.8038294497728349,
    "cen_accuracy": 0.4585
  },
  "13": {
    "cen_loss": 1.842555139541626,
    "cen_accuracy": 0.469125
  },
  "14": {
    "cen_loss": 1.8119182999134065,
    "cen_accuracy": 0.485125
  },
  "15": {
    "cen_loss": 2.0037754155397414,
    "cen_accuracy": 0.465625
  },
  "16": {
    "cen_loss": 1.5472165985107422,
    "cen_accuracy": 0.545125
  },
  "17": {
    "cen_loss": 1.639270540356636,
    "cen_accuracy": 0.537125
  },
  "18": {
    "cen_loss": 1.79584292781353,
    "cen_accuracy": 0.526375
  },
  "19": {
    "cen_loss": 1.6334390936493874,
    "cen_accuracy": 0.553375
  },
  "20": {
    "cen_loss": 1.6284616869688033,
    "cen_accuracy": 0.5695
  },
  "21": {
    "cen_loss": 1.7273413252830505,
    "cen_accuracy": 0.53825
  },
  "22": {
    "cen_loss": 1.6342001029849051,
    "cen_accuracy": 0.560125
  },
  "23": {
    "cen_loss": 1.499817964911461,
    "cen_accuracy": 0.582625
  },
  "24": {
    "cen_loss": 1.5538354864120483,
    "cen_accuracy": 0.577875
  },
  "25": {
    "cen_loss": 1.4695348070263863,
    "cen_accuracy": 0.58975
  },
  "26": {
    "cen_loss": 1.4578699352145195,
    "cen_accuracy": 0.595
  },
  "27": {
    "cen_loss": 1.5191026475429534,
    "cen_accuracy": 0.59375
  },
  "28": {
    "cen_loss": 1.3254133869111537,
    "cen_accuracy": 0.625
  },
  "29": {
    "cen_loss": 1.472616331756115,
    "cen_accuracy": 0.59875
  },
  "30": {
    "cen_loss": 1.4143195171356202,
    "cen_accuracy": 0.616875
  },
  "31": {
    "cen_loss": 1.3134179264903068,
    "cen_accuracy": 0.62325
  },
  "32": {
    "cen_loss": 1.2836510908007621,
    "cen_accuracy": 0.63375
  },
  "33": {
    "cen_loss": 1.315581790983677,
    "cen_accuracy": 0.63425
  },
  "34": {
    "cen_loss": 1.3932433897554874,
    "cen_accuracy": 0.61925
  },
  "35": {
    "cen_loss": 1.2976163157522678,
    "cen_accuracy": 0.631
  },
  "36": {
    "cen_loss": 1.242850997120142,
    "cen_accuracy": 0.649375
  },
  "37": {
    "cen_loss": 1.2621621986925602,
    "cen_accuracy": 0.644
  },
  "38": {
    "cen_loss": 1.4574746484160424,
    "cen_accuracy": 0.620875
  },
  "39": {
    "cen_loss": 1.2879920880794524,
    "cen_accuracy": 0.648
  },
  "40": {
    "cen_loss": 1.3122220772206783,
    "cen_accuracy": 0.649125
  },
  "41": {
    "cen_loss": 1.2014405200928449,
    "cen_accuracy": 0.651125
  },
  "42": {
    "cen_loss": 1.2476576386094094,
    "cen_accuracy": 0.652
  },
  "43": {
    "cen_loss": 1.2605230286717415,
    "cen_accuracy": 0.644125
  },
  "44": {
    "cen_loss": 1.2107179641723633,
    "cen_accuracy": 0.664875
  },
  "45": {
    "cen_loss": 1.1867931988537312,
    "cen_accuracy": 0.66275
  },
  "46": {
    "cen_loss": 1.1462543194368482,
    "cen_accuracy": 0.675375
  },
  "47": {
    "cen_loss": 1.1484757218062878,
    "cen_accuracy": 0.675125
  },
  "48": {
    "cen_loss": 1.1239187007695437,
    "cen_accuracy": 0.676375
  },
  "49": {
    "cen_loss": 1.1062175524830817,
    "cen_accuracy": 0.686625
  },
  "50": {
    "cen_loss": 1.1522652483284472,
    "cen_accuracy": 0.68325
  },
  "51": {
    "cen_loss": 1.238587889701128,
    "cen_accuracy": 0.664
  },
  "52": {
    "cen_loss": 1.1401536745280028,
    "cen_accuracy": 0.679875
  },
  "53": {
    "cen_loss": 1.1237394951730966,
    "cen_accuracy": 0.685
  },
  "54": {
    "cen_loss": 1.1144191283881664,
    "cen_accuracy": 0.68325
  },
  "55": {
    "cen_loss": 1.1403251188248396,
    "cen_accuracy": 0.685875
  },
  "56": {
    "cen_loss": 1.1106501023471356,
    "cen_accuracy": 0.690625
  },
  "57": {
    "cen_loss": 1.085341448634863,
    "cen_accuracy": 0.6875
  },
  "58": {
    "cen_loss": 1.0314766373634339,
    "cen_accuracy": 0.70375
  },
  "59": {
    "cen_loss": 1.0834740510582923,
    "cen_accuracy": 0.688375
  },
  "60": {
    "cen_loss": 1.1213849813193082,
    "cen_accuracy": 0.69175
  },
  "61": {
    "cen_loss": 0.9980560315400362,
    "cen_accuracy": 0.707625
  },
  "62": {
    "cen_loss": 1.1081366303861142,
    "cen_accuracy": 0.68925
  },
  "63": {
    "cen_loss": 1.1011227681934834,
    "cen_accuracy": 0.693875
  },
  "64": {
    "cen_loss": 1.1144798385649919,
    "cen_accuracy": 0.694625
  },
  "65": {
    "cen_loss": 1.06985691177845,
    "cen_accuracy": 0.691625
  },
  "66": {
    "cen_loss": 1.0463481046259404,
    "cen_accuracy": 0.7015
  },
  "67": {
    "cen_loss": 1.1278698273301124,
    "cen_accuracy": 0.693375
  },
  "68": {
    "cen_loss": 1.029441785722971,
    "cen_accuracy": 0.699625
  },
  "69": {
    "cen_loss": 1.0138502556234599,
    "cen_accuracy": 0.710375
  },
  "70": {
    "cen_loss": 1.101609544351697,
    "cen_accuracy": 0.69175
  },
  "71": {
    "cen_loss": 0.9600264454632997,
    "cen_accuracy": 0.7195
  },
  "72": {
    "cen_loss": 1.0201425321251154,
    "cen_accuracy": 0.711875
  },
  "73": {
    "cen_loss": 1.0001964129209517,
    "cen_accuracy": 0.715375
  },
  "74": {
    "cen_loss": 1.0099393709450961,
    "cen_accuracy": 0.71275
  },
  "75": {
    "cen_loss": 1.0009473918676377,
    "cen_accuracy": 0.711
  },
  "76": {
    "cen_loss": 1.0566272354722024,
    "cen_accuracy": 0.708125
  },
  "77": {
    "cen_loss": 0.9474708889350295,
    "cen_accuracy": 0.72325
  },
  "78": {
    "cen_loss": 0.9923698812574148,
    "cen_accuracy": 0.719
  },
  "79": {
    "cen_loss": 0.9728947603404522,
    "cen_accuracy": 0.721
  },
  "80": {
    "cen_loss": 1.0613068794608116,
    "cen_accuracy": 0.71525
  },
  "81": {
    "cen_loss": 0.9600051963925361,
    "cen_accuracy": 0.729625
  },
  "82": {
    "cen_loss": 0.9899665566533804,
    "cen_accuracy": 0.720375
  },
  "83": {
    "cen_loss": 1.022138399131596,
    "cen_accuracy": 0.71925
  },
  "84": {
    "cen_loss": 1.0371187769770622,
    "cen_accuracy": 0.709
  },
  "85": {
    "cen_loss": 0.9490581204891205,
    "cen_accuracy": 0.72675
  },
  "86": {
    "cen_loss": 1.0100215288698673,
    "cen_accuracy": 0.7195
  },
  "87": {
    "cen_loss": 0.9358052546828985,
    "cen_accuracy": 0.73675
  },
  "88": {
    "cen_loss": 0.9348738812655211,
    "cen_accuracy": 0.732375
  },
  "89": {
    "cen_loss": 0.9668240759074688,
    "cen_accuracy": 0.730375
  },
  "90": {
    "cen_loss": 0.993320985160768,
    "cen_accuracy": 0.7295
  },
  "91": {
    "cen_loss": 0.9547280543148517,
    "cen_accuracy": 0.728375
  },
  "92": {
    "cen_loss": 0.9346983742341399,
    "cen_accuracy": 0.731
  },
  "93": {
    "cen_loss": 1.0018833768963813,
    "cen_accuracy": 0.718125
  },
  "94": {
    "cen_loss": 0.9343211436346174,
    "cen_accuracy": 0.730375
  },
  "95": {
    "cen_loss": 0.9050275150686502,
    "cen_accuracy": 0.738
  },
  "96": {
    "cen_loss": 0.9440377326160669,
    "cen_accuracy": 0.730875
  },
  "97": {
    "cen_loss": 0.8930111793279648,
    "cen_accuracy": 0.742875
  },
  "98": {
    "cen_loss": 0.9711769008375705,
    "cen_accuracy": 0.726625
  },
  "99": {
    "cen_loss": 0.9456734831482172,
    "cen_accuracy": 0.732375
  },
  "100": {
    "cen_loss": 1.0140326575823129,
    "cen_accuracy": 0.7245
  },