{
  "0": {
    "cen_loss": 2.3027777171134947,
    "cen_accuracy": 0.097625
  },
  "1": {
    "cen_loss": 2.3027777171134947,
    "cen_accuracy": 0.097625
  },
  "2": {
    "cen_loss": 2.6553328166007995,
    "cen_accuracy": 0.0985
  },
  "3": {
    "cen_loss": 2.823208305358887,
    "cen_accuracy": 0.101375
  },
  "4": {
    "cen_loss": 2.7455079765319823,
    "cen_accuracy": 0.10075
  },
  "5": {
    "cen_loss": 3.059259994506836,
    "cen_accuracy": 0.100375
  },
  "6": {
    "cen_loss": 3.879679058551788,
    "cen_accuracy": 0.10175
  },
  "7": {
    "cen_loss": 3.651604806423187,
    "cen_accuracy": 0.1005
  },
  "8": {
    "cen_loss": 3.5637057938575745,
    "cen_accuracy": 0.117
  },
  "9": {
    "cen_loss": 3.2323583707809447,
    "cen_accuracy": 0.125625
  },
  "10": {
    "cen_loss": 2.0052159398794176,
    "cen_accuracy": 0.32075
  },
  "11": {
    "cen_loss": 3.9118826599121093,
    "cen_accuracy": 0.1495
  },
  "12": {
    "cen_loss": 3.0691622240543364,
    "cen_accuracy": 0.226625
  },
  "13": {
    "cen_loss": 2.3430443761348725,
    "cen_accuracy": 0.291375
  },
  "14": {
    "cen_loss": 2.823760346889496,
    "cen_accuracy": 0.299875
  },
  "15": {
    "cen_loss": 2.436466044187546,
    "cen_accuracy": 0.298375
  },
  "16": {
    "cen_loss": 1.6602436834573746,
    "cen_accuracy": 0.4185
  },
  "17": {
    "cen_loss": 1.7181157239675522,
    "cen_accuracy": 0.49925
  },
  "18": {
    "cen_loss": 1.5844250589609146,
    "cen_accuracy": 0.46125
  },
  "19": {
    "cen_loss": 1.9425753632783889,
    "cen_accuracy": 0.403625
  },
  "20": {
    "cen_loss": 1.921824230670929,
    "cen_accuracy": 0.43325
  },
  "21": {
    "cen_loss": 1.2623086426258088,
    "cen_accuracy": 0.558625
  },
  "22": {
    "cen_loss": 1.7829550203084945,
    "cen_accuracy": 0.4245
  },
  "23": {
    "cen_loss": 1.726832075715065,
    "cen_accuracy": 0.52725
  },
  "24": {
    "cen_loss": 1.488083926320076,
    "cen_accuracy": 0.50175
  },
  "25": {
    "cen_loss": 1.5856858775019647,
    "cen_accuracy": 0.476
  },
  "26": {
    "cen_loss": 1.1396969243884087,
    "cen_accuracy": 0.612625
  },
  "27": {
    "cen_loss": 3.793832410812378,
    "cen_accuracy": 0.349125
  },
  "28": {
    "cen_loss": 3.8709379367828367,
    "cen_accuracy": 0.300125
  },
  "29": {
    "cen_loss": 1.6775821684598922,
    "cen_accuracy": 0.5555
  },
  "30": {
    "cen_loss": 2.113471952795982,
    "cen_accuracy": 0.531625
  },
  "31": {
    "cen_loss": 2.768451688528061,
    "cen_accuracy": 0.35425
  },
  "32": {
    "cen_loss": 2.7248856859207153,
    "cen_accuracy": 0.341
  },
  "33": {
    "cen_loss": 2.0991884260177613,
    "cen_accuracy": 0.431125
  },
  "34": {
    "cen_loss": 2.3770693566799164,
    "cen_accuracy": 0.3615
  },
  "35": {
    "cen_loss": 1.6750364577770234,
    "cen_accuracy": 0.489
  },
  "36": {
    "cen_loss": 2.0164601976871492,
    "cen_accuracy": 0.472875
  },
  "37": {
    "cen_loss": 2.6214619517326354,
    "cen_accuracy": 0.418125
  },
  "38": {
    "cen_loss": 1.9031011437177658,
    "cen_accuracy": 0.48825
  },
  "39": {
    "cen_loss": 2.2864080377817153,
    "cen_accuracy": 0.4275
  },
  "40": {
    "cen_loss": 2.900493313550949,
    "cen_accuracy": 0.39775
  },
  "41": {
    "cen_loss": 1.378547392308712,
    "cen_accuracy": 0.571
  },
  "42": {
    "cen_loss": 2.2061059105396272,
    "cen_accuracy": 0.42775
  },
  "43": {
    "cen_loss": 1.854936215043068,
    "cen_accuracy": 0.483
  },
  "44": {
    "cen_loss": 1.5673552085161209,
    "cen_accuracy": 0.5035
  },
  "45": {
    "cen_loss": 1.888133015692234,
    "cen_accuracy": 0.5095
  },
  "46": {
    "cen_loss": 1.873520599246025,
    "cen_accuracy": 0.43725
  },
  "47": {
    "cen_loss": 2.0250292980670928,
    "cen_accuracy": 0.50075
  },
  "48": {
    "cen_loss": 1.6100734421610832,
    "cen_accuracy": 0.51575
  },
  "49": {
    "cen_loss": 2.1625914903879164,
    "cen_accuracy": 0.427
  },
  "50": {
    "cen_loss": 3.2957447741031647,
    "cen_accuracy": 0.347375
  },
  "51": {
    "cen_loss": 0.9365246613621712,
    "cen_accuracy": 0.67925
  },
  "52": {
    "cen_loss": 2.0178124446868897,
    "cen_accuracy": 0.40775
  },
  "53": {
    "cen_loss": 1.6283080749511718,
    "cen_accuracy": 0.515875
  },
  "54": {
    "cen_loss": 2.69621900844574,
    "cen_accuracy": 0.3545
  },
  "55": {
    "cen_loss": 1.5867355924844742,
    "cen_accuracy": 0.495625
  },
  "56": {
    "cen_loss": 1.4727286197543143,
    "cen_accuracy": 0.573
  },
  "57": {
    "cen_loss": 3.6725561003685,
    "cen_accuracy": 0.269
  },
  "58": {
    "cen_loss": 1.03257598310709,
    "cen_accuracy": 0.63475
  },
  "59": {
    "cen_loss": 1.6809074729681015,
    "cen_accuracy": 0.529375
  },
  "60": {
    "cen_loss": 1.5753165898919106,
    "cen_accuracy": 0.55925
  },
  "61": {
    "cen_loss": 1.267541829109192,
    "cen_accuracy": 0.5965
  },
  "62": {
    "cen_loss": 3.7062645378112795,
    "cen_accuracy": 0.29825
  },
  "63": {
    "cen_loss": 2.062362916111946,
    "cen_accuracy": 0.449875
  },
  "64": {
    "cen_loss": 1.9639341213107109,
    "cen_accuracy": 0.50675
  },
  "65": {
    "cen_loss": 2.2520041095018386,
    "cen_accuracy": 0.41525
  },
  "66": {
    "cen_loss": 1.7268476144075393,
    "cen_accuracy": 0.518375
  },
  "67": {
    "cen_loss": 1.6402800812721252,
    "cen_accuracy": 0.53475
  },
  "68": {
    "cen_loss": 1.3204201272130012,
    "cen_accuracy": 0.586875
  },
  "69": {
    "cen_loss": 1.1502223834991454,
    "cen_accuracy": 0.61525
  },
  "70": {
    "cen_loss": 1.7807080439329148,
    "cen_accuracy": 0.5085
  },
  "71": {
    "cen_loss": 1.0345664465427398,
    "cen_accuracy": 0.66425
  },
  "72": {
    "cen_loss": 2.662324520111084,
    "cen_accuracy": 0.30725
  },
  "73": {
    "cen_loss": 3.968099817752838,
    "cen_accuracy": 0.353625
  },
  "74": {
    "cen_loss": 2.260434030175209,
    "cen_accuracy": 0.46025
  },
  "75": {
    "cen_loss": 1.431717372596264,
    "cen_accuracy": 0.537875
  },
  "76": {
    "cen_loss": 1.7567098342180252,
    "cen_accuracy": 0.480875
  },
  "77": {
    "cen_loss": 0.8659069005548954,
    "cen_accuracy": 0.69975
  },
  "78": {
    "cen_loss": 1.150611581772566,
    "cen_accuracy": 0.64825
  },
  "79": {
    "cen_loss": 0.9045417083203793,
    "cen_accuracy": 0.693125
  },
  "80": {
    "cen_loss": 1.1015150146782398,
    "cen_accuracy": 0.650375
  },
  "81": {
    "cen_loss": 1.4689123311042787,
    "cen_accuracy": 0.548875
  },
  "82": {
    "cen_loss": 2.062898723721504,
    "cen_accuracy": 0.430625
  },
  "83": {
    "cen_loss": 1.726266749203205,
    "cen_accuracy": 0.481
  },
  "84": {
    "cen_loss": 1.0669514530301094,
    "cen_accuracy": 0.652
  },
  "85": {
    "cen_loss": 1.5091535612940787,
    "cen_accuracy": 0.567875
  },
  "86": {
    "cen_loss": 1.7997324979305267,
    "cen_accuracy": 0.504
  },
  "87": {
    "cen_loss": 1.5332121233344078,
    "cen_accuracy": 0.514
  },
  "88": {
    "cen_loss": 0.8573834798783064,
    "cen_accuracy": 0.72325
  },
  "89": {
    "cen_loss": 1.5747279635071754,
    "cen_accuracy": 0.553875
  },
  "90": {
    "cen_loss": 2.549352603793144,
    "cen_accuracy": 0.453
  },
  "91": {
    "cen_loss": 1.7073551957011224,
    "cen_accuracy": 0.50075
  },
  "92": {
    "cen_loss": 2.2322427059412004,
    "cen_accuracy": 0.452
  },
  "93": {
    "cen_loss": 1.4918591138124466,
    "cen_accuracy": 0.557
  },
  "94": {
    "cen_loss": 1.5287467316389083,
    "cen_accuracy": 0.552375
  },
  "95": {
    "cen_loss": 2.4358786771297454,
    "cen_accuracy": 0.420125
  },
  "96": {
    "cen_loss": 1.357277858376503,
    "cen_accuracy": 0.555625
  },
  "97": {
    "cen_loss": 1.1542777372002602,
    "cen_accuracy": 0.62325
  },
  "98": {
    "cen_loss": 1.6607364032268523,
    "cen_accuracy": 0.558625
  },
  "99": {
    "cen_loss": 1.2249330009818078,
    "cen_accuracy": 0.625375
  },
  "100": {
    "cen_loss": 1.6869972670078277,
    "cen_accuracy": 0.547875
  },
  "101": {
    "cen_loss": 1.0346717756688595,