{
  "0": {
    "cen_loss": 2.3026313900947573,
    "cen_accuracy": 0.10175
  },
  "1": {
    "cen_loss": 2.3026313900947573,
    "cen_accuracy": 0.10175
  },
  "2": {
    "cen_loss": 3.800575222492218,
    "cen_accuracy": 0.09975
  },
  "3": {
    "cen_loss": 4.223302069664001,
    "cen_accuracy": 0.100625
  },
  "4": {
    "cen_loss": 4.784683573246002,
    "cen_accuracy": 0.10175
  },
  "5": {
    "cen_loss": 5.957666018009186,
    "cen_accuracy": 0.10225
  },
  "6": {
    "cen_loss": 4.908983367443085,
    "cen_accuracy": 0.163875
  },
  "7": {
    "cen_loss": 3.5626459715366363,
    "cen_accuracy": 0.22375
  },
  "8": {
    "cen_loss": 2.4480605261325836,
    "cen_accuracy": 0.324125
  },
  "9": {
    "cen_loss": 2.0492265527248383,
    "cen_accuracy": 0.416875
  },
  "10": {
    "cen_loss": 1.599015933573246,
    "cen_accuracy": 0.52775
  },
  "11": {
    "cen_loss": 1.7596682192087174,
    "cen_accuracy": 0.4715
  },
  "12": {
    "cen_loss": 1.8787303891777993,
    "cen_accuracy": 0.49275
  },
  "13": {
    "cen_loss": 1.7791142258644104,
    "cen_accuracy": 0.524375
  },
  "14": {
    "cen_loss": 1.6078103466629983,
    "cen_accuracy": 0.558625
  },
  "15": {
    "cen_loss": 1.7178111054301262,
    "cen_accuracy": 0.551375
  },
  "16": {
    "cen_loss": 1.7284621662497521,
    "cen_accuracy": 0.541625
  },
  "17": {
    "cen_loss": 1.4479160175919532,
    "cen_accuracy": 0.603
  },
  "18": {
    "cen_loss": 1.5827230281829834,
    "cen_accuracy": 0.594
  },
  "19": {
    "cen_loss": 1.5657381481826305,
    "cen_accuracy": 0.594875
  },
  "20": {
    "cen_loss": 1.3604361192584038,
    "cen_accuracy": 0.626
  },
  "21": {
    "cen_loss": 1.4985992086827755,
    "cen_accuracy": 0.5995
  },
  "22": {
    "cen_loss": 1.7354960656166076,
    "cen_accuracy": 0.583375
  },
  "23": {
    "cen_loss": 1.5259371669739485,
    "cen_accuracy": 0.613875
  },
  "24": {
    "cen_loss": 1.3838779101371765,
    "cen_accuracy": 0.622625
  },
  "25": {
    "cen_loss": 1.3730866211652755,
    "cen_accuracy": 0.642625
  },
  "26": {
    "cen_loss": 1.391216529160738,
    "cen_accuracy": 0.63675
  },
  "27": {
    "cen_loss": 1.4088760507106781,
    "cen_accuracy": 0.6355
  },
  "28": {
    "cen_loss": 1.317825024574995,
    "cen_accuracy": 0.640125
  },
  "29": {
    "cen_loss": 1.3481025364100934,
    "cen_accuracy": 0.646625
  },
  "30": {
    "cen_loss": 1.2792337556183337,
    "cen_accuracy": 0.660625
  },
  "31": {
    "cen_loss": 1.5893261657357216,
    "cen_accuracy": 0.615125
  },
  "32": {
    "cen_loss": 1.3571345903873444,
    "cen_accuracy": 0.647
  },
  "33": {
    "cen_loss": 1.3652416598200798,
    "cen_accuracy": 0.653375
  },
  "34": {
    "cen_loss": 1.4869823130965232,
    "cen_accuracy": 0.633875
  },
  "35": {
    "cen_loss": 1.4306973196566104,
    "cen_accuracy": 0.63375
  },
  "36": {
    "cen_loss": 1.4392304050922393,
    "cen_accuracy": 0.648875
  },
  "37": {
    "cen_loss": 1.4350682038664817,
    "cen_accuracy": 0.64825
  },
  "38": {
    "cen_loss": 1.4449283214509487,
    "cen_accuracy": 0.64575
  },
  "39": {
    "cen_loss": 1.3683307426273823,
    "cen_accuracy": 0.65675
  },
  "40": {
    "cen_loss": 1.3266964612603187,
    "cen_accuracy": 0.66475
  },
  "41": {
    "cen_loss": 1.3854192123413085,
    "cen_accuracy": 0.654125
  },
  "42": {
    "cen_loss": 1.3950029234290122,
    "cen_accuracy": 0.65725
  },
  "43": {
    "cen_loss": 1.2954720363914967,
    "cen_accuracy": 0.670875
  },
  "44": {
    "cen_loss": 1.2219767234921455,
    "cen_accuracy": 0.6835
  },
  "45": {
    "cen_loss": 1.3230620346069335,
    "cen_accuracy": 0.665
  },
  "46": {
    "cen_loss": 1.4209782930910588,
    "cen_accuracy": 0.655625
  },
  "47": {
    "cen_loss": 1.26489886033535,
    "cen_accuracy": 0.676125
  },
  "48": {
    "cen_loss": 1.2992839046120643,
    "cen_accuracy": 0.676375
  },
  "49": {
    "cen_loss": 1.3042482777535915,
    "cen_accuracy": 0.674
  },
  "50": {
    "cen_loss": 1.3196463337838649,
    "cen_accuracy": 0.672375
  },
  "51": {
    "cen_loss": 1.4747218092381955,
    "cen_accuracy": 0.646875
  },
  "52": {
    "cen_loss": 1.419071947425604,
    "cen_accuracy": 0.65675
  },
  "53": {
    "cen_loss": 1.3133858369588851,
    "cen_accuracy": 0.669625
  },
  "54": {
    "cen_loss": 1.4090451280772687,
    "cen_accuracy": 0.662
  },
  "55": {
    "cen_loss": 1.2838072835803032,
    "cen_accuracy": 0.674
  },
  "56": {
    "cen_loss": 1.302417161911726,
    "cen_accuracy": 0.675125
  },
  "57": {
    "cen_loss": 1.3357268695533275,
    "cen_accuracy": 0.674
  },
  "58": {
    "cen_loss": 1.3286500415354967,
    "cen_accuracy": 0.6835
  },
  "59": {
    "cen_loss": 1.3497661799788474,
    "cen_accuracy": 0.680125
  },
  "60": {
    "cen_loss": 1.3358757245093584,
    "cen_accuracy": 0.683
  },
  "61": {
    "cen_loss": 1.2502185837328434,
    "cen_accuracy": 0.689125
  },
  "62": {
    "cen_loss": 1.2708543186485768,
    "cen_accuracy": 0.6855
  },
  "63": {
    "cen_loss": 1.2968236991763116,
    "cen_accuracy": 0.681375
  },
  "64": {
    "cen_loss": 1.3167293106913567,
    "cen_accuracy": 0.683
  },
  "65": {
    "cen_loss": 1.2277016797363758,
    "cen_accuracy": 0.6985
  },
  "66": {
    "cen_loss": 1.2605489918589592,
    "cen_accuracy": 0.689
  },
  "67": {
    "cen_loss": 1.1985690977573396,
    "cen_accuracy": 0.698625
  },
  "68": {
    "cen_loss": 1.2374238514900207,
    "cen_accuracy": 0.68375
  },
  "69": {
    "cen_loss": 1.2624965795576573,
    "cen_accuracy": 0.694
  },
  "70": {
    "cen_loss": 1.2735654861927033,
    "cen_accuracy": 0.69325
  },
  "71": {
    "cen_loss": 1.2311061393916607,
    "cen_accuracy": 0.691
  },
  "72": {
    "cen_loss": 1.2356726063787937,
    "cen_accuracy": 0.689
  },
  "73": {
    "cen_loss": 1.211043655872345,
    "cen_accuracy": 0.70375
  },
  "74": {
    "cen_loss": 1.2637603117227554,
    "cen_accuracy": 0.69825
  },
  "75": {
    "cen_loss": 1.3238375491797925,
    "cen_accuracy": 0.698125
  },
  "76": {
    "cen_loss": 1.279455678373575,
    "cen_accuracy": 0.699375
  },
  "77": {
    "cen_loss": 1.302498846977949,
    "cen_accuracy": 0.691625
  },
  "78": {
    "cen_loss": 1.3802719737887383,
    "cen_accuracy": 0.6805
  },
  "79": {
    "cen_loss": 1.2294359369277954,
    "cen_accuracy": 0.704625
  },
  "80": {
    "cen_loss": 1.2188543968051673,
    "cen_accuracy": 0.70925
  },
  "81": {
    "cen_loss": 1.356082795649767,
    "cen_accuracy": 0.68875
  },
  "82": {
    "cen_loss": 1.359467699378729,
    "cen_accuracy": 0.690125
  },
  "83": {
    "cen_loss": 1.359604760825634,
    "cen_accuracy": 0.6825
  },
  "84": {
    "cen_loss": 1.369897146821022,
    "cen_accuracy": 0.68775
  },
  "85": {
    "cen_loss": 1.2029261478185653,
    "cen_accuracy": 0.704875
  },
  "86": {
    "cen_loss": 1.1511803992390632,
    "cen_accuracy": 0.71425
  },
  "87": {
    "cen_loss": 1.1148252863883972,
    "cen_accuracy": 0.71775
  },
  "88": {
    "cen_loss": 1.1166243640482425,
    "cen_accuracy": 0.724875
  },
  "89": {
    "cen_loss": 1.1216463502943517,
    "cen_accuracy": 0.720875
  },
  "90": {
    "cen_loss": 1.1356542412638664,
    "cen_accuracy": 0.7215
  },
  "91": {
    "cen_loss": 1.1654719939231872,
    "cen_accuracy": 0.70825
  },
  "92": {
    "cen_loss": 1.150029670059681,
    "cen_accuracy": 0.717875
  },
  "93": {
    "cen_loss": 1.1617969458699227,
    "cen_accuracy": 0.7155
  },
  "94": {
    "cen_loss": 1.2412843425571918,
    "cen_accuracy": 0.707
  },
  "95": {
    "cen_loss": 1.2666390963792802,
    "cen_accuracy": 0.70525
  },
  "96": {
    "cen_loss": 1.237584694236517,
    "cen_accuracy": 0.709125
  },
  "97": {
    "cen_loss": 1.3037154176831245,
    "cen_accuracy": 0.7055
  },
  "98": {
    "cen_loss": 1.306412777364254,
    "cen_accuracy": 0.69875
  },
  "99": {
    "cen_loss": 1.318924996495247,
    "cen_accuracy": 0.69725
  },
  "100": {
    "cen_loss": 1.3112462360560895,
    "cen_accuracy": 0.70825
  },
  "101": {
    "cen_loss": 1.2561614087373019,