{
  "0": {
    "cen_loss": 2.3027670545578003,
    "cen_accuracy": 0.0985
  },
  "1": {
    "cen_loss": 2.3027670545578003,
    "cen_accuracy": 0.0985
  },
  "2": {
    "cen_loss": 3.0431582765579224,
    "cen_accuracy": 0.099875
  },
  "3": {
    "cen_loss": 3.3794186086654663,
    "cen_accuracy": 0.09
  },
  "4": {
    "cen_loss": 4.043448598384857,
    "cen_accuracy": 0.100375
  },
  "5": {
    "cen_loss": 5.011963824272156,
    "cen_accuracy": 0.10175
  },
  "6": {
    "cen_loss": 3.988001191139221,
    "cen_accuracy": 0.1375
  },
  "7": {
    "cen_loss": 3.1574103968143463,
    "cen_accuracy": 0.18675
  },
  "8": {
    "cen_loss": 2.5309149227142336,
    "cen_accuracy": 0.250625
  },
  "9": {
    "cen_loss": 2.770974301576614,
    "cen_accuracy": 0.294375
  },
  "10": {
    "cen_loss": 2.40759228515625,
    "cen_accuracy": 0.34925
  },
  "11": {
    "cen_loss": 2.5815890662670133,
    "cen_accuracy": 0.3005
  },
  "12": {
    "cen_loss": 2.6127649760246277,
    "cen_accuracy": 0.314
  },
  "13": {
    "cen_loss": 2.5325104176998137,
    "cen_accuracy": 0.376375
  },
  "14": {
    "cen_loss": 2.4304796612262725,
    "cen_accuracy": 0.35525
  },
  "15": {
    "cen_loss": 2.4439254487752913,
    "cen_accuracy": 0.369125
  },
  "16": {
    "cen_loss": 2.0468304756879805,
    "cen_accuracy": 0.431875
  },
  "17": {
    "cen_loss": 2.2712891491651535,
    "cen_accuracy": 0.435375
  },
  "18": {
    "cen_loss": 2.3878951585292816,
    "cen_accuracy": 0.440375
  },
  "19": {
    "cen_loss": 2.3633566069602967,
    "cen_accuracy": 0.447125
  },
  "20": {
    "cen_loss": 2.239135540008545,
    "cen_accuracy": 0.487625
  },
  "21": {
    "cen_loss": 2.052551261782646,
    "cen_accuracy": 0.447
  },
  "22": {
    "cen_loss": 2.3896868517398833,
    "cen_accuracy": 0.478375
  },
  "23": {
    "cen_loss": 1.7712555867433548,
    "cen_accuracy": 0.494125
  },
  "24": {
    "cen_loss": 1.6970794011354446,
    "cen_accuracy": 0.5355
  },
  "25": {
    "cen_loss": 1.6305958329439163,
    "cen_accuracy": 0.532875
  },
  "26": {
    "cen_loss": 1.4928093694448472,
    "cen_accuracy": 0.547625
  },
  "27": {
    "cen_loss": 1.6932427302598954,
    "cen_accuracy": 0.538875
  },
  "28": {
    "cen_loss": 1.8945638468265533,
    "cen_accuracy": 0.499125
  },
  "29": {
    "cen_loss": 1.7155077510476113,
    "cen_accuracy": 0.535875
  },
  "30": {
    "cen_loss": 1.8123116038441658,
    "cen_accuracy": 0.547125
  },
  "31": {
    "cen_loss": 1.7772253762483596,
    "cen_accuracy": 0.51825
  },
  "32": {
    "cen_loss": 1.5820661894083023,
    "cen_accuracy": 0.56175
  },
  "33": {
    "cen_loss": 1.6138345738053321,
    "cen_accuracy": 0.556875
  },
  "34": {
    "cen_loss": 1.6170585349202156,
    "cen_accuracy": 0.559
  },
  "35": {
    "cen_loss": 1.6951234695911408,
    "cen_accuracy": 0.526375
  },
  "36": {
    "cen_loss": 1.4530155371427536,
    "cen_accuracy": 0.581
  },
  "37": {
    "cen_loss": 1.8083753322958946,
    "cen_accuracy": 0.54975
  },
  "38": {
    "cen_loss": 1.3523702992200852,
    "cen_accuracy": 0.6045
  },
  "39": {
    "cen_loss": 1.504529027044773,
    "cen_accuracy": 0.588875
  },
  "40": {
    "cen_loss": 1.6198217418789864,
    "cen_accuracy": 0.583625
  },
  "41": {
    "cen_loss": 1.4134973050951958,
    "cen_accuracy": 0.587375
  },
  "42": {
    "cen_loss": 1.2644489579200744,
    "cen_accuracy": 0.61825
  },
  "43": {
    "cen_loss": 1.1913529144227504,
    "cen_accuracy": 0.62725
  },
  "44": {
    "cen_loss": 1.5130022788643838,
    "cen_accuracy": 0.578
  },
  "45": {
    "cen_loss": 1.5292926154732704,
    "cen_accuracy": 0.548
  },
  "46": {
    "cen_loss": 1.3076477564573288,
    "cen_accuracy": 0.6155
  },
  "47": {
    "cen_loss": 1.5229700120687484,
    "cen_accuracy": 0.593125
  },
  "48": {
    "cen_loss": 1.5224675570726394,
    "cen_accuracy": 0.579875
  },
  "49": {
    "cen_loss": 1.3631123165488244,
    "cen_accuracy": 0.604875
  },
  "50": {
    "cen_loss": 1.559846804201603,
    "cen_accuracy": 0.572375
  },
  "51": {
    "cen_loss": 1.4645234599709511,
    "cen_accuracy": 0.596125
  },
  "52": {
    "cen_loss": 1.215707480341196,
    "cen_accuracy": 0.64525
  },
  "53": {
    "cen_loss": 1.3542430469989777,
    "cen_accuracy": 0.62425
  },
  "54": {
    "cen_loss": 1.352792574942112,
    "cen_accuracy": 0.615625
  },
  "55": {
    "cen_loss": 1.419602748632431,
    "cen_accuracy": 0.62075
  },
  "56": {
    "cen_loss": 1.2830865183770657,
    "cen_accuracy": 0.648625
  },
  "57": {
    "cen_loss": 1.4524111764431,
    "cen_accuracy": 0.615375
  },
  "58": {
    "cen_loss": 1.4486618810892105,
    "cen_accuracy": 0.611875
  },
  "59": {
    "cen_loss": 1.275366086244583,
    "cen_accuracy": 0.636125
  },
  "60": {
    "cen_loss": 1.4228555223941803,
    "cen_accuracy": 0.626875
  },
  "61": {
    "cen_loss": 1.3093583934903146,
    "cen_accuracy": 0.62625
  },
  "62": {
    "cen_loss": 1.4852246247529983,
    "cen_accuracy": 0.619
  },
  "63": {
    "cen_loss": 1.09436656665802,
    "cen_accuracy": 0.6615
  },
  "64": {
    "cen_loss": 1.2449950167238713,
    "cen_accuracy": 0.64225
  },
  "65": {
    "cen_loss": 1.322093647748232,
    "cen_accuracy": 0.618375
  },
  "66": {
    "cen_loss": 1.4500446986556053,
    "cen_accuracy": 0.631
  },
  "67": {
    "cen_loss": 1.2581334414482117,
    "cen_accuracy": 0.627625
  },
  "68": {
    "cen_loss": 1.2799538110494613,
    "cen_accuracy": 0.61625
  },
  "69": {
    "cen_loss": 1.5574477095007897,
    "cen_accuracy": 0.586875
  },
  "70": {
    "cen_loss": 1.7183569815158843,
    "cen_accuracy": 0.567
  },
  "71": {
    "cen_loss": 1.0858153387010097,
    "cen_accuracy": 0.67975
  },
  "72": {
    "cen_loss": 1.0661399534642697,
    "cen_accuracy": 0.676125
  },
  "73": {
    "cen_loss": 1.163884058907628,
    "cen_accuracy": 0.665375
  },
  "74": {
    "cen_loss": 1.2019112131893634,
    "cen_accuracy": 0.6635
  },
  "75": {
    "cen_loss": 1.1902432428896428,
    "cen_accuracy": 0.663125
  },
  "76": {
    "cen_loss": 1.2227410953342914,
    "cen_accuracy": 0.655625
  },
  "77": {
    "cen_loss": 1.202950861901045,
    "cen_accuracy": 0.669375
  },
  "78": {
    "cen_loss": 1.223013836890459,
    "cen_accuracy": 0.6455
  },
  "79": {
    "cen_loss": 1.0765905799418687,
    "cen_accuracy": 0.681
  },
  "80": {
    "cen_loss": 1.1694196583926677,
    "cen_accuracy": 0.674125
  },
  "81": {
    "cen_loss": 1.1282760868445039,
    "cen_accuracy": 0.66875
  },
  "82": {
    "cen_loss": 1.3351048157215117,
    "cen_accuracy": 0.61425
  },
  "83": {
    "cen_loss": 1.3255166020393372,
    "cen_accuracy": 0.631375
  },
  "84": {
    "cen_loss": 1.1129931068420411,
    "cen_accuracy": 0.66925
  },
  "85": {
    "cen_loss": 1.1474836322516202,
    "cen_accuracy": 0.6695
  },
  "86": {
    "cen_loss": 1.2187571697086095,
    "cen_accuracy": 0.66975
  },
  "87": {
    "cen_loss": 1.0400447477698327,
    "cen_accuracy": 0.684875
  },
  "88": {
    "cen_loss": 1.1783254260122775,
    "cen_accuracy": 0.670375
  },
  "89": {
    "cen_loss": 1.0199768346250058,
    "cen_accuracy": 0.692625
  },
  "90": {
    "cen_loss": 1.0828239858299493,
    "cen_accuracy": 0.689625
  },
  "91": {
    "cen_loss": 1.263313603401184,
    "cen_accuracy": 0.648875
  },
  "92": {
    "cen_loss": 1.308192332237959,
    "cen_accuracy": 0.63675
  },
  "93": {
    "cen_loss": 1.2032928546667099,
    "cen_accuracy": 0.643875
  },
  "94": {
    "cen_loss": 1.1283592496812345,
    "cen_accuracy": 0.656625
  },
  "95": {
    "cen_loss": 1.0216970032900572,
    "cen_accuracy": 0.693625
  },
  "96": {
    "cen_loss": 1.1778974431455136,
    "cen_accuracy": 0.67925
  },
  "97": {
    "cen_loss": 1.1110203304886819,
    "cen_accuracy": 0.699125
  },
  "98": {
    "cen_loss": 1.0475788695514203,
    "cen_accuracy": 0.685625
  },
  "99": {
    "cen_loss": 1.1523920996095984,
    "cen_accuracy": 0.683
  },
  "100": {
    "cen_loss": 1.2422508623683826,
    "cen_accuracy": 0.67775
  },