{
  "0": {
    "cen_loss": 2.3027777171134947,
    "cen_accuracy": 0.097625
  },
  "1": {
    "cen_loss": 2.3027777171134947,
    "cen_accuracy": 0.097625
  },
  "2": {
    "cen_loss": 2.6958993396759032,
    "cen_accuracy": 0.100375
  },
  "3": {
    "cen_loss": 3.5027754306793213,
    "cen_accuracy": 0.099875
  },
  "4": {
    "cen_loss": 4.057161061286926,
    "cen_accuracy": 0.099875
  },
  "5": {
    "cen_loss": 5.090180174827576,
    "cen_accuracy": 0.099875
  },
  "6": {
    "cen_loss": 4.914792557716369,
    "cen_accuracy": 0.099875
  },
  "7": {
    "cen_loss": 5.662290226459503,
    "cen_accuracy": 0.099875
  },
  "8": {
    "cen_loss": 5.912614941596985,
    "cen_accuracy": 0.100375
  },
  "9": {
    "cen_loss": 4.729506968975067,
    "cen_accuracy": 0.136
  },
  "10": {
    "cen_loss": 1.3182709916234017,
    "cen_accuracy": 0.58125
  },
  "11": {
    "cen_loss": 2.97953262758255,
    "cen_accuracy": 0.245125
  },
  "12": {
    "cen_loss": 2.089190690279007,
    "cen_accuracy": 0.41925
  },
  "13": {
    "cen_loss": 1.5689207247495651,
    "cen_accuracy": 0.535
  },
  "14": {
    "cen_loss": 1.3652799474895,
    "cen_accuracy": 0.59325
  },
  "15": {
    "cen_loss": 1.2961738232672215,
    "cen_accuracy": 0.613125
  },
  "16": {
    "cen_loss": 1.3898141411542893,
    "cen_accuracy": 0.61425
  },
  "17": {
    "cen_loss": 1.2398041399121285,
    "cen_accuracy": 0.6405
  },
  "18": {
    "cen_loss": 1.304411444425583,
    "cen_accuracy": 0.644
  },
  "19": {
    "cen_loss": 1.25602882707119,
    "cen_accuracy": 0.650125
  },
  "20": {
    "cen_loss": 1.1655125375390052,
    "cen_accuracy": 0.673875
  },
  "21": {
    "cen_loss": 1.1779200013279916,
    "cen_accuracy": 0.679625
  },
  "22": {
    "cen_loss": 1.2831844124794007,
    "cen_accuracy": 0.658625
  },
  "23": {
    "cen_loss": 1.2029982303082942,
    "cen_accuracy": 0.6705
  },
  "24": {
    "cen_loss": 1.2716193679869174,
    "cen_accuracy": 0.65975
  },
  "25": {
    "cen_loss": 1.3140072447657585,
    "cen_accuracy": 0.664125
  },
  "26": {
    "cen_loss": 1.076780045747757,
    "cen_accuracy": 0.695
  },
  "27": {
    "cen_loss": 1.1085420212447643,
    "cen_accuracy": 0.698
  },
  "28": {
    "cen_loss": 1.2738702666163444,
    "cen_accuracy": 0.67875
  },
  "29": {
    "cen_loss": 1.1468706223070622,
    "cen_accuracy": 0.69525
  },
  "30": {
    "cen_loss": 1.076756718814373,
    "cen_accuracy": 0.704125
  },
  "31": {
    "cen_loss": 1.0810005082041025,
    "cen_accuracy": 0.704625
  },
  "32": {
    "cen_loss": 1.3393251502215862,
    "cen_accuracy": 0.67625
  },
  "33": {
    "cen_loss": 1.1692149189710617,
    "cen_accuracy": 0.69575
  },
  "34": {
    "cen_loss": 1.0177826199233533,
    "cen_accuracy": 0.723625
  },
  "35": {
    "cen_loss": 1.038272886916995,
    "cen_accuracy": 0.721125
  },
  "36": {
    "cen_loss": 1.1833056776672601,
    "cen_accuracy": 0.704125
  },
  "37": {
    "cen_loss": 0.9331127296201884,
    "cen_accuracy": 0.746125
  },
  "38": {
    "cen_loss": 1.039284596927464,
    "cen_accuracy": 0.729875
  },
  "39": {
    "cen_loss": 1.0298234421685337,
    "cen_accuracy": 0.735125
  },
  "40": {
    "cen_loss": 0.9595082769244909,
    "cen_accuracy": 0.7445
  },
  "41": {
    "cen_loss": 0.9953100520372391,
    "cen_accuracy": 0.741
  },
  "42": {
    "cen_loss": 0.9522120714560152,
    "cen_accuracy": 0.751375
  },
  "43": {
    "cen_loss": 0.9746172167360783,
    "cen_accuracy": 0.7385
  },
  "44": {
    "cen_loss": 0.9200443115457893,
    "cen_accuracy": 0.7515
  },
  "45": {
    "cen_loss": 0.9967275164723396,
    "cen_accuracy": 0.744
  },
  "46": {
    "cen_loss": 0.9060147450193763,
    "cen_accuracy": 0.75975
  },
  "47": {
    "cen_loss": 0.9399751315489412,
    "cen_accuracy": 0.753
  },
  "48": {
    "cen_loss": 0.937779513694346,
    "cen_accuracy": 0.759625
  },
  "49": {
    "cen_loss": 0.8780682474635542,
    "cen_accuracy": 0.76175
  },
  "50": {
    "cen_loss": 0.8880782475247979,
    "cen_accuracy": 0.7535
  },
  "51": {
    "cen_loss": 0.8565617903284729,
    "cen_accuracy": 0.767625
  },
  "52": {
    "cen_loss": 0.9561952916234732,
    "cen_accuracy": 0.75225
  },
  "53": {
    "cen_loss": 0.8899558280110359,
    "cen_accuracy": 0.761375
  },
  "54": {
    "cen_loss": 0.8671662186011672,
    "cen_accuracy": 0.7715
  },
  "55": {
    "cen_loss": 0.9258311326056718,
    "cen_accuracy": 0.76325
  },
  "56": {
    "cen_loss": 0.8389088367000223,
    "cen_accuracy": 0.775125
  },
  "57": {
    "cen_loss": 0.906921062193811,
    "cen_accuracy": 0.766875
  },
  "58": {
    "cen_loss": 0.826225244551897,
    "cen_accuracy": 0.771125
  },
  "59": {
    "cen_loss": 0.849106244366616,
    "cen_accuracy": 0.77225
  },
  "60": {
    "cen_loss": 0.8590564809627831,
    "cen_accuracy": 0.77175
  },
  "61": {
    "cen_loss": 0.8548348069936037,
    "cen_accuracy": 0.780875
  },
  "62": {
    "cen_loss": 0.7681084609366954,
    "cen_accuracy": 0.78775
  },
  "63": {
    "cen_loss": 0.7859951272718608,
    "cen_accuracy": 0.787625
  },
  "64": {
    "cen_loss": 0.8278530691517517,
    "cen_accuracy": 0.790375
  },
  "65": {
    "cen_loss": 0.8209287870973349,
    "cen_accuracy": 0.782125
  },
  "66": {
    "cen_loss": 0.8364539955612272,
    "cen_accuracy": 0.783875
  },
  "67": {
    "cen_loss": 0.7769579805471003,
    "cen_accuracy": 0.791
  },
  "68": {
    "cen_loss": 0.802136622570455,
    "cen_accuracy": 0.78925
  },
  "69": {
    "cen_loss": 0.8281521140355617,
    "cen_accuracy": 0.78125
  },
  "70": {
    "cen_loss": 0.848510644171387,
    "cen_accuracy": 0.77475
  },
  "71": {
    "cen_loss": 0.810484303381294,
    "cen_accuracy": 0.791375
  },
  "72": {
    "cen_loss": 0.7502062751613557,
    "cen_accuracy": 0.79875
  },
  "73": {
    "cen_loss": 0.7510706694517285,
    "cen_accuracy": 0.80125
  },
  "74": {
    "cen_loss": 0.7114807332530618,
    "cen_accuracy": 0.802625
  },
  "75": {
    "cen_loss": 0.8334375100657344,
    "cen_accuracy": 0.789125
  },
  "76": {
    "cen_loss": 0.7723112174877896,
    "cen_accuracy": 0.798
  },
  "77": {
    "cen_loss": 0.7796429649330675,
    "cen_accuracy": 0.7955
  },
  "78": {
    "cen_loss": 0.780237602846697,
    "cen_accuracy": 0.79875
  },
  "79": {
    "cen_loss": 0.8019177599968389,
    "cen_accuracy": 0.796375
  },
  "80": {
    "cen_loss": 0.7695648559350521,
    "cen_accuracy": 0.798875
  },
  "81": {
    "cen_loss": 0.7977442268133164,
    "cen_accuracy": 0.798625
  },
  "82": {
    "cen_loss": 0.7429296964835376,
    "cen_accuracy": 0.80475
  },
  "83": {
    "cen_loss": 0.7472462123185396,
    "cen_accuracy": 0.8035
  },
  "84": {
    "cen_loss": 0.7327202568333596,
    "cen_accuracy": 0.8085
  },
  "85": {
    "cen_loss": 0.7624273472549393,
    "cen_accuracy": 0.80325
  },
  "86": {
    "cen_loss": 0.7244528282992542,
    "cen_accuracy": 0.80475
  },
  "87": {
    "cen_loss": 0.7575100416950882,
    "cen_accuracy": 0.80075
  },
  "88": {
    "cen_loss": 0.7128210692629218,
    "cen_accuracy": 0.80525
  },
  "89": {
    "cen_loss": 0.7337537837401032,
    "cen_accuracy": 0.81
  },
  "90": {
    "cen_loss": 0.7282785154171288,
    "cen_accuracy": 0.808
  },
  "91": {
    "cen_loss": 0.7830690679550171,
    "cen_accuracy": 0.79925
  },
  "92": {
    "cen_loss": 0.7461089891656302,
    "cen_accuracy": 0.8005
  },
  "93": {
    "cen_loss": 0.6801291913492605,
    "cen_accuracy": 0.818625
  },
  "94": {
    "cen_loss": 0.6856494330121204,
    "cen_accuracy": 0.81625
  },
  "95": {
    "cen_loss": 0.6791620367094875,
    "cen_accuracy": 0.818875
  },
  "96": {
    "cen_loss": 0.7788556399587542,
    "cen_accuracy": 0.802625
  },
  "97": {
    "cen_loss": 0.7065758466906845,
    "cen_accuracy": 0.809875
  },
  "98": {
    "cen_loss": 0.7011925406232477,
    "cen_accuracy": 0.81525
  },
  "99": {
    "cen_loss": 0.7781061389432289,
    "cen_accuracy": 0.80175
  },
  "100": {
    "cen_loss": 0.8025696830218658,
    "cen_accuracy": 0.7985
  },
  "101": {
    "cen_loss": 0.6779186859056353,