{
  "0": {
    "cen_loss": 2.30263138961792,
    "cen_accuracy": 0.10175
  },
  "1": {
    "cen_loss": 2.30263138961792,
    "cen_accuracy": 0.10175
  },
  "2": {
    "cen_loss": 3.426956741333008,
    "cen_accuracy": 0.09975
  },
  "3": {
    "cen_loss": 3.535346640586853,
    "cen_accuracy": 0.09975
  },
  "4": {
    "cen_loss": 2.663861913919449,
    "cen_accuracy": 0.10175
  },
  "5": {
    "cen_loss": 3.683977570056915,
    "cen_accuracy": 0.1015
  },
  "6": {
    "cen_loss": 3.519429250717163,
    "cen_accuracy": 0.10375
  },
  "7": {
    "cen_loss": 2.7252037370204927,
    "cen_accuracy": 0.150375
  },
  "8": {
    "cen_loss": 2.927271197080612,
    "cen_accuracy": 0.167375
  },
  "9": {
    "cen_loss": 2.784663399219513,
    "cen_accuracy": 0.256375
  },
  "10": {
    "cen_loss": 2.3759276876449587,
    "cen_accuracy": 0.3305
  },
  "11": {
    "cen_loss": 2.535073006391525,
    "cen_accuracy": 0.2245
  },
  "12": {
    "cen_loss": 3.2688460257053373,
    "cen_accuracy": 0.202625
  },
  "13": {
    "cen_loss": 3.519345914363861,
    "cen_accuracy": 0.315
  },
  "14": {
    "cen_loss": 2.3796669609546663,
    "cen_accuracy": 0.302375
  },
  "15": {
    "cen_loss": 2.4716942158937454,
    "cen_accuracy": 0.339125
  },
  "16": {
    "cen_loss": 5.582631088733673,
    "cen_accuracy": 0.187375
  },
  "17": {
    "cen_loss": 4.019852212905883,
    "cen_accuracy": 0.22425
  },
  "18": {
    "cen_loss": 1.9064255571365356,
    "cen_accuracy": 0.40775
  },
  "19": {
    "cen_loss": 2.44783301115036,
    "cen_accuracy": 0.286
  },
  "20": {
    "cen_loss": 3.6446099402904513,
    "cen_accuracy": 0.19325
  },
  "21": {
    "cen_loss": 3.4132042734622954,
    "cen_accuracy": 0.301125
  },
  "22": {
    "cen_loss": 1.935210795044899,
    "cen_accuracy": 0.408375
  },
  "23": {
    "cen_loss": 2.8620896146297454,
    "cen_accuracy": 0.284
  },
  "24": {
    "cen_loss": 3.403280327796936,
    "cen_accuracy": 0.24675
  },
  "25": {
    "cen_loss": 2.685294435739517,
    "cen_accuracy": 0.30875
  },
  "26": {
    "cen_loss": 2.263762012720108,
    "cen_accuracy": 0.325875
  },
  "27": {
    "cen_loss": 2.1952460374832152,
    "cen_accuracy": 0.381125
  },
  "28": {
    "cen_loss": 2.9060921070575714,
    "cen_accuracy": 0.316
  },
  "29": {
    "cen_loss": 1.8034480661153793,
    "cen_accuracy": 0.437125
  },
  "30": {
    "cen_loss": 1.856216348528862,
    "cen_accuracy": 0.44075
  },
  "31": {
    "cen_loss": 2.151727739214897,
    "cen_accuracy": 0.4025
  },
  "32": {
    "cen_loss": 1.8592555599212646,
    "cen_accuracy": 0.394875
  },
  "33": {
    "cen_loss": 2.6562837538719175,
    "cen_accuracy": 0.319875
  },
  "34": {
    "cen_loss": 1.6572433584928512,
    "cen_accuracy": 0.45425
  },
  "35": {
    "cen_loss": 2.6443378831148148,
    "cen_accuracy": 0.40375
  },
  "36": {
    "cen_loss": 2.6636371043920515,
    "cen_accuracy": 0.393625
  },
  "37": {
    "cen_loss": 1.8022694628834723,
    "cen_accuracy": 0.45175
  },
  "38": {
    "cen_loss": 1.7900150901079177,
    "cen_accuracy": 0.448125
  },
  "39": {
    "cen_loss": 3.797934522151947,
    "cen_accuracy": 0.3295
  },
  "40": {
    "cen_loss": 4.615358036756516,
    "cen_accuracy": 0.263125
  },
  "41": {
    "cen_loss": 1.5097945955991745,
    "cen_accuracy": 0.485375
  },
  "42": {
    "cen_loss": 1.701236177444458,
    "cen_accuracy": 0.477125
  },
  "43": {
    "cen_loss": 1.4613505585193634,
    "cen_accuracy": 0.52475
  },
  "44": {
    "cen_loss": 2.727091018199921,
    "cen_accuracy": 0.331125
  },
  "45": {
    "cen_loss": 2.034887599349022,
    "cen_accuracy": 0.432875
  },
  "46": {
    "cen_loss": 2.0477025116682053,
    "cen_accuracy": 0.444125
  },
  "47": {
    "cen_loss": 1.329951157450676,
    "cen_accuracy": 0.527625
  },
  "48": {
    "cen_loss": 2.4690388206243514,
    "cen_accuracy": 0.3555
  },
  "49": {
    "cen_loss": 3.1741502861976625,
    "cen_accuracy": 0.29075
  },
  "50": {
    "cen_loss": 2.9947479441165923,
    "cen_accuracy": 0.317
  },
  "51": {
    "cen_loss": 2.757756738305092,
    "cen_accuracy": 0.34725
  },
  "52": {
    "cen_loss": 1.9073347072601319,
    "cen_accuracy": 0.42625
  },
  "53": {
    "cen_loss": 1.8196473437547684,
    "cen_accuracy": 0.438375
  },
  "54": {
    "cen_loss": 1.4241902029514313,
    "cen_accuracy": 0.541125
  },
  "55": {
    "cen_loss": 1.745227292060852,
    "cen_accuracy": 0.494
  },
  "56": {
    "cen_loss": 2.2103563247919085,
    "cen_accuracy": 0.34975
  },
  "57": {
    "cen_loss": 1.6812240618467331,
    "cen_accuracy": 0.48175
  },
  "58": {
    "cen_loss": 1.963274075627327,
    "cen_accuracy": 0.39025
  },
  "59": {
    "cen_loss": 2.1601937878131867,
    "cen_accuracy": 0.4145
  },
  "60": {
    "cen_loss": 3.381433214664459,
    "cen_accuracy": 0.3075
  },
  "61": {
    "cen_loss": 1.7113461790084838,
    "cen_accuracy": 0.466625
  },
  "62": {
    "cen_loss": 1.6398278011083602,
    "cen_accuracy": 0.51375
  },
  "63": {
    "cen_loss": 1.3647151247262954,
    "cen_accuracy": 0.565
  },
  "64": {
    "cen_loss": 1.5680772166848183,
    "cen_accuracy": 0.51225
  },
  "65": {
    "cen_loss": 1.6090124748945236,
    "cen_accuracy": 0.532875
  },
  "66": {
    "cen_loss": 1.6567159656286239,
    "cen_accuracy": 0.47325
  },
  "67": {
    "cen_loss": 1.4624792425632476,
    "cen_accuracy": 0.552875
  },
  "68": {
    "cen_loss": 1.7285881479978562,
    "cen_accuracy": 0.511
  },
  "69": {
    "cen_loss": 1.8453323596119882,
    "cen_accuracy": 0.499875
  },
  "70": {
    "cen_loss": 2.186406818151474,
    "cen_accuracy": 0.470625
  },
  "71": {
    "cen_loss": 2.3357409915924072,
    "cen_accuracy": 0.395
  },
  "72": {
    "cen_loss": 1.682246463418007,
    "cen_accuracy": 0.492
  },
  "73": {
    "cen_loss": 1.4788814144134521,
    "cen_accuracy": 0.52175
  },
  "74": {
    "cen_loss": 2.703790624141693,
    "cen_accuracy": 0.366
  },
  "75": {
    "cen_loss": 1.481134639441967,
    "cen_accuracy": 0.543375
  },
  "76": {
    "cen_loss": 1.9951114797592162,
    "cen_accuracy": 0.456125
  },
  "77": {
    "cen_loss": 1.7534584885835647,
    "cen_accuracy": 0.473
  },
  "78": {
    "cen_loss": 2.1819860055446623,
    "cen_accuracy": 0.36975
  },
  "79": {
    "cen_loss": 2.1375554690361023,
    "cen_accuracy": 0.43575
  },
  "80": {
    "cen_loss": 2.9492290773391723,
    "cen_accuracy": 0.3685
  },
  "81": {
    "cen_loss": 1.2944999898672105,
    "cen_accuracy": 0.56175
  },
  "82": {
    "cen_loss": 1.2575368773341178,
    "cen_accuracy": 0.59775
  },
  "83": {
    "cen_loss": 1.2017911481261254,
    "cen_accuracy": 0.605375
  },
  "84": {
    "cen_loss": 1.4192653748393058,
    "cen_accuracy": 0.5665
  },
  "85": {
    "cen_loss": 1.5718142879605292,
    "cen_accuracy": 0.553
  },
  "86": {
    "cen_loss": 1.6367638193368912,
    "cen_accuracy": 0.536625
  },
  "87": {
    "cen_loss": 1.3442551400363445,
    "cen_accuracy": 0.583
  },
  "88": {
    "cen_loss": 1.647800178527832,
    "cen_accuracy": 0.488875
  },
  "89": {
    "cen_loss": 1.7633567140102386,
    "cen_accuracy": 0.51875
  },
  "90": {
    "cen_loss": 2.37919655585289,
    "cen_accuracy": 0.44275
  },
  "91": {
    "cen_loss": 2.9182026550769806,
    "cen_accuracy": 0.31075
  },
  "92": {
    "cen_loss": 1.5395639334917068,
    "cen_accuracy": 0.50725
  },
  "93": {
    "cen_loss": 2.524097649216652,
    "cen_accuracy": 0.390375
  },
  "94": {
    "cen_loss": 1.4948333719968796,
    "cen_accuracy": 0.533375
  },
  "95": {
    "cen_loss": 1.4943992549180984,
    "cen_accuracy": 0.51125
  },
  "96": {
    "cen_loss": 1.7152392865419388,
    "cen_accuracy": 0.454375
  },
  "97": {
    "cen_loss": 1.9412156088352204,
    "cen_accuracy": 0.442
  },
  "98": {
    "cen_loss": 1.6480781160593032,
    "cen_accuracy": 0.43275
  },
  "99": {
    "cen_loss": 1.7829421894550324,
    "cen_accuracy": 0.425375
  },
  "100": {
    "cen_loss": 2.935143339395523,
    "cen_accuracy": 0.283375
  },
  "101": {
    "cen_loss": 1.470811243057251,