{
  "0": {
    "cen_loss": 2.3051824836730956,
    "cen_accuracy": 0.089625
  },
  "1": {
    "cen_loss": 2.3051824836730956,
    "cen_accuracy": 0.089625
  },
  "2": {
    "cen_loss": 2.627676520586014,
    "cen_accuracy": 0.100375
  },
  "3": {
    "cen_loss": 3.515133805274963,
    "cen_accuracy": 0.100375
  },
  "4": {
    "cen_loss": 4.124293110847473,
    "cen_accuracy": 0.100375
  },
  "5": {
    "cen_loss": 4.144199816703797,
    "cen_accuracy": 0.099875
  },
  "6": {
    "cen_loss": 4.155827289581299,
    "cen_accuracy": 0.118875
  },
  "7": {
    "cen_loss": 3.3894158098697664,
    "cen_accuracy": 0.17675
  },
  "8": {
    "cen_loss": 3.369257812976837,
    "cen_accuracy": 0.14125
  },
  "9": {
    "cen_loss": 2.823585352182388,
    "cen_accuracy": 0.219875
  },
  "10": {
    "cen_loss": 2.113690723776817,
    "cen_accuracy": 0.4545
  },
  "11": {
    "cen_loss": 2.456087411642075,
    "cen_accuracy": 0.33675
  },
  "12": {
    "cen_loss": 2.732627383351326,
    "cen_accuracy": 0.374375
  },
  "13": {
    "cen_loss": 2.3081785598993303,
    "cen_accuracy": 0.425375
  },
  "14": {
    "cen_loss": 2.074711984395981,
    "cen_accuracy": 0.468125
  },
  "15": {
    "cen_loss": 1.9200066157579423,
    "cen_accuracy": 0.51075
  },
  "16": {
    "cen_loss": 2.2263571672439575,
    "cen_accuracy": 0.476
  },
  "17": {
    "cen_loss": 1.8235021708011627,
    "cen_accuracy": 0.533625
  },
  "18": {
    "cen_loss": 1.75846897816658,
    "cen_accuracy": 0.55525
  },
  "19": {
    "cen_loss": 1.8544369325637817,
    "cen_accuracy": 0.546375
  },
  "20": {
    "cen_loss": 1.7722774053812027,
    "cen_accuracy": 0.6095
  },
  "21": {
    "cen_loss": 1.8285697098374367,
    "cen_accuracy": 0.555125
  },
  "22": {
    "cen_loss": 1.5807785394191742,
    "cen_accuracy": 0.59775
  },
  "23": {
    "cen_loss": 1.7428597792387008,
    "cen_accuracy": 0.594
  },
  "24": {
    "cen_loss": 1.7600274649858474,
    "cen_accuracy": 0.595
  },
  "25": {
    "cen_loss": 1.4813971639275552,
    "cen_accuracy": 0.62475
  },
  "26": {
    "cen_loss": 1.7100980638861656,
    "cen_accuracy": 0.596875
  },
  "27": {
    "cen_loss": 1.6711784816980362,
    "cen_accuracy": 0.631125
  },
  "28": {
    "cen_loss": 1.6133700627684593,
    "cen_accuracy": 0.633375
  },
  "29": {
    "cen_loss": 1.5753197936415673,
    "cen_accuracy": 0.63825
  },
  "30": {
    "cen_loss": 1.6337592710256577,
    "cen_accuracy": 0.672
  },
  "31": {
    "cen_loss": 1.6882812403440475,
    "cen_accuracy": 0.6305
  },
  "32": {
    "cen_loss": 1.407890409499407,
    "cen_accuracy": 0.665625
  },
  "33": {
    "cen_loss": 1.4698734377622604,
    "cen_accuracy": 0.661875
  },
  "34": {
    "cen_loss": 1.4829075873196125,
    "cen_accuracy": 0.657875
  },
  "35": {
    "cen_loss": 1.2293225441873075,
    "cen_accuracy": 0.690125
  },
  "36": {
    "cen_loss": 1.4941242404580117,
    "cen_accuracy": 0.67175
  },
  "37": {
    "cen_loss": 1.3009564568698406,
    "cen_accuracy": 0.6875
  },
  "38": {
    "cen_loss": 1.3010097981989384,
    "cen_accuracy": 0.677625
  },
  "39": {
    "cen_loss": 1.3863557200282812,
    "cen_accuracy": 0.68625
  },
  "40": {
    "cen_loss": 1.9350831259265542,
    "cen_accuracy": 0.7005
  },
  "41": {
    "cen_loss": 1.3551024720221758,
    "cen_accuracy": 0.680375
  },
  "42": {
    "cen_loss": 1.2849517773538828,
    "cen_accuracy": 0.6885
  },
  "43": {
    "cen_loss": 1.2465804773420095,
    "cen_accuracy": 0.6905
  },
  "44": {
    "cen_loss": 1.235707129970193,
    "cen_accuracy": 0.70875
  },
  "45": {
    "cen_loss": 1.1443375686854125,
    "cen_accuracy": 0.7155
  },
  "46": {
    "cen_loss": 1.4539992470294236,
    "cen_accuracy": 0.69025
  },
  "47": {
    "cen_loss": 1.5227470039874316,
    "cen_accuracy": 0.689375
  },
  "48": {
    "cen_loss": 1.3275497205629945,
    "cen_accuracy": 0.697625
  },
  "49": {
    "cen_loss": 1.297905453711748,
    "cen_accuracy": 0.714875
  },
  "50": {
    "cen_loss": 2.1961544185131787,
    "cen_accuracy": 0.723875
  },
  "51": {
    "cen_loss": 1.3564359473139047,
    "cen_accuracy": 0.72325
  },
  "52": {
    "cen_loss": 1.387435455545783,
    "cen_accuracy": 0.699375
  },
  "53": {
    "cen_loss": 1.5296032399088144,
    "cen_accuracy": 0.707125
  },
  "54": {
    "cen_loss": 1.353216294825077,
    "cen_accuracy": 0.708875
  },
  "55": {
    "cen_loss": 1.5077158574759961,
    "cen_accuracy": 0.7085
  },
  "56": {
    "cen_loss": 1.1452303419336676,
    "cen_accuracy": 0.71675
  },
  "57": {
    "cen_loss": 1.3183478372842072,
    "cen_accuracy": 0.71625
  },
  "58": {
    "cen_loss": 1.1848490103632212,
    "cen_accuracy": 0.723625
  },
  "59": {
    "cen_loss": 1.3548547459542752,
    "cen_accuracy": 0.730375
  },
  "60": {
    "cen_loss": 2.57052346368134,
    "cen_accuracy": 0.734
  },
  "61": {
    "cen_loss": 1.7101097741127014,
    "cen_accuracy": 0.714
  },
  "62": {
    "cen_loss": 1.2168124095201491,
    "cen_accuracy": 0.7455
  },
  "63": {
    "cen_loss": 1.1876956333890558,
    "cen_accuracy": 0.73975
  },
  "64": {
    "cen_loss": 1.267976493321359,
    "cen_accuracy": 0.733
  },
  "65": {
    "cen_loss": 1.1201757095307112,
    "cen_accuracy": 0.7295
  },
  "66": {
    "cen_loss": 1.2191008780747652,
    "cen_accuracy": 0.7255
  },
  "67": {
    "cen_loss": 1.26162138132751,
    "cen_accuracy": 0.7325
  },
  "68": {
    "cen_loss": 1.3078843363672494,
    "cen_accuracy": 0.734875
  },
  "69": {
    "cen_loss": 1.4864977538362145,
    "cen_accuracy": 0.740875
  },
  "70": {
    "cen_loss": 2.7914833551496265,
    "cen_accuracy": 0.73175
  },
  "71": {
    "cen_loss": 1.6482652118653058,
    "cen_accuracy": 0.738375
  },
  "72": {
    "cen_loss": 1.2085981276631355,
    "cen_accuracy": 0.7555
  },
  "73": {
    "cen_loss": 1.291066199697554,
    "cen_accuracy": 0.733125
  },
  "74": {
    "cen_loss": 1.3868663232550025,
    "cen_accuracy": 0.740375
  },
  "75": {
    "cen_loss": 1.0806255457550287,
    "cen_accuracy": 0.756375
  },
  "76": {
    "cen_loss": 1.189077187255025,
    "cen_accuracy": 0.764125
  },
  "77": {
    "cen_loss": 1.232771431017667,
    "cen_accuracy": 0.759125
  },
  "78": {
    "cen_loss": 1.3556610251702368,
    "cen_accuracy": 0.747875
  },
  "79": {
    "cen_loss": 1.5122152641750872,
    "cen_accuracy": 0.736
  },
  "80": {
    "cen_loss": 2.117910461731255,
    "cen_accuracy": 0.74525
  },
  "81": {
    "cen_loss": 1.1592044993713497,
    "cen_accuracy": 0.752875
  },
  "82": {
    "cen_loss": 1.4283985452838242,
    "cen_accuracy": 0.751875
  },
  "83": {
    "cen_loss": 1.1202564511075617,
    "cen_accuracy": 0.761125
  },
  "84": {
    "cen_loss": 1.0469126976802945,
    "cen_accuracy": 0.748125
  },
  "85": {
    "cen_loss": 1.229586987182498,
    "cen_accuracy": 0.76
  },
  "86": {
    "cen_loss": 1.0156729775890707,
    "cen_accuracy": 0.762125
  },
  "87": {
    "cen_loss": 1.0903556578308344,
    "cen_accuracy": 0.75275
  },
  "88": {
    "cen_loss": 1.0865342126861215,
    "cen_accuracy": 0.7575
  },
  "89": {
    "cen_loss": 1.2595703144967556,
    "cen_accuracy": 0.766
  },
  "90": {
    "cen_loss": 1.8694866310879588,
    "cen_accuracy": 0.76575
  },
  "91": {
    "cen_loss": 1.0302760877870023,
    "cen_accuracy": 0.770375
  },
  "92": {
    "cen_loss": 0.9631036020964384,
    "cen_accuracy": 0.767125
  },
  "93": {
    "cen_loss": 1.079046669974923,
    "cen_accuracy": 0.759875
  },
  "94": {
    "cen_loss": 1.1613487357432022,
    "cen_accuracy": 0.762625
  },
  "95": {
    "cen_loss": 0.9441599715221674,
    "cen_accuracy": 0.78
  },
  "96": {
    "cen_loss": 0.9846763245128095,
    "cen_accuracy": 0.770375
  },
  "97": {
    "cen_loss": 1.0185869493540376,
    "cen_accuracy": 0.765125
  },
  "98": {
    "cen_loss": 1.0809850539788604,
    "cen_accuracy": 0.767125
  },
  "99": {
    "cen_loss": 0.9324270231109113,
    "cen_accuracy": 0.777375
  },
  "100": {
    "cen_loss": 1.2450815331824123,
    "cen_accuracy": 0.769875
  },