{
  "0": {
    "cen_loss": 2.3027670545578003,
    "cen_accuracy": 0.0985
  },
  "1": {
    "cen_loss": 2.3027670545578003,
    "cen_accuracy": 0.0985
  },
  "2": {
    "cen_loss": 3.709355312824249,
    "cen_accuracy": 0.097625
  },
  "3": {
    "cen_loss": 5.225801456928253,
    "cen_accuracy": 0.10175
  },
  "4": {
    "cen_loss": 3.484983314037323,
    "cen_accuracy": 0.108125
  },
  "5": {
    "cen_loss": 4.740617787361145,
    "cen_accuracy": 0.101875
  },
  "6": {
    "cen_loss": 4.001744100093841,
    "cen_accuracy": 0.113125
  },
  "7": {
    "cen_loss": 2.564472339630127,
    "cen_accuracy": 0.1745
  },
  "8": {
    "cen_loss": 4.005799606800079,
    "cen_accuracy": 0.232
  },
  "9": {
    "cen_loss": 3.198207460165024,
    "cen_accuracy": 0.161875
  },
  "10": {
    "cen_loss": 4.848037683486939,
    "cen_accuracy": 0.15425
  },
  "11": {
    "cen_loss": 2.8177928330898285,
    "cen_accuracy": 0.174875
  },
  "12": {
    "cen_loss": 2.898145604610443,
    "cen_accuracy": 0.228875
  },
  "13": {
    "cen_loss": 2.453277061700821,
    "cen_accuracy": 0.271375
  },
  "14": {
    "cen_loss": 4.356009398937226,
    "cen_accuracy": 0.282
  },
  "15": {
    "cen_loss": 2.600256292104721,
    "cen_accuracy": 0.32775
  },
  "16": {
    "cen_loss": 2.782020082473755,
    "cen_accuracy": 0.3255
  },
  "17": {
    "cen_loss": 3.0202893652915956,
    "cen_accuracy": 0.361625
  },
  "18": {
    "cen_loss": 3.1754555885791778,
    "cen_accuracy": 0.274375
  },
  "19": {
    "cen_loss": 2.7444926290512086,
    "cen_accuracy": 0.319875
  },
  "20": {
    "cen_loss": 3.077225077867508,
    "cen_accuracy": 0.309875
  },
  "21": {
    "cen_loss": 2.8478891870975493,
    "cen_accuracy": 0.27825
  },
  "22": {
    "cen_loss": 2.9495645678043365,
    "cen_accuracy": 0.299
  },
  "23": {
    "cen_loss": 2.7960757157802583,
    "cen_accuracy": 0.31275
  },
  "24": {
    "cen_loss": 3.697570997238159,
    "cen_accuracy": 0.19225
  },
  "25": {
    "cen_loss": 2.50008291888237,
    "cen_accuracy": 0.361125
  },
  "26": {
    "cen_loss": 2.3681826696395873,
    "cen_accuracy": 0.316375
  },
  "27": {
    "cen_loss": 2.3362748222351075,
    "cen_accuracy": 0.34025
  },
  "28": {
    "cen_loss": 3.2828417060375212,
    "cen_accuracy": 0.29375
  },
  "29": {
    "cen_loss": 3.307610832452774,
    "cen_accuracy": 0.232125
  },
  "30": {
    "cen_loss": 3.837398634672165,
    "cen_accuracy": 0.240625
  },
  "31": {
    "cen_loss": 2.4369824843406676,
    "cen_accuracy": 0.38925
  },
  "32": {
    "cen_loss": 2.327065790653229,
    "cen_accuracy": 0.36175
  },
  "33": {
    "cen_loss": 2.623594137430191,
    "cen_accuracy": 0.336
  },
  "34": {
    "cen_loss": 1.9662595008611679,
    "cen_accuracy": 0.383
  },
  "35": {
    "cen_loss": 2.6819798989295958,
    "cen_accuracy": 0.3405
  },
  "36": {
    "cen_loss": 2.0896644941568376,
    "cen_accuracy": 0.3745
  },
  "37": {
    "cen_loss": 1.8754495499134063,
    "cen_accuracy": 0.43625
  },
  "38": {
    "cen_loss": 1.7894546082019807,
    "cen_accuracy": 0.455625
  },
  "39": {
    "cen_loss": 1.7434870448112487,
    "cen_accuracy": 0.5085
  },
  "40": {
    "cen_loss": 2.3297334637641907,
    "cen_accuracy": 0.454125
  },
  "41": {
    "cen_loss": 2.293269710302353,
    "cen_accuracy": 0.439625
  },
  "42": {
    "cen_loss": 3.2283763353824617,
    "cen_accuracy": 0.2705
  },
  "43": {
    "cen_loss": 2.3848531845808028,
    "cen_accuracy": 0.365875
  },
  "44": {
    "cen_loss": 2.2371620531082153,
    "cen_accuracy": 0.36125
  },
  "45": {
    "cen_loss": 1.774869279384613,
    "cen_accuracy": 0.43125
  },
  "46": {
    "cen_loss": 1.9075751011371613,
    "cen_accuracy": 0.466125
  },
  "47": {
    "cen_loss": 2.8429487857818603,
    "cen_accuracy": 0.396125
  },
  "48": {
    "cen_loss": 2.2571225563287736,
    "cen_accuracy": 0.428
  },
  "49": {
    "cen_loss": 2.9468313603401186,
    "cen_accuracy": 0.26275
  },
  "50": {
    "cen_loss": 3.5956998653411865,
    "cen_accuracy": 0.2325
  },
  "51": {
    "cen_loss": 3.2661041717529296,
    "cen_accuracy": 0.352375
  },
  "52": {
    "cen_loss": 3.064729302883148,
    "cen_accuracy": 0.358
  },
  "53": {
    "cen_loss": 1.9021032789945602,
    "cen_accuracy": 0.442125
  },
  "54": {
    "cen_loss": 1.4379425872564315,
    "cen_accuracy": 0.508625
  },
  "55": {
    "cen_loss": 2.917627951622009,
    "cen_accuracy": 0.306875
  },
  "56": {
    "cen_loss": 2.5102615492343903,
    "cen_accuracy": 0.393
  },
  "57": {
    "cen_loss": 1.5625805073976518,
    "cen_accuracy": 0.542375
  },
  "58": {
    "cen_loss": 2.5888334522247316,
    "cen_accuracy": 0.326625
  },
  "59": {
    "cen_loss": 1.832375363945961,
    "cen_accuracy": 0.467875
  },
  "60": {
    "cen_loss": 1.8307196618318557,
    "cen_accuracy": 0.46225
  },
  "61": {
    "cen_loss": 1.7719067536592483,
    "cen_accuracy": 0.4665
  },
  "62": {
    "cen_loss": 2.9447118896245956,
    "cen_accuracy": 0.3785
  },
  "63": {
    "cen_loss": 1.3925537797212602,
    "cen_accuracy": 0.51375
  },
  "64": {
    "cen_loss": 1.863080502152443,
    "cen_accuracy": 0.440625
  },
  "65": {
    "cen_loss": 2.1649981055259704,
    "cen_accuracy": 0.35475
  },
  "66": {
    "cen_loss": 1.5606721999645232,
    "cen_accuracy": 0.521125
  },
  "67": {
    "cen_loss": 1.4366595618724822,
    "cen_accuracy": 0.5385
  },
  "68": {
    "cen_loss": 1.6553091650009155,
    "cen_accuracy": 0.4985
  },
  "69": {
    "cen_loss": 2.1068441083431244,
    "cen_accuracy": 0.4765
  },
  "70": {
    "cen_loss": 2.289907896399498,
    "cen_accuracy": 0.45775
  },
  "71": {
    "cen_loss": 2.0613182188272474,
    "cen_accuracy": 0.42825
  },
  "72": {
    "cen_loss": 2.5148307018280027,
    "cen_accuracy": 0.3615
  },
  "73": {
    "cen_loss": 1.5551559311151504,
    "cen_accuracy": 0.4915
  },
  "74": {
    "cen_loss": 1.689071442246437,
    "cen_accuracy": 0.4815
  },
  "75": {
    "cen_loss": 2.6666209859848022,
    "cen_accuracy": 0.40975
  },
  "76": {
    "cen_loss": 2.5378834998607633,
    "cen_accuracy": 0.397625
  },
  "77": {
    "cen_loss": 1.819715611577034,
    "cen_accuracy": 0.487125
  },
  "78": {
    "cen_loss": 1.6175080417394638,
    "cen_accuracy": 0.483625
  },
  "79": {
    "cen_loss": 2.088207621693611,
    "cen_accuracy": 0.445375
  },
  "80": {
    "cen_loss": 1.9530064096450805,
    "cen_accuracy": 0.45275
  },
  "81": {
    "cen_loss": 2.0742752069234847,
    "cen_accuracy": 0.455875
  },
  "82": {
    "cen_loss": 1.4290418813824655,
    "cen_accuracy": 0.580125
  },
  "83": {
    "cen_loss": 1.511455415725708,
    "cen_accuracy": 0.49425
  },
  "84": {
    "cen_loss": 2.1948472563028334,
    "cen_accuracy": 0.425125
  },
  "85": {
    "cen_loss": 2.0802956116199494,
    "cen_accuracy": 0.47125
  },
  "86": {
    "cen_loss": 2.0750442519187926,
    "cen_accuracy": 0.448875
  },
  "87": {
    "cen_loss": 3.228862611293793,
    "cen_accuracy": 0.329875
  },
  "88": {
    "cen_loss": 2.191213160634041,
    "cen_accuracy": 0.432625
  },
  "89": {
    "cen_loss": 2.4261271350383757,
    "cen_accuracy": 0.354875
  },
  "90": {
    "cen_loss": 2.912659624814987,
    "cen_accuracy": 0.3195
  },
  "91": {
    "cen_loss": 2.3731009221076964,
    "cen_accuracy": 0.388125
  },
  "92": {
    "cen_loss": 1.5153634532094002,
    "cen_accuracy": 0.536375
  },
  "93": {
    "cen_loss": 1.7464547872543335,
    "cen_accuracy": 0.510875
  },
  "94": {
    "cen_loss": 1.835424469947815,
    "cen_accuracy": 0.49825
  },
  "95": {
    "cen_loss": 1.5578972681164742,
    "cen_accuracy": 0.4945
  },
  "96": {
    "cen_loss": 1.3351851660013199,
    "cen_accuracy": 0.602875
  },
  "97": {
    "cen_loss": 1.6851303471326828,
    "cen_accuracy": 0.52875
  },
  "98": {
    "cen_loss": 1.6818299106359482,
    "cen_accuracy": 0.4985
  },
  "99": {
    "cen_loss": 2.2220551614761352,
    "cen_accuracy": 0.454625
  },
  "100": {
    "cen_loss": 2.5338472108840944,
    "cen_accuracy": 0.40825
  },
  "101": {
    "cen_loss": 1.1978073008060455,