{
  "0": {
    "cen_loss": 2.3027569942474364,
    "cen_accuracy": 0.100375
  },
  "1": {
    "cen_loss": 2.3027569942474364,
    "cen_accuracy": 0.100375
  },
  "2": {
    "cen_loss": 3.767106782913208,
    "cen_accuracy": 0.100625
  },
  "3": {
    "cen_loss": 4.59496275472641,
    "cen_accuracy": 0.100625
  },
  "4": {
    "cen_loss": 4.299421332359314,
    "cen_accuracy": 0.1
  },
  "5": {
    "cen_loss": 4.629302929878235,
    "cen_accuracy": 0.099125
  },
  "6": {
    "cen_loss": 4.843416033744812,
    "cen_accuracy": 0.1545
  },
  "7": {
    "cen_loss": 3.422449672937393,
    "cen_accuracy": 0.188375
  },
  "8": {
    "cen_loss": 2.3084261441230773,
    "cen_accuracy": 0.33975
  },
  "9": {
    "cen_loss": 1.947552864432335,
    "cen_accuracy": 0.423
  },
  "10": {
    "cen_loss": 1.5777613342404366,
    "cen_accuracy": 0.52975
  },
  "11": {
    "cen_loss": 1.8248740297555923,
    "cen_accuracy": 0.46375
  },
  "12": {
    "cen_loss": 1.8967444674372673,
    "cen_accuracy": 0.465375
  },
  "13": {
    "cen_loss": 1.5636472839713096,
    "cen_accuracy": 0.534875
  },
  "14": {
    "cen_loss": 1.6659997750520705,
    "cen_accuracy": 0.526875
  },
  "15": {
    "cen_loss": 1.612481322169304,
    "cen_accuracy": 0.547
  },
  "16": {
    "cen_loss": 1.5466567942500113,
    "cen_accuracy": 0.568875
  },
  "17": {
    "cen_loss": 1.4383025634288789,
    "cen_accuracy": 0.59775
  },
  "18": {
    "cen_loss": 1.4660212619304658,
    "cen_accuracy": 0.6005
  },
  "19": {
    "cen_loss": 1.431990379333496,
    "cen_accuracy": 0.597
  },
  "20": {
    "cen_loss": 1.562564928650856,
    "cen_accuracy": 0.598125
  },
  "21": {
    "cen_loss": 1.3807005750238894,
    "cen_accuracy": 0.604875
  },
  "22": {
    "cen_loss": 1.4753904768824577,
    "cen_accuracy": 0.603
  },
  "23": {
    "cen_loss": 1.242484793752432,
    "cen_accuracy": 0.639125
  },
  "24": {
    "cen_loss": 1.288336639046669,
    "cen_accuracy": 0.624625
  },
  "25": {
    "cen_loss": 1.2662818102240563,
    "cen_accuracy": 0.634
  },
  "26": {
    "cen_loss": 1.2873311055898666,
    "cen_accuracy": 0.638625
  },
  "27": {
    "cen_loss": 1.220271578758955,
    "cen_accuracy": 0.65325
  },
  "28": {
    "cen_loss": 1.3099405714273453,
    "cen_accuracy": 0.63975
  },
  "29": {
    "cen_loss": 1.3803852186501027,
    "cen_accuracy": 0.62725
  },
  "30": {
    "cen_loss": 1.4258420943319798,
    "cen_accuracy": 0.637125
  },
  "31": {
    "cen_loss": 1.249974518328905,
    "cen_accuracy": 0.652375
  },
  "32": {
    "cen_loss": 1.338626268297434,
    "cen_accuracy": 0.64075
  },
  "33": {
    "cen_loss": 1.331622709453106,
    "cen_accuracy": 0.6495
  },
  "34": {
    "cen_loss": 1.2244232734441758,
    "cen_accuracy": 0.662375
  },
  "35": {
    "cen_loss": 1.3463062595129014,
    "cen_accuracy": 0.647625
  },
  "36": {
    "cen_loss": 1.4140860643982887,
    "cen_accuracy": 0.639375
  },
  "37": {
    "cen_loss": 1.3876165608093143,
    "cen_accuracy": 0.6475
  },
  "38": {
    "cen_loss": 1.3146718463599683,
    "cen_accuracy": 0.661125
  },
  "39": {
    "cen_loss": 1.4087114386260509,
    "cen_accuracy": 0.644875
  },
  "40": {
    "cen_loss": 1.488376129090786,
    "cen_accuracy": 0.64975
  },
  "41": {
    "cen_loss": 1.315741138935089,
    "cen_accuracy": 0.653625
  },
  "42": {
    "cen_loss": 1.3773604896366596,
    "cen_accuracy": 0.65575
  },
  "43": {
    "cen_loss": 1.2977333567291498,
    "cen_accuracy": 0.6705
  },
  "44": {
    "cen_loss": 1.2580822283476591,
    "cen_accuracy": 0.6745
  },
  "45": {
    "cen_loss": 1.2054888748824597,
    "cen_accuracy": 0.679125
  },
  "46": {
    "cen_loss": 1.2284605086743832,
    "cen_accuracy": 0.676375
  },
  "47": {
    "cen_loss": 1.2634007297605276,
    "cen_accuracy": 0.673625
  },
  "48": {
    "cen_loss": 1.2509751417636872,
    "cen_accuracy": 0.67375
  },
  "49": {
    "cen_loss": 1.2469863142669202,
    "cen_accuracy": 0.672625
  },
  "50": {
    "cen_loss": 1.3005657222419977,
    "cen_accuracy": 0.674125
  },
  "51": {
    "cen_loss": 1.158098448485136,
    "cen_accuracy": 0.692125
  },
  "52": {
    "cen_loss": 1.2352695835828782,
    "cen_accuracy": 0.683625
  },
  "53": {
    "cen_loss": 1.1551690057963133,
    "cen_accuracy": 0.68825
  },
  "54": {
    "cen_loss": 1.1458225686103105,
    "cen_accuracy": 0.694625
  },
  "55": {
    "cen_loss": 1.2050962066054345,
    "cen_accuracy": 0.6905
  },
  "56": {
    "cen_loss": 1.1752055897712708,
    "cen_accuracy": 0.685
  },
  "57": {
    "cen_loss": 1.228356209665537,
    "cen_accuracy": 0.687875
  },
  "58": {
    "cen_loss": 1.2030059126466512,
    "cen_accuracy": 0.696875
  },
  "59": {
    "cen_loss": 1.1900696025043727,
    "cen_accuracy": 0.69075
  },
  "60": {
    "cen_loss": 1.2491387919038535,
    "cen_accuracy": 0.695875
  },
  "61": {
    "cen_loss": 1.1812818901836872,
    "cen_accuracy": 0.698625
  },
  "62": {
    "cen_loss": 1.1270526642352343,
    "cen_accuracy": 0.7045
  },
  "63": {
    "cen_loss": 1.2128137043118477,
    "cen_accuracy": 0.693125
  },
  "64": {
    "cen_loss": 1.1527143060714007,
    "cen_accuracy": 0.695
  },
  "65": {
    "cen_loss": 1.2056800635904075,
    "cen_accuracy": 0.69675
  },
  "66": {
    "cen_loss": 1.186270897820592,
    "cen_accuracy": 0.697625
  },
  "67": {
    "cen_loss": 1.192193649470806,
    "cen_accuracy": 0.68975
  },
  "68": {
    "cen_loss": 1.2312081790566445,
    "cen_accuracy": 0.682375
  },
  "69": {
    "cen_loss": 1.2109279693812132,
    "cen_accuracy": 0.6865
  },
  "70": {
    "cen_loss": 1.3056486714333295,
    "cen_accuracy": 0.685
  },
  "71": {
    "cen_loss": 1.1387976861000062,
    "cen_accuracy": 0.702625
  },
  "72": {
    "cen_loss": 1.1326175210475922,
    "cen_accuracy": 0.704875
  },
  "73": {
    "cen_loss": 1.159788334414363,
    "cen_accuracy": 0.70325
  },
  "74": {
    "cen_loss": 1.118289532482624,
    "cen_accuracy": 0.707
  },
  "75": {
    "cen_loss": 1.0616617013812064,
    "cen_accuracy": 0.71375
  },
  "76": {
    "cen_loss": 1.0738478134721519,
    "cen_accuracy": 0.7125
  },
  "77": {
    "cen_loss": 1.0958024545162917,
    "cen_accuracy": 0.706375
  },
  "78": {
    "cen_loss": 1.0869786806851625,
    "cen_accuracy": 0.714875
  },
  "79": {
    "cen_loss": 1.0836499934792518,
    "cen_accuracy": 0.715125
  },
  "80": {
    "cen_loss": 1.1104241558164358,
    "cen_accuracy": 0.717875
  },
  "81": {
    "cen_loss": 1.1153042402118445,
    "cen_accuracy": 0.7135
  },
  "82": {
    "cen_loss": 1.1923580467998982,
    "cen_accuracy": 0.703875
  },
  "83": {
    "cen_loss": 1.0938891163021327,
    "cen_accuracy": 0.715875
  },
  "84": {
    "cen_loss": 1.077464697033167,
    "cen_accuracy": 0.71825
  },
  "85": {
    "cen_loss": 1.192808266416192,
    "cen_accuracy": 0.706125
  },
  "86": {
    "cen_loss": 1.0573170540109276,
    "cen_accuracy": 0.72575
  },
  "87": {
    "cen_loss": 1.124760302655399,
    "cen_accuracy": 0.7165
  },
  "88": {
    "cen_loss": 1.1072604984790086,
    "cen_accuracy": 0.719625
  },
  "89": {
    "cen_loss": 1.0703922171667217,
    "cen_accuracy": 0.726125
  },
  "90": {
    "cen_loss": 1.0918567308112979,
    "cen_accuracy": 0.73
  },
  "91": {
    "cen_loss": 1.0152561989873647,
    "cen_accuracy": 0.73
  },
  "92": {
    "cen_loss": 1.0295012811422348,
    "cen_accuracy": 0.72825
  },
  "93": {
    "cen_loss": 0.9903549106940627,
    "cen_accuracy": 0.7335
  },
  "94": {
    "cen_loss": 1.0182962790876626,
    "cen_accuracy": 0.729875
  },
  "95": {
    "cen_loss": 1.0044553673267365,
    "cen_accuracy": 0.732875
  },
  "96": {
    "cen_loss": 0.999848025739193,
    "cen_accuracy": 0.735625
  },
  "97": {
    "cen_loss": 1.0086564841493963,
    "cen_accuracy": 0.73575
  },
  "98": {
    "cen_loss": 1.044593886718154,
    "cen_accuracy": 0.732125
  },
  "99": {
    "cen_loss": 1.0126654954701662,
    "cen_accuracy": 0.734625
  },
  "100": {
    "cen_loss": 1.080605973660946,
    "cen_accuracy": 0.731375
  },