{
  "0": {
    "cen_loss": 2.3019716558456422,
    "cen_accuracy": 0.1
  },
  "1": {
    "cen_loss": 2.3019716558456422,
    "cen_accuracy": 0.1
  },
  "2": {
    "cen_loss": 3.310559061527252,
    "cen_accuracy": 0.1005
  },
  "3": {
    "cen_loss": 3.0494514298439026,
    "cen_accuracy": 0.1005
  },
  "4": {
    "cen_loss": 3.6001184139251707,
    "cen_accuracy": 0.100125
  },
  "5": {
    "cen_loss": 5.242070877552033,
    "cen_accuracy": 0.099875
  },
  "6": {
    "cen_loss": 2.7786506133079527,
    "cen_accuracy": 0.18125
  },
  "7": {
    "cen_loss": 2.1480938234329225,
    "cen_accuracy": 0.295
  },
  "8": {
    "cen_loss": 3.5520047121047975,
    "cen_accuracy": 0.210125
  },
  "9": {
    "cen_loss": 2.413564726352692,
    "cen_accuracy": 0.28625
  },
  "10": {
    "cen_loss": 4.102638873577118,
    "cen_accuracy": 0.28325
  },
  "11": {
    "cen_loss": 2.7665512268543244,
    "cen_accuracy": 0.1875
  },
  "12": {
    "cen_loss": 2.698010061740875,
    "cen_accuracy": 0.231375
  },
  "13": {
    "cen_loss": 2.2391022884845735,
    "cen_accuracy": 0.2645
  },
  "14": {
    "cen_loss": 2.5401322293281554,
    "cen_accuracy": 0.311375
  },
  "15": {
    "cen_loss": 1.7162825131416322,
    "cen_accuracy": 0.410125
  },
  "16": {
    "cen_loss": 2.4454200978279115,
    "cen_accuracy": 0.332375
  },
  "17": {
    "cen_loss": 2.8827153146266937,
    "cen_accuracy": 0.324875
  },
  "18": {
    "cen_loss": 2.520758150100708,
    "cen_accuracy": 0.288125
  },
  "19": {
    "cen_loss": 2.315964656352997,
    "cen_accuracy": 0.3715
  },
  "20": {
    "cen_loss": 3.069808449268341,
    "cen_accuracy": 0.356
  },
  "21": {
    "cen_loss": 2.6655231924057006,
    "cen_accuracy": 0.26875
  },
  "22": {
    "cen_loss": 2.3725341613292694,
    "cen_accuracy": 0.365125
  },
  "23": {
    "cen_loss": 2.8211097017526625,
    "cen_accuracy": 0.3855
  },
  "24": {
    "cen_loss": 1.7054315965175628,
    "cen_accuracy": 0.469
  },
  "25": {
    "cen_loss": 1.7168771430253982,
    "cen_accuracy": 0.48125
  },
  "26": {
    "cen_loss": 2.9431850666999817,
    "cen_accuracy": 0.36775
  },
  "27": {
    "cen_loss": 1.7818563718795777,
    "cen_accuracy": 0.397375
  },
  "28": {
    "cen_loss": 1.769659374833107,
    "cen_accuracy": 0.46025
  },
  "29": {
    "cen_loss": 1.595404167532921,
    "cen_accuracy": 0.52
  },
  "30": {
    "cen_loss": 3.10702338886261,
    "cen_accuracy": 0.4455
  },
  "31": {
    "cen_loss": 1.8894027491807939,
    "cen_accuracy": 0.4685
  },
  "32": {
    "cen_loss": 1.7532481359243393,
    "cen_accuracy": 0.456375
  },
  "33": {
    "cen_loss": 2.8642901389598845,
    "cen_accuracy": 0.33925
  },
  "34": {
    "cen_loss": 2.18958966588974,
    "cen_accuracy": 0.449875
  },
  "35": {
    "cen_loss": 1.8686838228702545,
    "cen_accuracy": 0.454625
  },
  "36": {
    "cen_loss": 1.5567669632434844,
    "cen_accuracy": 0.452125
  },
  "37": {
    "cen_loss": 1.9469610511660576,
    "cen_accuracy": 0.478875
  },
  "38": {
    "cen_loss": 1.8891311877965926,
    "cen_accuracy": 0.457125
  },
  "39": {
    "cen_loss": 1.6196675928831101,
    "cen_accuracy": 0.447375
  },
  "40": {
    "cen_loss": 1.755257786989212,
    "cen_accuracy": 0.442875
  },
  "41": {
    "cen_loss": 1.5262892528772354,
    "cen_accuracy": 0.501375
  },
  "42": {
    "cen_loss": 1.7723015257120132,
    "cen_accuracy": 0.4575
  },
  "43": {
    "cen_loss": 1.9782710686922074,
    "cen_accuracy": 0.424125
  },
  "44": {
    "cen_loss": 1.340445523738861,
    "cen_accuracy": 0.509
  },
  "45": {
    "cen_loss": 2.079775656461716,
    "cen_accuracy": 0.4215
  },
  "46": {
    "cen_loss": 1.4042549107074738,
    "cen_accuracy": 0.577875
  },
  "47": {
    "cen_loss": 2.02158434510231,
    "cen_accuracy": 0.422875
  },
  "48": {
    "cen_loss": 1.8530241428613663,
    "cen_accuracy": 0.47875
  },
  "49": {
    "cen_loss": 1.4335345208644867,
    "cen_accuracy": 0.52475
  },
  "50": {
    "cen_loss": 1.6773878680467607,
    "cen_accuracy": 0.49425
  },
  "51": {
    "cen_loss": 1.89878451526165,
    "cen_accuracy": 0.5065
  },
  "52": {
    "cen_loss": 1.1406852456331253,
    "cen_accuracy": 0.6285
  },
  "53": {
    "cen_loss": 3.088271849989891,
    "cen_accuracy": 0.327
  },
  "54": {
    "cen_loss": 2.081630674183369,
    "cen_accuracy": 0.40825
  },
  "55": {
    "cen_loss": 1.4336068949103355,
    "cen_accuracy": 0.549625
  },
  "56": {
    "cen_loss": 1.5615530955791472,
    "cen_accuracy": 0.50925
  },
  "57": {
    "cen_loss": 1.6874197736382484,
    "cen_accuracy": 0.54
  },
  "58": {
    "cen_loss": 1.4358452090620994,
    "cen_accuracy": 0.534
  },
  "59": {
    "cen_loss": 1.949246938943863,
    "cen_accuracy": 0.413375
  },
  "60": {
    "cen_loss": 2.174512089371681,
    "cen_accuracy": 0.418125
  },
  "61": {
    "cen_loss": 1.1050787858366966,
    "cen_accuracy": 0.601875
  },
  "62": {
    "cen_loss": 1.271618954539299,
    "cen_accuracy": 0.610125
  },
  "63": {
    "cen_loss": 1.7275669412612915,
    "cen_accuracy": 0.51275
  },
  "64": {
    "cen_loss": 2.114070926308632,
    "cen_accuracy": 0.494875
  },
  "65": {
    "cen_loss": 1.2988015025258064,
    "cen_accuracy": 0.573875
  },
  "66": {
    "cen_loss": 1.1434663147330284,
    "cen_accuracy": 0.585125
  },
  "67": {
    "cen_loss": 1.299093767464161,
    "cen_accuracy": 0.593125
  },
  "68": {
    "cen_loss": 1.81191979688406,
    "cen_accuracy": 0.4845
  },
  "69": {
    "cen_loss": 1.243904867053032,
    "cen_accuracy": 0.570125
  },
  "70": {
    "cen_loss": 1.4076628583669661,
    "cen_accuracy": 0.552375
  },
  "71": {
    "cen_loss": 1.282242833852768,
    "cen_accuracy": 0.6105
  },
  "72": {
    "cen_loss": 1.0585101832151413,
    "cen_accuracy": 0.643875
  },
  "73": {
    "cen_loss": 1.3418282268941402,
    "cen_accuracy": 0.574875
  },
  "74": {
    "cen_loss": 1.842029536485672,
    "cen_accuracy": 0.53175
  },
  "75": {
    "cen_loss": 1.8223733426928521,
    "cen_accuracy": 0.540625
  },
  "76": {
    "cen_loss": 0.9657846209406853,
    "cen_accuracy": 0.66675
  },
  "77": {
    "cen_loss": 1.1106701717972756,
    "cen_accuracy": 0.62525
  },
  "78": {
    "cen_loss": 2.208664435148239,
    "cen_accuracy": 0.42575
  },
  "79": {
    "cen_loss": 1.2047263736724854,
    "cen_accuracy": 0.614625
  },
  "80": {
    "cen_loss": 1.2293740263581276,
    "cen_accuracy": 0.613625
  },
  "81": {
    "cen_loss": 1.0980646281838418,
    "cen_accuracy": 0.66925
  },
  "82": {
    "cen_loss": 2.2097338547110557,
    "cen_accuracy": 0.4495
  },
  "83": {
    "cen_loss": 1.5043784818053245,
    "cen_accuracy": 0.58575
  },
  "84": {
    "cen_loss": 1.6956420476436616,
    "cen_accuracy": 0.5645
  },
  "85": {
    "cen_loss": 1.416863892018795,
    "cen_accuracy": 0.610875
  },
  "86": {
    "cen_loss": 1.7806727129220963,
    "cen_accuracy": 0.561875
  },
  "87": {
    "cen_loss": 1.392335762679577,
    "cen_accuracy": 0.581375
  },
  "88": {
    "cen_loss": 1.4868374955058097,
    "cen_accuracy": 0.556625
  },
  "89": {
    "cen_loss": 1.3737530959546567,
    "cen_accuracy": 0.556125
  },
  "90": {
    "cen_loss": 1.7268664505183697,
    "cen_accuracy": 0.503
  },
  "91": {
    "cen_loss": 0.9459200563132762,
    "cen_accuracy": 0.68075
  },
  "92": {
    "cen_loss": 1.5123849697709084,
    "cen_accuracy": 0.5745
  },
  "93": {
    "cen_loss": 1.7614476290345191,
    "cen_accuracy": 0.543875
  },
  "94": {
    "cen_loss": 1.510782218337059,
    "cen_accuracy": 0.545125
  },
  "95": {
    "cen_loss": 1.4377229660749435,
    "cen_accuracy": 0.569375
  },
  "96": {
    "cen_loss": 1.926296841263771,
    "cen_accuracy": 0.510375
  },
  "97": {
    "cen_loss": 1.241107946395874,
    "cen_accuracy": 0.605625
  },
  "98": {
    "cen_loss": 1.091519488453865,
    "cen_accuracy": 0.651375
  },
  "99": {
    "cen_loss": 1.317410427302122,
    "cen_accuracy": 0.577125
  },
  "100": {
    "cen_loss": 1.5169131977260113,
    "cen_accuracy": 0.554125
  },
  "101": {
    "cen_loss": 1.220066215991974,