{
  "0": {
    "cen_loss": 2.3030013337135316,
    "cen_accuracy": 0.09725
  },
  "1": {
    "cen_loss": 2.3030013337135316,
    "cen_accuracy": 0.09725
  },
  "2": {
    "cen_loss": 2.984687997341156,
    "cen_accuracy": 0.102
  },
  "3": {
    "cen_loss": 3.5927878699302673,
    "cen_accuracy": 0.101125
  },
  "4": {
    "cen_loss": 3.1309544830322267,
    "cen_accuracy": 0.099375
  },
  "5": {
    "cen_loss": 3.706867712020874,
    "cen_accuracy": 0.10375
  },
  "6": {
    "cen_loss": 3.465232338428497,
    "cen_accuracy": 0.1115
  },
  "7": {
    "cen_loss": 3.1057604207992555,
    "cen_accuracy": 0.128875
  },
  "8": {
    "cen_loss": 2.6410844197273255,
    "cen_accuracy": 0.154875
  },
  "9": {
    "cen_loss": 2.1976914772987364,
    "cen_accuracy": 0.25325
  },
  "10": {
    "cen_loss": 2.5627417526245115,
    "cen_accuracy": 0.3065
  },
  "11": {
    "cen_loss": 4.662994555473327,
    "cen_accuracy": 0.12375
  },
  "12": {
    "cen_loss": 2.844343599319458,
    "cen_accuracy": 0.25525
  },
  "13": {
    "cen_loss": 2.531473377466202,
    "cen_accuracy": 0.3015
  },
  "14": {
    "cen_loss": 2.8310807712078097,
    "cen_accuracy": 0.283125
  },
  "15": {
    "cen_loss": 2.521239243388176,
    "cen_accuracy": 0.303625
  },
  "16": {
    "cen_loss": 2.79881314432621,
    "cen_accuracy": 0.273125
  },
  "17": {
    "cen_loss": 2.165857708692551,
    "cen_accuracy": 0.402875
  },
  "18": {
    "cen_loss": 2.6745475142002104,
    "cen_accuracy": 0.32225
  },
  "19": {
    "cen_loss": 2.0480209010839463,
    "cen_accuracy": 0.346375
  },
  "20": {
    "cen_loss": 2.3054770884513855,
    "cen_accuracy": 0.3585
  },
  "21": {
    "cen_loss": 2.3606298886537553,
    "cen_accuracy": 0.407
  },
  "22": {
    "cen_loss": 1.901734165430069,
    "cen_accuracy": 0.449
  },
  "23": {
    "cen_loss": 2.506561036348343,
    "cen_accuracy": 0.381125
  },
  "24": {
    "cen_loss": 2.769439584136009,
    "cen_accuracy": 0.36825
  },
  "25": {
    "cen_loss": 1.547236198425293,
    "cen_accuracy": 0.472125
  },
  "26": {
    "cen_loss": 2.6516907490491866,
    "cen_accuracy": 0.37725
  },
  "27": {
    "cen_loss": 2.7572975776195525,
    "cen_accuracy": 0.345875
  },
  "28": {
    "cen_loss": 2.293462477207184,
    "cen_accuracy": 0.372625
  },
  "29": {
    "cen_loss": 1.6917476594448089,
    "cen_accuracy": 0.490875
  },
  "30": {
    "cen_loss": 2.1556795814037324,
    "cen_accuracy": 0.440875
  },
  "31": {
    "cen_loss": 1.9084150049686432,
    "cen_accuracy": 0.46
  },
  "32": {
    "cen_loss": 3.2559135208129883,
    "cen_accuracy": 0.356625
  },
  "33": {
    "cen_loss": 2.4799798862934113,
    "cen_accuracy": 0.4345
  },
  "34": {
    "cen_loss": 2.102588183283806,
    "cen_accuracy": 0.418
  },
  "35": {
    "cen_loss": 2.0056518347263337,
    "cen_accuracy": 0.424625
  },
  "36": {
    "cen_loss": 2.1571854872703553,
    "cen_accuracy": 0.40175
  },
  "37": {
    "cen_loss": 1.6748627514839172,
    "cen_accuracy": 0.50225
  },
  "38": {
    "cen_loss": 1.8253912712335587,
    "cen_accuracy": 0.524375
  },
  "39": {
    "cen_loss": 1.6388130502104759,
    "cen_accuracy": 0.48375
  },
  "40": {
    "cen_loss": 2.0257342034578323,
    "cen_accuracy": 0.426125
  },
  "41": {
    "cen_loss": 1.6793841584920883,
    "cen_accuracy": 0.453125
  },
  "42": {
    "cen_loss": 1.812181517481804,
    "cen_accuracy": 0.4935
  },
  "43": {
    "cen_loss": 1.849090682864189,
    "cen_accuracy": 0.4925
  },
  "44": {
    "cen_loss": 1.5649551830291748,
    "cen_accuracy": 0.514875
  },
  "45": {
    "cen_loss": 1.3968358280658721,
    "cen_accuracy": 0.555875
  },
  "46": {
    "cen_loss": 1.6855971705913544,
    "cen_accuracy": 0.5025
  },
  "47": {
    "cen_loss": 2.210381374835968,
    "cen_accuracy": 0.44425
  },
  "48": {
    "cen_loss": 2.165661380767822,
    "cen_accuracy": 0.458125
  },
  "49": {
    "cen_loss": 2.2984897310733796,
    "cen_accuracy": 0.465
  },
  "50": {
    "cen_loss": 3.1008407189846037,
    "cen_accuracy": 0.418875
  },
  "51": {
    "cen_loss": 1.973778069138527,
    "cen_accuracy": 0.442875
  },
  "52": {
    "cen_loss": 1.8394355689287185,
    "cen_accuracy": 0.480125
  },
  "53": {
    "cen_loss": 1.898268832564354,
    "cen_accuracy": 0.48025
  },
  "54": {
    "cen_loss": 1.8229727013111114,
    "cen_accuracy": 0.474375
  },
  "55": {
    "cen_loss": 2.117674787044525,
    "cen_accuracy": 0.47925
  },
  "56": {
    "cen_loss": 1.559466192483902,
    "cen_accuracy": 0.582375
  },
  "57": {
    "cen_loss": 1.977691150188446,
    "cen_accuracy": 0.506125
  },
  "58": {
    "cen_loss": 1.5396901082396508,
    "cen_accuracy": 0.524875
  },
  "59": {
    "cen_loss": 1.7944670877456665,
    "cen_accuracy": 0.525
  },
  "60": {
    "cen_loss": 1.4702911890745163,
    "cen_accuracy": 0.5625
  },
  "61": {
    "cen_loss": 1.6066223188638686,
    "cen_accuracy": 0.536
  },
  "62": {
    "cen_loss": 1.6191292816400529,
    "cen_accuracy": 0.5565
  },
  "63": {
    "cen_loss": 1.661278040111065,
    "cen_accuracy": 0.545875
  },
  "64": {
    "cen_loss": 1.6192629873156548,
    "cen_accuracy": 0.57175
  },
  "65": {
    "cen_loss": 1.7225530854463578,
    "cen_accuracy": 0.557
  },
  "66": {
    "cen_loss": 1.9253886095881463,
    "cen_accuracy": 0.520125
  },
  "67": {
    "cen_loss": 1.6218612911701202,
    "cen_accuracy": 0.572875
  },
  "68": {
    "cen_loss": 2.897864136338234,
    "cen_accuracy": 0.42225
  },
  "69": {
    "cen_loss": 1.6370183648467065,
    "cen_accuracy": 0.50975
  },
  "70": {
    "cen_loss": 2.1438451887369157,
    "cen_accuracy": 0.481125
  },
  "71": {
    "cen_loss": 1.5119587817192077,
    "cen_accuracy": 0.5975
  },
  "72": {
    "cen_loss": 1.5576747732162475,
    "cen_accuracy": 0.60475
  },
  "73": {
    "cen_loss": 2.182106293439865,
    "cen_accuracy": 0.516625
  },
  "74": {
    "cen_loss": 1.6683492832183837,
    "cen_accuracy": 0.568125
  },
  "75": {
    "cen_loss": 2.0497424588203432,
    "cen_accuracy": 0.559375
  },
  "76": {
    "cen_loss": 1.8770845865011214,
    "cen_accuracy": 0.46525
  },
  "77": {
    "cen_loss": 1.6340888137221337,
    "cen_accuracy": 0.605
  },
  "78": {
    "cen_loss": 1.9985911216139793,
    "cen_accuracy": 0.5485
  },
  "79": {
    "cen_loss": 1.5434941612482072,
    "cen_accuracy": 0.6155
  },
  "80": {
    "cen_loss": 1.4463434664607049,
    "cen_accuracy": 0.623
  },
  "81": {
    "cen_loss": 1.7195040771365167,
    "cen_accuracy": 0.6
  },
  "82": {
    "cen_loss": 2.1795024861991403,
    "cen_accuracy": 0.569875
  },
  "83": {
    "cen_loss": 1.5395303490161896,
    "cen_accuracy": 0.617
  },
  "84": {
    "cen_loss": 2.0316793962717057,
    "cen_accuracy": 0.5515
  },
  "85": {
    "cen_loss": 2.1963883221447467,
    "cen_accuracy": 0.599375
  },
  "86": {
    "cen_loss": 1.6674316607117652,
    "cen_accuracy": 0.533125
  },
  "87": {
    "cen_loss": 1.9581439575552941,
    "cen_accuracy": 0.541375
  },
  "88": {
    "cen_loss": 1.7200058528184892,
    "cen_accuracy": 0.554875
  },
  "89": {
    "cen_loss": 1.7317436885833741,
    "cen_accuracy": 0.539
  },
  "90": {
    "cen_loss": 2.022425730228424,
    "cen_accuracy": 0.4885
  },
  "91": {
    "cen_loss": 1.6940347666740418,
    "cen_accuracy": 0.57875
  },
  "92": {
    "cen_loss": 1.4135857677161694,
    "cen_accuracy": 0.6465
  },
  "93": {
    "cen_loss": 1.5217169929146768,
    "cen_accuracy": 0.620875
  },
  "94": {
    "cen_loss": 1.9051891086101531,
    "cen_accuracy": 0.598875
  },
  "95": {
    "cen_loss": 1.6285454585552215,
    "cen_accuracy": 0.606625
  },
  "96": {
    "cen_loss": 2.2524749351143836,
    "cen_accuracy": 0.629125
  },
  "97": {
    "cen_loss": 1.8006464917957783,
    "cen_accuracy": 0.6265
  },
  "98": {
    "cen_loss": 1.6839923779964447,
    "cen_accuracy": 0.627
  },
  "99": {
    "cen_loss": 2.318740052998066,
    "cen_accuracy": 0.537625
  },
  "100": {
    "cen_loss": 2.3691196397542953,
    "cen_accuracy": 0.531625
  },
  "101": {
    "cen_loss": 1.7608875404000282,