{
  "0": {
    "cen_loss": 2.3028162007331847,
    "cen_accuracy": 0.1005
  },
  "1": {
    "cen_loss": 2.3028162007331847,
    "cen_accuracy": 0.1005
  },
  "2": {
    "cen_loss": 3.613083881855011,
    "cen_accuracy": 0.1005
  },
  "3": {
    "cen_loss": 4.758701197147369,
    "cen_accuracy": 0.0995
  },
  "4": {
    "cen_loss": 5.4630682716369625,
    "cen_accuracy": 0.0995
  },
  "5": {
    "cen_loss": 5.879508071422577,
    "cen_accuracy": 0.0995
  },
  "6": {
    "cen_loss": 6.363405480384826,
    "cen_accuracy": 0.09975
  },
  "7": {
    "cen_loss": 4.595240437030792,
    "cen_accuracy": 0.161375
  },
  "8": {
    "cen_loss": 3.620404597043991,
    "cen_accuracy": 0.208
  },
  "9": {
    "cen_loss": 2.6301969783306123,
    "cen_accuracy": 0.296625
  },
  "10": {
    "cen_loss": 1.5737823539972304,
    "cen_accuracy": 0.515875
  },
  "11": {
    "cen_loss": 2.04064431142807,
    "cen_accuracy": 0.4125
  },
  "12": {
    "cen_loss": 1.9908943547010423,
    "cen_accuracy": 0.4425
  },
  "13": {
    "cen_loss": 1.6756668499112128,
    "cen_accuracy": 0.5035
  },
  "14": {
    "cen_loss": 1.911294673204422,
    "cen_accuracy": 0.4715
  },
  "15": {
    "cen_loss": 1.7282996426820756,
    "cen_accuracy": 0.520875
  },
  "16": {
    "cen_loss": 1.6264668214321136,
    "cen_accuracy": 0.554625
  },
  "17": {
    "cen_loss": 1.4771784186065198,
    "cen_accuracy": 0.574625
  },
  "18": {
    "cen_loss": 1.6443145979046823,
    "cen_accuracy": 0.558125
  },
  "19": {
    "cen_loss": 1.4069990289211274,
    "cen_accuracy": 0.59675
  },
  "20": {
    "cen_loss": 1.4501352115869521,
    "cen_accuracy": 0.6045
  },
  "21": {
    "cen_loss": 1.57683093431592,
    "cen_accuracy": 0.57725
  },
  "22": {
    "cen_loss": 1.5406402294635773,
    "cen_accuracy": 0.58375
  },
  "23": {
    "cen_loss": 1.6221263825893402,
    "cen_accuracy": 0.574
  },
  "24": {
    "cen_loss": 1.5540709057450295,
    "cen_accuracy": 0.583375
  },
  "25": {
    "cen_loss": 1.3976094042658807,
    "cen_accuracy": 0.611875
  },
  "26": {
    "cen_loss": 1.3718267081379891,
    "cen_accuracy": 0.619375
  },
  "27": {
    "cen_loss": 1.4241552499830723,
    "cen_accuracy": 0.622875
  },
  "28": {
    "cen_loss": 1.4286929326653481,
    "cen_accuracy": 0.6265
  },
  "29": {
    "cen_loss": 1.3075622779130935,
    "cen_accuracy": 0.63375
  },
  "30": {
    "cen_loss": 1.4036114778518676,
    "cen_accuracy": 0.632
  },
  "31": {
    "cen_loss": 1.3229579943418504,
    "cen_accuracy": 0.634875
  },
  "32": {
    "cen_loss": 1.2049465809762478,
    "cen_accuracy": 0.65775
  },
  "33": {
    "cen_loss": 1.2157945172190667,
    "cen_accuracy": 0.656625
  },
  "34": {
    "cen_loss": 1.1545495055019857,
    "cen_accuracy": 0.666375
  },
  "35": {
    "cen_loss": 1.0913350960314274,
    "cen_accuracy": 0.677625
  },
  "36": {
    "cen_loss": 1.2861136270463467,
    "cen_accuracy": 0.65875
  },
  "37": {
    "cen_loss": 1.2145497705340385,
    "cen_accuracy": 0.672375
  },
  "38": {
    "cen_loss": 1.2096870591640472,
    "cen_accuracy": 0.654625
  },
  "39": {
    "cen_loss": 1.1578642235398293,
    "cen_accuracy": 0.67475
  },
  "40": {
    "cen_loss": 1.241057054311037,
    "cen_accuracy": 0.66925
  },
  "41": {
    "cen_loss": 1.2183205307126046,
    "cen_accuracy": 0.66775
  },
  "42": {
    "cen_loss": 1.0996652003824712,
    "cen_accuracy": 0.685875
  },
  "43": {
    "cen_loss": 1.1072933271229266,
    "cen_accuracy": 0.685875
  },
  "44": {
    "cen_loss": 1.1744982854127883,
    "cen_accuracy": 0.67175
  },
  "45": {
    "cen_loss": 1.0917653451412916,
    "cen_accuracy": 0.691
  },
  "46": {
    "cen_loss": 1.0697308915406465,
    "cen_accuracy": 0.694875
  },
  "47": {
    "cen_loss": 1.0667126250863075,
    "cen_accuracy": 0.69725
  },
  "48": {
    "cen_loss": 1.0537809645533562,
    "cen_accuracy": 0.695875
  },
  "49": {
    "cen_loss": 1.0647311474978924,
    "cen_accuracy": 0.69875
  },
  "50": {
    "cen_loss": 1.1438942144513131,
    "cen_accuracy": 0.689875
  },
  "51": {
    "cen_loss": 1.2006448284983635,
    "cen_accuracy": 0.68225
  },
  "52": {
    "cen_loss": 1.089164456292987,
    "cen_accuracy": 0.69675
  },
  "53": {
    "cen_loss": 1.014292842924595,
    "cen_accuracy": 0.70725
  },
  "54": {
    "cen_loss": 1.0538149362504483,
    "cen_accuracy": 0.70275
  },
  "55": {
    "cen_loss": 1.0476474596261978,
    "cen_accuracy": 0.707
  },
  "56": {
    "cen_loss": 1.0396821277588606,
    "cen_accuracy": 0.709625
  },
  "57": {
    "cen_loss": 1.0383644284158946,
    "cen_accuracy": 0.708625
  },
  "58": {
    "cen_loss": 1.05200633969903,
    "cen_accuracy": 0.705625
  },
  "59": {
    "cen_loss": 0.917089773952961,
    "cen_accuracy": 0.728625
  },
  "60": {
    "cen_loss": 0.9690173325538636,
    "cen_accuracy": 0.722375
  },
  "61": {
    "cen_loss": 1.0367198821753263,
    "cen_accuracy": 0.711375
  },
  "62": {
    "cen_loss": 1.0674093197137118,
    "cen_accuracy": 0.71175
  },
  "63": {
    "cen_loss": 1.043851909711957,
    "cen_accuracy": 0.70625
  },
  "64": {
    "cen_loss": 1.0982193851917983,
    "cen_accuracy": 0.707125
  },
  "65": {
    "cen_loss": 0.9600648450106383,
    "cen_accuracy": 0.72925
  },
  "66": {
    "cen_loss": 0.9392522534281016,
    "cen_accuracy": 0.726
  },
  "67": {
    "cen_loss": 0.9371112784296274,
    "cen_accuracy": 0.7345
  },
  "68": {
    "cen_loss": 1.0211806330382824,
    "cen_accuracy": 0.7185
  },
  "69": {
    "cen_loss": 0.9789776186645031,
    "cen_accuracy": 0.725375
  },
  "70": {
    "cen_loss": 0.9998778042793274,
    "cen_accuracy": 0.723875
  },
  "71": {
    "cen_loss": 0.9271779198348522,
    "cen_accuracy": 0.734625
  },
  "72": {
    "cen_loss": 0.974788137242198,
    "cen_accuracy": 0.7245
  },
  "73": {
    "cen_loss": 0.9137698885202408,
    "cen_accuracy": 0.731
  },
  "74": {
    "cen_loss": 0.9086769413501025,
    "cen_accuracy": 0.738625
  },
  "75": {
    "cen_loss": 0.9407441140115261,
    "cen_accuracy": 0.73375
  },
  "76": {
    "cen_loss": 0.917336141422391,
    "cen_accuracy": 0.73575
  },
  "77": {
    "cen_loss": 0.9376870662868023,
    "cen_accuracy": 0.734625
  },
  "78": {
    "cen_loss": 0.9372581177800894,
    "cen_accuracy": 0.73675
  },
  "79": {
    "cen_loss": 0.981084402948618,
    "cen_accuracy": 0.72925
  },
  "80": {
    "cen_loss": 1.0611610026061535,
    "cen_accuracy": 0.716375
  },
  "81": {
    "cen_loss": 0.9276667544469237,
    "cen_accuracy": 0.73875
  },
  "82": {
    "cen_loss": 0.9321697428822517,
    "cen_accuracy": 0.7405
  },
  "83": {
    "cen_loss": 0.9155172685682773,
    "cen_accuracy": 0.743
  },
  "84": {
    "cen_loss": 0.9001987711191177,
    "cen_accuracy": 0.741
  },
  "85": {
    "cen_loss": 0.9962589573562145,
    "cen_accuracy": 0.733
  },
  "86": {
    "cen_loss": 1.0165087233632804,
    "cen_accuracy": 0.720875
  },
  "87": {
    "cen_loss": 0.9051904307454824,
    "cen_accuracy": 0.741125
  },
  "88": {
    "cen_loss": 0.9004600040018559,
    "cen_accuracy": 0.74575
  },
  "89": {
    "cen_loss": 0.9182139607816935,
    "cen_accuracy": 0.73975
  },
  "90": {
    "cen_loss": 0.9256821526288986,
    "cen_accuracy": 0.738375
  },
  "91": {
    "cen_loss": 0.9552703749835492,
    "cen_accuracy": 0.733875
  },
  "92": {
    "cen_loss": 0.902164765432477,
    "cen_accuracy": 0.746875
  },
  "93": {
    "cen_loss": 0.900074636220932,
    "cen_accuracy": 0.742625
  },
  "94": {
    "cen_loss": 0.8524376062303781,
    "cen_accuracy": 0.748
  },
  "95": {
    "cen_loss": 0.8764908260405063,
    "cen_accuracy": 0.749
  },
  "96": {
    "cen_loss": 0.8875258182287216,
    "cen_accuracy": 0.750125
  },
  "97": {
    "cen_loss": 0.9287103816270829,
    "cen_accuracy": 0.743125
  },
  "98": {
    "cen_loss": 0.8805808777660131,
    "cen_accuracy": 0.752625
  },
  "99": {
    "cen_loss": 0.8620385266020893,
    "cen_accuracy": 0.758625
  },
  "100": {
    "cen_loss": 0.9634585769176484,
    "cen_accuracy": 0.743875
  },