{
  "0": {
    "cen_loss": 2.3019716558456422,
    "cen_accuracy": 0.1
  },
  "1": {
    "cen_loss": 2.3019716558456422,
    "cen_accuracy": 0.1
  },
  "2": {
    "cen_loss": 3.055402927398682,
    "cen_accuracy": 0.099125
  },
  "3": {
    "cen_loss": 4.128517136096955,
    "cen_accuracy": 0.12125
  },
  "4": {
    "cen_loss": 3.604632303237915,
    "cen_accuracy": 0.098875
  },
  "5": {
    "cen_loss": 3.32585525226593,
    "cen_accuracy": 0.10075
  },
  "6": {
    "cen_loss": 3.2218575496673583,
    "cen_accuracy": 0.156375
  },
  "7": {
    "cen_loss": 3.3380365076065064,
    "cen_accuracy": 0.176
  },
  "8": {
    "cen_loss": 3.1824048447608946,
    "cen_accuracy": 0.16475
  },
  "9": {
    "cen_loss": 2.271071741580963,
    "cen_accuracy": 0.222375
  },
  "10": {
    "cen_loss": 3.8448217544555665,
    "cen_accuracy": 0.294875
  },
  "11": {
    "cen_loss": 3.1996607508659363,
    "cen_accuracy": 0.260875
  },
  "12": {
    "cen_loss": 2.55200120306015,
    "cen_accuracy": 0.313
  },
  "13": {
    "cen_loss": 3.0598501462936403,
    "cen_accuracy": 0.247125
  },
  "14": {
    "cen_loss": 3.3707650513648986,
    "cen_accuracy": 0.233375
  },
  "15": {
    "cen_loss": 2.4679063813686373,
    "cen_accuracy": 0.318875
  },
  "16": {
    "cen_loss": 2.0036303955316543,
    "cen_accuracy": 0.3745
  },
  "17": {
    "cen_loss": 2.249451303720474,
    "cen_accuracy": 0.391625
  },
  "18": {
    "cen_loss": 2.122385563492775,
    "cen_accuracy": 0.37025
  },
  "19": {
    "cen_loss": 2.031264164209366,
    "cen_accuracy": 0.400625
  },
  "20": {
    "cen_loss": 2.0922370421886445,
    "cen_accuracy": 0.437875
  },
  "21": {
    "cen_loss": 2.309970868587494,
    "cen_accuracy": 0.38575
  },
  "22": {
    "cen_loss": 2.2731901952028273,
    "cen_accuracy": 0.399125
  },
  "23": {
    "cen_loss": 2.2262044875621796,
    "cen_accuracy": 0.330625
  },
  "24": {
    "cen_loss": 1.9671142898797989,
    "cen_accuracy": 0.428
  },
  "25": {
    "cen_loss": 2.1373810642957687,
    "cen_accuracy": 0.38625
  },
  "26": {
    "cen_loss": 2.872598550081253,
    "cen_accuracy": 0.37475
  },
  "27": {
    "cen_loss": 1.6999058146476747,
    "cen_accuracy": 0.463375
  },
  "28": {
    "cen_loss": 2.6283793406486513,
    "cen_accuracy": 0.39175
  },
  "29": {
    "cen_loss": 2.3518885095119475,
    "cen_accuracy": 0.41175
  },
  "30": {
    "cen_loss": 4.002995081663132,
    "cen_accuracy": 0.30425
  },
  "31": {
    "cen_loss": 2.599975296020508,
    "cen_accuracy": 0.4185
  },
  "32": {
    "cen_loss": 2.3375891295671463,
    "cen_accuracy": 0.437
  },
  "33": {
    "cen_loss": 1.703627345919609,
    "cen_accuracy": 0.52075
  },
  "34": {
    "cen_loss": 2.206267828822136,
    "cen_accuracy": 0.45
  },
  "35": {
    "cen_loss": 2.626602493405342,
    "cen_accuracy": 0.41325
  },
  "36": {
    "cen_loss": 2.2966813704967497,
    "cen_accuracy": 0.45375
  },
  "37": {
    "cen_loss": 2.725385441541672,
    "cen_accuracy": 0.318
  },
  "38": {
    "cen_loss": 2.0334811086654665,
    "cen_accuracy": 0.432875
  },
  "39": {
    "cen_loss": 1.197286151766777,
    "cen_accuracy": 0.581375
  },
  "40": {
    "cen_loss": 1.2850760166049005,
    "cen_accuracy": 0.600125
  },
  "41": {
    "cen_loss": 1.9276501093506813,
    "cen_accuracy": 0.486625
  },
  "42": {
    "cen_loss": 2.135973371505737,
    "cen_accuracy": 0.470625
  },
  "43": {
    "cen_loss": 1.6148570412397385,
    "cen_accuracy": 0.52625
  },
  "44": {
    "cen_loss": 2.5116795675754546,
    "cen_accuracy": 0.43425
  },
  "45": {
    "cen_loss": 2.013258918404579,
    "cen_accuracy": 0.429625
  },
  "46": {
    "cen_loss": 2.5382943811416627,
    "cen_accuracy": 0.451875
  },
  "47": {
    "cen_loss": 2.685332041144371,
    "cen_accuracy": 0.42425
  },
  "48": {
    "cen_loss": 2.640530530333519,
    "cen_accuracy": 0.395
  },
  "49": {
    "cen_loss": 1.808568366765976,
    "cen_accuracy": 0.47875
  },
  "50": {
    "cen_loss": 3.6496569843292237,
    "cen_accuracy": 0.37825
  },
  "51": {
    "cen_loss": 1.263098874270916,
    "cen_accuracy": 0.58125
  },
  "52": {
    "cen_loss": 3.220678615450859,
    "cen_accuracy": 0.4455
  },
  "53": {
    "cen_loss": 1.4982929556369782,
    "cen_accuracy": 0.56325
  },
  "54": {
    "cen_loss": 1.931739204645157,
    "cen_accuracy": 0.46975
  },
  "55": {
    "cen_loss": 1.6925756540596486,
    "cen_accuracy": 0.53425
  },
  "56": {
    "cen_loss": 2.621356997728348,
    "cen_accuracy": 0.44775
  },
  "57": {
    "cen_loss": 1.314162867486477,
    "cen_accuracy": 0.572375
  },
  "58": {
    "cen_loss": 1.63704521048069,
    "cen_accuracy": 0.523
  },
  "59": {
    "cen_loss": 2.0160997892618178,
    "cen_accuracy": 0.492625
  },
  "60": {
    "cen_loss": 2.044997770190239,
    "cen_accuracy": 0.49325
  },
  "61": {
    "cen_loss": 1.715070676445961,
    "cen_accuracy": 0.532875
  },
  "62": {
    "cen_loss": 3.2783592994213104,
    "cen_accuracy": 0.435625
  },
  "63": {
    "cen_loss": 1.7051018545627594,
    "cen_accuracy": 0.5395
  },
  "64": {
    "cen_loss": 1.5031898719072343,
    "cen_accuracy": 0.527375
  },
  "65": {
    "cen_loss": 2.092874645113945,
    "cen_accuracy": 0.494
  },
  "66": {
    "cen_loss": 1.1651342223882675,
    "cen_accuracy": 0.6285
  },
  "67": {
    "cen_loss": 1.6612505871653558,
    "cen_accuracy": 0.569625
  },
  "68": {
    "cen_loss": 2.153304988861084,
    "cen_accuracy": 0.426375
  },
  "69": {
    "cen_loss": 2.2354115933179854,
    "cen_accuracy": 0.453125
  },
  "70": {
    "cen_loss": 3.237899004340172,
    "cen_accuracy": 0.377375
  },
  "71": {
    "cen_loss": 1.7882299830317496,
    "cen_accuracy": 0.5475
  },
  "72": {
    "cen_loss": 2.3639647245407103,
    "cen_accuracy": 0.467875
  },
  "73": {
    "cen_loss": 1.2241707815527916,
    "cen_accuracy": 0.604
  },
  "74": {
    "cen_loss": 1.5064125009179115,
    "cen_accuracy": 0.59725
  },
  "75": {
    "cen_loss": 2.1659001343250273,
    "cen_accuracy": 0.498875
  },
  "76": {
    "cen_loss": 1.4274206419587134,
    "cen_accuracy": 0.549625
  },
  "77": {
    "cen_loss": 1.152701840400696,
    "cen_accuracy": 0.6455
  },
  "78": {
    "cen_loss": 1.2799799587726592,
    "cen_accuracy": 0.5975
  },
  "79": {
    "cen_loss": 1.5964816349744797,
    "cen_accuracy": 0.54075
  },
  "80": {
    "cen_loss": 2.032066396653652,
    "cen_accuracy": 0.502625
  },
  "81": {
    "cen_loss": 2.170729831457138,
    "cen_accuracy": 0.49175
  },
  "82": {
    "cen_loss": 2.003350371956825,
    "cen_accuracy": 0.526
  },
  "83": {
    "cen_loss": 1.8698840639591217,
    "cen_accuracy": 0.472625
  },
  "84": {
    "cen_loss": 1.1099358412325382,
    "cen_accuracy": 0.634625
  },
  "85": {
    "cen_loss": 1.9094061772823334,
    "cen_accuracy": 0.52025
  },
  "86": {
    "cen_loss": 1.9370518614798784,
    "cen_accuracy": 0.57625
  },
  "87": {
    "cen_loss": 1.9869808095991612,
    "cen_accuracy": 0.534
  },
  "88": {
    "cen_loss": 1.3947409764230252,
    "cen_accuracy": 0.637125
  },
  "89": {
    "cen_loss": 1.5555730854272842,
    "cen_accuracy": 0.583375
  },
  "90": {
    "cen_loss": 1.4742393948435784,
    "cen_accuracy": 0.6115
  },
  "91": {
    "cen_loss": 1.7021487611085175,
    "cen_accuracy": 0.621375
  },
  "92": {
    "cen_loss": 1.811962229311466,
    "cen_accuracy": 0.605625
  },
  "93": {
    "cen_loss": 1.4832654228806497,
    "cen_accuracy": 0.6245
  },
  "94": {
    "cen_loss": 1.790892123043537,
    "cen_accuracy": 0.5535
  },
  "95": {
    "cen_loss": 1.8251086764335633,
    "cen_accuracy": 0.55475
  },
  "96": {
    "cen_loss": 1.4454375551342964,
    "cen_accuracy": 0.590375
  },
  "97": {
    "cen_loss": 1.6732862738370895,
    "cen_accuracy": 0.562625
  },
  "98": {
    "cen_loss": 1.4164399507641792,
    "cen_accuracy": 0.593875
  },
  "99": {
    "cen_loss": 1.740816640138626,
    "cen_accuracy": 0.563
  },
  "100": {
    "cen_loss": 2.4150820900797845,
    "cen_accuracy": 0.48275
  },
  "101": {
    "cen_loss": 1.7170950076580047,