{
  "0": {
    "cen_loss": 2.3028095273971556,
    "cen_accuracy": 0.10075
  },
  "1": {
    "cen_loss": 2.3028095273971556,
    "cen_accuracy": 0.10075
  },
  "2": {
    "cen_loss": 3.765498772144318,
    "cen_accuracy": 0.101125
  },
  "3": {
    "cen_loss": 5.466309912204743,
    "cen_accuracy": 0.10075
  },
  "4": {
    "cen_loss": 4.535772039890289,
    "cen_accuracy": 0.101125
  },
  "5": {
    "cen_loss": 5.092246254444122,
    "cen_accuracy": 0.102625
  },
  "6": {
    "cen_loss": 5.339782001018524,
    "cen_accuracy": 0.125375
  },
  "7": {
    "cen_loss": 3.5405358974933625,
    "cen_accuracy": 0.181375
  },
  "8": {
    "cen_loss": 3.075909508705139,
    "cen_accuracy": 0.216375
  },
  "9": {
    "cen_loss": 2.553256537914276,
    "cen_accuracy": 0.264125
  },
  "10": {
    "cen_loss": 1.6550871157646179,
    "cen_accuracy": 0.50675
  },
  "11": {
    "cen_loss": 2.0045106539726256,
    "cen_accuracy": 0.399625
  },
  "12": {
    "cen_loss": 1.7272219104766846,
    "cen_accuracy": 0.45775
  },
  "13": {
    "cen_loss": 1.7916598660349845,
    "cen_accuracy": 0.49825
  },
  "14": {
    "cen_loss": 1.7878540334701538,
    "cen_accuracy": 0.476
  },
  "15": {
    "cen_loss": 1.6452768950462342,
    "cen_accuracy": 0.515
  },
  "16": {
    "cen_loss": 1.4619412639141083,
    "cen_accuracy": 0.577
  },
  "17": {
    "cen_loss": 1.513461602717638,
    "cen_accuracy": 0.56175
  },
  "18": {
    "cen_loss": 1.5883498436808585,
    "cen_accuracy": 0.549375
  },
  "19": {
    "cen_loss": 1.5580790517926215,
    "cen_accuracy": 0.57225
  },
  "20": {
    "cen_loss": 1.6275811482071876,
    "cen_accuracy": 0.585
  },
  "21": {
    "cen_loss": 1.3946289771795273,
    "cen_accuracy": 0.60225
  },
  "22": {
    "cen_loss": 1.5627734459042548,
    "cen_accuracy": 0.5885
  },
  "23": {
    "cen_loss": 1.395406117796898,
    "cen_accuracy": 0.608375
  },
  "24": {
    "cen_loss": 1.3820868150889873,
    "cen_accuracy": 0.60625
  },
  "25": {
    "cen_loss": 1.3656308722794055,
    "cen_accuracy": 0.610875
  },
  "26": {
    "cen_loss": 1.493298987865448,
    "cen_accuracy": 0.597875
  },
  "27": {
    "cen_loss": 1.4202062208652497,
    "cen_accuracy": 0.604875
  },
  "28": {
    "cen_loss": 1.4088923074901103,
    "cen_accuracy": 0.602625
  },
  "29": {
    "cen_loss": 1.3369093039035798,
    "cen_accuracy": 0.627625
  },
  "30": {
    "cen_loss": 1.3231350179314614,
    "cen_accuracy": 0.641375
  },
  "31": {
    "cen_loss": 1.357393152654171,
    "cen_accuracy": 0.63225
  },
  "32": {
    "cen_loss": 1.268618906363845,
    "cen_accuracy": 0.6335
  },
  "33": {
    "cen_loss": 1.214272163182497,
    "cen_accuracy": 0.6505
  },
  "34": {
    "cen_loss": 1.3888836467266084,
    "cen_accuracy": 0.627375
  },
  "35": {
    "cen_loss": 1.3143427365124225,
    "cen_accuracy": 0.630625
  },
  "36": {
    "cen_loss": 1.3144800654351712,
    "cen_accuracy": 0.63425
  },
  "37": {
    "cen_loss": 1.2111788585484027,
    "cen_accuracy": 0.653375
  },
  "38": {
    "cen_loss": 1.2486469455063343,
    "cen_accuracy": 0.65475
  },
  "39": {
    "cen_loss": 1.195020990639925,
    "cen_accuracy": 0.666625
  },
  "40": {
    "cen_loss": 1.309886494576931,
    "cen_accuracy": 0.654875
  },
  "41": {
    "cen_loss": 1.1494814767241477,
    "cen_accuracy": 0.67025
  },
  "42": {
    "cen_loss": 1.2696392617225647,
    "cen_accuracy": 0.64375
  },
  "43": {
    "cen_loss": 1.1956862521022558,
    "cen_accuracy": 0.66025
  },
  "44": {
    "cen_loss": 1.1724872748106718,
    "cen_accuracy": 0.66125
  },
  "45": {
    "cen_loss": 1.1316007863730193,
    "cen_accuracy": 0.677875
  },
  "46": {
    "cen_loss": 1.1183784596323967,
    "cen_accuracy": 0.671
  },
  "47": {
    "cen_loss": 1.1458154778927565,
    "cen_accuracy": 0.672625
  },
  "48": {
    "cen_loss": 1.2077471663951873,
    "cen_accuracy": 0.662625
  },
  "49": {
    "cen_loss": 1.1571342641115188,
    "cen_accuracy": 0.67925
  },
  "50": {
    "cen_loss": 1.1856322294920683,
    "cen_accuracy": 0.674
  },
  "51": {
    "cen_loss": 1.19338833630085,
    "cen_accuracy": 0.669625
  },
  "52": {
    "cen_loss": 1.119911203980446,
    "cen_accuracy": 0.675875
  },
  "53": {
    "cen_loss": 1.1247338433861733,
    "cen_accuracy": 0.677
  },
  "54": {
    "cen_loss": 1.156579941138625,
    "cen_accuracy": 0.67325
  },
  "55": {
    "cen_loss": 1.1504554542303085,
    "cen_accuracy": 0.6765
  },
  "56": {
    "cen_loss": 1.0467267467677592,
    "cen_accuracy": 0.698125
  },
  "57": {
    "cen_loss": 1.0419588933736086,
    "cen_accuracy": 0.697625
  },
  "58": {
    "cen_loss": 1.106383800879121,
    "cen_accuracy": 0.68325
  },
  "59": {
    "cen_loss": 1.1199394017010926,
    "cen_accuracy": 0.689375
  },
  "60": {
    "cen_loss": 1.1922359967529774,
    "cen_accuracy": 0.687125
  },
  "61": {
    "cen_loss": 1.0572689482420683,
    "cen_accuracy": 0.70275
  },
  "62": {
    "cen_loss": 1.064304483190179,
    "cen_accuracy": 0.698875
  },
  "63": {
    "cen_loss": 1.0298518280982971,
    "cen_accuracy": 0.706625
  },
  "64": {
    "cen_loss": 1.092038199275732,
    "cen_accuracy": 0.690875
  },
  "65": {
    "cen_loss": 0.9880116459727287,
    "cen_accuracy": 0.715
  },
  "66": {
    "cen_loss": 1.0257437361776829,
    "cen_accuracy": 0.707125
  },
  "67": {
    "cen_loss": 1.0132034313827754,
    "cen_accuracy": 0.70925
  },
  "68": {
    "cen_loss": 1.0663612825870514,
    "cen_accuracy": 0.701
  },
  "69": {
    "cen_loss": 0.9643468903303146,
    "cen_accuracy": 0.719625
  },
  "70": {
    "cen_loss": 1.0312374822050332,
    "cen_accuracy": 0.713375
  },
  "71": {
    "cen_loss": 1.1036245419383048,
    "cen_accuracy": 0.69075
  },
  "72": {
    "cen_loss": 1.0519850191771984,
    "cen_accuracy": 0.70375
  },
  "73": {
    "cen_loss": 1.0139259649962187,
    "cen_accuracy": 0.7105
  },
  "74": {
    "cen_loss": 0.9719389207065106,
    "cen_accuracy": 0.721125
  },
  "75": {
    "cen_loss": 1.0426144666820765,
    "cen_accuracy": 0.706
  },
  "76": {
    "cen_loss": 0.9677292221039534,
    "cen_accuracy": 0.712875
  },
  "77": {
    "cen_loss": 0.9756481005549431,
    "cen_accuracy": 0.719875
  },
  "78": {
    "cen_loss": 0.9801503269821406,
    "cen_accuracy": 0.71525
  },
  "79": {
    "cen_loss": 0.9504238118678331,
    "cen_accuracy": 0.726625
  },
  "80": {
    "cen_loss": 1.0016932219713925,
    "cen_accuracy": 0.7235
  },
  "81": {
    "cen_loss": 0.9901118925437331,
    "cen_accuracy": 0.7215
  },
  "82": {
    "cen_loss": 1.0021240047439932,
    "cen_accuracy": 0.713875
  },
  "83": {
    "cen_loss": 1.06722606036067,
    "cen_accuracy": 0.705625
  },
  "84": {
    "cen_loss": 1.0811481475234033,
    "cen_accuracy": 0.699625
  },
  "85": {
    "cen_loss": 0.9342394205182791,
    "cen_accuracy": 0.7295
  },
  "86": {
    "cen_loss": 0.9313967213481664,
    "cen_accuracy": 0.735125
  },
  "87": {
    "cen_loss": 0.9421952103339135,
    "cen_accuracy": 0.7285
  },
  "88": {
    "cen_loss": 0.9872175681442023,
    "cen_accuracy": 0.720125
  },
  "89": {
    "cen_loss": 0.9917987419143319,
    "cen_accuracy": 0.72125
  },
  "90": {
    "cen_loss": 1.0524697127118707,
    "cen_accuracy": 0.7145
  },
  "91": {
    "cen_loss": 0.9345479711890221,
    "cen_accuracy": 0.729625
  },
  "92": {
    "cen_loss": 0.9715855274498463,
    "cen_accuracy": 0.726375
  },
  "93": {
    "cen_loss": 0.9566313374340534,
    "cen_accuracy": 0.724
  },
  "94": {
    "cen_loss": 0.9237826719433069,
    "cen_accuracy": 0.725125
  },
  "95": {
    "cen_loss": 0.951916199401021,
    "cen_accuracy": 0.724125
  },
  "96": {
    "cen_loss": 0.9222820137739182,
    "cen_accuracy": 0.734
  },
  "97": {
    "cen_loss": 0.9584525910466909,
    "cen_accuracy": 0.72875
  },
  "98": {
    "cen_loss": 0.9460353119820356,
    "cen_accuracy": 0.731
  },
  "99": {
    "cen_loss": 0.9995979590713978,
    "cen_accuracy": 0.713875
  },
  "100": {
    "cen_loss": 1.023641412615776,
    "cen_accuracy": 0.716125
  },