{
  "0": {
    "cen_loss": 2.3028161997795107,
    "cen_accuracy": 0.1005
  },
  "1": {
    "cen_loss": 2.3028161997795107,
    "cen_accuracy": 0.1005
  },
  "2": {
    "cen_loss": 2.6961661756038664,
    "cen_accuracy": 0.10075
  },
  "3": {
    "cen_loss": 4.664248848438263,
    "cen_accuracy": 0.0995
  },
  "4": {
    "cen_loss": 4.404287669658661,
    "cen_accuracy": 0.101625
  },
  "5": {
    "cen_loss": 3.150339033126831,
    "cen_accuracy": 0.1275
  },
  "6": {
    "cen_loss": 4.266974331855774,
    "cen_accuracy": 0.166
  },
  "7": {
    "cen_loss": 3.4158529584407806,
    "cen_accuracy": 0.2005
  },
  "8": {
    "cen_loss": 4.147547278404236,
    "cen_accuracy": 0.209125
  },
  "9": {
    "cen_loss": 2.4030185089111327,
    "cen_accuracy": 0.283125
  },
  "10": {
    "cen_loss": 2.3357289488315582,
    "cen_accuracy": 0.37075
  },
  "11": {
    "cen_loss": 2.5680738027095793,
    "cen_accuracy": 0.304875
  },
  "12": {
    "cen_loss": 3.028739713191986,
    "cen_accuracy": 0.291
  },
  "13": {
    "cen_loss": 1.7770061000585555,
    "cen_accuracy": 0.379625
  },
  "14": {
    "cen_loss": 2.539108273744583,
    "cen_accuracy": 0.286875
  },
  "15": {
    "cen_loss": 2.857920479297638,
    "cen_accuracy": 0.355375
  },
  "16": {
    "cen_loss": 2.018675109267235,
    "cen_accuracy": 0.38775
  },
  "17": {
    "cen_loss": 2.7457263591289522,
    "cen_accuracy": 0.304
  },
  "18": {
    "cen_loss": 3.0672835092544557,
    "cen_accuracy": 0.242625
  },
  "19": {
    "cen_loss": 1.9142267280817031,
    "cen_accuracy": 0.421125
  },
  "20": {
    "cen_loss": 1.9488084080219268,
    "cen_accuracy": 0.432875
  },
  "21": {
    "cen_loss": 2.762503960132599,
    "cen_accuracy": 0.326625
  },
  "22": {
    "cen_loss": 2.593565074682236,
    "cen_accuracy": 0.36625
  },
  "23": {
    "cen_loss": 3.421104816913605,
    "cen_accuracy": 0.3505
  },
  "24": {
    "cen_loss": 2.588142284154892,
    "cen_accuracy": 0.347625
  },
  "25": {
    "cen_loss": 3.050405202627182,
    "cen_accuracy": 0.2755
  },
  "26": {
    "cen_loss": 1.964968754529953,
    "cen_accuracy": 0.4015
  },
  "27": {
    "cen_loss": 1.9746116971969605,
    "cen_accuracy": 0.451375
  },
  "28": {
    "cen_loss": 2.980216818571091,
    "cen_accuracy": 0.387
  },
  "29": {
    "cen_loss": 2.7815313577651977,
    "cen_accuracy": 0.37975
  },
  "30": {
    "cen_loss": 3.115729607105255,
    "cen_accuracy": 0.35575
  },
  "31": {
    "cen_loss": 2.207045305132866,
    "cen_accuracy": 0.41625
  },
  "32": {
    "cen_loss": 1.6395925035476684,
    "cen_accuracy": 0.452125
  },
  "33": {
    "cen_loss": 2.2937703416347506,
    "cen_accuracy": 0.36025
  },
  "34": {
    "cen_loss": 2.5343774498701097,
    "cen_accuracy": 0.331875
  },
  "35": {
    "cen_loss": 2.291651834845543,
    "cen_accuracy": 0.333
  },
  "36": {
    "cen_loss": 2.1657410818338394,
    "cen_accuracy": 0.419375
  },
  "37": {
    "cen_loss": 2.06459718978405,
    "cen_accuracy": 0.395
  },
  "38": {
    "cen_loss": 2.0420172451734544,
    "cen_accuracy": 0.468875
  },
  "39": {
    "cen_loss": 2.4603960725069047,
    "cen_accuracy": 0.397375
  },
  "40": {
    "cen_loss": 3.1259599788188934,
    "cen_accuracy": 0.363625
  },
  "41": {
    "cen_loss": 1.8537968105077745,
    "cen_accuracy": 0.44525
  },
  "42": {
    "cen_loss": 3.688389996767044,
    "cen_accuracy": 0.38075
  },
  "43": {
    "cen_loss": 2.56098451089859,
    "cen_accuracy": 0.330875
  },
  "44": {
    "cen_loss": 1.8778646585941314,
    "cen_accuracy": 0.418875
  },
  "45": {
    "cen_loss": 1.8508077630400657,
    "cen_accuracy": 0.467875
  },
  "46": {
    "cen_loss": 1.6451633029580117,
    "cen_accuracy": 0.504625
  },
  "47": {
    "cen_loss": 1.7537936033010484,
    "cen_accuracy": 0.411875
  },
  "48": {
    "cen_loss": 2.584397242665291,
    "cen_accuracy": 0.325625
  },
  "49": {
    "cen_loss": 1.5479784142971038,
    "cen_accuracy": 0.486625
  },
  "50": {
    "cen_loss": 1.8529379239082338,
    "cen_accuracy": 0.432125
  },
  "51": {
    "cen_loss": 2.7978667347431183,
    "cen_accuracy": 0.40375
  },
  "52": {
    "cen_loss": 1.639881414592266,
    "cen_accuracy": 0.458375
  },
  "53": {
    "cen_loss": 1.8490666385889054,
    "cen_accuracy": 0.434875
  },
  "54": {
    "cen_loss": 1.6862811255455017,
    "cen_accuracy": 0.456625
  },
  "55": {
    "cen_loss": 2.81688941347599,
    "cen_accuracy": 0.401125
  },
  "56": {
    "cen_loss": 1.6131531251072884,
    "cen_accuracy": 0.465625
  },
  "57": {
    "cen_loss": 1.9858892438411713,
    "cen_accuracy": 0.349875
  },
  "58": {
    "cen_loss": 2.7505539598464965,
    "cen_accuracy": 0.360625
  },
  "59": {
    "cen_loss": 1.3914927934408188,
    "cen_accuracy": 0.5195
  },
  "60": {
    "cen_loss": 1.747148313999176,
    "cen_accuracy": 0.489875
  },
  "61": {
    "cen_loss": 1.51771890604496,
    "cen_accuracy": 0.507625
  },
  "62": {
    "cen_loss": 1.6753847831487656,
    "cen_accuracy": 0.49175
  },
  "63": {
    "cen_loss": 1.632884964823723,
    "cen_accuracy": 0.482
  },
  "64": {
    "cen_loss": 1.8121892592906952,
    "cen_accuracy": 0.4125
  },
  "65": {
    "cen_loss": 2.2256418232917787,
    "cen_accuracy": 0.401875
  },
  "66": {
    "cen_loss": 1.7867588373422623,
    "cen_accuracy": 0.4895
  },
  "67": {
    "cen_loss": 2.2497279777526855,
    "cen_accuracy": 0.361125
  },
  "68": {
    "cen_loss": 1.5282529042959214,
    "cen_accuracy": 0.46225
  },
  "69": {
    "cen_loss": 1.4904618604183197,
    "cen_accuracy": 0.53725
  },
  "70": {
    "cen_loss": 1.874324655532837,
    "cen_accuracy": 0.487375
  },
  "71": {
    "cen_loss": 1.3894594106674194,
    "cen_accuracy": 0.52425
  },
  "72": {
    "cen_loss": 1.905563720703125,
    "cen_accuracy": 0.406375
  },
  "73": {
    "cen_loss": 1.9427579016685486,
    "cen_accuracy": 0.509625
  },
  "74": {
    "cen_loss": 1.8229348831176757,
    "cen_accuracy": 0.487875
  },
  "75": {
    "cen_loss": 1.2256351031064987,
    "cen_accuracy": 0.58775
  },
  "76": {
    "cen_loss": 2.2210014922618866,
    "cen_accuracy": 0.45675
  },
  "77": {
    "cen_loss": 1.5280811204910278,
    "cen_accuracy": 0.53475
  },
  "78": {
    "cen_loss": 1.5054936719536782,
    "cen_accuracy": 0.503875
  },
  "79": {
    "cen_loss": 2.359205260515213,
    "cen_accuracy": 0.432875
  },
  "80": {
    "cen_loss": 2.8009718084335327,
    "cen_accuracy": 0.3735
  },
  "81": {
    "cen_loss": 2.1034145092964174,
    "cen_accuracy": 0.361625
  },
  "82": {
    "cen_loss": 1.7852828590869902,
    "cen_accuracy": 0.42775
  },
  "83": {
    "cen_loss": 1.8031510508060455,
    "cen_accuracy": 0.512375
  },
  "84": {
    "cen_loss": 1.7246965175867082,
    "cen_accuracy": 0.486875
  },
  "85": {
    "cen_loss": 1.8557907996177674,
    "cen_accuracy": 0.48425
  },
  "86": {
    "cen_loss": 1.6448135693073274,
    "cen_accuracy": 0.52875
  },
  "87": {
    "cen_loss": 1.8770800589323045,
    "cen_accuracy": 0.452875
  },
  "88": {
    "cen_loss": 2.1808961559534072,
    "cen_accuracy": 0.4025
  },
  "89": {
    "cen_loss": 1.800347411453724,
    "cen_accuracy": 0.503375
  },
  "90": {
    "cen_loss": 2.219576594352722,
    "cen_accuracy": 0.440625
  },
  "91": {
    "cen_loss": 1.8015595256090164,
    "cen_accuracy": 0.44225
  },
  "92": {
    "cen_loss": 1.709341393172741,
    "cen_accuracy": 0.5035
  },
  "93": {
    "cen_loss": 1.40911807513237,
    "cen_accuracy": 0.52525
  },
  "94": {
    "cen_loss": 1.9919863352775573,
    "cen_accuracy": 0.45275
  },
  "95": {
    "cen_loss": 1.3850237354040147,
    "cen_accuracy": 0.513
  },
  "96": {
    "cen_loss": 1.1888909603953361,
    "cen_accuracy": 0.58475
  },
  "97": {
    "cen_loss": 1.7442691872119904,
    "cen_accuracy": 0.48925
  },
  "98": {
    "cen_loss": 1.6670970379114152,
    "cen_accuracy": 0.46625
  },
  "99": {
    "cen_loss": 1.6536963913440705,
    "cen_accuracy": 0.491875
  },
  "100": {
    "cen_loss": 1.7222337217330932,
    "cen_accuracy": 0.508625
  },
  "101": {
    "cen_loss": 1.4759345631599425,