{
  "0": {
    "cen_loss": 2.3027670545578003,
    "cen_accuracy": 0.0985
  },
  "1": {
    "cen_loss": 2.3027670545578003,
    "cen_accuracy": 0.0985
  },
  "2": {
    "cen_loss": 3.5491766285896302,
    "cen_accuracy": 0.099875
  },
  "3": {
    "cen_loss": 4.513916064739227,
    "cen_accuracy": 0.099875
  },
  "4": {
    "cen_loss": 5.2600433053970335,
    "cen_accuracy": 0.099875
  },
  "5": {
    "cen_loss": 4.997618179798126,
    "cen_accuracy": 0.1035
  },
  "6": {
    "cen_loss": 5.4788460726737975,
    "cen_accuracy": 0.109
  },
  "7": {
    "cen_loss": 5.191633431911469,
    "cen_accuracy": 0.112375
  },
  "8": {
    "cen_loss": 3.8985089526176453,
    "cen_accuracy": 0.176375
  },
  "9": {
    "cen_loss": 2.4291657297611238,
    "cen_accuracy": 0.318
  },
  "10": {
    "cen_loss": 1.6470829842686654,
    "cen_accuracy": 0.524625
  },
  "11": {
    "cen_loss": 2.0080079163312914,
    "cen_accuracy": 0.400625
  },
  "12": {
    "cen_loss": 1.9923469972610475,
    "cen_accuracy": 0.42975
  },
  "13": {
    "cen_loss": 1.7600004057884215,
    "cen_accuracy": 0.491
  },
  "14": {
    "cen_loss": 1.6496308680772782,
    "cen_accuracy": 0.521875
  },
  "15": {
    "cen_loss": 1.613601596415043,
    "cen_accuracy": 0.539625
  },
  "16": {
    "cen_loss": 1.544885139107704,
    "cen_accuracy": 0.5385
  },
  "17": {
    "cen_loss": 1.5124314054250718,
    "cen_accuracy": 0.562875
  },
  "18": {
    "cen_loss": 1.4744976785182953,
    "cen_accuracy": 0.576125
  },
  "19": {
    "cen_loss": 1.4750561692714692,
    "cen_accuracy": 0.589125
  },
  "20": {
    "cen_loss": 1.5485672863125801,
    "cen_accuracy": 0.59975
  },
  "21": {
    "cen_loss": 1.4770204691886901,
    "cen_accuracy": 0.591375
  },
  "22": {
    "cen_loss": 1.4986609840989114,
    "cen_accuracy": 0.583875
  },
  "23": {
    "cen_loss": 1.4714471880197526,
    "cen_accuracy": 0.597
  },
  "24": {
    "cen_loss": 1.3452955279946328,
    "cen_accuracy": 0.60725
  },
  "25": {
    "cen_loss": 1.39482828104496,
    "cen_accuracy": 0.607
  },
  "26": {
    "cen_loss": 1.4713288486599922,
    "cen_accuracy": 0.6
  },
  "27": {
    "cen_loss": 1.449208075851202,
    "cen_accuracy": 0.611375
  },
  "28": {
    "cen_loss": 1.3212527670264245,
    "cen_accuracy": 0.627875
  },
  "29": {
    "cen_loss": 1.3481012403666972,
    "cen_accuracy": 0.628
  },
  "30": {
    "cen_loss": 1.3768631224632264,
    "cen_accuracy": 0.64275
  },
  "31": {
    "cen_loss": 1.29260872143507,
    "cen_accuracy": 0.630125
  },
  "32": {
    "cen_loss": 1.3383589389622212,
    "cen_accuracy": 0.636375
  },
  "33": {
    "cen_loss": 1.2743629097044469,
    "cen_accuracy": 0.643875
  },
  "34": {
    "cen_loss": 1.326290773332119,
    "cen_accuracy": 0.642875
  },
  "35": {
    "cen_loss": 1.1762021202147006,
    "cen_accuracy": 0.660125
  },
  "36": {
    "cen_loss": 1.1773381262421607,
    "cen_accuracy": 0.656375
  },
  "37": {
    "cen_loss": 1.3159741912186145,
    "cen_accuracy": 0.638125
  },
  "38": {
    "cen_loss": 1.1965972797870637,
    "cen_accuracy": 0.664625
  },
  "39": {
    "cen_loss": 1.0959539539813996,
    "cen_accuracy": 0.675625
  },
  "40": {
    "cen_loss": 1.1446796247959137,
    "cen_accuracy": 0.67625
  },
  "41": {
    "cen_loss": 1.1516186349615454,
    "cen_accuracy": 0.671625
  },
  "42": {
    "cen_loss": 1.1735046198219061,
    "cen_accuracy": 0.666625
  },
  "43": {
    "cen_loss": 1.1892173633724452,
    "cen_accuracy": 0.666
  },
  "44": {
    "cen_loss": 1.0666977731138467,
    "cen_accuracy": 0.683875
  },
  "45": {
    "cen_loss": 1.1360118509829045,
    "cen_accuracy": 0.67675
  },
  "46": {
    "cen_loss": 1.0957647342532872,
    "cen_accuracy": 0.68725
  },
  "47": {
    "cen_loss": 1.1027629735469817,
    "cen_accuracy": 0.686
  },
  "48": {
    "cen_loss": 1.195933020144701,
    "cen_accuracy": 0.672875
  },
  "49": {
    "cen_loss": 1.1038870699703693,
    "cen_accuracy": 0.686375
  },
  "50": {
    "cen_loss": 1.1799949660152196,
    "cen_accuracy": 0.683375
  },
  "51": {
    "cen_loss": 1.1224518118351698,
    "cen_accuracy": 0.6795
  },
  "52": {
    "cen_loss": 1.1440777228176593,
    "cen_accuracy": 0.684125
  },
  "53": {
    "cen_loss": 1.0413753872662783,
    "cen_accuracy": 0.69375
  },
  "54": {
    "cen_loss": 1.0695160492621363,
    "cen_accuracy": 0.699125
  },
  "55": {
    "cen_loss": 1.0930150068104267,
    "cen_accuracy": 0.694375
  },
  "56": {
    "cen_loss": 0.9918731282204389,
    "cen_accuracy": 0.712
  },
  "57": {
    "cen_loss": 1.053041748866439,
    "cen_accuracy": 0.697375
  },
  "58": {
    "cen_loss": 1.0316699227839707,
    "cen_accuracy": 0.710625
  },
  "59": {
    "cen_loss": 1.0571396859884261,
    "cen_accuracy": 0.706875
  },
  "60": {
    "cen_loss": 1.098472738020122,
    "cen_accuracy": 0.701875
  },
  "61": {
    "cen_loss": 1.0331727472245693,
    "cen_accuracy": 0.70025
  },
  "62": {
    "cen_loss": 1.0051846858114004,
    "cen_accuracy": 0.71625
  },
  "63": {
    "cen_loss": 0.991255448281765,
    "cen_accuracy": 0.715
  },
  "64": {
    "cen_loss": 1.0833305585980415,
    "cen_accuracy": 0.69775
  },
  "65": {
    "cen_loss": 0.9627819292098284,
    "cen_accuracy": 0.724375
  },
  "66": {
    "cen_loss": 1.0173034258931875,
    "cen_accuracy": 0.71275
  },
  "67": {
    "cen_loss": 0.9660616279095411,
    "cen_accuracy": 0.723875
  },
  "68": {
    "cen_loss": 0.9834467925280332,
    "cen_accuracy": 0.715875
  },
  "69": {
    "cen_loss": 1.017211153447628,
    "cen_accuracy": 0.713375
  },
  "70": {
    "cen_loss": 1.0818403653055428,
    "cen_accuracy": 0.703125
  },
  "71": {
    "cen_loss": 0.9415023475214839,
    "cen_accuracy": 0.7285
  },
  "72": {
    "cen_loss": 0.997531444169581,
    "cen_accuracy": 0.716125
  },
  "73": {
    "cen_loss": 0.9501420223712921,
    "cen_accuracy": 0.727375
  },
  "74": {
    "cen_loss": 0.920471481949091,
    "cen_accuracy": 0.732375
  },
  "75": {
    "cen_loss": 0.925946740180254,
    "cen_accuracy": 0.735375
  },
  "76": {
    "cen_loss": 0.9442974788621068,
    "cen_accuracy": 0.7285
  },
  "77": {
    "cen_loss": 0.9038259628489613,
    "cen_accuracy": 0.735125
  },
  "78": {
    "cen_loss": 0.9820485693514347,
    "cen_accuracy": 0.71975
  },
  "79": {
    "cen_loss": 0.9529237995557487,
    "cen_accuracy": 0.723625
  },
  "80": {
    "cen_loss": 1.0081200175061822,
    "cen_accuracy": 0.721375
  },
  "81": {
    "cen_loss": 0.9079056247957051,
    "cen_accuracy": 0.742
  },
  "82": {
    "cen_loss": 0.9031775991246104,
    "cen_accuracy": 0.741875
  },
  "83": {
    "cen_loss": 0.9669402750805021,
    "cen_accuracy": 0.730625
  },
  "84": {
    "cen_loss": 0.9229796890616417,
    "cen_accuracy": 0.73975
  },
  "85": {
    "cen_loss": 0.9836661626398563,
    "cen_accuracy": 0.727875
  },
  "86": {
    "cen_loss": 0.9249374419860542,
    "cen_accuracy": 0.73525
  },
  "87": {
    "cen_loss": 0.8821142874620855,
    "cen_accuracy": 0.7495
  },
  "88": {
    "cen_loss": 0.9604487548917532,
    "cen_accuracy": 0.7285
  },
  "89": {
    "cen_loss": 0.9056425351575017,
    "cen_accuracy": 0.741625
  },
  "90": {
    "cen_loss": 0.9456843550577759,
    "cen_accuracy": 0.73525
  },
  "91": {
    "cen_loss": 0.9005738625600934,
    "cen_accuracy": 0.74425
  },
  "92": {
    "cen_loss": 0.8802334939986467,
    "cen_accuracy": 0.738875
  },
  "93": {
    "cen_loss": 0.9443546829223632,
    "cen_accuracy": 0.7385
  },
  "94": {
    "cen_loss": 0.8876730833277107,
    "cen_accuracy": 0.7445
  },
  "95": {
    "cen_loss": 0.8745558368712664,
    "cen_accuracy": 0.749125
  },
  "96": {
    "cen_loss": 0.8739571407921612,
    "cen_accuracy": 0.7515
  },
  "97": {
    "cen_loss": 0.8894163818582892,
    "cen_accuracy": 0.7495
  },
  "98": {
    "cen_loss": 0.9191421993970871,
    "cen_accuracy": 0.737375
  },
  "99": {
    "cen_loss": 0.9409207320362329,
    "cen_accuracy": 0.734375
  },
  "100": {
    "cen_loss": 0.9930656091719866,
    "cen_accuracy": 0.725625
  },