{
  "0": {
    "cen_loss": 2.3027041506767274,
    "cen_accuracy": 0.101375
  },
  "1": {
    "cen_loss": 2.3027041506767274,
    "cen_accuracy": 0.101375
  },
  "2": {
    "cen_loss": 6.0545032644271854,
    "cen_accuracy": 0.10125
  },
  "3": {
    "cen_loss": 20.427657823562622,
    "cen_accuracy": 0.101125
  },
  "4": {
    "cen_loss": 5.305205058574677,
    "cen_accuracy": 0.099375
  },
  "5": {
    "cen_loss": 3.203349756240845,
    "cen_accuracy": 0.098625
  },
  "6": {
    "cen_loss": 3.445397238254547,
    "cen_accuracy": 0.176
  },
  "7": {
    "cen_loss": 8.193303099632264,
    "cen_accuracy": 0.1025
  },
  "8": {
    "cen_loss": 3.3564573857784272,
    "cen_accuracy": 0.16575
  },
  "9": {
    "cen_loss": 3.864591697692871,
    "cen_accuracy": 0.175375
  },
  "10": {
    "cen_loss": 9.978234376907348,
    "cen_accuracy": 0.131375
  },
  "11": {
    "cen_loss": 3.427322440624237,
    "cen_accuracy": 0.180125
  },
  "12": {
    "cen_loss": 6.37820707321167,
    "cen_accuracy": 0.113
  },
  "13": {
    "cen_loss": 2.916625520467758,
    "cen_accuracy": 0.189125
  },
  "14": {
    "cen_loss": 3.601733182430267,
    "cen_accuracy": 0.291
  },
  "15": {
    "cen_loss": 2.5675013206005097,
    "cen_accuracy": 0.389
  },
  "16": {
    "cen_loss": 2.23626855134964,
    "cen_accuracy": 0.369625
  },
  "17": {
    "cen_loss": 3.011754857301712,
    "cen_accuracy": 0.315625
  },
  "18": {
    "cen_loss": 4.007847784280777,
    "cen_accuracy": 0.19525
  },
  "19": {
    "cen_loss": 2.4530005066394804,
    "cen_accuracy": 0.3875
  },
  "20": {
    "cen_loss": 3.383008576154709,
    "cen_accuracy": 0.366125
  },
  "21": {
    "cen_loss": 3.8745641613006594,
    "cen_accuracy": 0.2415
  },
  "22": {
    "cen_loss": 3.3826322996616365,
    "cen_accuracy": 0.2155
  },
  "23": {
    "cen_loss": 3.384192281007767,
    "cen_accuracy": 0.240875
  },
  "24": {
    "cen_loss": 2.486920920610428,
    "cen_accuracy": 0.2545
  },
  "25": {
    "cen_loss": 2.0329140679836275,
    "cen_accuracy": 0.381
  },
  "26": {
    "cen_loss": 2.423623430132866,
    "cen_accuracy": 0.381125
  },
  "27": {
    "cen_loss": 4.115971369504929,
    "cen_accuracy": 0.1735
  },
  "28": {
    "cen_loss": 1.9389721825122834,
    "cen_accuracy": 0.473875
  },
  "29": {
    "cen_loss": 3.076921832561493,
    "cen_accuracy": 0.313625
  },
  "30": {
    "cen_loss": 3.5452307970523833,
    "cen_accuracy": 0.302875
  },
  "31": {
    "cen_loss": 2.676506979584694,
    "cen_accuracy": 0.3695
  },
  "32": {
    "cen_loss": 2.0043118176460264,
    "cen_accuracy": 0.377875
  },
  "33": {
    "cen_loss": 2.41999817442894,
    "cen_accuracy": 0.391125
  },
  "34": {
    "cen_loss": 3.290345398068428,
    "cen_accuracy": 0.332875
  },
  "35": {
    "cen_loss": 2.1252940888404845,
    "cen_accuracy": 0.37825
  },
  "36": {
    "cen_loss": 2.6678381090164183,
    "cen_accuracy": 0.315375
  },
  "37": {
    "cen_loss": 3.663050244092941,
    "cen_accuracy": 0.2295
  },
  "38": {
    "cen_loss": 2.2484383405447006,
    "cen_accuracy": 0.377875
  },
  "39": {
    "cen_loss": 1.794782058238983,
    "cen_accuracy": 0.423875
  },
  "40": {
    "cen_loss": 2.1235896364450455,
    "cen_accuracy": 0.396625
  },
  "41": {
    "cen_loss": 2.15084626019001,
    "cen_accuracy": 0.3215
  },
  "42": {
    "cen_loss": 2.434915882587433,
    "cen_accuracy": 0.429
  },
  "43": {
    "cen_loss": 2.018808039665222,
    "cen_accuracy": 0.340125
  },
  "44": {
    "cen_loss": 1.9790760635137559,
    "cen_accuracy": 0.36025
  },
  "45": {
    "cen_loss": 2.471184242248535,
    "cen_accuracy": 0.424625
  },
  "46": {
    "cen_loss": 1.6197033511400223,
    "cen_accuracy": 0.482625
  },
  "47": {
    "cen_loss": 2.0094727157354355,
    "cen_accuracy": 0.456625
  },
  "48": {
    "cen_loss": 2.7498517690896986,
    "cen_accuracy": 0.396875
  },
  "49": {
    "cen_loss": 2.1003210369348526,
    "cen_accuracy": 0.358875
  },
  "50": {
    "cen_loss": 2.174979724407196,
    "cen_accuracy": 0.348625
  },
  "51": {
    "cen_loss": 2.4897867904901503,
    "cen_accuracy": 0.35875
  },
  "52": {
    "cen_loss": 3.6464931555986406,
    "cen_accuracy": 0.29175
  },
  "53": {
    "cen_loss": 1.6477541711330415,
    "cen_accuracy": 0.45825
  },
  "54": {
    "cen_loss": 2.9534189462661744,
    "cen_accuracy": 0.393625
  },
  "55": {
    "cen_loss": 2.1933490931987762,
    "cen_accuracy": 0.42825
  },
  "56": {
    "cen_loss": 2.2769252989292146,
    "cen_accuracy": 0.33975
  },
  "57": {
    "cen_loss": 3.2457793624401092,
    "cen_accuracy": 0.305125
  },
  "58": {
    "cen_loss": 1.8777691338062286,
    "cen_accuracy": 0.410375
  },
  "59": {
    "cen_loss": 1.7509747856855393,
    "cen_accuracy": 0.492
  },
  "60": {
    "cen_loss": 2.128873323559761,
    "cen_accuracy": 0.46275
  },
  "61": {
    "cen_loss": 2.2272033108472824,
    "cen_accuracy": 0.35475
  },
  "62": {
    "cen_loss": 1.2437227421402932,
    "cen_accuracy": 0.572
  },
  "63": {
    "cen_loss": 1.245800095617771,
    "cen_accuracy": 0.575
  },
  "64": {
    "cen_loss": 3.6531360685825347,
    "cen_accuracy": 0.18625
  },
  "65": {
    "cen_loss": 2.527732960700989,
    "cen_accuracy": 0.40125
  },
  "66": {
    "cen_loss": 3.310989009141922,
    "cen_accuracy": 0.281375
  },
  "67": {
    "cen_loss": 2.288813759326935,
    "cen_accuracy": 0.330125
  },
  "68": {
    "cen_loss": 1.4660984212756156,
    "cen_accuracy": 0.495875
  },
  "69": {
    "cen_loss": 1.74008884871006,
    "cen_accuracy": 0.506125
  },
  "70": {
    "cen_loss": 2.264089580655098,
    "cen_accuracy": 0.448375
  },
  "71": {
    "cen_loss": 1.9993299391269683,
    "cen_accuracy": 0.465375
  },
  "72": {
    "cen_loss": 2.9159561520814896,
    "cen_accuracy": 0.451875
  },
  "73": {
    "cen_loss": 1.6969032018184662,
    "cen_accuracy": 0.48
  },
  "74": {
    "cen_loss": 1.6601076555252074,
    "cen_accuracy": 0.53525
  },
  "75": {
    "cen_loss": 2.0331829765439036,
    "cen_accuracy": 0.537375
  },
  "76": {
    "cen_loss": 2.2312685213088987,
    "cen_accuracy": 0.303125
  },
  "77": {
    "cen_loss": 1.3787983278036118,
    "cen_accuracy": 0.5345
  },
  "78": {
    "cen_loss": 1.760882027566433,
    "cen_accuracy": 0.488625
  },
  "79": {
    "cen_loss": 1.5754193165302277,
    "cen_accuracy": 0.494375
  },
  "80": {
    "cen_loss": 2.077607528448105,
    "cen_accuracy": 0.423875
  },
  "81": {
    "cen_loss": 1.5111450797319412,
    "cen_accuracy": 0.492625
  },
  "82": {
    "cen_loss": 2.951198773741722,
    "cen_accuracy": 0.3695
  },
  "83": {
    "cen_loss": 1.1259248641729356,
    "cen_accuracy": 0.62375
  },
  "84": {
    "cen_loss": 1.6875087351799012,
    "cen_accuracy": 0.49
  },
  "85": {
    "cen_loss": 2.3809740488529205,
    "cen_accuracy": 0.399625
  },
  "86": {
    "cen_loss": 2.2966836029291153,
    "cen_accuracy": 0.34975
  },
  "87": {
    "cen_loss": 2.0972191723585127,
    "cen_accuracy": 0.447875
  },
  "88": {
    "cen_loss": 1.1560715287923813,
    "cen_accuracy": 0.61725
  },
  "89": {
    "cen_loss": 1.5267575277090073,
    "cen_accuracy": 0.525
  },
  "90": {
    "cen_loss": 1.636268308877945,
    "cen_accuracy": 0.4795
  },
  "91": {
    "cen_loss": 3.228888758659363,
    "cen_accuracy": 0.35775
  },
  "92": {
    "cen_loss": 2.9775187554359435,
    "cen_accuracy": 0.208875
  },
  "93": {
    "cen_loss": 1.3082276216745377,
    "cen_accuracy": 0.590125
  },
  "94": {
    "cen_loss": 1.4660127303004264,
    "cen_accuracy": 0.568
  },
  "95": {
    "cen_loss": 2.142553602695465,
    "cen_accuracy": 0.39025
  },
  "96": {
    "cen_loss": 1.6856731889247893,
    "cen_accuracy": 0.53275
  },
  "97": {
    "cen_loss": 1.456213561475277,
    "cen_accuracy": 0.559625
  },
  "98": {
    "cen_loss": 3.3618327829837797,
    "cen_accuracy": 0.2565
  },
  "99": {
    "cen_loss": 1.1335083394646646,
    "cen_accuracy": 0.61075
  },
  "100": {
    "cen_loss": 1.7802605051994325,
    "cen_accuracy": 0.52525
  },
  "101": {
    "cen_loss": 1.8785617249011994,