{
  "0": {
    "cen_loss": 3.776169441151651,
    "cen_accuracy": 0.008032128514056224
  },
  "1": {
    "cen_loss": 3.776169442428323,
    "cen_accuracy": 0.008032128514056224
  },
  "2": {
    "cen_loss": 3.2088810331530997,
    "cen_accuracy": 0.09348505131637662
  },
  "3": {
    "cen_loss": 3.0639023281856606,
    "cen_accuracy": 0.14904060687193219
  },
  "4": {
    "cen_loss": 3.1643770380458465,
    "cen_accuracy": 0.15885765283355643
  },
  "5": {
    "cen_loss": 3.4420566270522697,
    "cen_accuracy": 0.19210174029451138
  },
  "6": {
    "cen_loss": 3.2710911994637892,
    "cen_accuracy": 0.21128960285586793
  },
  "7": {
    "cen_loss": 3.2685956562911223,
    "cen_accuracy": 0.2320392681838465
  },
  "8": {
    "cen_loss": 2.955659823404897,
    "cen_accuracy": 0.32373940205265506
  },
  "9": {
    "cen_loss": 2.678754140308317,
    "cen_accuracy": 0.33757251227130747
  },
  "10": {
    "cen_loss": 2.6782363509557334,
    "cen_accuracy": 0.33779562695225346
  },
  "11": {
    "cen_loss": 3.257181099513342,
    "cen_accuracy": 0.22713074520303436
  },
  "12": {
    "cen_loss": 3.0727962289522504,
    "cen_accuracy": 0.2585899152164212
  },
  "13": {
    "cen_loss": 3.029323164238987,
    "cen_accuracy": 0.32083891120035696
  },
  "14": {
    "cen_loss": 3.381650694881577,
    "cen_accuracy": 0.27420794288264166
  },
  "15": {
    "cen_loss": 2.846144633014412,
    "cen_accuracy": 0.3862115127175368
  },
  "16": {
    "cen_loss": 2.6687825701562278,
    "cen_accuracy": 0.3826416778224007
  },
  "17": {
    "cen_loss": 2.7061688062709552,
    "cen_accuracy": 0.4181169120928157
  },
  "18": {
    "cen_loss": 3.0435329683653642,
    "cen_accuracy": 0.322400713966979
  },
  "19": {
    "cen_loss": 2.761888546530874,
    "cen_accuracy": 0.37929495760821064
  },
  "20": {
    "cen_loss": 2.761888571479181,
    "cen_accuracy": 0.37929495760821064
  },
  "21": {
    "cen_loss": 2.809744793354853,
    "cen_accuracy": 0.4248103525211959
  },
  "22": {
    "cen_loss": 3.4241557839405106,
    "cen_accuracy": 0.3395805443998215
  },
  "23": {
    "cen_loss": 3.014697642796596,
    "cen_accuracy": 0.38353413654618473
  },
  "24": {
    "cen_loss": 2.6193753246322693,
    "cen_accuracy": 0.4542614904060687
  },
  "25": {
    "cen_loss": 2.4848880200899908,
    "cen_accuracy": 0.4745649263721553
  },
  "26": {
    "cen_loss": 2.593402946383652,
    "cen_accuracy": 0.45917001338688085
  },
  "27": {
    "cen_loss": 2.653802505618278,
    "cen_accuracy": 0.45537706381079873
  },
  "28": {
    "cen_loss": 2.634784129196807,
    "cen_accuracy": 0.44132083891120033
  },
  "29": {
    "cen_loss": 2.637198149971747,
    "cen_accuracy": 0.43061133422579206
  },
  "30": {
    "cen_loss": 2.6371981058201586,
    "cen_accuracy": 0.43061133422579206
  },
  "31": {
    "cen_loss": 2.856199397406691,
    "cen_accuracy": 0.4107541276215975
  },
  "32": {
    "cen_loss": 2.6095401415504127,
    "cen_accuracy": 0.43351182507809016
  },
  "33": {
    "cen_loss": 2.7839767057307325,
    "cen_accuracy": 0.4031682284694333
  },
  "34": {
    "cen_loss": 2.4513101267633775,
    "cen_accuracy": 0.4547077197679607
  },
  "35": {
    "cen_loss": 2.3206028621253134,
    "cen_accuracy": 0.4747880410531013
  },
  "36": {
    "cen_loss": 2.450250241651114,
    "cen_accuracy": 0.44466755912539047
  },
  "37": {
    "cen_loss": 2.3267407781680958,
    "cen_accuracy": 0.4495760821062026
  },
  "38": {
    "cen_loss": 2.103796312574668,
    "cen_accuracy": 0.48639000446229363
  },
  "39": {
    "cen_loss": 2.2086803840173244,
    "cen_accuracy": 0.4714413208389112
  },
  "40": {
    "cen_loss": 2.2086804196644128,
    "cen_accuracy": 0.4714413208389112
  },
  "41": {
    "cen_loss": 2.3528138086871344,
    "cen_accuracy": 0.45515394912985274
  },
  "42": {
    "cen_loss": 2.09021541893828,
    "cen_accuracy": 0.5252119589468988
  },
  "43": {
    "cen_loss": 2.2209878539943313,
    "cen_accuracy": 0.4921909861668898
  },
  "44": {
    "cen_loss": 2.1802732087256174,
    "cen_accuracy": 0.5185185185185185
  },
  "45": {
    "cen_loss": 2.540534282890296,
    "cen_accuracy": 0.4364123159303882
  },
  "46": {
    "cen_loss": 2.1543199213047957,
    "cen_accuracy": 0.49843819723337796
  },
  "47": {
    "cen_loss": 2.417798520517583,
    "cen_accuracy": 0.45158411423471667
  },
  "48": {
    "cen_loss": 2.3652298776553393,
    "cen_accuracy": 0.464524765729585
  },
  "49": {
    "cen_loss": 2.326222051099601,
    "cen_accuracy": 0.4886211512717537
  },
  "50": {
    "cen_loss": 2.326222081846129,
    "cen_accuracy": 0.4886211512717537
  },
  "51": {
    "cen_loss": 2.097620083997421,
    "cen_accuracy": 0.5116019634091923
  },
  "52": {
    "cen_loss": 2.091695873187302,
    "cen_accuracy": 0.5301204819277109
  },
  "53": {
    "cen_loss": 2.4864456365279777,
    "cen_accuracy": 0.48639000446229363
  },
  "54": {
    "cen_loss": 2.858363374223245,
    "cen_accuracy": 0.42168674698795183
  },
  "55": {
    "cen_loss": 2.278756806915331,
    "cen_accuracy": 0.5174029451137885
  },
  "56": {
    "cen_loss": 2.630621711998207,
    "cen_accuracy": 0.4183400267737617
  },
  "57": {
    "cen_loss": 2.337972801851939,
    "cen_accuracy": 0.49843819723337796
  },
  "58": {
    "cen_loss": 2.464865124901189,
    "cen_accuracy": 0.48237394020526553
  },
  "59": {
    "cen_loss": 3.4137019975969483,
    "cen_accuracy": 0.37215528781793844
  },
  "60": {
    "cen_loss": 3.4137019553603682,
    "cen_accuracy": 0.37215528781793844
  },
  "61": {
    "cen_loss": 2.5192532265946994,
    "cen_accuracy": 0.4727800089245872
  },
  "62": {
    "cen_loss": 2.5259987127030867,
    "cen_accuracy": 0.46653279785809904
  },
  "63": {
    "cen_loss": 2.190747557660928,
    "cen_accuracy": 0.5136099955377064
  },
  "64": {
    "cen_loss": 2.327946837168621,
    "cen_accuracy": 0.5031236055332441
  },
  "65": {
    "cen_loss": 2.3212367471229385,
    "cen_accuracy": 0.5042391789379741
  },
  "66": {
    "cen_loss": 2.3170756041498284,
    "cen_accuracy": 0.5008924587237841
  },
  "67": {
    "cen_loss": 2.303131523913222,
    "cen_accuracy": 0.501338688085676
  },
  "68": {
    "cen_loss": 2.92531719765244,
    "cen_accuracy": 0.43351182507809016
  },
  "69": {
    "cen_loss": 2.331399630989575,
    "cen_accuracy": 0.465417224453369
  },
  "70": {
    "cen_loss": 2.3313995390691593,
    "cen_accuracy": 0.465417224453369
  },
  "71": {
    "cen_loss": 2.6082124493048693,
    "cen_accuracy": 0.41767068273092367
  },
  "72": {
    "cen_loss": 2.4709946033625876,
    "cen_accuracy": 0.42257920571173585
  },
  "73": {
    "cen_loss": 2.4397430235868263,
    "cen_accuracy": 0.4261490406068719
  },
  "74": {
    "cen_loss": 2.3677458231175708,
    "cen_accuracy": 0.4556001784917448
  },
  "75": {
    "cen_loss": 2.5029406889588213,
    "cen_accuracy": 0.42302543507362783
  },
  "76": {
    "cen_loss": 2.006818654546776,
    "cen_accuracy": 0.5281124497991968
  },
  "77": {
    "cen_loss": 2.237730478825499,
    "cen_accuracy": 0.47523427041499333
  },
  "78": {
    "cen_loss": 2.0806999989302764,
    "cen_accuracy": 0.5301204819277109
  },
  "79": {
    "cen_loss": 2.32672121332246,
    "cen_accuracy": 0.4714413208389112
  },
  "80": {
    "cen_loss": 2.326721274070791,
    "cen_accuracy": 0.4714413208389112
  },
  "81": {
    "cen_loss": 2.134703597550092,
    "cen_accuracy": 0.5162873717090585
  },
  "82": {
    "cen_loss": 2.2902432830670962,
    "cen_accuracy": 0.4937527889335118
  },
  "83": {
    "cen_loss": 2.1663731903117025,
    "cen_accuracy": 0.5149486836233824
  },
  "84": {
    "cen_loss": 2.300479644137347,
    "cen_accuracy": 0.48839803659080766
  },
  "85": {
    "cen_loss": 2.036818639235218,
    "cen_accuracy": 0.5258813029897367
  },
  "86": {
    "cen_loss": 2.3963071639279283,
    "cen_accuracy": 0.46586345381526106
  },
  "87": {
    "cen_loss": 2.034057127796396,
    "cen_accuracy": 0.5069165551093262
  },
  "88": {
    "cen_loss": 1.9161144559109973,
    "cen_accuracy": 0.5189647478804106
  },