{
  "0": {
    "cen_loss": 2.302756995201111,
    "cen_accuracy": 0.100375
  },
  "1": {
    "cen_loss": 2.302756995201111,
    "cen_accuracy": 0.100375
  },
  "2": {
    "cen_loss": 2.878231204986572,
    "cen_accuracy": 0.101125
  },
  "3": {
    "cen_loss": 3.376805155277252,
    "cen_accuracy": 0.1
  },
  "4": {
    "cen_loss": 3.251612476348877,
    "cen_accuracy": 0.101125
  },
  "5": {
    "cen_loss": 3.770954487323761,
    "cen_accuracy": 0.1
  },
  "6": {
    "cen_loss": 3.7142380113601683,
    "cen_accuracy": 0.1655
  },
  "7": {
    "cen_loss": 2.4948287079334257,
    "cen_accuracy": 0.21025
  },
  "8": {
    "cen_loss": 2.359609658241272,
    "cen_accuracy": 0.24775
  },
  "9": {
    "cen_loss": 2.5386801722049714,
    "cen_accuracy": 0.2695
  },
  "10": {
    "cen_loss": 2.969961679935455,
    "cen_accuracy": 0.313625
  },
  "11": {
    "cen_loss": 2.156125302195549,
    "cen_accuracy": 0.352875
  },
  "12": {
    "cen_loss": 3.216523634672165,
    "cen_accuracy": 0.237625
  },
  "13": {
    "cen_loss": 2.822223823904991,
    "cen_accuracy": 0.36375
  },
  "14": {
    "cen_loss": 2.811958953380585,
    "cen_accuracy": 0.339
  },
  "15": {
    "cen_loss": 3.054653301239014,
    "cen_accuracy": 0.23675
  },
  "16": {
    "cen_loss": 2.2006389520168304,
    "cen_accuracy": 0.36625
  },
  "17": {
    "cen_loss": 2.1659206224679948,
    "cen_accuracy": 0.393375
  },
  "18": {
    "cen_loss": 1.9602722593545914,
    "cen_accuracy": 0.365875
  },
  "19": {
    "cen_loss": 1.7798615942001343,
    "cen_accuracy": 0.445
  },
  "20": {
    "cen_loss": 2.7606756024360655,
    "cen_accuracy": 0.357125
  },
  "21": {
    "cen_loss": 2.2226957058906556,
    "cen_accuracy": 0.3345
  },
  "22": {
    "cen_loss": 2.0817305322885513,
    "cen_accuracy": 0.408875
  },
  "23": {
    "cen_loss": 1.7580675941705703,
    "cen_accuracy": 0.506625
  },
  "24": {
    "cen_loss": 3.209242094516754,
    "cen_accuracy": 0.2745
  },
  "25": {
    "cen_loss": 2.2497676132917404,
    "cen_accuracy": 0.42175
  },
  "26": {
    "cen_loss": 1.7835743431448936,
    "cen_accuracy": 0.471875
  },
  "27": {
    "cen_loss": 1.88333886384964,
    "cen_accuracy": 0.425
  },
  "28": {
    "cen_loss": 2.6344827389717103,
    "cen_accuracy": 0.369375
  },
  "29": {
    "cen_loss": 1.7668611730337143,
    "cen_accuracy": 0.466
  },
  "30": {
    "cen_loss": 2.4246510041952134,
    "cen_accuracy": 0.380125
  },
  "31": {
    "cen_loss": 1.6482493878006934,
    "cen_accuracy": 0.478
  },
  "32": {
    "cen_loss": 1.7672167531251908,
    "cen_accuracy": 0.468875
  },
  "33": {
    "cen_loss": 1.6084173406362534,
    "cen_accuracy": 0.491875
  },
  "34": {
    "cen_loss": 1.9027101130485535,
    "cen_accuracy": 0.476
  },
  "35": {
    "cen_loss": 1.8527740401029587,
    "cen_accuracy": 0.456
  },
  "36": {
    "cen_loss": 1.984943503856659,
    "cen_accuracy": 0.4305
  },
  "37": {
    "cen_loss": 2.099009704768658,
    "cen_accuracy": 0.5085
  },
  "38": {
    "cen_loss": 2.4984644038677217,
    "cen_accuracy": 0.359875
  },
  "39": {
    "cen_loss": 2.5287781801223757,
    "cen_accuracy": 0.37975
  },
  "40": {
    "cen_loss": 3.440440223455429,
    "cen_accuracy": 0.3375
  },
  "41": {
    "cen_loss": 2.1072700647115705,
    "cen_accuracy": 0.43475
  },
  "42": {
    "cen_loss": 1.7169676277637482,
    "cen_accuracy": 0.425125
  },
  "43": {
    "cen_loss": 2.1433670725822447,
    "cen_accuracy": 0.39925
  },
  "44": {
    "cen_loss": 2.300089918136597,
    "cen_accuracy": 0.364
  },
  "45": {
    "cen_loss": 1.5874801797270774,
    "cen_accuracy": 0.528
  },
  "46": {
    "cen_loss": 2.0327090688943863,
    "cen_accuracy": 0.46125
  },
  "47": {
    "cen_loss": 3.3406312732696533,
    "cen_accuracy": 0.303125
  },
  "48": {
    "cen_loss": 1.5809848664999009,
    "cen_accuracy": 0.5235
  },
  "49": {
    "cen_loss": 1.88650633084774,
    "cen_accuracy": 0.50475
  },
  "50": {
    "cen_loss": 1.9901497138142585,
    "cen_accuracy": 0.4815
  },
  "51": {
    "cen_loss": 2.8178188224434852,
    "cen_accuracy": 0.38625
  },
  "52": {
    "cen_loss": 1.5095690659880638,
    "cen_accuracy": 0.497
  },
  "53": {
    "cen_loss": 1.502589289367199,
    "cen_accuracy": 0.4845
  },
  "54": {
    "cen_loss": 1.7904080721735953,
    "cen_accuracy": 0.537375
  },
  "55": {
    "cen_loss": 1.7188545415997505,
    "cen_accuracy": 0.52
  },
  "56": {
    "cen_loss": 1.3290636974573136,
    "cen_accuracy": 0.58375
  },
  "57": {
    "cen_loss": 2.1498127672672274,
    "cen_accuracy": 0.4475
  },
  "58": {
    "cen_loss": 1.7393282928466798,
    "cen_accuracy": 0.512375
  },
  "59": {
    "cen_loss": 1.8810549288988114,
    "cen_accuracy": 0.5165
  },
  "60": {
    "cen_loss": 2.149338141262531,
    "cen_accuracy": 0.485375
  },
  "61": {
    "cen_loss": 1.4232091722488402,
    "cen_accuracy": 0.509625
  },
  "62": {
    "cen_loss": 1.642026594042778,
    "cen_accuracy": 0.495375
  },
  "63": {
    "cen_loss": 2.381460288524628,
    "cen_accuracy": 0.381125
  },
  "64": {
    "cen_loss": 1.8942376514673234,
    "cen_accuracy": 0.43525
  },
  "65": {
    "cen_loss": 1.828119334578514,
    "cen_accuracy": 0.477625
  },
  "66": {
    "cen_loss": 1.5752503163814544,
    "cen_accuracy": 0.529375
  },
  "67": {
    "cen_loss": 1.504573139846325,
    "cen_accuracy": 0.54975
  },
  "68": {
    "cen_loss": 2.418892378091812,
    "cen_accuracy": 0.352
  },
  "69": {
    "cen_loss": 1.8111480283737182,
    "cen_accuracy": 0.479
  },
  "70": {
    "cen_loss": 2.366471167445183,
    "cen_accuracy": 0.424875
  },
  "71": {
    "cen_loss": 1.262729758799076,
    "cen_accuracy": 0.5815
  },
  "72": {
    "cen_loss": 1.4458312858343125,
    "cen_accuracy": 0.528625
  },
  "73": {
    "cen_loss": 1.5705718160867692,
    "cen_accuracy": 0.492625
  },
  "74": {
    "cen_loss": 2.304162420272827,
    "cen_accuracy": 0.453375
  },
  "75": {
    "cen_loss": 2.015115848898888,
    "cen_accuracy": 0.43425
  },
  "76": {
    "cen_loss": 1.4843853443861008,
    "cen_accuracy": 0.50175
  },
  "77": {
    "cen_loss": 1.4837194932699203,
    "cen_accuracy": 0.506
  },
  "78": {
    "cen_loss": 1.4585276396274567,
    "cen_accuracy": 0.5555
  },
  "79": {
    "cen_loss": 1.2222101097106934,
    "cen_accuracy": 0.617875
  },
  "80": {
    "cen_loss": 1.5627239922285079,
    "cen_accuracy": 0.566
  },
  "81": {
    "cen_loss": 1.6905572556853294,
    "cen_accuracy": 0.52075
  },
  "82": {
    "cen_loss": 1.581192598938942,
    "cen_accuracy": 0.517125
  },
  "83": {
    "cen_loss": 1.5472558654546738,
    "cen_accuracy": 0.5385
  },
  "84": {
    "cen_loss": 1.64209858417511,
    "cen_accuracy": 0.471625
  },
  "85": {
    "cen_loss": 1.4256533101201057,
    "cen_accuracy": 0.566
  },
  "86": {
    "cen_loss": 1.3599063489437104,
    "cen_accuracy": 0.54975
  },
  "87": {
    "cen_loss": 1.5756952723264694,
    "cen_accuracy": 0.4665
  },
  "88": {
    "cen_loss": 1.789554387629032,
    "cen_accuracy": 0.44575
  },
  "89": {
    "cen_loss": 1.7059289848804473,
    "cen_accuracy": 0.51425
  },
  "90": {
    "cen_loss": 3.1276718428134918,
    "cen_accuracy": 0.326
  },
  "91": {
    "cen_loss": 1.2792239099144935,
    "cen_accuracy": 0.553125
  },
  "92": {
    "cen_loss": 1.3784909878373146,
    "cen_accuracy": 0.56025
  },
  "93": {
    "cen_loss": 1.457280954658985,
    "cen_accuracy": 0.552125
  },
  "94": {
    "cen_loss": 1.4647129746079446,
    "cen_accuracy": 0.545375
  },
  "95": {
    "cen_loss": 1.5258562257289887,
    "cen_accuracy": 0.54475
  },
  "96": {
    "cen_loss": 1.251826737165451,
    "cen_accuracy": 0.56375
  },
  "97": {
    "cen_loss": 1.7876481238007544,
    "cen_accuracy": 0.5025
  },
  "98": {
    "cen_loss": 2.7717800450325014,
    "cen_accuracy": 0.39375
  },
  "99": {
    "cen_loss": 1.3616239545345306,
    "cen_accuracy": 0.556375
  },
  "100": {
    "cen_loss": 1.5530681476593018,
    "cen_accuracy": 0.523625
  },
  "101": {
    "cen_loss": 1.3906509086489678,
    "cen_accuracy": 0.582625
  },