{
  "0": {
    "cen_loss": 2.3027670545578003,
    "cen_accuracy": 0.0985
  },
  "1": {
    "cen_loss": 2.3027670545578003,
    "cen_accuracy": 0.0985
  },
  "2": {
    "cen_loss": 3.2344037218093873,
    "cen_accuracy": 0.100375
  },
  "3": {
    "cen_loss": 4.737883017063141,
    "cen_accuracy": 0.099875
  },
  "4": {
    "cen_loss": 5.697367405414581,
    "cen_accuracy": 0.099875
  },
  "5": {
    "cen_loss": 5.8331472468376155,
    "cen_accuracy": 0.099875
  },
  "6": {
    "cen_loss": 5.3641786308288575,
    "cen_accuracy": 0.14575
  },
  "7": {
    "cen_loss": 5.945599243164063,
    "cen_accuracy": 0.105875
  },
  "8": {
    "cen_loss": 3.605614706039429,
    "cen_accuracy": 0.19225
  },
  "9": {
    "cen_loss": 3.0717049415111544,
    "cen_accuracy": 0.231875
  },
  "10": {
    "cen_loss": 1.63650781416893,
    "cen_accuracy": 0.476875
  },
  "11": {
    "cen_loss": 2.499554150104523,
    "cen_accuracy": 0.309625
  },
  "12": {
    "cen_loss": 2.319525670170784,
    "cen_accuracy": 0.359375
  },
  "13": {
    "cen_loss": 2.0043410108089446,
    "cen_accuracy": 0.416125
  },
  "14": {
    "cen_loss": 2.069049959778786,
    "cen_accuracy": 0.432625
  },
  "15": {
    "cen_loss": 1.9894522644281387,
    "cen_accuracy": 0.473125
  },
  "16": {
    "cen_loss": 1.7902120963931083,
    "cen_accuracy": 0.501875
  },
  "17": {
    "cen_loss": 1.685312321662903,
    "cen_accuracy": 0.5275
  },
  "18": {
    "cen_loss": 1.6727616698145866,
    "cen_accuracy": 0.536
  },
  "19": {
    "cen_loss": 1.6601816598773003,
    "cen_accuracy": 0.538375
  },
  "20": {
    "cen_loss": 1.5888731904029847,
    "cen_accuracy": 0.570875
  },
  "21": {
    "cen_loss": 1.6953533774018288,
    "cen_accuracy": 0.543375
  },
  "22": {
    "cen_loss": 1.6028538724780084,
    "cen_accuracy": 0.552625
  },
  "23": {
    "cen_loss": 1.504030996799469,
    "cen_accuracy": 0.575
  },
  "24": {
    "cen_loss": 1.6032920427918433,
    "cen_accuracy": 0.558
  },
  "25": {
    "cen_loss": 1.4303183750510216,
    "cen_accuracy": 0.599625
  },
  "26": {
    "cen_loss": 1.4985097371935845,
    "cen_accuracy": 0.584875
  },
  "27": {
    "cen_loss": 1.4336503328680992,
    "cen_accuracy": 0.603125
  },
  "28": {
    "cen_loss": 1.4525357644557952,
    "cen_accuracy": 0.600375
  },
  "29": {
    "cen_loss": 1.3623334530293942,
    "cen_accuracy": 0.60875
  },
  "30": {
    "cen_loss": 1.4890620296299457,
    "cen_accuracy": 0.607125
  },
  "31": {
    "cen_loss": 1.418612490594387,
    "cen_accuracy": 0.602
  },
  "32": {
    "cen_loss": 1.435067829489708,
    "cen_accuracy": 0.6045
  },
  "33": {
    "cen_loss": 1.400168739914894,
    "cen_accuracy": 0.622875
  },
  "34": {
    "cen_loss": 1.285997621357441,
    "cen_accuracy": 0.637125
  },
  "35": {
    "cen_loss": 1.3624891217797994,
    "cen_accuracy": 0.626
  },
  "36": {
    "cen_loss": 1.3268032851815224,
    "cen_accuracy": 0.63225
  },
  "37": {
    "cen_loss": 1.3129092297554017,
    "cen_accuracy": 0.629875
  },
  "38": {
    "cen_loss": 1.471894335269928,
    "cen_accuracy": 0.605875
  },
  "39": {
    "cen_loss": 1.2279230121076108,
    "cen_accuracy": 0.65175
  },
  "40": {
    "cen_loss": 1.3057323049157858,
    "cen_accuracy": 0.645625
  },
  "41": {
    "cen_loss": 1.230039092540741,
    "cen_accuracy": 0.656625
  },
  "42": {
    "cen_loss": 1.295447067782283,
    "cen_accuracy": 0.6405
  },
  "43": {
    "cen_loss": 1.3413274111449718,
    "cen_accuracy": 0.630625
  },
  "44": {
    "cen_loss": 1.2679069143533708,
    "cen_accuracy": 0.648875
  },
  "45": {
    "cen_loss": 1.2875479169785977,
    "cen_accuracy": 0.650375
  },
  "46": {
    "cen_loss": 1.307863545835018,
    "cen_accuracy": 0.644375
  },
  "47": {
    "cen_loss": 1.1727023430168628,
    "cen_accuracy": 0.669625
  },
  "48": {
    "cen_loss": 1.185758684143424,
    "cen_accuracy": 0.6675
  },
  "49": {
    "cen_loss": 1.1710597077086569,
    "cen_accuracy": 0.672375
  },
  "50": {
    "cen_loss": 1.1480263224989176,
    "cen_accuracy": 0.6755
  },
  "51": {
    "cen_loss": 1.219045371413231,
    "cen_accuracy": 0.657125
  },
  "52": {
    "cen_loss": 1.1461213480532169,
    "cen_accuracy": 0.67275
  },
  "53": {
    "cen_loss": 1.291399887919426,
    "cen_accuracy": 0.65625
  },
  "54": {
    "cen_loss": 1.2246958096623421,
    "cen_accuracy": 0.6605
  },
  "55": {
    "cen_loss": 1.1875069600641728,
    "cen_accuracy": 0.667875
  },
  "56": {
    "cen_loss": 1.1528156538307668,
    "cen_accuracy": 0.6785
  },
  "57": {
    "cen_loss": 1.2070571447014808,
    "cen_accuracy": 0.67125
  },
  "58": {
    "cen_loss": 1.100822554320097,
    "cen_accuracy": 0.69275
  },
  "59": {
    "cen_loss": 1.1539667250663042,
    "cen_accuracy": 0.685625
  },
  "60": {
    "cen_loss": 1.140424025401473,
    "cen_accuracy": 0.694
  },
  "61": {
    "cen_loss": 1.0907449833452703,
    "cen_accuracy": 0.6995
  },
  "62": {
    "cen_loss": 1.1378328264951707,
    "cen_accuracy": 0.691875
  },
  "63": {
    "cen_loss": 1.1280525159537793,
    "cen_accuracy": 0.687125
  },
  "64": {
    "cen_loss": 1.0743844880461693,
    "cen_accuracy": 0.695375
  },
  "65": {
    "cen_loss": 1.1707793158590794,
    "cen_accuracy": 0.681125
  },
  "66": {
    "cen_loss": 1.1454867173731327,
    "cen_accuracy": 0.687
  },
  "67": {
    "cen_loss": 1.0573694223165513,
    "cen_accuracy": 0.702125
  },
  "68": {
    "cen_loss": 1.244825811356306,
    "cen_accuracy": 0.681625
  },
  "69": {
    "cen_loss": 1.1504247072711586,
    "cen_accuracy": 0.688375
  },
  "70": {
    "cen_loss": 1.1390215823799372,
    "cen_accuracy": 0.692875
  },
  "71": {
    "cen_loss": 1.0732453291267157,
    "cen_accuracy": 0.700375
  },
  "72": {
    "cen_loss": 1.134936474725604,
    "cen_accuracy": 0.69325
  },
  "73": {
    "cen_loss": 1.066273397013545,
    "cen_accuracy": 0.70075
  },
  "74": {
    "cen_loss": 1.027691243648529,
    "cen_accuracy": 0.709875
  },
  "75": {
    "cen_loss": 1.047589936852455,
    "cen_accuracy": 0.710125
  },
  "76": {
    "cen_loss": 1.0696081994473934,
    "cen_accuracy": 0.70025
  },
  "77": {
    "cen_loss": 1.052203553825617,
    "cen_accuracy": 0.710875
  },
  "78": {
    "cen_loss": 1.054285073813051,
    "cen_accuracy": 0.701625
  },
  "79": {
    "cen_loss": 1.0527052983045577,
    "cen_accuracy": 0.712125
  },
  "80": {
    "cen_loss": 1.1097673422694205,
    "cen_accuracy": 0.706125
  },
  "81": {
    "cen_loss": 1.0501854908317327,
    "cen_accuracy": 0.70375
  },
  "82": {
    "cen_loss": 1.0050342935919763,
    "cen_accuracy": 0.72125
  },
  "83": {
    "cen_loss": 0.9668322904109955,
    "cen_accuracy": 0.725125
  },
  "84": {
    "cen_loss": 0.9941574092581869,
    "cen_accuracy": 0.718125
  },
  "85": {
    "cen_loss": 1.0667026089131832,
    "cen_accuracy": 0.702375
  },
  "86": {
    "cen_loss": 0.9453614005446433,
    "cen_accuracy": 0.727375
  },
  "87": {
    "cen_loss": 0.9568429025411606,
    "cen_accuracy": 0.724625
  },
  "88": {
    "cen_loss": 0.9616548693850636,
    "cen_accuracy": 0.7325
  },
  "89": {
    "cen_loss": 1.0575830450057984,
    "cen_accuracy": 0.70825
  },
  "90": {
    "cen_loss": 1.041128594905138,
    "cen_accuracy": 0.71775
  },
  "91": {
    "cen_loss": 0.9709611380845309,
    "cen_accuracy": 0.72175
  },
  "92": {
    "cen_loss": 1.0434784279689193,
    "cen_accuracy": 0.713
  },
  "93": {
    "cen_loss": 0.9610739549696445,
    "cen_accuracy": 0.728
  },
  "94": {
    "cen_loss": 1.0049159535616636,
    "cen_accuracy": 0.719625
  },
  "95": {
    "cen_loss": 0.9283821959197521,
    "cen_accuracy": 0.730625
  },
  "96": {
    "cen_loss": 0.9600362174734474,
    "cen_accuracy": 0.732
  },
  "97": {
    "cen_loss": 1.088243514329195,
    "cen_accuracy": 0.717125
  },
  "98": {
    "cen_loss": 1.0078144378066063,
    "cen_accuracy": 0.725
  },
  "99": {
    "cen_loss": 0.9955843419432641,
    "cen_accuracy": 0.721625
  },
  "100": {
    "cen_loss": 1.03565977999568,
    "cen_accuracy": 0.7245
  },