{
  "0": {
    "cen_loss": 3.537089335072631,
    "cen_accuracy": 0.08723784024988844
  },
  "1": {
    "cen_loss": 3.5370893336895692,
    "cen_accuracy": 0.08723784024988844
  },
  "2": {
    "cen_loss": 3.9910962025218115,
    "cen_accuracy": 0.006247211066488175
  },
  "3": {
    "cen_loss": 3.091441887077185,
    "cen_accuracy": 0.10642570281124498
  },
  "4": {
    "cen_loss": 3.544363231224867,
    "cen_accuracy": 0.14904060687193219
  },
  "5": {
    "cen_loss": 3.467628766361596,
    "cen_accuracy": 0.17938420348058903
  },
  "6": {
    "cen_loss": 3.2040472649825786,
    "cen_accuracy": 0.26305220883534136
  },
  "7": {
    "cen_loss": 3.502805404714153,
    "cen_accuracy": 0.19767960731816153
  },
  "8": {
    "cen_loss": 3.307667182671178,
    "cen_accuracy": 0.249442213297635
  },
  "9": {
    "cen_loss": 2.9126337708665133,
    "cen_accuracy": 0.32262382864792505
  },
  "10": {
    "cen_loss": 2.9125856108454817,
    "cen_accuracy": 0.322400713966979
  },
  "11": {
    "cen_loss": 3.6492560942861343,
    "cen_accuracy": 0.23092369477911648
  },
  "12": {
    "cen_loss": 3.0565716501380225,
    "cen_accuracy": 0.28603302097278
  },
  "13": {
    "cen_loss": 3.1591057022040254,
    "cen_accuracy": 0.31548415885765285
  },
  "14": {
    "cen_loss": 3.4571294324943818,
    "cen_accuracy": 0.24921909861668898
  },
  "15": {
    "cen_loss": 3.5463131309247133,
    "cen_accuracy": 0.2425256581883088
  },
  "16": {
    "cen_loss": 3.1897664957416745,
    "cen_accuracy": 0.27420794288264166
  },
  "17": {
    "cen_loss": 3.270313806376357,
    "cen_accuracy": 0.30879071842927264
  },
  "18": {
    "cen_loss": 3.374971426368451,
    "cen_accuracy": 0.27353859883980364
  },
  "19": {
    "cen_loss": 2.8893838212299645,
    "cen_accuracy": 0.3382418563141455
  },
  "20": {
    "cen_loss": 2.889383890117082,
    "cen_accuracy": 0.3382418563141455
  },
  "21": {
    "cen_loss": 3.119192968144687,
    "cen_accuracy": 0.285586791610888
  },
  "22": {
    "cen_loss": 2.6722280556391733,
    "cen_accuracy": 0.3784024988844266
  },
  "23": {
    "cen_loss": 2.715855647282428,
    "cen_accuracy": 0.4000446229361892
  },
  "24": {
    "cen_loss": 2.7122085638633533,
    "cen_accuracy": 0.37237840249888443
  },
  "25": {
    "cen_loss": 2.662984429273899,
    "cen_accuracy": 0.393797411869701
  },
  "26": {
    "cen_loss": 2.7483112582241196,
    "cen_accuracy": 0.38821954484605087
  },
  "27": {
    "cen_loss": 2.818907488568028,
    "cen_accuracy": 0.39335118250780904
  },
  "28": {
    "cen_loss": 2.511996472216993,
    "cen_accuracy": 0.4404283801874163
  },
  "29": {
    "cen_loss": 2.7122252858786218,
    "cen_accuracy": 0.4212405176260598
  },
  "30": {
    "cen_loss": 2.712225257791828,
    "cen_accuracy": 0.4212405176260598
  },
  "31": {
    "cen_loss": 2.652043338228368,
    "cen_accuracy": 0.44511378848728245
  },
  "32": {
    "cen_loss": 2.4336094182285546,
    "cen_accuracy": 0.4556001784917448
  },
  "33": {
    "cen_loss": 2.5123214571670673,
    "cen_accuracy": 0.4547077197679607
  },
  "34": {
    "cen_loss": 2.739793765018264,
    "cen_accuracy": 0.4203480589022758
  },
  "35": {
    "cen_loss": 2.5850851982632475,
    "cen_accuracy": 0.41856314145470774
  },
  "36": {
    "cen_loss": 2.557813899318111,
    "cen_accuracy": 0.43685854529228024
  },
  "37": {
    "cen_loss": 2.462952323387585,
    "cen_accuracy": 0.46006247211066487
  },
  "38": {
    "cen_loss": 2.5524984908284805,
    "cen_accuracy": 0.45537706381079873
  },
  "39": {
    "cen_loss": 2.516880310416913,
    "cen_accuracy": 0.44890673806336456
  },
  "40": {
    "cen_loss": 2.5168803627604834,
    "cen_accuracy": 0.44890673806336456
  },
  "41": {
    "cen_loss": 2.3899279681235113,
    "cen_accuracy": 0.463855421686747
  },
  "42": {
    "cen_loss": 2.4145829174360065,
    "cen_accuracy": 0.45805443998215084
  },
  "43": {
    "cen_loss": 2.3371993168716396,
    "cen_accuracy": 0.48705934850513166
  },
  "44": {
    "cen_loss": 2.368310959995564,
    "cen_accuracy": 0.46898705934850515
  },
  "45": {
    "cen_loss": 2.356993619178034,
    "cen_accuracy": 0.46697902721999107
  },
  "46": {
    "cen_loss": 2.2768914224791876,
    "cen_accuracy": 0.5020080321285141
  },
  "47": {
    "cen_loss": 2.34490102106628,
    "cen_accuracy": 0.47701918786256137
  },
  "48": {
    "cen_loss": 2.4139944184629685,
    "cen_accuracy": 0.48839803659080766
  },
  "49": {
    "cen_loss": 2.655731519063314,
    "cen_accuracy": 0.4426595269968764
  },
  "50": {
    "cen_loss": 2.6557314684219735,
    "cen_accuracy": 0.4426595269968764
  },
  "51": {
    "cen_loss": 2.3694861387366006,
    "cen_accuracy": 0.4966532797858099
  },
  "52": {
    "cen_loss": 2.2269671564387297,
    "cen_accuracy": 0.5258813029897367
  },
  "53": {
    "cen_loss": 2.597857840409081,
    "cen_accuracy": 0.4578313253012048
  },
  "54": {
    "cen_loss": 2.542427810267219,
    "cen_accuracy": 0.4415439535921464
  },
  "55": {
    "cen_loss": 2.5685429812435165,
    "cen_accuracy": 0.41566265060240964
  },
  "56": {
    "cen_loss": 2.192723942715267,
    "cen_accuracy": 0.5185185185185185
  },
  "57": {
    "cen_loss": 2.2959951101829303,
    "cen_accuracy": 0.5075858991521642
  },
  "58": {
    "cen_loss": 2.3334865770080375,
    "cen_accuracy": 0.501561802766622
  },
  "59": {
    "cen_loss": 2.4037640610745528,
    "cen_accuracy": 0.44890673806336456
  },
  "60": {
    "cen_loss": 2.40376403597996,
    "cen_accuracy": 0.44890673806336456
  },
  "61": {
    "cen_loss": 2.491826361069345,
    "cen_accuracy": 0.4716644355198572
  },
  "62": {
    "cen_loss": 2.1363151376665517,
    "cen_accuracy": 0.5136099955377064
  },
  "63": {
    "cen_loss": 2.3663368311273048,
    "cen_accuracy": 0.49062918340026773
  },
  "64": {
    "cen_loss": 2.2657170743614583,
    "cen_accuracy": 0.5151717983043285
  },
  "65": {
    "cen_loss": 2.072420612609264,
    "cen_accuracy": 0.5468540829986613
  },
  "66": {
    "cen_loss": 2.210803204298764,
    "cen_accuracy": 0.5107095046854083
  },
  "67": {
    "cen_loss": 2.1259334110777486,
    "cen_accuracy": 0.5459616242748773
  },
  "68": {
    "cen_loss": 2.463513405819867,
    "cen_accuracy": 0.48772869254796963
  },
  "69": {
    "cen_loss": 2.2053021752690696,
    "cen_accuracy": 0.533690316822847
  },
  "70": {
    "cen_loss": 2.2053021506931247,
    "cen_accuracy": 0.533690316822847
  },
  "71": {
    "cen_loss": 2.2406357473318517,
    "cen_accuracy": 0.5388219544846051
  },
  "72": {
    "cen_loss": 2.5962386058069122,
    "cen_accuracy": 0.4933065595716198
  },
  "73": {
    "cen_loss": 2.5786003145467804,
    "cen_accuracy": 0.4718875502008032
  },
  "74": {
    "cen_loss": 2.5695012076419146,
    "cen_accuracy": 0.48750557786702364
  },
  "75": {
    "cen_loss": 2.1784991944596896,
    "cen_accuracy": 0.5319053993752789
  },
  "76": {
    "cen_loss": 2.719442869711539,
    "cen_accuracy": 0.42659526996876396
  },
  "77": {
    "cen_loss": 2.6953620291192424,
    "cen_accuracy": 0.4201249442213298
  },
  "78": {
    "cen_loss": 2.18555460429415,
    "cen_accuracy": 0.49955377063810796
  },
  "79": {
    "cen_loss": 2.314458521082166,
    "cen_accuracy": 0.46006247211066487
  },
  "80": {
    "cen_loss": 2.3144585477725994,
    "cen_accuracy": 0.46006247211066487
  },
  "81": {
    "cen_loss": 2.139539894489559,
    "cen_accuracy": 0.49843819723337796
  },
  "82": {
    "cen_loss": 2.122502217676851,
    "cen_accuracy": 0.5046854082998661
  },
  "83": {
    "cen_loss": 2.0729366771640763,
    "cen_accuracy": 0.5203034359660865
  },
  "84": {
    "cen_loss": 1.9464557086820318,
    "cen_accuracy": 0.5524319500223115
  },
  "85": {
    "cen_loss": 2.0105417782257096,
    "cen_accuracy": 0.5283355644801427
  },
  "86": {
    "cen_loss": 1.8652839272057355,
    "cen_accuracy": 0.5510932619366354
  },
  "87": {
    "cen_loss": 2.0043187801032554,
    "cen_accuracy": 0.5410531012940651
  },
  "88": {
    "cen_loss": 1.9094499169264134,
    "cen_accuracy": 0.5553324408746095
  },