{
  "0": {
    "cen_loss": 2.3026313900947573,
    "cen_accuracy": 0.10175
  },
  "1": {
    "cen_loss": 2.3026313900947573,
    "cen_accuracy": 0.10175
  },
  "2": {
    "cen_loss": 3.6456244988441466,
    "cen_accuracy": 0.10175
  },
  "3": {
    "cen_loss": 3.0517590703964235,
    "cen_accuracy": 0.1
  },
  "4": {
    "cen_loss": 3.2905001726150513,
    "cen_accuracy": 0.100875
  },
  "5": {
    "cen_loss": 4.594896230697632,
    "cen_accuracy": 0.10075
  },
  "6": {
    "cen_loss": 5.453217052936554,
    "cen_accuracy": 0.102
  },
  "7": {
    "cen_loss": 3.206133824825287,
    "cen_accuracy": 0.14
  },
  "8": {
    "cen_loss": 4.112145448207856,
    "cen_accuracy": 0.118875
  },
  "9": {
    "cen_loss": 3.044688767910004,
    "cen_accuracy": 0.154
  },
  "10": {
    "cen_loss": 2.681117492437363,
    "cen_accuracy": 0.20575
  },
  "11": {
    "cen_loss": 3.379505939722061,
    "cen_accuracy": 0.19825
  },
  "12": {
    "cen_loss": 3.958588304042816,
    "cen_accuracy": 0.21775
  },
  "13": {
    "cen_loss": 3.583436039686203,
    "cen_accuracy": 0.2255
  },
  "14": {
    "cen_loss": 2.1471026774644852,
    "cen_accuracy": 0.313125
  },
  "15": {
    "cen_loss": 2.7327075114250183,
    "cen_accuracy": 0.243875
  },
  "16": {
    "cen_loss": 2.5233081164360045,
    "cen_accuracy": 0.263125
  },
  "17": {
    "cen_loss": 2.3495768407583237,
    "cen_accuracy": 0.309625
  },
  "18": {
    "cen_loss": 3.30177650642395,
    "cen_accuracy": 0.246125
  },
  "19": {
    "cen_loss": 2.353553770542145,
    "cen_accuracy": 0.33925
  },
  "20": {
    "cen_loss": 2.446923413515091,
    "cen_accuracy": 0.330625
  },
  "21": {
    "cen_loss": 1.9857074865102768,
    "cen_accuracy": 0.372375
  },
  "22": {
    "cen_loss": 2.7754468262195586,
    "cen_accuracy": 0.3105
  },
  "23": {
    "cen_loss": 2.6554999346733092,
    "cen_accuracy": 0.355875
  },
  "24": {
    "cen_loss": 2.328841757297516,
    "cen_accuracy": 0.445
  },
  "25": {
    "cen_loss": 2.7509173302650454,
    "cen_accuracy": 0.28475
  },
  "26": {
    "cen_loss": 3.0883458203077314,
    "cen_accuracy": 0.35725
  },
  "27": {
    "cen_loss": 2.7665918776988985,
    "cen_accuracy": 0.38675
  },
  "28": {
    "cen_loss": 2.1912557306289675,
    "cen_accuracy": 0.400125
  },
  "29": {
    "cen_loss": 1.934052630543709,
    "cen_accuracy": 0.4145
  },
  "30": {
    "cen_loss": 2.2930223373770713,
    "cen_accuracy": 0.399
  },
  "31": {
    "cen_loss": 2.1525285816192627,
    "cen_accuracy": 0.419125
  },
  "32": {
    "cen_loss": 2.376019239425659,
    "cen_accuracy": 0.371625
  },
  "33": {
    "cen_loss": 2.1833905159235,
    "cen_accuracy": 0.375625
  },
  "34": {
    "cen_loss": 1.7489976974725723,
    "cen_accuracy": 0.422125
  },
  "35": {
    "cen_loss": 1.9619686126708984,
    "cen_accuracy": 0.416375
  },
  "36": {
    "cen_loss": 1.8097664840221406,
    "cen_accuracy": 0.472125
  },
  "37": {
    "cen_loss": 2.8857374185323716,
    "cen_accuracy": 0.389875
  },
  "38": {
    "cen_loss": 1.969137354373932,
    "cen_accuracy": 0.44375
  },
  "39": {
    "cen_loss": 1.7524377489089966,
    "cen_accuracy": 0.474875
  },
  "40": {
    "cen_loss": 1.8539643433094024,
    "cen_accuracy": 0.466875
  },
  "41": {
    "cen_loss": 1.7629205953478813,
    "cen_accuracy": 0.48525
  },
  "42": {
    "cen_loss": 1.7876141176223754,
    "cen_accuracy": 0.47525
  },
  "43": {
    "cen_loss": 1.9834594449996947,
    "cen_accuracy": 0.421125
  },
  "44": {
    "cen_loss": 3.414905548810959,
    "cen_accuracy": 0.297125
  },
  "45": {
    "cen_loss": 2.0164394735097884,
    "cen_accuracy": 0.410625
  },
  "46": {
    "cen_loss": 1.664479190826416,
    "cen_accuracy": 0.5075
  },
  "47": {
    "cen_loss": 3.68400430226326,
    "cen_accuracy": 0.290625
  },
  "48": {
    "cen_loss": 2.3645784566402437,
    "cen_accuracy": 0.29875
  },
  "49": {
    "cen_loss": 2.1470342581272126,
    "cen_accuracy": 0.366375
  },
  "50": {
    "cen_loss": 2.6170624146461487,
    "cen_accuracy": 0.329125
  },
  "51": {
    "cen_loss": 1.621477151274681,
    "cen_accuracy": 0.490625
  },
  "52": {
    "cen_loss": 3.0082720890045165,
    "cen_accuracy": 0.357125
  },
  "53": {
    "cen_loss": 1.839769520163536,
    "cen_accuracy": 0.4095
  },
  "54": {
    "cen_loss": 1.4570512490272522,
    "cen_accuracy": 0.538125
  },
  "55": {
    "cen_loss": 2.8035423631668093,
    "cen_accuracy": 0.272375
  },
  "56": {
    "cen_loss": 1.661243756890297,
    "cen_accuracy": 0.484375
  },
  "57": {
    "cen_loss": 1.6879914996623993,
    "cen_accuracy": 0.491875
  },
  "58": {
    "cen_loss": 2.0653573818206787,
    "cen_accuracy": 0.41825
  },
  "59": {
    "cen_loss": 1.7267446438074112,
    "cen_accuracy": 0.500625
  },
  "60": {
    "cen_loss": 2.380634543657303,
    "cen_accuracy": 0.443625
  },
  "61": {
    "cen_loss": 1.5567830201387405,
    "cen_accuracy": 0.5395
  },
  "62": {
    "cen_loss": 1.6019955512285233,
    "cen_accuracy": 0.5225
  },
  "63": {
    "cen_loss": 2.227992298901081,
    "cen_accuracy": 0.45375
  },
  "64": {
    "cen_loss": 1.4621041202545166,
    "cen_accuracy": 0.510875
  },
  "65": {
    "cen_loss": 1.8495583642721176,
    "cen_accuracy": 0.461625
  },
  "66": {
    "cen_loss": 1.4552633193731308,
    "cen_accuracy": 0.516
  },
  "67": {
    "cen_loss": 1.4546568557024002,
    "cen_accuracy": 0.57425
  },
  "68": {
    "cen_loss": 2.0049921437501905,
    "cen_accuracy": 0.41725
  },
  "69": {
    "cen_loss": 2.8506617453098295,
    "cen_accuracy": 0.3345
  },
  "70": {
    "cen_loss": 3.053759344100952,
    "cen_accuracy": 0.338375
  },
  "71": {
    "cen_loss": 1.503093348145485,
    "cen_accuracy": 0.518875
  },
  "72": {
    "cen_loss": 1.4568727605938911,
    "cen_accuracy": 0.531625
  },
  "73": {
    "cen_loss": 1.9438214272260665,
    "cen_accuracy": 0.465375
  },
  "74": {
    "cen_loss": 1.256242447912693,
    "cen_accuracy": 0.572875
  },
  "75": {
    "cen_loss": 1.5498376442193984,
    "cen_accuracy": 0.514125
  },
  "76": {
    "cen_loss": 1.5807723133563996,
    "cen_accuracy": 0.501625
  },
  "77": {
    "cen_loss": 1.6570789856910706,
    "cen_accuracy": 0.51975
  },
  "78": {
    "cen_loss": 2.1920667079687117,
    "cen_accuracy": 0.45325
  },
  "79": {
    "cen_loss": 2.211866704463959,
    "cen_accuracy": 0.39025
  },
  "80": {
    "cen_loss": 3.0278403429985046,
    "cen_accuracy": 0.324
  },
  "81": {
    "cen_loss": 1.0844472857713698,
    "cen_accuracy": 0.632875
  },
  "82": {
    "cen_loss": 1.1606685787439346,
    "cen_accuracy": 0.6175
  },
  "83": {
    "cen_loss": 1.7994737960100173,
    "cen_accuracy": 0.491375
  },
  "84": {
    "cen_loss": 1.5662898333072663,
    "cen_accuracy": 0.4975
  },
  "85": {
    "cen_loss": 1.2752499606609344,
    "cen_accuracy": 0.587375
  },
  "86": {
    "cen_loss": 1.4360345379710198,
    "cen_accuracy": 0.5845
  },
  "87": {
    "cen_loss": 1.588704724729061,
    "cen_accuracy": 0.520875
  },
  "88": {
    "cen_loss": 1.3637695668339729,
    "cen_accuracy": 0.566
  },
  "89": {
    "cen_loss": 1.214437781214714,
    "cen_accuracy": 0.6015
  },
  "90": {
    "cen_loss": 1.4066849276423454,
    "cen_accuracy": 0.57775
  },
  "91": {
    "cen_loss": 1.24317945510149,
    "cen_accuracy": 0.605375
  },
  "92": {
    "cen_loss": 1.4530274263620377,
    "cen_accuracy": 0.52325
  },
  "93": {
    "cen_loss": 1.6626810343265535,
    "cen_accuracy": 0.54225
  },
  "94": {
    "cen_loss": 1.1030438789129258,
    "cen_accuracy": 0.635625
  },
  "95": {
    "cen_loss": 1.4199206147193908,
    "cen_accuracy": 0.5465
  },
  "96": {
    "cen_loss": 1.2540083943009377,
    "cen_accuracy": 0.589625
  },
  "97": {
    "cen_loss": 1.3828912765979766,
    "cen_accuracy": 0.572375
  },
  "98": {
    "cen_loss": 1.4120951538681985,
    "cen_accuracy": 0.526625
  },
  "99": {
    "cen_loss": 1.222099982202053,
    "cen_accuracy": 0.592125
  },
  "100": {
    "cen_loss": 1.3428954715132713,
    "cen_accuracy": 0.591
  },
  "101": {
    "cen_loss": 1.617972696185112,