{
  "0": {
    "cen_loss": 4.387287477010565,
    "cen_accuracy": 0.0011792372778626325
  },
  "1": {
    "cen_loss": 4.387287477010565,
    "cen_accuracy": 0.0011792372778626325
  },
  "2": {
    "cen_loss": 2.9366133821207985,
    "cen_accuracy": 0.21487914272553155
  },
  "3": {
    "cen_loss": 2.4674030458956344,
    "cen_accuracy": 0.31680655562828813
  },
  "4": {
    "cen_loss": 2.3066720942522387,
    "cen_accuracy": 0.35995829999757556
  },
  "5": {
    "cen_loss": 2.2122367645895524,
    "cen_accuracy": 0.38056779887022085
  },
  "6": {
    "cen_loss": 2.173503889803436,
    "cen_accuracy": 0.3888428249327224
  },
  "7": {
    "cen_loss": 2.0914218289491395,
    "cen_accuracy": 0.40982374475719446
  },
  "8": {
    "cen_loss": 2.0496021936582958,
    "cen_accuracy": 0.41810943826217667
  },
  "9": {
    "cen_loss": 1.9902184693956155,
    "cen_accuracy": 0.43278783911557206
  },
  "10": {
    "cen_loss": 1.990162554117169,
    "cen_accuracy": 0.43281790190801755
  },
  "11": {
    "cen_loss": 1.9319687434981734,
    "cen_accuracy": 0.4452095910005576
  },
  "12": {
    "cen_loss": 2.004470660781,
    "cen_accuracy": 0.4338371275486702
  },
  "13": {
    "cen_loss": 1.9547677734504108,
    "cen_accuracy": 0.4448051979537906
  },
  "14": {
    "cen_loss": 1.936718046931373,
    "cen_accuracy": 0.4520920309355832
  },
  "15": {
    "cen_loss": 1.8980307000694985,
    "cen_accuracy": 0.45755182195068733
  },
  "16": {
    "cen_loss": 1.8437434165880695,
    "cen_accuracy": 0.4708948529590031
  },
  "17": {
    "cen_loss": 1.8527975147089029,
    "cen_accuracy": 0.469137634252188
  },
  "18": {
    "cen_loss": 1.8921348351368914,
    "cen_accuracy": 0.4550895822726501
  },
  "19": {
    "cen_loss": 1.8760510235640613,
    "cen_accuracy": 0.47058549712706377
  },
  "20": {
    "cen_loss": 1.8760510983380283,
    "cen_accuracy": 0.47058937619705676
  },
  "21": {
    "cen_loss": 1.8304153186758698,
    "cen_accuracy": 0.47675030911339006
  },
  "22": {
    "cen_loss": 1.8574624371670243,
    "cen_accuracy": 0.4756438043978956
  },
  "23": {
    "cen_loss": 1.872526636049901,
    "cen_accuracy": 0.4732067786748127
  },
  "24": {
    "cen_loss": 1.8495071291993463,
    "cen_accuracy": 0.47757946032438725
  },
  "25": {
    "cen_loss": 1.856188511495738,
    "cen_accuracy": 0.4792823720513007
  },
  "26": {
    "cen_loss": 1.8524589897055832,
    "cen_accuracy": 0.47985453487526364
  },
  "27": {
    "cen_loss": 1.8252741841871984,
    "cen_accuracy": 0.4831769583242418
  },
  "28": {
    "cen_loss": 1.8358464079427814,
    "cen_accuracy": 0.47979246975537615
  },
  "29": {
    "cen_loss": 1.7833551468771611,
    "cen_accuracy": 0.4910049215700536
  },
  "30": {
    "cen_loss": 1.783354802420088,
    "cen_accuracy": 0.4909991029650641
  },
  "31": {
    "cen_loss": 1.8055329780272027,
    "cen_accuracy": 0.4895667563701602
  },
  "32": {
    "cen_loss": 1.7367728027610845,
    "cen_accuracy": 0.49986374766649694
  },
  "33": {
    "cen_loss": 1.773358146446582,
    "cen_accuracy": 0.49710088006400466
  },
  "34": {
    "cen_loss": 1.8462703199730175,
    "cen_accuracy": 0.48231483501830436
  },
  "35": {
    "cen_loss": 1.8589097564970187,
    "cen_accuracy": 0.4792571580963464
  },
  "36": {
    "cen_loss": 1.778595325412538,
    "cen_accuracy": 0.4984537057240527
  },
  "37": {
    "cen_loss": 1.7709224421453091,
    "cen_accuracy": 0.49883676388585835
  },
  "38": {
    "cen_loss": 1.7521119380107657,
    "cen_accuracy": 0.5031929594879627
  },
  "39": {
    "cen_loss": 1.7575205505712452,
    "cen_accuracy": 0.5012505151889834
  },
  "40": {
    "cen_loss": 1.7575206738379339,
    "cen_accuracy": 0.5012408175140011
  },
  "41": {
    "cen_loss": 1.7810916231534442,
    "cen_accuracy": 0.49922467088515526
  },
  "42": {
    "cen_loss": 1.8327132940276174,
    "cen_accuracy": 0.4941188450069096
  },
  "43": {
    "cen_loss": 1.77325265531942,
    "cen_accuracy": 0.4951555264625306
  },
  "44": {
    "cen_loss": 1.7102480903534114,
    "cen_accuracy": 0.5108473343515892
  },
  "45": {
    "cen_loss": 1.7995578304490722,
    "cen_accuracy": 0.49433025432152644
  },
  "46": {
    "cen_loss": 1.7995377457965276,
    "cen_accuracy": 0.49469585666836374
  },
  "47": {
    "cen_loss": 1.8053877642683762,
    "cen_accuracy": 0.4961505079157272
  },
  "48": {
    "cen_loss": 1.7393148388174642,
    "cen_accuracy": 0.506083836400223
  },
  "49": {
    "cen_loss": 1.7362368347932258,
    "cen_accuracy": 0.5080970737265741
  },
  "50": {
    "cen_loss": 1.736236893049277,
    "cen_accuracy": 0.5080961039590758
  },
  "51": {
    "cen_loss": 1.795804167169656,
    "cen_accuracy": 0.4941770310568041
  },
  "52": {
    "cen_loss": 1.7414487269964756,
    "cen_accuracy": 0.5079254248793852
  },
  "53": {
    "cen_loss": 1.7497923346843465,
    "cen_accuracy": 0.5063136712973064
  },
  "54": {
    "cen_loss": 1.7612566775018081,
    "cen_accuracy": 0.5055582224161758
  },
  "55": {
    "cen_loss": 1.7178766646638253,
    "cen_accuracy": 0.5140155647683468
  },
  "56": {
    "cen_loss": 1.7248461987747004,
    "cen_accuracy": 0.5057327805658594
  },
  "57": {
    "cen_loss": 1.7601054826766462,
    "cen_accuracy": 0.5067006085291051
  },
  "58": {
    "cen_loss": 1.677050943984683,
    "cen_accuracy": 0.5199418139501054
  },
  "59": {
    "cen_loss": 1.6789166184918134,
    "cen_accuracy": 0.5192086697214343
  },
  "60": {
    "cen_loss": 1.6789164596956871,
    "cen_accuracy": 0.5192096394889325
  },
  "61": {
    "cen_loss": 1.7286023296404571,
    "cen_accuracy": 0.5106155599195092
  },
  "62": {
    "cen_loss": 1.8028621346511173,
    "cen_accuracy": 0.501809101267971
  },
  "63": {
    "cen_loss": 1.758471268587674,
    "cen_accuracy": 0.511222634373409
  },
  "64": {
    "cen_loss": 1.7854323075367766,
    "cen_accuracy": 0.5012107547215555
  },
  "65": {
    "cen_loss": 1.7900110599828014,
    "cen_accuracy": 0.5050423061071109
  },
  "66": {
    "cen_loss": 1.751135031255077,
    "cen_accuracy": 0.5068101922564066
  },
  "67": {
    "cen_loss": 1.7218854682214952,
    "cen_accuracy": 0.513339636822072
  },
  "68": {
    "cen_loss": 1.7271763971717955,
    "cen_accuracy": 0.5143152229253036
  },
  "69": {
    "cen_loss": 1.694489072407827,
    "cen_accuracy": 0.5188934952845056
  },
  "70": {
    "cen_loss": 1.6944893285200275,
    "cen_accuracy": 0.5188954348195021
  },
  "71": {
    "cen_loss": 1.725597891432417,
    "cen_accuracy": 0.5154556695032366
  },
  "72": {
    "cen_loss": 1.7734813871972561,
    "cen_accuracy": 0.505959706160448
  },
  "73": {
    "cen_loss": 1.6690699934193527,
    "cen_accuracy": 0.5207961791160569
  },
  "74": {
    "cen_loss": 1.7341595770605382,
    "cen_accuracy": 0.5103129924600577
  },
  "75": {
    "cen_loss": 1.7460957001914925,
    "cen_accuracy": 0.5094993575290324
  },
  "76": {
    "cen_loss": 1.667836725586333,
    "cen_accuracy": 0.5249206002860815
  },
  "77": {
    "cen_loss": 1.7001952895322336,
    "cen_accuracy": 0.5202657162945183
  },
  "78": {
    "cen_loss": 1.7133320238878849,
    "cen_accuracy": 0.5169326254030596
  },
  "79": {
    "cen_loss": 1.7006781891807485,
    "cen_accuracy": 0.5188188231871409
  },
  "80": {
    "cen_loss": 1.7006777511270859,
    "cen_accuracy": 0.5188275510946251
  },
  "81": {
    "cen_loss": 1.7130907589226205,
    "cen_accuracy": 0.5189798045918491
  },
  "82": {
    "cen_loss": 1.7455614783470421,
    "cen_accuracy": 0.5121856134991636
  },
  "83": {
    "cen_loss": 1.6996819712738993,
    "cen_accuracy": 0.5167890998133198
  },
  "84": {
    "cen_loss": 1.6999228153510375,
    "cen_accuracy": 0.5142628554803986
  },
  "85": {
    "cen_loss": 1.682431910402209,
    "cen_accuracy": 0.5219269280190074
  },
  "86": {
    "cen_loss": 1.705907800330374,
    "cen_accuracy": 0.5194026232210828
  },
  "87": {
    "cen_loss": 1.7153124579642964,
    "cen_accuracy": 0.5159560695323296
  },
  "88": {
    "cen_loss": 1.7399648346633776,
    "cen_accuracy": 0.5118908041796979
  },