{
  "0": {
    "cen_loss": 2.3028162007331847,
    "cen_accuracy": 0.1005
  },
  "1": {
    "cen_loss": 2.3028162007331847,
    "cen_accuracy": 0.1005
  },
  "2": {
    "cen_loss": 2.6447861075401304,
    "cen_accuracy": 0.10075
  },
  "3": {
    "cen_loss": 3.182251896858215,
    "cen_accuracy": 0.10075
  },
  "4": {
    "cen_loss": 5.085189773082734,
    "cen_accuracy": 0.10075
  },
  "5": {
    "cen_loss": 3.1563229689598082,
    "cen_accuracy": 0.1005
  },
  "6": {
    "cen_loss": 2.873993669271469,
    "cen_accuracy": 0.11725
  },
  "7": {
    "cen_loss": 3.1337389540672302,
    "cen_accuracy": 0.152625
  },
  "8": {
    "cen_loss": 2.7160846395492553,
    "cen_accuracy": 0.2375
  },
  "9": {
    "cen_loss": 2.344167691230774,
    "cen_accuracy": 0.200625
  },
  "10": {
    "cen_loss": 2.2210342617034913,
    "cen_accuracy": 0.295125
  },
  "11": {
    "cen_loss": 2.740761390686035,
    "cen_accuracy": 0.259375
  },
  "12": {
    "cen_loss": 2.8705653989315034,
    "cen_accuracy": 0.30975
  },
  "13": {
    "cen_loss": 1.9986296298503876,
    "cen_accuracy": 0.30025
  },
  "14": {
    "cen_loss": 2.6887093193531038,
    "cen_accuracy": 0.2755
  },
  "15": {
    "cen_loss": 2.6291066174507143,
    "cen_accuracy": 0.28025
  },
  "16": {
    "cen_loss": 2.9253363766670226,
    "cen_accuracy": 0.291125
  },
  "17": {
    "cen_loss": 2.0691634142398834,
    "cen_accuracy": 0.344125
  },
  "18": {
    "cen_loss": 2.481651473522186,
    "cen_accuracy": 0.35425
  },
  "19": {
    "cen_loss": 2.6413880558013916,
    "cen_accuracy": 0.338
  },
  "20": {
    "cen_loss": 2.2294415580034257,
    "cen_accuracy": 0.36375
  },
  "21": {
    "cen_loss": 2.034127685666084,
    "cen_accuracy": 0.3985
  },
  "22": {
    "cen_loss": 1.7922062765359879,
    "cen_accuracy": 0.4075
  },
  "23": {
    "cen_loss": 2.260839760541916,
    "cen_accuracy": 0.355125
  },
  "24": {
    "cen_loss": 1.9318997223377228,
    "cen_accuracy": 0.360125
  },
  "25": {
    "cen_loss": 2.061369886279106,
    "cen_accuracy": 0.38775
  },
  "26": {
    "cen_loss": 1.5967676612138748,
    "cen_accuracy": 0.47175
  },
  "27": {
    "cen_loss": 1.9895902181863785,
    "cen_accuracy": 0.42975
  },
  "28": {
    "cen_loss": 2.2841305351257324,
    "cen_accuracy": 0.3615
  },
  "29": {
    "cen_loss": 1.8876773556470872,
    "cen_accuracy": 0.4375
  },
  "30": {
    "cen_loss": 1.9519284710884095,
    "cen_accuracy": 0.451375
  },
  "31": {
    "cen_loss": 2.7654752442836763,
    "cen_accuracy": 0.269125
  },
  "32": {
    "cen_loss": 3.002377816438675,
    "cen_accuracy": 0.363625
  },
  "33": {
    "cen_loss": 2.444630727052689,
    "cen_accuracy": 0.30875
  },
  "34": {
    "cen_loss": 2.0481089485883714,
    "cen_accuracy": 0.4155
  },
  "35": {
    "cen_loss": 1.6107477722167969,
    "cen_accuracy": 0.4825
  },
  "36": {
    "cen_loss": 1.9588566150665283,
    "cen_accuracy": 0.46225
  },
  "37": {
    "cen_loss": 1.9744162665605545,
    "cen_accuracy": 0.4285
  },
  "38": {
    "cen_loss": 1.806730010509491,
    "cen_accuracy": 0.472375
  },
  "39": {
    "cen_loss": 2.0335036640167234,
    "cen_accuracy": 0.43375
  },
  "40": {
    "cen_loss": 1.9171171733140946,
    "cen_accuracy": 0.4525
  },
  "41": {
    "cen_loss": 1.7324959654211998,
    "cen_accuracy": 0.48625
  },
  "42": {
    "cen_loss": 1.8206988182067871,
    "cen_accuracy": 0.4085
  },
  "43": {
    "cen_loss": 1.7513070038557053,
    "cen_accuracy": 0.476
  },
  "44": {
    "cen_loss": 1.6760185339450837,
    "cen_accuracy": 0.496875
  },
  "45": {
    "cen_loss": 1.5916611844301223,
    "cen_accuracy": 0.48975
  },
  "46": {
    "cen_loss": 1.7968244408369065,
    "cen_accuracy": 0.440875
  },
  "47": {
    "cen_loss": 2.288220801115036,
    "cen_accuracy": 0.430125
  },
  "48": {
    "cen_loss": 2.247121206998825,
    "cen_accuracy": 0.369625
  },
  "49": {
    "cen_loss": 1.372917271733284,
    "cen_accuracy": 0.5175
  },
  "50": {
    "cen_loss": 1.4992773339748382,
    "cen_accuracy": 0.488625
  },
  "51": {
    "cen_loss": 1.7531332252025604,
    "cen_accuracy": 0.503
  },
  "52": {
    "cen_loss": 1.8698293272256852,
    "cen_accuracy": 0.454375
  },
  "53": {
    "cen_loss": 1.48098377263546,
    "cen_accuracy": 0.5045
  },
  "54": {
    "cen_loss": 2.0435111701488493,
    "cen_accuracy": 0.434
  },
  "55": {
    "cen_loss": 1.8834935183525086,
    "cen_accuracy": 0.466125
  },
  "56": {
    "cen_loss": 1.6764476786851883,
    "cen_accuracy": 0.46825
  },
  "57": {
    "cen_loss": 1.655315644621849,
    "cen_accuracy": 0.459375
  },
  "58": {
    "cen_loss": 1.3792587702274322,
    "cen_accuracy": 0.522125
  },
  "59": {
    "cen_loss": 1.6957504605054856,
    "cen_accuracy": 0.488625
  },
  "60": {
    "cen_loss": 1.9261813650131225,
    "cen_accuracy": 0.450875
  },
  "61": {
    "cen_loss": 2.4944202984571455,
    "cen_accuracy": 0.36825
  },
  "62": {
    "cen_loss": 2.307873536348343,
    "cen_accuracy": 0.4305
  },
  "63": {
    "cen_loss": 1.792683005809784,
    "cen_accuracy": 0.45525
  },
  "64": {
    "cen_loss": 1.4850784797668457,
    "cen_accuracy": 0.507875
  },
  "65": {
    "cen_loss": 2.632612289786339,
    "cen_accuracy": 0.405625
  },
  "66": {
    "cen_loss": 1.6472950212955475,
    "cen_accuracy": 0.526625
  },
  "67": {
    "cen_loss": 2.4539839336872102,
    "cen_accuracy": 0.375
  },
  "68": {
    "cen_loss": 2.2502141939401628,
    "cen_accuracy": 0.39925
  },
  "69": {
    "cen_loss": 1.2490608728528023,
    "cen_accuracy": 0.556875
  },
  "70": {
    "cen_loss": 1.2781552181243896,
    "cen_accuracy": 0.55175
  },
  "71": {
    "cen_loss": 1.3800996681451798,
    "cen_accuracy": 0.532875
  },
  "72": {
    "cen_loss": 1.8132455513477326,
    "cen_accuracy": 0.5025
  },
  "73": {
    "cen_loss": 1.4082212280035018,
    "cen_accuracy": 0.541375
  },
  "74": {
    "cen_loss": 1.6223675433397293,
    "cen_accuracy": 0.516875
  },
  "75": {
    "cen_loss": 1.7678527191877365,
    "cen_accuracy": 0.52375
  },
  "76": {
    "cen_loss": 1.338447959959507,
    "cen_accuracy": 0.55175
  },
  "77": {
    "cen_loss": 2.108273748755455,
    "cen_accuracy": 0.397875
  },
  "78": {
    "cen_loss": 1.6544165899753571,
    "cen_accuracy": 0.5435
  },
  "79": {
    "cen_loss": 1.7501763279438018,
    "cen_accuracy": 0.4935
  },
  "80": {
    "cen_loss": 1.9075822613239288,
    "cen_accuracy": 0.481625
  },
  "81": {
    "cen_loss": 1.4764508882761,
    "cen_accuracy": 0.551375
  },
  "82": {
    "cen_loss": 1.9728526422977448,
    "cen_accuracy": 0.439125
  },
  "83": {
    "cen_loss": 1.6278878439664841,
    "cen_accuracy": 0.529625
  },
  "84": {
    "cen_loss": 1.4571329252123832,
    "cen_accuracy": 0.546375
  },
  "85": {
    "cen_loss": 1.7553497059941292,
    "cen_accuracy": 0.4675
  },
  "86": {
    "cen_loss": 2.991384438753128,
    "cen_accuracy": 0.326625
  },
  "87": {
    "cen_loss": 1.6506267194151878,
    "cen_accuracy": 0.52075
  },
  "88": {
    "cen_loss": 1.7050401917099953,
    "cen_accuracy": 0.543375
  },
  "89": {
    "cen_loss": 1.5720104795694352,
    "cen_accuracy": 0.53575
  },
  "90": {
    "cen_loss": 1.7397330489754677,
    "cen_accuracy": 0.512625
  },
  "91": {
    "cen_loss": 2.2502315367460253,
    "cen_accuracy": 0.4135
  },
  "92": {
    "cen_loss": 1.597025818347931,
    "cen_accuracy": 0.51375
  },
  "93": {
    "cen_loss": 1.3646245919466018,
    "cen_accuracy": 0.593125
  },
  "94": {
    "cen_loss": 1.6517892628908157,
    "cen_accuracy": 0.550125
  },
  "95": {
    "cen_loss": 1.8508879519701005,
    "cen_accuracy": 0.486125
  },
  "96": {
    "cen_loss": 1.4179019422531127,
    "cen_accuracy": 0.568875
  },
  "97": {
    "cen_loss": 1.549783863902092,
    "cen_accuracy": 0.531
  },
  "98": {
    "cen_loss": 1.3637935973405837,
    "cen_accuracy": 0.584125
  },
  "99": {
    "cen_loss": 1.708071794092655,
    "cen_accuracy": 0.504875
  },
  "100": {
    "cen_loss": 1.924903181910515,
    "cen_accuracy": 0.472125
  },
  "101": {
    "cen_loss": 1.4540077382922172,