{
  "0": {
    "cen_loss": 2.302745619773865,
    "cen_accuracy": 0.09975
  },
  "1": {
    "cen_loss": 2.302745619773865,
    "cen_accuracy": 0.09975
  },
  "2": {
    "cen_loss": 3.2628616724014283,
    "cen_accuracy": 0.09975
  },
  "3": {
    "cen_loss": 3.4715545115470885,
    "cen_accuracy": 0.102
  },
  "4": {
    "cen_loss": 2.89557861495018,
    "cen_accuracy": 0.102375
  },
  "5": {
    "cen_loss": 3.7813577647209167,
    "cen_accuracy": 0.10175
  },
  "6": {
    "cen_loss": 3.999100185871124,
    "cen_accuracy": 0.102125
  },
  "7": {
    "cen_loss": 4.320897528648376,
    "cen_accuracy": 0.16925
  },
  "8": {
    "cen_loss": 4.441894762992859,
    "cen_accuracy": 0.13425
  },
  "9": {
    "cen_loss": 3.479011907339096,
    "cen_accuracy": 0.201
  },
  "10": {
    "cen_loss": 3.025047816991806,
    "cen_accuracy": 0.261375
  },
  "11": {
    "cen_loss": 2.8262928476333617,
    "cen_accuracy": 0.232625
  },
  "12": {
    "cen_loss": 2.9673030626773835,
    "cen_accuracy": 0.2275
  },
  "13": {
    "cen_loss": 3.27362033033371,
    "cen_accuracy": 0.23625
  },
  "14": {
    "cen_loss": 2.3218315320014953,
    "cen_accuracy": 0.270375
  },
  "15": {
    "cen_loss": 1.9051445090770722,
    "cen_accuracy": 0.357625
  },
  "16": {
    "cen_loss": 2.751032701730728,
    "cen_accuracy": 0.2805
  },
  "17": {
    "cen_loss": 3.216841501235962,
    "cen_accuracy": 0.251875
  },
  "18": {
    "cen_loss": 2.4705905232429504,
    "cen_accuracy": 0.3085
  },
  "19": {
    "cen_loss": 2.9129688205718995,
    "cen_accuracy": 0.30825
  },
  "20": {
    "cen_loss": 3.3608561758995057,
    "cen_accuracy": 0.29575
  },
  "21": {
    "cen_loss": 2.3477745469808577,
    "cen_accuracy": 0.348
  },
  "22": {
    "cen_loss": 3.0077770087718965,
    "cen_accuracy": 0.283125
  },
  "23": {
    "cen_loss": 2.524986930847168,
    "cen_accuracy": 0.299125
  },
  "24": {
    "cen_loss": 2.7085434584617616,
    "cen_accuracy": 0.35275
  },
  "25": {
    "cen_loss": 2.3166160316467286,
    "cen_accuracy": 0.412375
  },
  "26": {
    "cen_loss": 2.2899856231212614,
    "cen_accuracy": 0.385125
  },
  "27": {
    "cen_loss": 2.6186586716175078,
    "cen_accuracy": 0.3345
  },
  "28": {
    "cen_loss": 2.3169656012058257,
    "cen_accuracy": 0.329
  },
  "29": {
    "cen_loss": 2.3048000960350037,
    "cen_accuracy": 0.37175
  },
  "30": {
    "cen_loss": 3.1229154958724976,
    "cen_accuracy": 0.307875
  },
  "31": {
    "cen_loss": 2.623843602895737,
    "cen_accuracy": 0.337
  },
  "32": {
    "cen_loss": 2.895628405332565,
    "cen_accuracy": 0.327875
  },
  "33": {
    "cen_loss": 1.9622163329124451,
    "cen_accuracy": 0.412625
  },
  "34": {
    "cen_loss": 2.636941531419754,
    "cen_accuracy": 0.40625
  },
  "35": {
    "cen_loss": 1.907854461312294,
    "cen_accuracy": 0.457625
  },
  "36": {
    "cen_loss": 2.1129044497013094,
    "cen_accuracy": 0.3695
  },
  "37": {
    "cen_loss": 2.097633191585541,
    "cen_accuracy": 0.389125
  },
  "38": {
    "cen_loss": 1.817280611038208,
    "cen_accuracy": 0.462125
  },
  "39": {
    "cen_loss": 1.9720274082422256,
    "cen_accuracy": 0.41425
  },
  "40": {
    "cen_loss": 2.087987935066223,
    "cen_accuracy": 0.41775
  },
  "41": {
    "cen_loss": 2.473166268825531,
    "cen_accuracy": 0.377
  },
  "42": {
    "cen_loss": 2.7003137199878693,
    "cen_accuracy": 0.328375
  },
  "43": {
    "cen_loss": 3.4361101002693175,
    "cen_accuracy": 0.320625
  },
  "44": {
    "cen_loss": 3.0887286903858184,
    "cen_accuracy": 0.3075
  },
  "45": {
    "cen_loss": 2.615404697418213,
    "cen_accuracy": 0.370125
  },
  "46": {
    "cen_loss": 3.135773788690567,
    "cen_accuracy": 0.3025
  },
  "47": {
    "cen_loss": 2.4880641939640045,
    "cen_accuracy": 0.276875
  },
  "48": {
    "cen_loss": 2.4540828392505647,
    "cen_accuracy": 0.38775
  },
  "49": {
    "cen_loss": 1.9946383013725282,
    "cen_accuracy": 0.38025
  },
  "50": {
    "cen_loss": 2.442998468995094,
    "cen_accuracy": 0.325875
  },
  "51": {
    "cen_loss": 2.317988299012184,
    "cen_accuracy": 0.389375
  },
  "52": {
    "cen_loss": 1.490491521000862,
    "cen_accuracy": 0.487875
  },
  "53": {
    "cen_loss": 1.6346549657583236,
    "cen_accuracy": 0.463625
  },
  "54": {
    "cen_loss": 2.10521852517128,
    "cen_accuracy": 0.377625
  },
  "55": {
    "cen_loss": 1.7560442938804626,
    "cen_accuracy": 0.41775
  },
  "56": {
    "cen_loss": 2.338057959794998,
    "cen_accuracy": 0.3675
  },
  "57": {
    "cen_loss": 1.7924072210788726,
    "cen_accuracy": 0.499875
  },
  "58": {
    "cen_loss": 1.9101805667877196,
    "cen_accuracy": 0.437625
  },
  "59": {
    "cen_loss": 2.839329380273819,
    "cen_accuracy": 0.275
  },
  "60": {
    "cen_loss": 4.0753901691436765,
    "cen_accuracy": 0.233125
  },
  "61": {
    "cen_loss": 1.9611193006038665,
    "cen_accuracy": 0.434875
  },
  "62": {
    "cen_loss": 2.0340635373592377,
    "cen_accuracy": 0.445
  },
  "63": {
    "cen_loss": 1.673244397521019,
    "cen_accuracy": 0.507375
  },
  "64": {
    "cen_loss": 3.620769644021988,
    "cen_accuracy": 0.293875
  },
  "65": {
    "cen_loss": 1.5812488337755204,
    "cen_accuracy": 0.462625
  },
  "66": {
    "cen_loss": 2.202147252321243,
    "cen_accuracy": 0.3985
  },
  "67": {
    "cen_loss": 2.202147252321243,
    "cen_accuracy": 0.3985
  },
  "68": {
    "cen_loss": 1.3209419614076614,
    "cen_accuracy": 0.565125
  },
  "69": {
    "cen_loss": 1.3209419614076614,
    "cen_accuracy": 0.565125
  },
  "70": {
    "cen_loss": 1.3672454949617385,
    "cen_accuracy": 0.557125
  },
  "71": {
    "cen_loss": 1.3672454949617385,
    "cen_accuracy": 0.557125
  },
  "72": {
    "cen_loss": 1.5610287064313888,
    "cen_accuracy": 0.527625
  },
  "73": {
    "cen_loss": 1.5610287064313888,
    "cen_accuracy": 0.527625
  },
  "74": {
    "cen_loss": 1.363456181704998,
    "cen_accuracy": 0.568125
  },
  "75": {
    "cen_loss": 1.363456181704998,
    "cen_accuracy": 0.568125
  },
  "76": {
    "cen_loss": 1.4787290816307068,
    "cen_accuracy": 0.562125
  },
  "77": {
    "cen_loss": 1.4787290816307068,
    "cen_accuracy": 0.562125
  },
  "78": {
    "cen_loss": 1.4500501652359963,
    "cen_accuracy": 0.550625
  },
  "79": {
    "cen_loss": 1.4500501652359963,
    "cen_accuracy": 0.550625
  },
  "80": {
    "cen_loss": 1.409667866408825,
    "cen_accuracy": 0.5585
  },
  "81": {
    "cen_loss": 1.409667866408825,
    "cen_accuracy": 0.5585
  },
  "82": {
    "cen_loss": 1.474077094554901,
    "cen_accuracy": 0.564
  },
  "83": {
    "cen_loss": 1.474077094554901,
    "cen_accuracy": 0.564
  },
  "84": {
    "cen_loss": 1.3671581064462661,
    "cen_accuracy": 0.573375
  },
  "85": {
    "cen_loss": 1.3671581064462661,
    "cen_accuracy": 0.573375
  },
  "86": {
    "cen_loss": 1.3520946897268296,
    "cen_accuracy": 0.576875
  },
  "87": {
    "cen_loss": 1.3520946897268296,
    "cen_accuracy": 0.576875
  },
  "88": {
    "cen_loss": 1.4502253229618072,
    "cen_accuracy": 0.568375
  },
  "89": {
    "cen_loss": 1.4502253229618072,
    "cen_accuracy": 0.568375
  },
  "90": {
    "cen_loss": 1.4082974374890327,
    "cen_accuracy": 0.56725
  },
  "91": {
    "cen_loss": 1.4082974374890327,
    "cen_accuracy": 0.56725
  },
  "92": {
    "cen_loss": 1.356707881808281,
    "cen_accuracy": 0.574625
  },
  "93": {
    "cen_loss": 1.356707881808281,
    "cen_accuracy": 0.574625
  },
  "94": {
    "cen_loss": 1.4147553214430808,
    "cen_accuracy": 0.55725
  },
  "95": {
    "cen_loss": 1.4147553214430808,
    "cen_accuracy": 0.55725
  },
  "96": {
    "cen_loss": 1.2066243733763695,
    "cen_accuracy": 0.60675
  },
  "97": {
    "cen_loss": 1.2066243733763695,
    "cen_accuracy": 0.60675
  },
  "98": {
    "cen_loss": 1.2857311757802963,
    "cen_accuracy": 0.588375
  },
  "99": {
    "cen_loss": 1.2857311757802963,
    "cen_accuracy": 0.588375
  },
  "100": {
    "cen_loss": 1.3374855597019195,
    "cen_accuracy": 0.58075
  },
  "101": {
    "cen_loss": 1.3374855597019195,