{
  "0": {
    "cen_loss": 2.3027041506767274,
    "cen_accuracy": 0.101375
  },
  "1": {
    "cen_loss": 2.3027041506767274,
    "cen_accuracy": 0.101375
  },
  "2": {
    "cen_loss": 2.516368384361267,
    "cen_accuracy": 0.10125
  },
  "3": {
    "cen_loss": 4.5839250082969665,
    "cen_accuracy": 0.101125
  },
  "4": {
    "cen_loss": 3.766870051383972,
    "cen_accuracy": 0.10125
  },
  "5": {
    "cen_loss": 4.377003381729126,
    "cen_accuracy": 0.10125
  },
  "6": {
    "cen_loss": 3.1789817156791687,
    "cen_accuracy": 0.139125
  },
  "7": {
    "cen_loss": 4.747964373111725,
    "cen_accuracy": 0.12475
  },
  "8": {
    "cen_loss": 3.9477241463661192,
    "cen_accuracy": 0.098875
  },
  "9": {
    "cen_loss": 3.924244101047516,
    "cen_accuracy": 0.13375
  },
  "10": {
    "cen_loss": 3.149636474490166,
    "cen_accuracy": 0.29825
  },
  "11": {
    "cen_loss": 4.180873198032379,
    "cen_accuracy": 0.1055
  },
  "12": {
    "cen_loss": 2.391158552408218,
    "cen_accuracy": 0.2565
  },
  "13": {
    "cen_loss": 2.340921213388443,
    "cen_accuracy": 0.29825
  },
  "14": {
    "cen_loss": 2.767129163980484,
    "cen_accuracy": 0.292125
  },
  "15": {
    "cen_loss": 2.6099008965492247,
    "cen_accuracy": 0.27325
  },
  "16": {
    "cen_loss": 2.625470844268799,
    "cen_accuracy": 0.388125
  },
  "17": {
    "cen_loss": 2.258941870927811,
    "cen_accuracy": 0.331
  },
  "18": {
    "cen_loss": 2.695563954234123,
    "cen_accuracy": 0.28175
  },
  "19": {
    "cen_loss": 2.387582303524017,
    "cen_accuracy": 0.348125
  },
  "20": {
    "cen_loss": 2.1522793509960176,
    "cen_accuracy": 0.359375
  },
  "21": {
    "cen_loss": 1.6350868679285049,
    "cen_accuracy": 0.410875
  },
  "22": {
    "cen_loss": 2.4521388816833496,
    "cen_accuracy": 0.366625
  },
  "23": {
    "cen_loss": 2.3956323317289354,
    "cen_accuracy": 0.395125
  },
  "24": {
    "cen_loss": 2.2137854797840117,
    "cen_accuracy": 0.34625
  },
  "25": {
    "cen_loss": 3.1675719153881072,
    "cen_accuracy": 0.272
  },
  "26": {
    "cen_loss": 2.561140799283981,
    "cen_accuracy": 0.42725
  },
  "27": {
    "cen_loss": 2.1104904220104217,
    "cen_accuracy": 0.346375
  },
  "28": {
    "cen_loss": 1.9404100770950317,
    "cen_accuracy": 0.383375
  },
  "29": {
    "cen_loss": 1.7061010587215424,
    "cen_accuracy": 0.469625
  },
  "30": {
    "cen_loss": 2.1552834839820862,
    "cen_accuracy": 0.466625
  },
  "31": {
    "cen_loss": 1.7010438853502274,
    "cen_accuracy": 0.451375
  },
  "32": {
    "cen_loss": 2.816947944641113,
    "cen_accuracy": 0.33975
  },
  "33": {
    "cen_loss": 2.275739350140095,
    "cen_accuracy": 0.3595
  },
  "34": {
    "cen_loss": 1.8955275593996048,
    "cen_accuracy": 0.454875
  },
  "35": {
    "cen_loss": 1.7749557695388793,
    "cen_accuracy": 0.4945
  },
  "36": {
    "cen_loss": 1.8451222069263458,
    "cen_accuracy": 0.500125
  },
  "37": {
    "cen_loss": 1.8369148547649383,
    "cen_accuracy": 0.3925
  },
  "38": {
    "cen_loss": 1.1929471789598465,
    "cen_accuracy": 0.602875
  },
  "39": {
    "cen_loss": 1.3142452740073205,
    "cen_accuracy": 0.5655
  },
  "40": {
    "cen_loss": 1.4150626606345176,
    "cen_accuracy": 0.574
  },
  "41": {
    "cen_loss": 1.1851482105255127,
    "cen_accuracy": 0.5705
  },
  "42": {
    "cen_loss": 2.069256523370743,
    "cen_accuracy": 0.44725
  },
  "43": {
    "cen_loss": 1.4935525122880935,
    "cen_accuracy": 0.517
  },
  "44": {
    "cen_loss": 1.8119655874967575,
    "cen_accuracy": 0.473125
  },
  "45": {
    "cen_loss": 1.3510750594139098,
    "cen_accuracy": 0.5725
  },
  "46": {
    "cen_loss": 2.2745317645668983,
    "cen_accuracy": 0.470375
  },
  "47": {
    "cen_loss": 1.2439568905234337,
    "cen_accuracy": 0.594
  },
  "48": {
    "cen_loss": 1.2642901010513306,
    "cen_accuracy": 0.558625
  },
  "49": {
    "cen_loss": 1.7964626256227494,
    "cen_accuracy": 0.50325
  },
  "50": {
    "cen_loss": 1.7247484082579612,
    "cen_accuracy": 0.533
  },
  "51": {
    "cen_loss": 1.449879354596138,
    "cen_accuracy": 0.57375
  },
  "52": {
    "cen_loss": 1.7542694108486176,
    "cen_accuracy": 0.456875
  },
  "53": {
    "cen_loss": 1.585769500017166,
    "cen_accuracy": 0.495
  },
  "54": {
    "cen_loss": 1.270621063232422,
    "cen_accuracy": 0.545375
  },
  "55": {
    "cen_loss": 0.9981253762543202,
    "cen_accuracy": 0.67
  },
  "56": {
    "cen_loss": 1.534719691991806,
    "cen_accuracy": 0.529
  },
  "57": {
    "cen_loss": 1.055195202499628,
    "cen_accuracy": 0.662625
  },
  "58": {
    "cen_loss": 1.1272624107599258,
    "cen_accuracy": 0.6485
  },
  "59": {
    "cen_loss": 1.459943738758564,
    "cen_accuracy": 0.565875
  },
  "60": {
    "cen_loss": 2.3295906405448914,
    "cen_accuracy": 0.454875
  },
  "61": {
    "cen_loss": 1.5432271153926849,
    "cen_accuracy": 0.522625
  },
  "62": {
    "cen_loss": 1.9550157872438432,
    "cen_accuracy": 0.488
  },
  "63": {
    "cen_loss": 2.4239595184326173,
    "cen_accuracy": 0.365375
  },
  "64": {
    "cen_loss": 1.6058402548730373,
    "cen_accuracy": 0.568875
  },
  "65": {
    "cen_loss": 1.313398831129074,
    "cen_accuracy": 0.565375
  },
  "66": {
    "cen_loss": 1.5204513704776763,
    "cen_accuracy": 0.53975
  },
  "67": {
    "cen_loss": 1.3884816051721574,
    "cen_accuracy": 0.56325
  },
  "68": {
    "cen_loss": 1.886621902346611,
    "cen_accuracy": 0.501875
  },
  "69": {
    "cen_loss": 1.2470888567566871,
    "cen_accuracy": 0.62525
  },
  "70": {
    "cen_loss": 1.3432397344112397,
    "cen_accuracy": 0.6235
  },
  "71": {
    "cen_loss": 1.3858461319208144,
    "cen_accuracy": 0.569375
  },
  "72": {
    "cen_loss": 1.3293407644033433,
    "cen_accuracy": 0.544625
  },
  "73": {
    "cen_loss": 1.4017505292892456,
    "cen_accuracy": 0.590875
  },
  "74": {
    "cen_loss": 1.8168280621767043,
    "cen_accuracy": 0.47575
  },
  "75": {
    "cen_loss": 1.7153681735992432,
    "cen_accuracy": 0.505375
  },
  "76": {
    "cen_loss": 1.0051430611908436,
    "cen_accuracy": 0.682875
  },
  "77": {
    "cen_loss": 1.8146408023834228,
    "cen_accuracy": 0.428375
  },
  "78": {
    "cen_loss": 1.0125509437322617,
    "cen_accuracy": 0.661375
  },
  "79": {
    "cen_loss": 1.5385202461481093,
    "cen_accuracy": 0.595875
  },
  "80": {
    "cen_loss": 1.602204617023468,
    "cen_accuracy": 0.589375
  },
  "81": {
    "cen_loss": 0.9707716257572174,
    "cen_accuracy": 0.679625
  },
  "82": {
    "cen_loss": 1.669530084311962,
    "cen_accuracy": 0.53375
  },
  "83": {
    "cen_loss": 1.0695785351395608,
    "cen_accuracy": 0.6315
  },
  "84": {
    "cen_loss": 1.7296272232532501,
    "cen_accuracy": 0.464
  },
  "85": {
    "cen_loss": 1.2421843077540398,
    "cen_accuracy": 0.643
  },
  "86": {
    "cen_loss": 1.3411321731209755,
    "cen_accuracy": 0.601375
  },
  "87": {
    "cen_loss": 1.0796525010466576,
    "cen_accuracy": 0.64325
  },
  "88": {
    "cen_loss": 0.916186010926962,
    "cen_accuracy": 0.676875
  },
  "89": {
    "cen_loss": 1.363972839653492,
    "cen_accuracy": 0.570375
  },
  "90": {
    "cen_loss": 1.9219320278167724,
    "cen_accuracy": 0.49925
  },
  "91": {
    "cen_loss": 1.3694863361120224,
    "cen_accuracy": 0.57775
  },
  "92": {
    "cen_loss": 2.129229807972908,
    "cen_accuracy": 0.469625
  },
  "93": {
    "cen_loss": 1.6132652451395988,
    "cen_accuracy": 0.514875
  },
  "94": {
    "cen_loss": 1.3180212492346763,
    "cen_accuracy": 0.56375
  },
  "95": {
    "cen_loss": 1.7474332827925683,
    "cen_accuracy": 0.446375
  },
  "96": {
    "cen_loss": 1.1650487495958806,
    "cen_accuracy": 0.6305
  },
  "97": {
    "cen_loss": 1.1903310796022415,
    "cen_accuracy": 0.609
  },
  "98": {
    "cen_loss": 1.440921404927969,
    "cen_accuracy": 0.56875
  },
  "99": {
    "cen_loss": 1.2096083742678165,
    "cen_accuracy": 0.649875
  },
  "100": {
    "cen_loss": 1.3534400170445442,
    "cen_accuracy": 0.62625
  },
  "101": {
    "cen_loss": 0.8910690590143203,