{
  "0": {
    "cen_loss": 2.3027670545578003,
    "cen_accuracy": 0.0985
  },
  "1": {
    "cen_loss": 2.3027670545578003,
    "cen_accuracy": 0.0985
  },
  "2": {
    "cen_loss": 3.556569769382477,
    "cen_accuracy": 0.10175
  },
  "3": {
    "cen_loss": 5.177468304157257,
    "cen_accuracy": 0.097625
  },
  "4": {
    "cen_loss": 7.060248965263367,
    "cen_accuracy": 0.10175
  },
  "5": {
    "cen_loss": 4.855253032684326,
    "cen_accuracy": 0.10175
  },
  "6": {
    "cen_loss": 5.32815851354599,
    "cen_accuracy": 0.109125
  },
  "7": {
    "cen_loss": 3.3653264710903166,
    "cen_accuracy": 0.159375
  },
  "8": {
    "cen_loss": 5.715676571369171,
    "cen_accuracy": 0.1095
  },
  "9": {
    "cen_loss": 3.325965964794159,
    "cen_accuracy": 0.219625
  },
  "10": {
    "cen_loss": 3.5412293612957,
    "cen_accuracy": 0.285875
  },
  "11": {
    "cen_loss": 1.8841716351509095,
    "cen_accuracy": 0.377
  },
  "12": {
    "cen_loss": 2.8279173367023467,
    "cen_accuracy": 0.221
  },
  "13": {
    "cen_loss": 3.115501313447952,
    "cen_accuracy": 0.24575
  },
  "14": {
    "cen_loss": 2.5619976522922516,
    "cen_accuracy": 0.314625
  },
  "15": {
    "cen_loss": 2.7659420083761215,
    "cen_accuracy": 0.295
  },
  "16": {
    "cen_loss": 1.9002698622941971,
    "cen_accuracy": 0.392375
  },
  "17": {
    "cen_loss": 2.032202225446701,
    "cen_accuracy": 0.386625
  },
  "18": {
    "cen_loss": 2.002953342318535,
    "cen_accuracy": 0.37175
  },
  "19": {
    "cen_loss": 1.9097057865858078,
    "cen_accuracy": 0.41375
  },
  "20": {
    "cen_loss": 2.8264252169132233,
    "cen_accuracy": 0.382375
  },
  "21": {
    "cen_loss": 1.8879892058372498,
    "cen_accuracy": 0.427
  },
  "22": {
    "cen_loss": 1.8099566922187804,
    "cen_accuracy": 0.419875
  },
  "23": {
    "cen_loss": 1.8918668088912964,
    "cen_accuracy": 0.38825
  },
  "24": {
    "cen_loss": 1.5598363720178605,
    "cen_accuracy": 0.5055
  },
  "25": {
    "cen_loss": 1.8296331731081008,
    "cen_accuracy": 0.438125
  },
  "26": {
    "cen_loss": 1.831270464539528,
    "cen_accuracy": 0.44625
  },
  "27": {
    "cen_loss": 1.5022943309545518,
    "cen_accuracy": 0.51925
  },
  "28": {
    "cen_loss": 1.9164557150602342,
    "cen_accuracy": 0.422875
  },
  "29": {
    "cen_loss": 1.71931307721138,
    "cen_accuracy": 0.467125
  },
  "30": {
    "cen_loss": 1.9277721202373506,
    "cen_accuracy": 0.477125
  },
  "31": {
    "cen_loss": 1.611925789952278,
    "cen_accuracy": 0.50475
  },
  "32": {
    "cen_loss": 1.4931075280308723,
    "cen_accuracy": 0.521625
  },
  "33": {
    "cen_loss": 1.395326868534088,
    "cen_accuracy": 0.553
  },
  "34": {
    "cen_loss": 1.6581118298768998,
    "cen_accuracy": 0.499875
  },
  "35": {
    "cen_loss": 1.461348864197731,
    "cen_accuracy": 0.525875
  },
  "36": {
    "cen_loss": 1.5991525003910065,
    "cen_accuracy": 0.492
  },
  "37": {
    "cen_loss": 1.6636005855798721,
    "cen_accuracy": 0.460375
  },
  "38": {
    "cen_loss": 1.936230118393898,
    "cen_accuracy": 0.438125
  },
  "39": {
    "cen_loss": 1.6190520877838135,
    "cen_accuracy": 0.4925
  },
  "40": {
    "cen_loss": 3.0449533338546755,
    "cen_accuracy": 0.325
  },
  "41": {
    "cen_loss": 1.4214807697534562,
    "cen_accuracy": 0.5305
  },
  "42": {
    "cen_loss": 1.3701017158031463,
    "cen_accuracy": 0.541875
  },
  "43": {
    "cen_loss": 1.3271916356682778,
    "cen_accuracy": 0.5525
  },
  "44": {
    "cen_loss": 1.3539311180710794,
    "cen_accuracy": 0.556875
  },
  "45": {
    "cen_loss": 1.287762987434864,
    "cen_accuracy": 0.56275
  },
  "46": {
    "cen_loss": 1.2629704000353814,
    "cen_accuracy": 0.57925
  },
  "47": {
    "cen_loss": 1.3710053668022155,
    "cen_accuracy": 0.54375
  },
  "48": {
    "cen_loss": 1.218341363132,
    "cen_accuracy": 0.601875
  },
  "49": {
    "cen_loss": 1.3751917298436165,
    "cen_accuracy": 0.5405
  },
  "50": {
    "cen_loss": 1.6110158133506776,
    "cen_accuracy": 0.508875
  },
  "51": {
    "cen_loss": 1.4114354147315025,
    "cen_accuracy": 0.540625
  },
  "52": {
    "cen_loss": 1.4820730465650558,
    "cen_accuracy": 0.5155
  },
  "53": {
    "cen_loss": 1.3121568269729613,
    "cen_accuracy": 0.575625
  },
  "54": {
    "cen_loss": 1.2004540032744409,
    "cen_accuracy": 0.590125
  },
  "55": {
    "cen_loss": 1.154712611913681,
    "cen_accuracy": 0.6125
  },
  "56": {
    "cen_loss": 1.2627233322262763,
    "cen_accuracy": 0.576875
  },
  "57": {
    "cen_loss": 1.1594031220674514,
    "cen_accuracy": 0.62
  },
  "58": {
    "cen_loss": 1.1129961285591126,
    "cen_accuracy": 0.622375
  },
  "59": {
    "cen_loss": 1.2050400925278664,
    "cen_accuracy": 0.5805
  },
  "60": {
    "cen_loss": 1.2685761517882348,
    "cen_accuracy": 0.586375
  },
  "61": {
    "cen_loss": 1.1557587087750434,
    "cen_accuracy": 0.607
  },
  "62": {
    "cen_loss": 1.1842733016610145,
    "cen_accuracy": 0.601125
  },
  "63": {
    "cen_loss": 1.24919838231802,
    "cen_accuracy": 0.587625
  },
  "64": {
    "cen_loss": 1.1017923644781114,
    "cen_accuracy": 0.621375
  },
  "65": {
    "cen_loss": 1.3379178085327148,
    "cen_accuracy": 0.557375
  },
  "66": {
    "cen_loss": 1.2326080267429351,
    "cen_accuracy": 0.604625
  },
  "67": {
    "cen_loss": 1.1710975157618522,
    "cen_accuracy": 0.599125
  },
  "68": {
    "cen_loss": 1.2682999218702316,
    "cen_accuracy": 0.55875
  },
  "69": {
    "cen_loss": 1.2095029960274697,
    "cen_accuracy": 0.59
  },
  "70": {
    "cen_loss": 1.43466402977705,
    "cen_accuracy": 0.571375
  },
  "71": {
    "cen_loss": 1.1121385342478751,
    "cen_accuracy": 0.608125
  },
  "72": {
    "cen_loss": 1.1253589064478875,
    "cen_accuracy": 0.616
  },
  "73": {
    "cen_loss": 1.0880660912394524,
    "cen_accuracy": 0.628
  },
  "74": {
    "cen_loss": 1.0694670545756817,
    "cen_accuracy": 0.635875
  },
  "75": {
    "cen_loss": 1.104845443546772,
    "cen_accuracy": 0.624375
  },
  "76": {
    "cen_loss": 1.0978602812886238,
    "cen_accuracy": 0.635125
  },
  "77": {
    "cen_loss": 1.0371281386315823,
    "cen_accuracy": 0.64525
  },
  "78": {
    "cen_loss": 1.141356998860836,
    "cen_accuracy": 0.617
  },
  "79": {
    "cen_loss": 1.0707766426503658,
    "cen_accuracy": 0.632375
  },
  "80": {
    "cen_loss": 1.3102790551781653,
    "cen_accuracy": 0.589125
  },
  "81": {
    "cen_loss": 1.1928240641951562,
    "cen_accuracy": 0.6115
  },
  "82": {
    "cen_loss": 1.1336247501969337,
    "cen_accuracy": 0.61475
  },
  "83": {
    "cen_loss": 1.1762156174182892,
    "cen_accuracy": 0.6235
  },
  "84": {
    "cen_loss": 1.0258527869284153,
    "cen_accuracy": 0.6455
  },
  "85": {
    "cen_loss": 1.0549742870926857,
    "cen_accuracy": 0.639625
  },
  "86": {
    "cen_loss": 1.0340923978984355,
    "cen_accuracy": 0.64875
  },
  "87": {
    "cen_loss": 1.030191744208336,
    "cen_accuracy": 0.645375
  },
  "88": {
    "cen_loss": 0.9974581094682217,
    "cen_accuracy": 0.666125
  },
  "89": {
    "cen_loss": 0.9804686282277107,
    "cen_accuracy": 0.66325
  },
  "90": {
    "cen_loss": 1.0610321835279464,
    "cen_accuracy": 0.653
  },
  "91": {
    "cen_loss": 1.084478060245514,
    "cen_accuracy": 0.636875
  },
  "92": {
    "cen_loss": 1.1381941684484482,
    "cen_accuracy": 0.62325
  },
  "93": {
    "cen_loss": 0.9703399292230606,
    "cen_accuracy": 0.671625
  },
  "94": {
    "cen_loss": 0.9773290971517563,
    "cen_accuracy": 0.665375
  },
  "95": {
    "cen_loss": 0.9604615359306335,
    "cen_accuracy": 0.676
  },
  "96": {
    "cen_loss": 0.9432272304892539,
    "cen_accuracy": 0.679375
  },
  "97": {
    "cen_loss": 1.0046037944853305,
    "cen_accuracy": 0.64775
  },
  "98": {
    "cen_loss": 1.0341716684103013,
    "cen_accuracy": 0.6505
  },
  "99": {
    "cen_loss": 0.9414982616901397,
    "cen_accuracy": 0.676125
  },
  "100": {
    "cen_loss": 1.1325227446556092,
    "cen_accuracy": 0.63025
  },
  "101": {
    "cen_loss": 1.2700203229784965,