{
  "0": {
    "cen_loss": 3.874246356850062,
    "cen_accuracy": 0.0071396697902722
  },
  "1": {
    "cen_loss": 3.8742463457855676,
    "cen_accuracy": 0.0071396697902722
  },
  "2": {
    "cen_loss": 3.2250122072865843,
    "cen_accuracy": 0.12293618920124945
  },
  "3": {
    "cen_loss": 3.1995801478823824,
    "cen_accuracy": 0.08545292280232039
  },
  "4": {
    "cen_loss": 3.0438747844330067,
    "cen_accuracy": 0.23962516733601072
  },
  "5": {
    "cen_loss": 3.0187145509341105,
    "cen_accuracy": 0.2829094154395359
  },
  "6": {
    "cen_loss": 2.8847237441859996,
    "cen_accuracy": 0.3355644801427934
  },
  "7": {
    "cen_loss": 3.3855150617270104,
    "cen_accuracy": 0.25546630968317713
  },
  "8": {
    "cen_loss": 3.2821474659395027,
    "cen_accuracy": 0.286925479696564
  },
  "9": {
    "cen_loss": 3.1710901696572393,
    "cen_accuracy": 0.28491744756805
  },
  "10": {
    "cen_loss": 3.1708977837373187,
    "cen_accuracy": 0.28491744756805
  },
  "11": {
    "cen_loss": 2.9131418219212706,
    "cen_accuracy": 0.320169567157519
  },
  "12": {
    "cen_loss": 3.1536310132940346,
    "cen_accuracy": 0.32262382864792505
  },
  "13": {
    "cen_loss": 3.2825549825500664,
    "cen_accuracy": 0.3003123605533244
  },
  "14": {
    "cen_loss": 3.0335679052132467,
    "cen_accuracy": 0.30522088353413657
  },
  "15": {
    "cen_loss": 2.8574685998284246,
    "cen_accuracy": 0.34471218206157966
  },
  "16": {
    "cen_loss": 2.8503443906478507,
    "cen_accuracy": 0.357652833556448
  },
  "17": {
    "cen_loss": 2.9121965311936426,
    "cen_accuracy": 0.3828647925033467
  },
  "18": {
    "cen_loss": 2.85242705683472,
    "cen_accuracy": 0.36590807675145026
  },
  "19": {
    "cen_loss": 2.626321515139061,
    "cen_accuracy": 0.45403837572512273
  },
  "20": {
    "cen_loss": 2.626321504819292,
    "cen_accuracy": 0.45403837572512273
  },
  "21": {
    "cen_loss": 3.0670803434771123,
    "cen_accuracy": 0.38844265952699686
  },
  "22": {
    "cen_loss": 2.544579948340607,
    "cen_accuracy": 0.45403837572512273
  },
  "23": {
    "cen_loss": 2.7117255809635843,
    "cen_accuracy": 0.43708165997322623
  },
  "24": {
    "cen_loss": 2.6124004812604453,
    "cen_accuracy": 0.4444444444444444
  },
  "25": {
    "cen_loss": 2.8774786742336778,
    "cen_accuracy": 0.3603302097278001
  },
  "26": {
    "cen_loss": 2.760213511908283,
    "cen_accuracy": 0.3900044622936189
  },
  "27": {
    "cen_loss": 2.844660579174132,
    "cen_accuracy": 0.37014725568942436
  },
  "28": {
    "cen_loss": 2.391088616576699,
    "cen_accuracy": 0.4607318161535029
  },
  "29": {
    "cen_loss": 2.658451873135854,
    "cen_accuracy": 0.42079428826416776
  },
  "30": {
    "cen_loss": 2.6584518454746178,
    "cen_accuracy": 0.42079428826416776
  },
  "31": {
    "cen_loss": 2.434693645441548,
    "cen_accuracy": 0.4781347612672914
  },
  "32": {
    "cen_loss": 2.7746056623088626,
    "cen_accuracy": 0.4250334672021419
  },
  "33": {
    "cen_loss": 2.610469323191883,
    "cen_accuracy": 0.4301651048639
  },
  "34": {
    "cen_loss": 2.715449089991259,
    "cen_accuracy": 0.41990182954038374
  },
  "35": {
    "cen_loss": 2.937294178698436,
    "cen_accuracy": 0.4109772423025435
  },
  "36": {
    "cen_loss": 2.5507238487123325,
    "cen_accuracy": 0.4585006693440428
  },
  "37": {
    "cen_loss": 2.711213326571191,
    "cen_accuracy": 0.43395805443998214
  },
  "38": {
    "cen_loss": 2.553063549457092,
    "cen_accuracy": 0.4573850959393128
  },
  "39": {
    "cen_loss": 2.7190797859831934,
    "cen_accuracy": 0.4415439535921464
  },
  "40": {
    "cen_loss": 2.7190797943879534,
    "cen_accuracy": 0.4415439535921464
  },
  "41": {
    "cen_loss": 2.469952200949591,
    "cen_accuracy": 0.46630968317715304
  },
  "42": {
    "cen_loss": 2.468706174281919,
    "cen_accuracy": 0.45917001338688085
  },
  "43": {
    "cen_loss": 2.221278764583446,
    "cen_accuracy": 0.4895136099955377
  },
  "44": {
    "cen_loss": 2.5855947512433444,
    "cen_accuracy": 0.4424364123159304
  },
  "45": {
    "cen_loss": 2.4654262552086874,
    "cen_accuracy": 0.47344935296742524
  },
  "46": {
    "cen_loss": 2.0489408306275454,
    "cen_accuracy": 0.5446229361892012
  },
  "47": {
    "cen_loss": 2.594035657480964,
    "cen_accuracy": 0.47925033467202144
  },
  "48": {
    "cen_loss": 3.2797988656563755,
    "cen_accuracy": 0.36211512717536815
  },
  "49": {
    "cen_loss": 2.3242355073365393,
    "cen_accuracy": 0.48125836680053546
  },
  "50": {
    "cen_loss": 2.3242355154753263,
    "cen_accuracy": 0.48125836680053546
  },
  "51": {
    "cen_loss": 2.512222804538058,
    "cen_accuracy": 0.4569388665774208
  },
  "52": {
    "cen_loss": 2.2448196816476313,
    "cen_accuracy": 0.5189647478804106
  },
  "53": {
    "cen_loss": 2.2050778292375504,
    "cen_accuracy": 0.5290049085229808
  },
  "54": {
    "cen_loss": 2.1782005725296307,
    "cen_accuracy": 0.5412762159750112
  },
  "55": {
    "cen_loss": 2.1666213125455918,
    "cen_accuracy": 0.5406068719321732
  },
  "56": {
    "cen_loss": 2.3061541828498515,
    "cen_accuracy": 0.5060240963855421
  },
  "57": {
    "cen_loss": 2.112889488391821,
    "cen_accuracy": 0.5542168674698795
  },
  "58": {
    "cen_loss": 2.163299917802381,
    "cen_accuracy": 0.5488621151271754
  },
  "59": {
    "cen_loss": 2.402762838582384,
    "cen_accuracy": 0.48728246318607765
  },
  "60": {
    "cen_loss": 2.402762828156226,
    "cen_accuracy": 0.48728246318607765
  },
  "61": {
    "cen_loss": 2.1755001393480526,
    "cen_accuracy": 0.5310129406514948
  },
  "62": {
    "cen_loss": 2.0285434637024222,
    "cen_accuracy": 0.5696117804551539
  },
  "63": {
    "cen_loss": 2.1584844142398043,
    "cen_accuracy": 0.5450691655510933
  },
  "64": {
    "cen_loss": 2.0934884313066746,
    "cen_accuracy": 0.5495314591700133
  },
  "65": {
    "cen_loss": 2.245563625704226,
    "cen_accuracy": 0.5274431057563588
  },
  "66": {
    "cen_loss": 1.9552972300251592,
    "cen_accuracy": 0.5669344042838019
  },
  "67": {
    "cen_loss": 2.141384780114381,
    "cen_accuracy": 0.532574743418117
  },
  "68": {
    "cen_loss": 2.1094478731014963,
    "cen_accuracy": 0.5156180276662204
  },
  "69": {
    "cen_loss": 2.18252315873921,
    "cen_accuracy": 0.5145024542614904
  },
  "70": {
    "cen_loss": 2.1825230941874594,
    "cen_accuracy": 0.5145024542614904
  },
  "71": {
    "cen_loss": 2.0968724490807875,
    "cen_accuracy": 0.5303435966086568
  },
  "72": {
    "cen_loss": 1.8422975745492618,
    "cen_accuracy": 0.5792057117358322
  },
  "73": {
    "cen_loss": 2.1556836736356506,
    "cen_accuracy": 0.5200803212851406
  },
  "74": {
    "cen_loss": 2.2416113852816255,
    "cen_accuracy": 0.4957608210620259
  },
  "75": {
    "cen_loss": 1.9827330755049073,
    "cen_accuracy": 0.5553324408746095
  },
  "76": {
    "cen_loss": 2.1863117090350332,
    "cen_accuracy": 0.50111557340473
  },
  "77": {
    "cen_loss": 2.276017063114059,
    "cen_accuracy": 0.47701918786256137
  },
  "78": {
    "cen_loss": 1.8952613799420919,
    "cen_accuracy": 0.571842927264614
  },
  "79": {
    "cen_loss": 2.2514189315235864,
    "cen_accuracy": 0.5145024542614904
  },
  "80": {
    "cen_loss": 2.2514190015277924,
    "cen_accuracy": 0.5145024542614904
  },
  "81": {
    "cen_loss": 1.9636510969145868,
    "cen_accuracy": 0.5662650602409639
  },
  "82": {
    "cen_loss": 1.9542594756041718,
    "cen_accuracy": 0.5635876840696118
  },
  "83": {
    "cen_loss": 1.901540086916758,
    "cen_accuracy": 0.5725122713074521
  },
  "84": {
    "cen_loss": 1.7340836300481808,
    "cen_accuracy": 0.6037483266398929
  },
  "85": {
    "cen_loss": 1.8000899191043145,
    "cen_accuracy": 0.5834448906738063
  },
  "86": {
    "cen_loss": 1.9072621795068305,
    "cen_accuracy": 0.5660419455600179
  },
  "87": {
    "cen_loss": 1.7714495780158395,
    "cen_accuracy": 0.5939312806782686
  },
  "88": {
    "cen_loss": 1.9564014939671912,
    "cen_accuracy": 0.5756358768406962
  },