{
  "0": {
    "cen_loss": 3.874246356850062,
    "cen_accuracy": 0.0071396697902722
  },
  "1": {
    "cen_loss": 3.8742463457855676,
    "cen_accuracy": 0.0071396697902722
  },
  "2": {
    "cen_loss": 3.263139119695096,
    "cen_accuracy": 0.08768406961178045
  },
  "3": {
    "cen_loss": 3.244005411344679,
    "cen_accuracy": 0.15841142347166443
  },
  "4": {
    "cen_loss": 3.0774325435047754,
    "cen_accuracy": 0.22713074520303436
  },
  "5": {
    "cen_loss": 3.045407214716895,
    "cen_accuracy": 0.2597054886211513
  },
  "6": {
    "cen_loss": 2.9472513257366693,
    "cen_accuracy": 0.31771530566711287
  },
  "7": {
    "cen_loss": 2.886063950873549,
    "cen_accuracy": 0.3179384203480589
  },
  "8": {
    "cen_loss": 3.00170022257201,
    "cen_accuracy": 0.2757697456492637
  },
  "9": {
    "cen_loss": 2.997935869926749,
    "cen_accuracy": 0.3172690763052209
  },
  "10": {
    "cen_loss": 2.997920468256762,
    "cen_accuracy": 0.3172690763052209
  },
  "11": {
    "cen_loss": 3.0962491858915153,
    "cen_accuracy": 0.31169120928157074
  },
  "12": {
    "cen_loss": 3.0009413189996517,
    "cen_accuracy": 0.3609995537706381
  },
  "13": {
    "cen_loss": 2.8745674278415883,
    "cen_accuracy": 0.3900044622936189
  },
  "14": {
    "cen_loss": 3.00502516083928,
    "cen_accuracy": 0.36992414100847837
  },
  "15": {
    "cen_loss": 3.2971554263156206,
    "cen_accuracy": 0.35899152164212406
  },
  "16": {
    "cen_loss": 2.9288288430942058,
    "cen_accuracy": 0.3966979027219991
  },
  "17": {
    "cen_loss": 2.992935108638459,
    "cen_accuracy": 0.35095939312806784
  },
  "18": {
    "cen_loss": 2.995481379380028,
    "cen_accuracy": 0.3710397144132084
  },
  "19": {
    "cen_loss": 2.657120322021508,
    "cen_accuracy": 0.4210174029451138
  },
  "20": {
    "cen_loss": 2.657120310371872,
    "cen_accuracy": 0.4210174029451138
  },
  "21": {
    "cen_loss": 2.8382796404890747,
    "cen_accuracy": 0.4009370816599732
  },
  "22": {
    "cen_loss": 3.1452926502283374,
    "cen_accuracy": 0.32954038375725125
  },
  "23": {
    "cen_loss": 2.9622861774092217,
    "cen_accuracy": 0.3746095493083445
  },
  "24": {
    "cen_loss": 3.0429889937694026,
    "cen_accuracy": 0.3674698795180723
  },
  "25": {
    "cen_loss": 2.748969932742972,
    "cen_accuracy": 0.4078536367692994
  },
  "26": {
    "cen_loss": 3.250640694928031,
    "cen_accuracy": 0.32262382864792505
  },
  "27": {
    "cen_loss": 4.255097632427292,
    "cen_accuracy": 0.20080321285140562
  },
  "28": {
    "cen_loss": 2.890013743915073,
    "cen_accuracy": 0.36724676483712626
  },
  "29": {
    "cen_loss": 2.7694727622308353,
    "cen_accuracy": 0.3505131637661758
  },
  "30": {
    "cen_loss": 2.7694728157446886,
    "cen_accuracy": 0.3505131637661758
  },
  "31": {
    "cen_loss": 2.8123446341233294,
    "cen_accuracy": 0.3826416778224007
  },
  "32": {
    "cen_loss": 3.0243178906583297,
    "cen_accuracy": 0.34292726461401163
  },
  "33": {
    "cen_loss": 2.9578666209323448,
    "cen_accuracy": 0.34872824631860777
  },
  "34": {
    "cen_loss": 2.5042523414175832,
    "cen_accuracy": 0.4605087014725569
  },
  "35": {
    "cen_loss": 2.6508163469596293,
    "cen_accuracy": 0.4060687193217314
  },
  "36": {
    "cen_loss": 2.9274501862242945,
    "cen_accuracy": 0.3435966086568496
  },
  "37": {
    "cen_loss": 2.6591723076949316,
    "cen_accuracy": 0.427264614011602
  },
  "38": {
    "cen_loss": 2.7784853194346124,
    "cen_accuracy": 0.4252565818830879
  },
  "39": {
    "cen_loss": 3.016701594679976,
    "cen_accuracy": 0.35296742525658187
  },
  "40": {
    "cen_loss": 3.0167015721254296,
    "cen_accuracy": 0.35296742525658187
  },
  "41": {
    "cen_loss": 2.6033580031899244,
    "cen_accuracy": 0.4473449352967425
  },
  "42": {
    "cen_loss": 2.7072911163570095,
    "cen_accuracy": 0.41276215975011155
  },
  "43": {
    "cen_loss": 2.685332371900253,
    "cen_accuracy": 0.428603302097278
  },
  "44": {
    "cen_loss": 2.4382562269753825,
    "cen_accuracy": 0.42793395805443996
  },
  "45": {
    "cen_loss": 2.2755848485835157,
    "cen_accuracy": 0.48839803659080766
  },
  "46": {
    "cen_loss": 2.415593838356585,
    "cen_accuracy": 0.45939312806782684
  },
  "47": {
    "cen_loss": 2.480209434846319,
    "cen_accuracy": 0.43395805443998214
  },
  "48": {
    "cen_loss": 2.3331794913231474,
    "cen_accuracy": 0.4964301651048639
  },
  "49": {
    "cen_loss": 2.5666107321951817,
    "cen_accuracy": 0.43462739848282017
  },
  "50": {
    "cen_loss": 2.566610670743684,
    "cen_accuracy": 0.43462739848282017
  },
  "51": {
    "cen_loss": 2.404618451766593,
    "cen_accuracy": 0.48036590807675145
  },
  "52": {
    "cen_loss": 2.5176648212723944,
    "cen_accuracy": 0.465640339134315
  },
  "53": {
    "cen_loss": 2.794013177853831,
    "cen_accuracy": 0.4344042838018742
  },
  "54": {
    "cen_loss": 2.2676117690425532,
    "cen_accuracy": 0.45939312806782684
  },
  "55": {
    "cen_loss": 2.605738711112421,
    "cen_accuracy": 0.38353413654618473
  },
  "56": {
    "cen_loss": 2.311273917934821,
    "cen_accuracy": 0.48036590807675145
  },
  "57": {
    "cen_loss": 2.2188557160320905,
    "cen_accuracy": 0.5031236055332441
  },
  "58": {
    "cen_loss": 2.3953790060913174,
    "cen_accuracy": 0.4567157518964748
  },
  "59": {
    "cen_loss": 2.9915419786649853,
    "cen_accuracy": 0.40473003123605533
  },
  "60": {
    "cen_loss": 2.991541999517302,
    "cen_accuracy": 0.40473003123605533
  },
  "61": {
    "cen_loss": 2.828726606702017,
    "cen_accuracy": 0.4071842927264614
  },
  "62": {
    "cen_loss": 2.336688966390173,
    "cen_accuracy": 0.4602855867916109
  },
  "63": {
    "cen_loss": 2.147600057773003,
    "cen_accuracy": 0.5142793395805444
  },
  "64": {
    "cen_loss": 2.3387502457136984,
    "cen_accuracy": 0.4745649263721553
  },
  "65": {
    "cen_loss": 2.6485824536021827,
    "cen_accuracy": 0.43485051316376616
  },
  "66": {
    "cen_loss": 2.533120261713869,
    "cen_accuracy": 0.44065149486836236
  },
  "67": {
    "cen_loss": 2.2733405327913965,
    "cen_accuracy": 0.49107541276215977
  },
  "68": {
    "cen_loss": 2.733642284809506,
    "cen_accuracy": 0.43351182507809016
  },
  "69": {
    "cen_loss": 2.3791865708837547,
    "cen_accuracy": 0.4810352521195895
  },
  "70": {
    "cen_loss": 2.3791864706649677,
    "cen_accuracy": 0.4810352521195895
  },
  "71": {
    "cen_loss": 2.5534066578630146,
    "cen_accuracy": 0.465640339134315
  },
  "72": {
    "cen_loss": 2.3966925335696425,
    "cen_accuracy": 0.46586345381526106
  },
  "73": {
    "cen_loss": 2.398658749462504,
    "cen_accuracy": 0.464524765729585
  },
  "74": {
    "cen_loss": 2.3144839741937924,
    "cen_accuracy": 0.4714413208389112
  },
  "75": {
    "cen_loss": 2.263702427686617,
    "cen_accuracy": 0.5200803212851406
  },
  "76": {
    "cen_loss": 2.3837423325648857,
    "cen_accuracy": 0.47701918786256137
  },
  "77": {
    "cen_loss": 2.3999716095071135,
    "cen_accuracy": 0.46117804551539493
  },
  "78": {
    "cen_loss": 2.6557790766013407,
    "cen_accuracy": 0.41655510932619366
  },
  "79": {
    "cen_loss": 2.557732069721077,
    "cen_accuracy": 0.42570281124497994
  },
  "80": {
    "cen_loss": 2.557732013015543,
    "cen_accuracy": 0.42570281124497994
  },
  "81": {
    "cen_loss": 2.322295333327379,
    "cen_accuracy": 0.48237394020526553
  },
  "82": {
    "cen_loss": 2.162032020991001,
    "cen_accuracy": 0.5040160642570282
  },
  "83": {
    "cen_loss": 2.430750888567426,
    "cen_accuracy": 0.48438197233377955
  },
  "84": {
    "cen_loss": 2.5997586000290154,
    "cen_accuracy": 0.42793395805443996
  },
  "85": {
    "cen_loss": 2.3450051062557113,
    "cen_accuracy": 0.4609549308344489
  },
  "86": {
    "cen_loss": 2.2848429063543683,
    "cen_accuracy": 0.4544846050870147
  },
  "87": {
    "cen_loss": 2.2531398927883504,
    "cen_accuracy": 0.47121820615796517
  },
  "88": {
    "cen_loss": 2.340699175275473,
    "cen_accuracy": 0.48817492190986167
  },