{
  "0": {
    "cen_loss": 2.3061044211387633,
    "cen_accuracy": 0.098125
  },
  "1": {
    "cen_loss": 2.3061044211387633,
    "cen_accuracy": 0.098125
  },
  "2": {
    "cen_loss": 2.9331068878173827,
    "cen_accuracy": 0.13225
  },
  "3": {
    "cen_loss": 2.3633780863285065,
    "cen_accuracy": 0.11775
  },
  "4": {
    "cen_loss": 2.767345159769058,
    "cen_accuracy": 0.152
  },
  "5": {
    "cen_loss": 2.040465679883957,
    "cen_accuracy": 0.3275
  },
  "6": {
    "cen_loss": 2.064146880865097,
    "cen_accuracy": 0.33225
  },
  "7": {
    "cen_loss": 1.7548818519115448,
    "cen_accuracy": 0.36325
  },
  "8": {
    "cen_loss": 2.7462846851348877,
    "cen_accuracy": 0.271375
  },
  "9": {
    "cen_loss": 2.13808924472332,
    "cen_accuracy": 0.3755
  },
  "10": {
    "cen_loss": 2.13808924472332,
    "cen_accuracy": 0.3755
  },
  "11": {
    "cen_loss": 2.13808924472332,
    "cen_accuracy": 0.3755
  },
  "12": {
    "cen_loss": 1.8383795667886733,
    "cen_accuracy": 0.402875
  },
  "13": {
    "cen_loss": 2.0424321810007093,
    "cen_accuracy": 0.374875
  },
  "14": {
    "cen_loss": 2.6789715700149537,
    "cen_accuracy": 0.32175
  },
  "15": {
    "cen_loss": 1.9595677182674407,
    "cen_accuracy": 0.40825
  },
  "16": {
    "cen_loss": 2.669394434452057,
    "cen_accuracy": 0.309375
  },
  "17": {
    "cen_loss": 1.9806000487804414,
    "cen_accuracy": 0.409625
  },
  "18": {
    "cen_loss": 1.6975353075265884,
    "cen_accuracy": 0.44575
  },
  "19": {
    "cen_loss": 1.9188071582317352,
    "cen_accuracy": 0.400375
  },
  "20": {
    "cen_loss": 1.9188071582317352,
    "cen_accuracy": 0.400375
  },
  "21": {
    "cen_loss": 1.9393388466835022,
    "cen_accuracy": 0.42175
  },
  "22": {
    "cen_loss": 1.6933783396482467,
    "cen_accuracy": 0.46275
  },
  "23": {
    "cen_loss": 1.6933783396482467,
    "cen_accuracy": 0.46275
  },
  "24": {
    "cen_loss": 2.227428711295128,
    "cen_accuracy": 0.3955
  },
  "25": {
    "cen_loss": 2.227428711295128,
    "cen_accuracy": 0.3955
  },
  "26": {
    "cen_loss": 1.6698453323841096,
    "cen_accuracy": 0.45025
  },
  "27": {
    "cen_loss": 2.5509826366901396,
    "cen_accuracy": 0.373125
  },
  "28": {
    "cen_loss": 2.3377247734069826,
    "cen_accuracy": 0.367375
  },
  "29": {
    "cen_loss": 2.5361211104393004,
    "cen_accuracy": 0.377
  },
  "30": {
    "cen_loss": 2.5361212627887726,
    "cen_accuracy": 0.377
  },
  "31": {
    "cen_loss": 1.7759123846292495,
    "cen_accuracy": 0.45
  },
  "32": {
    "cen_loss": 2.473238125085831,
    "cen_accuracy": 0.35625
  },
  "33": {
    "cen_loss": 1.7048917994499206,
    "cen_accuracy": 0.465375
  },
  "34": {
    "cen_loss": 2.13506117606163,
    "cen_accuracy": 0.41425
  },
  "35": {
    "cen_loss": 1.8951853053569794,
    "cen_accuracy": 0.4175
  },
  "36": {
    "cen_loss": 2.376685945749283,
    "cen_accuracy": 0.385
  },
  "37": {
    "cen_loss": 2.297568174600601,
    "cen_accuracy": 0.404625
  },
  "38": {
    "cen_loss": 2.060877128124237,
    "cen_accuracy": 0.432
  },
  "39": {
    "cen_loss": 3.092526474952698,
    "cen_accuracy": 0.372625
  },
  "40": {
    "cen_loss": 3.092526474952698,
    "cen_accuracy": 0.372625
  },
  "41": {
    "cen_loss": 3.092526474952698,
    "cen_accuracy": 0.372625
  },
  "42": {
    "cen_loss": 2.6706954226493838,
    "cen_accuracy": 0.342375
  },
  "43": {
    "cen_loss": 2.402295152783394,
    "cen_accuracy": 0.33975
  },
  "44": {
    "cen_loss": 1.9485436959266662,
    "cen_accuracy": 0.43125
  },
  "45": {
    "cen_loss": 2.6821162322759626,
    "cen_accuracy": 0.38375
  },
  "46": {
    "cen_loss": 1.8410085076093674,
    "cen_accuracy": 0.4415
  },
  "47": {
    "cen_loss": 2.1392710095644,
    "cen_accuracy": 0.407625
  },
  "48": {
    "cen_loss": 2.1313078228235245,
    "cen_accuracy": 0.404625
  },
  "49": {
    "cen_loss": 2.685560942411423,
    "cen_accuracy": 0.34925
  },
  "50": {
    "cen_loss": 2.6855611560344697,
    "cen_accuracy": 0.34925
  },
  "51": {
    "cen_loss": 2.6855611560344697,
    "cen_accuracy": 0.34925
  },
  "52": {
    "cen_loss": 2.361134829044342,
    "cen_accuracy": 0.394875
  },
  "53": {
    "cen_loss": 2.043708451271057,
    "cen_accuracy": 0.402875
  },
  "54": {
    "cen_loss": 2.043708451271057,
    "cen_accuracy": 0.402875
  },
  "55": {
    "cen_loss": 2.04032985496521,
    "cen_accuracy": 0.432125
  },
  "56": {
    "cen_loss": 2.3742933807373046,
    "cen_accuracy": 0.409
  },
  "57": {
    "cen_loss": 2.5905201864242553,
    "cen_accuracy": 0.3635
  },
  "58": {
    "cen_loss": 2.5905201864242553,
    "cen_accuracy": 0.3635
  },
  "59": {
    "cen_loss": 2.1110659331083297,
    "cen_accuracy": 0.397875
  },
  "60": {
    "cen_loss": 2.1110658056735994,
    "cen_accuracy": 0.397875
  },
  "61": {
    "cen_loss": 2.669596080780029,
    "cen_accuracy": 0.366875
  },
  "62": {
    "cen_loss": 2.581837749004364,
    "cen_accuracy": 0.362875
  },
  "63": {
    "cen_loss": 1.986306883096695,
    "cen_accuracy": 0.444
  },
  "64": {
    "cen_loss": 2.47986038172245,
    "cen_accuracy": 0.375625
  },
  "65": {
    "cen_loss": 2.47986038172245,
    "cen_accuracy": 0.375625
  },
  "66": {
    "cen_loss": 3.2881352970600126,
    "cen_accuracy": 0.3065
  },
  "67": {
    "cen_loss": 2.6790208814144134,
    "cen_accuracy": 0.35
  },
  "68": {
    "cen_loss": 2.4234815659523012,
    "cen_accuracy": 0.365875
  },
  "69": {
    "cen_loss": 2.4823972516059873,
    "cen_accuracy": 0.381625
  },
  "70": {
    "cen_loss": 2.482397146463394,
    "cen_accuracy": 0.381625
  },
  "71": {
    "cen_loss": 2.0101110594272615,
    "cen_accuracy": 0.419375
  },
  "72": {
    "cen_loss": 2.691669576883316,
    "cen_accuracy": 0.37325
  },
  "73": {
    "cen_loss": 2.1374318101406096,
    "cen_accuracy": 0.402875
  },
  "74": {
    "cen_loss": 2.960656044483185,
    "cen_accuracy": 0.337875
  },
  "75": {
    "cen_loss": 2.874668364048004,
    "cen_accuracy": 0.361625
  },
  "76": {
    "cen_loss": 1.9821154795885085,
    "cen_accuracy": 0.4225
  },
  "77": {
    "cen_loss": 2.079056855201721,
    "cen_accuracy": 0.414
  },
  "78": {
    "cen_loss": 2.274686819911003,
    "cen_accuracy": 0.421
  },
  "79": {
    "cen_loss": 2.274686819911003,
    "cen_accuracy": 0.421
  },
  "80": {
    "cen_loss": 2.274686819911003,
    "cen_accuracy": 0.421
  },
  "81": {
    "cen_loss": 2.289309287548065,
    "cen_accuracy": 0.402875
  },
  "82": {
    "cen_loss": 2.8273873547315596,
    "cen_accuracy": 0.362625
  },
  "83": {
    "cen_loss": 2.8273873547315596,
    "cen_accuracy": 0.362625
  },
  "84": {
    "cen_loss": 2.1968318004608154,
    "cen_accuracy": 0.4105
  },
  "85": {
    "cen_loss": 2.4108925226926803,
    "cen_accuracy": 0.3825
  },
  "86": {
    "cen_loss": 2.4108925226926803,
    "cen_accuracy": 0.3825
  },
  "87": {
    "cen_loss": 2.4108925226926803,
    "cen_accuracy": 0.3825
  },
  "88": {
    "cen_loss": 2.4108925226926803,
    "cen_accuracy": 0.3825
  },
  "89": {
    "cen_loss": 2.220367758989334,
    "cen_accuracy": 0.379375
  },
  "90": {
    "cen_loss": 2.2203676685094833,
    "cen_accuracy": 0.379375
  },
  "91": {
    "cen_loss": 1.8533461775779725,
    "cen_accuracy": 0.466
  },
  "92": {
    "cen_loss": 1.8544091572761536,
    "cen_accuracy": 0.4525
  },
  "93": {
    "cen_loss": 2.076112913966179,
    "cen_accuracy": 0.416375
  },
  "94": {
    "cen_loss": 2.6958930053710937,
    "cen_accuracy": 0.3705
  },
  "95": {
    "cen_loss": 2.2902440112829208,
    "cen_accuracy": 0.39225
  },
  "96": {
    "cen_loss": 2.173377862095833,
    "cen_accuracy": 0.405375
  },
  "97": {
    "cen_loss": 2.173377862095833,
    "cen_accuracy": 0.405375
  },
  "98": {
    "cen_loss": 2.3961065835952757,
    "cen_accuracy": 0.379375
  },
  "99": {
    "cen_loss": 1.6977624224424361,
    "cen_accuracy": 0.47125
  },
  "100": {
    "cen_loss": 1.6977622944116593,
    "cen_accuracy": 0.47125
  },
  "101": {
    "cen_loss": 2.0641812233924868,
    "cen_accuracy": 0.405875
  }
}