{
  "2": {
    "total_mJ": 4249822553.7190967,
    "total_ceq": 324.2010805107569,
    "num_expired_thresh": 0,
    "num_depleted": 0,
    "num_transmited_bytes": 21826112
  },
  "3": {
    "total_mJ": 2954121923.172271,
    "total_ceq": 222.35985382423053,
    "num_expired_thresh": 0,
    "num_depleted": 0,
    "num_transmited_bytes": 21826112
  },
  "4": {
    "total_mJ": 2551445184.329146,
    "total_ceq": 191.73791427042065,
    "num_expired_thresh": 0,
    "num_depleted": 0,
    "num_transmited_bytes": 21826112
  },
  "5": {
    "total_mJ": 2044024916.7307942,
    "total_ceq": 154.7130351258755,
    "num_expired_thresh": 0,
    "num_depleted": 0,
    "num_transmited_bytes": 21826112
  },
  "6": {
    "total_mJ": 2536400454.3474793,
    "total_ceq": 188.82668167700535,
    "num_expired_thresh": 0,
    "num_depleted": 0,
    "num_transmited_bytes": 21826112
  },
  "7": {
    "total_mJ": 2443506649.0901794,
    "total_ceq": 186.38157771788656,
    "num_expired_thresh": 0,
    "num_depleted": 0,
    "num_transmited_bytes": 21826112
  },
  "8": {
    "total_mJ": 4242103169.171095,
    "total_ceq": 322.9482595362108,
    "num_expired_thresh": 0,
    "num_depleted": 0,
    "num_transmited_bytes": 21826112
  },
  "9": {
    "total_mJ": 2946169249.217403,
    "total_ceq": 218.7093914299062,
    "num_expired_thresh": 0,
    "num_depleted": 0,
    "num_transmited_bytes": 21826112
  },
  "10": {
    "total_mJ": 2918187816.5150433,
    "total_ceq": 219.33133079460274,
    "num_expired_thresh": 0,
    "num_depleted": 0,
    "num_transmited_bytes": 19841920
  },
  "11": {
    "total_mJ": 1558880294.555699,
    "total_ceq": 119.76861139431075,
    "num_expired_thresh": 0,
    "num_depleted": 0,
    "num_transmited_bytes": 19841920
  },
  "12": {
    "total_mJ": 2440391269.7733045,
    "total_ceq": 185.6360981317576,
    "num_expired_thresh": 0,
    "num_depleted": 0,
    "num_transmited_bytes": 21826112
  },
  "13": {
    "total_mJ": 786223203.5257547,
    "total_ceq": 59.511444729569526,
    "num_expired_thresh": 0,
    "num_depleted": 0,
    "num_transmited_bytes": 21826112
  },
  "14": {
    "total_mJ": 2909794267.8908534,
    "total_ceq": 217.29316524981843,
    "num_expired_thresh": 0,
    "num_depleted": 0,
    "num_transmited_bytes": 21826112
  },
  "15": {
    "total_mJ": 2539824182.9480753,
    "total_ceq": 191.69611548719917,
    "num_expired_thresh": 0,
    "num_depleted": 0,
    "num_transmited_bytes": 21826112
  },
  "16": {
    "total_mJ": 2575230261.7066135,
    "total_ceq": 197.1750264674207,
    "num_expired_thresh": 0,
    "num_depleted": 0,
    "num_transmited_bytes": 21826112
  },
  "17": {
    "total_mJ": 2049294236.8639376,
    "total_ceq": 153.17500498083032,
    "num_expired_thresh": 0,
    "num_depleted": 0,
    "num_transmited_bytes": 21826112
  },
  "18": {
    "total_mJ": 1484481139.4084501,
    "total_ceq": 110.85284953279292,
    "num_expired_thresh": 0,
    "num_depleted": 0,
    "num_transmited_bytes": 21826112
  },
  "19": {
    "total_mJ": 2597298797.6178145,
    "total_ceq": 197.3952254705544,
    "num_expired_thresh": 0,
    "num_depleted": 0,
    "num_transmited_bytes": 21826112
  },
  "20": {
    "total_mJ": 2524727582.2302155,
    "total_ceq": 188.73003601359557,
    "num_expired_thresh": 0,
    "num_depleted": 0,
    "num_transmited_bytes": 19841920
  },
  "21": {
    "total_mJ": 1287033290.5524015,
    "total_ceq": 98.62280845062266,
    "num_expired_thresh": 0,
    "num_depleted": 0,
    "num_transmited_bytes": 21826112
  },
  "22": {
    "total_mJ": 726174963.2124742,
    "total_ceq": 55.013883715111135,
    "num_expired_thresh": 0,
    "num_depleted": 0,
    "num_transmited_bytes": 21826112
  },
  "23": {
    "total_mJ": 1393313850.6140628,
    "total_ceq": 105.69537993529251,
    "num_expired_thresh": 0,
    "num_depleted": 0,
    "num_transmited_bytes": 19841920
  },
  "24": {
    "total_mJ": 1827408144.5715535,
    "total_ceq": 138.5794798052857,
    "num_expired_thresh": 0,
    "num_depleted": 0,
    "num_transmited_bytes": 21826112
  },
  "25": {
    "total_mJ": 1629960022.7640352,
    "total_ceq": 123.96977681473278,
    "num_expired_thresh": 0,
    "num_depleted": 0,
    "num_transmited_bytes": 19841920
  },
  "26": {
    "total_mJ": 1412464898.4429278,
    "total_ceq": 105.71813948779383,
    "num_expired_thresh": 0,
    "num_depleted": 0,
    "num_transmited_bytes": 21826112
  },
  "27": {
    "total_mJ": 2426704210.3985977,
    "total_ceq": 186.53452059179762,
    "num_expired_thresh": 0,
    "num_depleted": 0,
    "num_transmited_bytes": 21826112
  },
  "28": {
    "total_mJ": 2934491163.7764664,
    "total_ceq": 219.7320525348151,
    "num_expired_thresh": 0,
    "num_depleted": 0,
    "num_transmited_bytes": 21826112
  },
  "29": {
    "total_mJ": 1841387607.954664,
    "total_ceq": 140.31237056075946,
    "num_expired_thresh": 0,
    "num_depleted": 0,
    "num_transmited_bytes": 21826112
  },
  "30": {
    "total_mJ": 975266423.512689,
    "total_ceq": 73.61376803873206,
    "num_expired_thresh": 0,
    "num_depleted": 0,
    "num_transmited_bytes": 21826112
  },
  "31": {
    "total_mJ": 1577337724.2751899,
    "total_ceq": 122.0556184971268,
    "num_expired_thresh": 0,
    "num_depleted": 0,
    "num_transmited_bytes": 21826112
  },
  "32": {
    "total_mJ": 4272866320.1256127,
    "total_ceq": 325.4554126628741,
    "num_expired_thresh": 0,
    "num_depleted": 0,
    "num_transmited_bytes": 21826112
  },
  "33": {
    "total_mJ": 2543893705.9226317,
    "total_ceq": 190.52195613950946,
    "num_expired_thresh": 0,
    "num_depleted": 0,
    "num_transmited_bytes": 21826112
  },
  "34": {
    "total_mJ": 1830991225.5674186,
    "total_ceq": 141.45285950684942,
    "num_expired_thresh": 0,
    "num_depleted": 0,
    "num_transmited_bytes": 21826112
  },
  "35": {
    "total_mJ": 596526363.9609684,
    "total_ceq": 45.56467525642592,
    "num_expired_thresh": 0,
    "num_depleted": 0,
    "num_transmited_bytes": 21826112
  },
  "36": {
    "total_mJ": 1285369912.008288,
    "total_ceq": 96.46397145496553,
    "num_expired_thresh": 0,
    "num_depleted": 0,
    "num_transmited_bytes": 21826112
  },
  "37": {
    "total_mJ": 2923562693.4498005,
    "total_ceq": 218.28220180900223,
    "num_expired_thresh": 0,
    "num_depleted": 0,
    "num_transmited_bytes": 21826112
  },
  "38": {
    "total_mJ": 2023714109.125938,
    "total_ceq": 151.94927176384883,
    "num_expired_thresh": 0,
    "num_depleted": 0,
    "num_transmited_bytes": 21826112
  },
  "39": {
    "total_mJ": 2510558731.404931,
    "total_ceq": 188.28743667526774,
    "num_expired_thresh": 0,
    "num_depleted": 0,
    "num_transmited_bytes": 21826112
  },
  "40": {
    "total_mJ": 779238969.5597651,
    "total_ceq": 59.75694974683946,
    "num_expired_thresh": 0,
    "num_depleted": 0,
    "num_transmited_bytes": 19841920
  },
  "41": {
    "total_mJ": 1291610063.6351132,
    "total_ceq": 99.28475670497451,
    "num_expired_thresh": 0,
    "num_depleted": 0,
    "num_transmited_bytes": 19841920
  },
  "42": {
    "total_mJ": 592482772.655352,
    "total_ceq": 46.17865276955527,
    "num_expired_thresh": 0,
    "num_depleted": 0,
    "num_transmited_bytes": 21826112
  },
  "43": {
    "total_mJ": 2564712318.2242517,
    "total_ceq": 191.36239654107575,
    "num_expired_thresh": 0,
    "num_depleted": 0,
    "num_transmited_bytes": 21826112
  },
  "44": {
    "total_mJ": 2977730181.3156776,
    "total_ceq": 223.4807327703733,
    "num_expired_thresh": 0,
    "num_depleted": 0,
    "num_transmited_bytes": 21826112
  },
  "45": {
    "total_mJ": 2005328677.7127314,
    "total_ceq": 150.43215609698453,
    "num_expired_thresh": 0,
    "num_depleted": 0,
    "num_transmited_bytes": 21826112
  },
  "46": {
    "total_mJ": 983642550.0300734,
    "total_ceq": 75.02959566776195,
    "num_expired_thresh": 0,
    "num_depleted": 0,
    "num_transmited_bytes": 21826112
  },
  "47": {
    "total_mJ": 2949869291.239917,