{
  "0": {
    "cen_loss": 2.3027777171134947,
    "cen_accuracy": 0.097625
  },
  "1": {
    "cen_loss": 2.3027777171134947,
    "cen_accuracy": 0.097625
  },
  "2": {
    "cen_loss": 2.6713037357330323,
    "cen_accuracy": 0.100375
  },
  "3": {
    "cen_loss": 3.4254214363098145,
    "cen_accuracy": 0.100375
  },
  "4": {
    "cen_loss": 4.9115459036827085,
    "cen_accuracy": 0.099875
  },
  "5": {
    "cen_loss": 4.78306260728836,
    "cen_accuracy": 0.099875
  },
  "6": {
    "cen_loss": 4.97335136270523,
    "cen_accuracy": 0.099875
  },
  "7": {
    "cen_loss": 6.043519817352295,
    "cen_accuracy": 0.099875
  },
  "8": {
    "cen_loss": 4.892218052864075,
    "cen_accuracy": 0.100625
  },
  "9": {
    "cen_loss": 3.872853518486023,
    "cen_accuracy": 0.184625
  },
  "10": {
    "cen_loss": 1.2726044133901595,
    "cen_accuracy": 0.596625
  },
  "11": {
    "cen_loss": 2.6883497228622435,
    "cen_accuracy": 0.304625
  },
  "12": {
    "cen_loss": 1.9440587420463562,
    "cen_accuracy": 0.4395
  },
  "13": {
    "cen_loss": 1.5573244787454605,
    "cen_accuracy": 0.53175
  },
  "14": {
    "cen_loss": 1.4234574852585793,
    "cen_accuracy": 0.590125
  },
  "15": {
    "cen_loss": 1.3656543607711793,
    "cen_accuracy": 0.615375
  },
  "16": {
    "cen_loss": 1.3520060651302337,
    "cen_accuracy": 0.61825
  },
  "17": {
    "cen_loss": 1.267666180551052,
    "cen_accuracy": 0.637375
  },
  "18": {
    "cen_loss": 1.4929670428484678,
    "cen_accuracy": 0.604375
  },
  "19": {
    "cen_loss": 1.144961676388979,
    "cen_accuracy": 0.671625
  },
  "20": {
    "cen_loss": 1.127034158423543,
    "cen_accuracy": 0.6795
  },
  "21": {
    "cen_loss": 1.1433182304948568,
    "cen_accuracy": 0.681875
  },
  "22": {
    "cen_loss": 1.2418067937791348,
    "cen_accuracy": 0.66
  },
  "23": {
    "cen_loss": 1.1365695212483407,
    "cen_accuracy": 0.68375
  },
  "24": {
    "cen_loss": 1.1420603498965503,
    "cen_accuracy": 0.68275
  },
  "25": {
    "cen_loss": 1.1480642855465413,
    "cen_accuracy": 0.695125
  },
  "26": {
    "cen_loss": 0.9708618248850107,
    "cen_accuracy": 0.716
  },
  "27": {
    "cen_loss": 1.0207856806218625,
    "cen_accuracy": 0.7155
  },
  "28": {
    "cen_loss": 0.9731666539758443,
    "cen_accuracy": 0.720375
  },
  "29": {
    "cen_loss": 0.9534874200969935,
    "cen_accuracy": 0.73
  },
  "30": {
    "cen_loss": 0.9660434999503196,
    "cen_accuracy": 0.732625
  },
  "31": {
    "cen_loss": 1.0283015711680055,
    "cen_accuracy": 0.719625
  },
  "32": {
    "cen_loss": 0.9278804396912456,
    "cen_accuracy": 0.7445
  },
  "33": {
    "cen_loss": 0.959582818519324,
    "cen_accuracy": 0.73625
  },
  "34": {
    "cen_loss": 0.9829132205508649,
    "cen_accuracy": 0.736
  },
  "35": {
    "cen_loss": 1.0000501662418246,
    "cen_accuracy": 0.736625
  },
  "36": {
    "cen_loss": 0.8831896706931293,
    "cen_accuracy": 0.76175
  },
  "37": {
    "cen_loss": 0.9234167819768191,
    "cen_accuracy": 0.75175
  },
  "38": {
    "cen_loss": 0.8970436203368009,
    "cen_accuracy": 0.764
  },
  "39": {
    "cen_loss": 0.839693255610764,
    "cen_accuracy": 0.7725
  },
  "40": {
    "cen_loss": 0.8945626806914806,
    "cen_accuracy": 0.756625
  },
  "41": {
    "cen_loss": 0.9322165705040097,
    "cen_accuracy": 0.752
  },
  "42": {
    "cen_loss": 0.9053100842386484,
    "cen_accuracy": 0.763125
  },
  "43": {
    "cen_loss": 0.8208786954134702,
    "cen_accuracy": 0.77675
  },
  "44": {
    "cen_loss": 0.9059922443302348,
    "cen_accuracy": 0.759625
  },
  "45": {
    "cen_loss": 0.899472743710503,
    "cen_accuracy": 0.763
  },
  "46": {
    "cen_loss": 0.9238646182008088,
    "cen_accuracy": 0.760375
  },
  "47": {
    "cen_loss": 0.830982940286398,
    "cen_accuracy": 0.776125
  },
  "48": {
    "cen_loss": 0.8120919481739401,
    "cen_accuracy": 0.784375
  },
  "49": {
    "cen_loss": 0.7648182456046343,
    "cen_accuracy": 0.78475
  },
  "50": {
    "cen_loss": 0.7962032066434622,
    "cen_accuracy": 0.782875
  },
  "51": {
    "cen_loss": 0.8079206018894911,
    "cen_accuracy": 0.789125
  },
  "52": {
    "cen_loss": 0.9443880304563791,
    "cen_accuracy": 0.758
  },
  "53": {
    "cen_loss": 0.802090821063146,
    "cen_accuracy": 0.784875
  },
  "54": {
    "cen_loss": 0.7864271177472547,
    "cen_accuracy": 0.79075
  },
  "55": {
    "cen_loss": 0.8017387461513281,
    "cen_accuracy": 0.783625
  },
  "56": {
    "cen_loss": 0.7863033577576279,
    "cen_accuracy": 0.7925
  },
  "57": {
    "cen_loss": 0.8538542653275654,
    "cen_accuracy": 0.779875
  },
  "58": {
    "cen_loss": 0.8164016219638288,
    "cen_accuracy": 0.795
  },
  "59": {
    "cen_loss": 0.6797368402462453,
    "cen_accuracy": 0.80575
  },
  "60": {
    "cen_loss": 0.6643109064847231,
    "cen_accuracy": 0.8055
  },
  "61": {
    "cen_loss": 0.7514607304912061,
    "cen_accuracy": 0.801
  },
  "62": {
    "cen_loss": 0.7346588011421263,
    "cen_accuracy": 0.7985
  },
  "63": {
    "cen_loss": 0.6843331082435324,
    "cen_accuracy": 0.802875
  },
  "64": {
    "cen_loss": 0.7622004085965455,
    "cen_accuracy": 0.795375
  },
  "65": {
    "cen_loss": 0.8317336621088907,
    "cen_accuracy": 0.7845
  },
  "66": {
    "cen_loss": 0.769336622191593,
    "cen_accuracy": 0.791875
  },
  "67": {
    "cen_loss": 0.686700599049218,
    "cen_accuracy": 0.80825
  },
  "68": {
    "cen_loss": 0.6869100394556299,
    "cen_accuracy": 0.811
  },
  "69": {
    "cen_loss": 0.6879353643516078,
    "cen_accuracy": 0.81475
  },
  "70": {
    "cen_loss": 0.7017762671858072,
    "cen_accuracy": 0.81175
  },
  "71": {
    "cen_loss": 0.7227693335888907,
    "cen_accuracy": 0.8105
  },
  "72": {
    "cen_loss": 0.8189096305761486,
    "cen_accuracy": 0.79675
  },
  "73": {
    "cen_loss": 0.6890825185347349,
    "cen_accuracy": 0.812125
  },
  "74": {
    "cen_loss": 0.8516739012431354,
    "cen_accuracy": 0.786
  },
  "75": {
    "cen_loss": 0.7018376521049068,
    "cen_accuracy": 0.809125
  },
  "76": {
    "cen_loss": 0.6832758365813643,
    "cen_accuracy": 0.81075
  },
  "77": {
    "cen_loss": 0.6709837460722774,
    "cen_accuracy": 0.820375
  },
  "78": {
    "cen_loss": 0.6631117879305967,
    "cen_accuracy": 0.82425
  },
  "79": {
    "cen_loss": 0.6881442165998742,
    "cen_accuracy": 0.813625
  },
  "80": {
    "cen_loss": 0.7025779602611437,
    "cen_accuracy": 0.808
  },
  "81": {
    "cen_loss": 0.7261528707589023,
    "cen_accuracy": 0.814375
  },
  "82": {
    "cen_loss": 0.7168396022208035,
    "cen_accuracy": 0.808125
  },
  "83": {
    "cen_loss": 0.7008041227962821,
    "cen_accuracy": 0.806875
  },
  "84": {
    "cen_loss": 0.6695942744584754,
    "cen_accuracy": 0.822
  },
  "85": {
    "cen_loss": 0.7106813381644898,
    "cen_accuracy": 0.8135
  },
  "86": {
    "cen_loss": 0.6756423750333488,
    "cen_accuracy": 0.818625
  },
  "87": {
    "cen_loss": 0.6511803239397704,
    "cen_accuracy": 0.822125
  },
  "88": {
    "cen_loss": 0.697347224856494,
    "cen_accuracy": 0.825625
  },
  "89": {
    "cen_loss": 0.6441328569930047,
    "cen_accuracy": 0.826875
  },
  "90": {
    "cen_loss": 0.649318390251603,
    "cen_accuracy": 0.824125
  },
  "91": {
    "cen_loss": 0.6409306759720202,
    "cen_accuracy": 0.823625
  },
  "92": {
    "cen_loss": 0.714610617426224,
    "cen_accuracy": 0.807125
  },
  "93": {
    "cen_loss": 0.784204860710539,
    "cen_accuracy": 0.800875
  },
  "94": {
    "cen_loss": 0.666187172079226,
    "cen_accuracy": 0.81925
  },
  "95": {
    "cen_loss": 0.6298207968520001,
    "cen_accuracy": 0.828125
  },
  "96": {
    "cen_loss": 0.6311253690432058,
    "cen_accuracy": 0.82925
  },
  "97": {
    "cen_loss": 0.6351609230581671,
    "cen_accuracy": 0.823375
  },
  "98": {
    "cen_loss": 0.6447440878954949,
    "cen_accuracy": 0.828875
  },
  "99": {
    "cen_loss": 0.6308709616428241,
    "cen_accuracy": 0.832
  },
  "100": {
    "cen_loss": 0.6999833907475695,
    "cen_accuracy": 0.8215
  },