{
  "0": {
    "cen_loss": 2.3027670545578003,
    "cen_accuracy": 0.0985
  },
  "1": {
    "cen_loss": 2.3027670545578003,
    "cen_accuracy": 0.0985
  },
  "2": {
    "cen_loss": 3.4244742937088013,
    "cen_accuracy": 0.099875
  },
  "3": {
    "cen_loss": 4.52737120294571,
    "cen_accuracy": 0.099875
  },
  "4": {
    "cen_loss": 4.812471810340881,
    "cen_accuracy": 0.099875
  },
  "5": {
    "cen_loss": 7.4701237955093385,
    "cen_accuracy": 0.099875
  },
  "6": {
    "cen_loss": 4.0154985361099245,
    "cen_accuracy": 0.113
  },
  "7": {
    "cen_loss": 3.9543202013969423,
    "cen_accuracy": 0.189875
  },
  "8": {
    "cen_loss": 3.3742328305244444,
    "cen_accuracy": 0.188
  },
  "9": {
    "cen_loss": 2.482116503238678,
    "cen_accuracy": 0.291625
  },
  "10": {
    "cen_loss": 1.6224587174654006,
    "cen_accuracy": 0.51775
  },
  "11": {
    "cen_loss": 1.9704600187540053,
    "cen_accuracy": 0.4165
  },
  "12": {
    "cen_loss": 2.1473820316791534,
    "cen_accuracy": 0.401875
  },
  "13": {
    "cen_loss": 1.7518858304023743,
    "cen_accuracy": 0.484625
  },
  "14": {
    "cen_loss": 2.029723536014557,
    "cen_accuracy": 0.44
  },
  "15": {
    "cen_loss": 1.6941406577825546,
    "cen_accuracy": 0.517
  },
  "16": {
    "cen_loss": 1.798519767999649,
    "cen_accuracy": 0.515625
  },
  "17": {
    "cen_loss": 1.731576379239559,
    "cen_accuracy": 0.52575
  },
  "18": {
    "cen_loss": 1.6472818846702575,
    "cen_accuracy": 0.532875
  },
  "19": {
    "cen_loss": 1.6044574077129363,
    "cen_accuracy": 0.55625
  },
  "20": {
    "cen_loss": 1.467458890378475,
    "cen_accuracy": 0.59775
  },
  "21": {
    "cen_loss": 1.6311584768891334,
    "cen_accuracy": 0.559125
  },
  "22": {
    "cen_loss": 1.48000715893507,
    "cen_accuracy": 0.5895
  },
  "23": {
    "cen_loss": 1.4214143903851508,
    "cen_accuracy": 0.60125
  },
  "24": {
    "cen_loss": 1.5724459064602851,
    "cen_accuracy": 0.5745
  },
  "25": {
    "cen_loss": 1.5361839274466038,
    "cen_accuracy": 0.581625
  },
  "26": {
    "cen_loss": 1.3065905998051166,
    "cen_accuracy": 0.618
  },
  "27": {
    "cen_loss": 1.3753313714265822,
    "cen_accuracy": 0.618
  },
  "28": {
    "cen_loss": 1.3038658404946326,
    "cen_accuracy": 0.636
  },
  "29": {
    "cen_loss": 1.3292481536269187,
    "cen_accuracy": 0.62425
  },
  "30": {
    "cen_loss": 1.3296159598827362,
    "cen_accuracy": 0.63825
  },
  "31": {
    "cen_loss": 1.274344006806612,
    "cen_accuracy": 0.639
  },
  "32": {
    "cen_loss": 1.3821822524368763,
    "cen_accuracy": 0.632875
  },
  "33": {
    "cen_loss": 1.2809077237844466,
    "cen_accuracy": 0.633875
  },
  "34": {
    "cen_loss": 1.2827662657499312,
    "cen_accuracy": 0.642375
  },
  "35": {
    "cen_loss": 1.1507065772414207,
    "cen_accuracy": 0.662875
  },
  "36": {
    "cen_loss": 1.269154599428177,
    "cen_accuracy": 0.64575
  },
  "37": {
    "cen_loss": 1.2667401780486107,
    "cen_accuracy": 0.65375
  },
  "38": {
    "cen_loss": 1.2044950705766677,
    "cen_accuracy": 0.67025
  },
  "39": {
    "cen_loss": 1.1556513391435146,
    "cen_accuracy": 0.67625
  },
  "40": {
    "cen_loss": 1.2498879047185183,
    "cen_accuracy": 0.674
  },
  "41": {
    "cen_loss": 1.1095595316290856,
    "cen_accuracy": 0.682875
  },
  "42": {
    "cen_loss": 1.0842412001788617,
    "cen_accuracy": 0.689625
  },
  "43": {
    "cen_loss": 1.1149889016449452,
    "cen_accuracy": 0.675625
  },
  "44": {
    "cen_loss": 1.028437304764986,
    "cen_accuracy": 0.694125
  },
  "45": {
    "cen_loss": 1.221922544747591,
    "cen_accuracy": 0.671
  },
  "46": {
    "cen_loss": 1.1026016116589308,
    "cen_accuracy": 0.686875
  },
  "47": {
    "cen_loss": 1.0086217573732137,
    "cen_accuracy": 0.69575
  },
  "48": {
    "cen_loss": 1.0159328122138978,
    "cen_accuracy": 0.70325
  },
  "49": {
    "cen_loss": 1.1397711471021175,
    "cen_accuracy": 0.6835
  },
  "50": {
    "cen_loss": 1.284051860705018,
    "cen_accuracy": 0.664125
  },
  "51": {
    "cen_loss": 1.0328186028003692,
    "cen_accuracy": 0.700625
  },
  "52": {
    "cen_loss": 1.044610198482871,
    "cen_accuracy": 0.70525
  },
  "53": {
    "cen_loss": 1.0293350272327662,
    "cen_accuracy": 0.713125
  },
  "54": {
    "cen_loss": 1.0150236799865962,
    "cen_accuracy": 0.711125
  },
  "55": {
    "cen_loss": 1.0538642728179692,
    "cen_accuracy": 0.70175
  },
  "56": {
    "cen_loss": 1.0745582299381495,
    "cen_accuracy": 0.703125
  },
  "57": {
    "cen_loss": 1.0223689378798009,
    "cen_accuracy": 0.701375
  },
  "58": {
    "cen_loss": 1.1019349323213101,
    "cen_accuracy": 0.69175
  },
  "59": {
    "cen_loss": 1.06483875644207,
    "cen_accuracy": 0.695125
  },
  "60": {
    "cen_loss": 1.154835408091545,
    "cen_accuracy": 0.684375
  },
  "61": {
    "cen_loss": 0.9446255245134234,
    "cen_accuracy": 0.723125
  },
  "62": {
    "cen_loss": 1.030068830937147,
    "cen_accuracy": 0.70475
  },
  "63": {
    "cen_loss": 1.0383126242011786,
    "cen_accuracy": 0.71625
  },
  "64": {
    "cen_loss": 1.0392786937057972,
    "cen_accuracy": 0.71475
  },
  "65": {
    "cen_loss": 1.0805646388009191,
    "cen_accuracy": 0.701625
  },
  "66": {
    "cen_loss": 1.0259945826604961,
    "cen_accuracy": 0.7165
  },
  "67": {
    "cen_loss": 1.014637719348073,
    "cen_accuracy": 0.7185
  },
  "68": {
    "cen_loss": 0.9415045298784971,
    "cen_accuracy": 0.727
  },
  "69": {
    "cen_loss": 0.9279397899508476,
    "cen_accuracy": 0.729125
  },
  "70": {
    "cen_loss": 1.0299895675480366,
    "cen_accuracy": 0.715375
  },
  "71": {
    "cen_loss": 0.9457629005908966,
    "cen_accuracy": 0.72925
  },
  "72": {
    "cen_loss": 0.9502642995715141,
    "cen_accuracy": 0.731
  },
  "73": {
    "cen_loss": 0.9447404111176729,
    "cen_accuracy": 0.735875
  },
  "74": {
    "cen_loss": 0.9584488764703274,
    "cen_accuracy": 0.736
  },
  "75": {
    "cen_loss": 0.9546265850812197,
    "cen_accuracy": 0.73
  },
  "76": {
    "cen_loss": 0.8902269070968032,
    "cen_accuracy": 0.7395
  },
  "77": {
    "cen_loss": 0.9660161182880401,
    "cen_accuracy": 0.7295
  },
  "78": {
    "cen_loss": 0.9794071842581034,
    "cen_accuracy": 0.727625
  },
  "79": {
    "cen_loss": 0.9234581601768732,
    "cen_accuracy": 0.734125
  },
  "80": {
    "cen_loss": 0.9727503460794688,
    "cen_accuracy": 0.735125
  },
  "81": {
    "cen_loss": 0.9697889133393764,
    "cen_accuracy": 0.73175
  },
  "82": {
    "cen_loss": 0.9074127699136734,
    "cen_accuracy": 0.738625
  },
  "83": {
    "cen_loss": 0.9227830702364445,
    "cen_accuracy": 0.73225
  },
  "84": {
    "cen_loss": 0.8647568382546306,
    "cen_accuracy": 0.748375
  },
  "85": {
    "cen_loss": 0.8600884748995304,
    "cen_accuracy": 0.746875
  },
  "86": {
    "cen_loss": 0.8824037869647146,
    "cen_accuracy": 0.744625
  },
  "87": {
    "cen_loss": 0.9398992730677128,
    "cen_accuracy": 0.7335
  },
  "88": {
    "cen_loss": 0.8654063296914101,
    "cen_accuracy": 0.746
  },
  "89": {
    "cen_loss": 0.9011136734187603,
    "cen_accuracy": 0.747375
  },
  "90": {
    "cen_loss": 0.923286002740264,
    "cen_accuracy": 0.751
  },
  "91": {
    "cen_loss": 0.8863115769326687,
    "cen_accuracy": 0.748875
  },
  "92": {
    "cen_loss": 0.907574529916048,
    "cen_accuracy": 0.7425
  },
  "93": {
    "cen_loss": 0.9682860875278712,
    "cen_accuracy": 0.731125
  },
  "94": {
    "cen_loss": 0.8598611095547676,
    "cen_accuracy": 0.75475
  },
  "95": {
    "cen_loss": 0.8476982663869858,
    "cen_accuracy": 0.756
  },
  "96": {
    "cen_loss": 0.9103490762710571,
    "cen_accuracy": 0.739875
  },
  "97": {
    "cen_loss": 0.8840166015923023,
    "cen_accuracy": 0.750625
  },
  "98": {
    "cen_loss": 0.865100909203291,
    "cen_accuracy": 0.75325
  },
  "99": {
    "cen_loss": 0.8274805936291814,
    "cen_accuracy": 0.761875
  },
  "100": {
    "cen_loss": 0.8610614156126976,
    "cen_accuracy": 0.763375
  },
  "101": {
    "cen_loss": 0.8357901274710894,