{
  "0": {
    "cen_loss": 2.3027670545578003,
    "cen_accuracy": 0.0985
  },
  "1": {
    "cen_loss": 2.3027670545578003,
    "cen_accuracy": 0.0985
  },
  "2": {
    "cen_loss": 2.9134993245601652,
    "cen_accuracy": 0.100375
  },
  "3": {
    "cen_loss": 4.572233182907104,
    "cen_accuracy": 0.099875
  },
  "4": {
    "cen_loss": 5.074840703010559,
    "cen_accuracy": 0.1635
  },
  "5": {
    "cen_loss": 3.5803044228553773,
    "cen_accuracy": 0.099875
  },
  "6": {
    "cen_loss": 3.9731502423286438,
    "cen_accuracy": 0.17075
  },
  "7": {
    "cen_loss": 2.8744281404018404,
    "cen_accuracy": 0.2205
  },
  "8": {
    "cen_loss": 2.637145844221115,
    "cen_accuracy": 0.262625
  },
  "9": {
    "cen_loss": 3.6833652348518373,
    "cen_accuracy": 0.206
  },
  "10": {
    "cen_loss": 3.4208434264659884,
    "cen_accuracy": 0.248875
  },
  "11": {
    "cen_loss": 2.2593301384449007,
    "cen_accuracy": 0.296375
  },
  "12": {
    "cen_loss": 2.754504418373108,
    "cen_accuracy": 0.3105
  },
  "13": {
    "cen_loss": 1.9287505122423172,
    "cen_accuracy": 0.34025
  },
  "14": {
    "cen_loss": 3.555901292562485,
    "cen_accuracy": 0.31675
  },
  "15": {
    "cen_loss": 2.4346979699134828,
    "cen_accuracy": 0.2155
  },
  "16": {
    "cen_loss": 3.2370644834041595,
    "cen_accuracy": 0.304125
  },
  "17": {
    "cen_loss": 4.5015787961483005,
    "cen_accuracy": 0.27075
  },
  "18": {
    "cen_loss": 3.630665717840195,
    "cen_accuracy": 0.251
  },
  "19": {
    "cen_loss": 2.3509978432655334,
    "cen_accuracy": 0.335625
  },
  "20": {
    "cen_loss": 2.4481703119277953,
    "cen_accuracy": 0.33525
  },
  "21": {
    "cen_loss": 2.728547578573227,
    "cen_accuracy": 0.315125
  },
  "22": {
    "cen_loss": 1.7445736974477768,
    "cen_accuracy": 0.417625
  },
  "23": {
    "cen_loss": 2.3857957711219786,
    "cen_accuracy": 0.352375
  },
  "24": {
    "cen_loss": 2.8762630224227905,
    "cen_accuracy": 0.3215
  },
  "25": {
    "cen_loss": 4.051486082553864,
    "cen_accuracy": 0.296625
  },
  "26": {
    "cen_loss": 2.452353204011917,
    "cen_accuracy": 0.302625
  },
  "27": {
    "cen_loss": 2.564841099023819,
    "cen_accuracy": 0.329375
  },
  "28": {
    "cen_loss": 2.358445196390152,
    "cen_accuracy": 0.292375
  },
  "29": {
    "cen_loss": 2.488430431842804,
    "cen_accuracy": 0.3645
  },
  "30": {
    "cen_loss": 2.3483238295316697,
    "cen_accuracy": 0.365
  },
  "31": {
    "cen_loss": 3.0014787118434905,
    "cen_accuracy": 0.34075
  },
  "32": {
    "cen_loss": 2.1554319541454317,
    "cen_accuracy": 0.391375
  },
  "33": {
    "cen_loss": 2.3737236456871034,
    "cen_accuracy": 0.31775
  },
  "34": {
    "cen_loss": 2.1217040361166,
    "cen_accuracy": 0.4425
  },
  "35": {
    "cen_loss": 2.0257886917591095,
    "cen_accuracy": 0.4505
  },
  "36": {
    "cen_loss": 3.075455533027649,
    "cen_accuracy": 0.260875
  },
  "37": {
    "cen_loss": 2.0279024863243102,
    "cen_accuracy": 0.396
  },
  "38": {
    "cen_loss": 2.622517272233963,
    "cen_accuracy": 0.378
  },
  "39": {
    "cen_loss": 2.070644472002983,
    "cen_accuracy": 0.438375
  },
  "40": {
    "cen_loss": 2.391090960264206,
    "cen_accuracy": 0.438
  },
  "41": {
    "cen_loss": 1.409130912065506,
    "cen_accuracy": 0.527
  },
  "42": {
    "cen_loss": 4.098324735641479,
    "cen_accuracy": 0.328625
  },
  "43": {
    "cen_loss": 4.152528730869293,
    "cen_accuracy": 0.265375
  },
  "44": {
    "cen_loss": 2.457323783516884,
    "cen_accuracy": 0.4055
  },
  "45": {
    "cen_loss": 2.1842219650745394,
    "cen_accuracy": 0.37275
  },
  "46": {
    "cen_loss": 1.5905149488449097,
    "cen_accuracy": 0.470625
  },
  "47": {
    "cen_loss": 2.001627868652344,
    "cen_accuracy": 0.46275
  },
  "48": {
    "cen_loss": 4.037095948696137,
    "cen_accuracy": 0.213125
  },
  "49": {
    "cen_loss": 3.967410225391388,
    "cen_accuracy": 0.275625
  },
  "50": {
    "cen_loss": 6.263682849884034,
    "cen_accuracy": 0.208875
  },
  "51": {
    "cen_loss": 2.730821401834488,
    "cen_accuracy": 0.343
  },
  "52": {
    "cen_loss": 1.7743660579919815,
    "cen_accuracy": 0.466625
  },
  "53": {
    "cen_loss": 3.2511276895999908,
    "cen_accuracy": 0.34725
  },
  "54": {
    "cen_loss": 3.3187932512760163,
    "cen_accuracy": 0.304625
  },
  "55": {
    "cen_loss": 2.0148772362470626,
    "cen_accuracy": 0.4725
  },
  "56": {
    "cen_loss": 1.9623228628635407,
    "cen_accuracy": 0.461875
  },
  "57": {
    "cen_loss": 2.443910318493843,
    "cen_accuracy": 0.393125
  },
  "58": {
    "cen_loss": 1.6009731032848358,
    "cen_accuracy": 0.473625
  },
  "59": {
    "cen_loss": 2.2242014697790147,
    "cen_accuracy": 0.40775
  },
  "60": {
    "cen_loss": 2.1901407287120818,
    "cen_accuracy": 0.430875
  },
  "61": {
    "cen_loss": 1.9181304088830948,
    "cen_accuracy": 0.516
  },
  "62": {
    "cen_loss": 2.5962762398719788,
    "cen_accuracy": 0.395125
  },
  "63": {
    "cen_loss": 2.2820300595760346,
    "cen_accuracy": 0.388375
  },
  "64": {
    "cen_loss": 3.0039491589069365,
    "cen_accuracy": 0.374625
  },
  "65": {
    "cen_loss": 1.995140548825264,
    "cen_accuracy": 0.4345
  },
  "66": {
    "cen_loss": 2.012558811903,
    "cen_accuracy": 0.4525
  },
  "67": {
    "cen_loss": 1.777811615228653,
    "cen_accuracy": 0.481875
  },
  "68": {
    "cen_loss": 1.4442811869382859,
    "cen_accuracy": 0.531625
  },
  "69": {
    "cen_loss": 1.243619793653488,
    "cen_accuracy": 0.579875
  },
  "70": {
    "cen_loss": 1.388070548772812,
    "cen_accuracy": 0.556625
  },
  "71": {
    "cen_loss": 2.1332436239719392,
    "cen_accuracy": 0.442
  },
  "72": {
    "cen_loss": 1.8834665911197663,
    "cen_accuracy": 0.4665
  },
  "73": {
    "cen_loss": 1.601990322947502,
    "cen_accuracy": 0.522375
  },
  "74": {
    "cen_loss": 1.4979641152620315,
    "cen_accuracy": 0.55975
  },
  "75": {
    "cen_loss": 1.8198358113765716,
    "cen_accuracy": 0.466625
  },
  "76": {
    "cen_loss": 1.4075775847434997,
    "cen_accuracy": 0.5515
  },
  "77": {
    "cen_loss": 2.164988585472107,
    "cen_accuracy": 0.4595
  },
  "78": {
    "cen_loss": 2.815607410311699,
    "cen_accuracy": 0.389125
  },
  "79": {
    "cen_loss": 2.2716548570394517,
    "cen_accuracy": 0.38925
  },
  "80": {
    "cen_loss": 2.776961373090744,
    "cen_accuracy": 0.32875
  },
  "81": {
    "cen_loss": 2.0796686251163483,
    "cen_accuracy": 0.46675
  },
  "82": {
    "cen_loss": 2.4206177587509154,
    "cen_accuracy": 0.38925
  },
  "83": {
    "cen_loss": 1.4110514092445374,
    "cen_accuracy": 0.5565
  },
  "84": {
    "cen_loss": 1.6807388310432434,
    "cen_accuracy": 0.544
  },
  "85": {
    "cen_loss": 2.4801635925769805,
    "cen_accuracy": 0.440625
  },
  "86": {
    "cen_loss": 1.5296457488536834,
    "cen_accuracy": 0.533625
  },
  "87": {
    "cen_loss": 2.3524292764663697,
    "cen_accuracy": 0.413125
  },
  "88": {
    "cen_loss": 1.9289531935453414,
    "cen_accuracy": 0.468125
  },
  "89": {
    "cen_loss": 1.5562568616867065,
    "cen_accuracy": 0.53275
  },
  "90": {
    "cen_loss": 1.6051328952908517,
    "cen_accuracy": 0.546625
  },
  "91": {
    "cen_loss": 2.1752400024533274,
    "cen_accuracy": 0.3505
  },
  "92": {
    "cen_loss": 2.0034596140384675,
    "cen_accuracy": 0.4165
  },
  "93": {
    "cen_loss": 1.5702255464792252,
    "cen_accuracy": 0.48575
  },
  "94": {
    "cen_loss": 1.663118191063404,
    "cen_accuracy": 0.524125
  },
  "95": {
    "cen_loss": 1.8930732191801072,
    "cen_accuracy": 0.471875
  },
  "96": {
    "cen_loss": 2.137576136827469,
    "cen_accuracy": 0.4375
  },
  "97": {
    "cen_loss": 1.4525416991710662,
    "cen_accuracy": 0.561125
  },
  "98": {
    "cen_loss": 2.5975243734121323,
    "cen_accuracy": 0.41875
  },
  "99": {
    "cen_loss": 1.3784850394129753,
    "cen_accuracy": 0.551375
  },
  "100": {
    "cen_loss": 1.3784850394129753,
    "cen_accuracy": 0.551375
  },
  "101": {
    "cen_loss": 1.3784850394129753,