{
  "0": {
    "cen_loss": 2.302588568687439,
    "cen_accuracy": 0.10075
  },
  "1": {
    "cen_loss": 2.302588568687439,
    "cen_accuracy": 0.10075
  },
  "2": {
    "cen_loss": 2.7270572352409364,
    "cen_accuracy": 0.1005
  },
  "3": {
    "cen_loss": 2.649236788749695,
    "cen_accuracy": 0.0995
  },
  "4": {
    "cen_loss": 2.760450704574585,
    "cen_accuracy": 0.099125
  },
  "5": {
    "cen_loss": 2.6996745085716247,
    "cen_accuracy": 0.1005
  },
  "6": {
    "cen_loss": 3.5766285724639895,
    "cen_accuracy": 0.10075
  },
  "7": {
    "cen_loss": 4.731040823936462,
    "cen_accuracy": 0.099125
  },
  "8": {
    "cen_loss": 3.4987403392791747,
    "cen_accuracy": 0.104
  },
  "9": {
    "cen_loss": 2.4426157686710357,
    "cen_accuracy": 0.17575
  },
  "10": {
    "cen_loss": 1.8611049857139588,
    "cen_accuracy": 0.337
  },
  "11": {
    "cen_loss": 3.3360234746932984,
    "cen_accuracy": 0.14975
  },
  "12": {
    "cen_loss": 2.0247403333187104,
    "cen_accuracy": 0.325
  },
  "13": {
    "cen_loss": 2.7251213927268982,
    "cen_accuracy": 0.335
  },
  "14": {
    "cen_loss": 3.337809203386307,
    "cen_accuracy": 0.2645
  },
  "15": {
    "cen_loss": 2.8582043526172636,
    "cen_accuracy": 0.3365
  },
  "16": {
    "cen_loss": 2.1350526139736177,
    "cen_accuracy": 0.301875
  },
  "17": {
    "cen_loss": 1.8933507766723632,
    "cen_accuracy": 0.37775
  },
  "18": {
    "cen_loss": 1.5199388077259064,
    "cen_accuracy": 0.47675
  },
  "19": {
    "cen_loss": 1.535172563791275,
    "cen_accuracy": 0.4465
  },
  "20": {
    "cen_loss": 1.516979637503624,
    "cen_accuracy": 0.46825
  },
  "21": {
    "cen_loss": 2.152361853837967,
    "cen_accuracy": 0.358
  },
  "22": {
    "cen_loss": 3.8319057064056397,
    "cen_accuracy": 0.329625
  },
  "23": {
    "cen_loss": 2.5039842870235445,
    "cen_accuracy": 0.311
  },
  "24": {
    "cen_loss": 2.120675227165222,
    "cen_accuracy": 0.3955
  },
  "25": {
    "cen_loss": 1.5108698958158493,
    "cen_accuracy": 0.499125
  },
  "26": {
    "cen_loss": 1.7329590126276015,
    "cen_accuracy": 0.5125
  },
  "27": {
    "cen_loss": 1.5822641799449921,
    "cen_accuracy": 0.456625
  },
  "28": {
    "cen_loss": 1.1999273702502251,
    "cen_accuracy": 0.5755
  },
  "29": {
    "cen_loss": 1.7400243452787398,
    "cen_accuracy": 0.42825
  },
  "30": {
    "cen_loss": 1.9184833047389984,
    "cen_accuracy": 0.4035
  },
  "31": {
    "cen_loss": 1.6835718965530395,
    "cen_accuracy": 0.52425
  },
  "32": {
    "cen_loss": 2.084475683569908,
    "cen_accuracy": 0.3705
  },
  "33": {
    "cen_loss": 2.65508203625679,
    "cen_accuracy": 0.312625
  },
  "34": {
    "cen_loss": 1.5543833976984025,
    "cen_accuracy": 0.477375
  },
  "35": {
    "cen_loss": 1.7019812327623367,
    "cen_accuracy": 0.485125
  },
  "36": {
    "cen_loss": 1.9391536283493043,
    "cen_accuracy": 0.466125
  },
  "37": {
    "cen_loss": 1.9132769302129746,
    "cen_accuracy": 0.46925
  },
  "38": {
    "cen_loss": 2.585741553783417,
    "cen_accuracy": 0.369
  },
  "39": {
    "cen_loss": 1.4047064654827117,
    "cen_accuracy": 0.528875
  },
  "40": {
    "cen_loss": 1.3195908467769624,
    "cen_accuracy": 0.563625
  },
  "41": {
    "cen_loss": 1.912201466202736,
    "cen_accuracy": 0.452125
  },
  "42": {
    "cen_loss": 2.032311200380325,
    "cen_accuracy": 0.48925
  },
  "43": {
    "cen_loss": 1.6471397063732147,
    "cen_accuracy": 0.478625
  },
  "44": {
    "cen_loss": 1.7985265120267868,
    "cen_accuracy": 0.503625
  },
  "45": {
    "cen_loss": 1.0109298050403595,
    "cen_accuracy": 0.640875
  },
  "46": {
    "cen_loss": 1.7067968247532845,
    "cen_accuracy": 0.52475
  },
  "47": {
    "cen_loss": 1.1952651274204253,
    "cen_accuracy": 0.57025
  },
  "48": {
    "cen_loss": 2.1622804799079893,
    "cen_accuracy": 0.397625
  },
  "49": {
    "cen_loss": 1.4221771314144134,
    "cen_accuracy": 0.55225
  },
  "50": {
    "cen_loss": 1.7031931043863298,
    "cen_accuracy": 0.522875
  },
  "51": {
    "cen_loss": 1.1091222001314163,
    "cen_accuracy": 0.605875
  },
  "52": {
    "cen_loss": 1.3101017809510231,
    "cen_accuracy": 0.553
  },
  "53": {
    "cen_loss": 1.9282715934515,
    "cen_accuracy": 0.4465
  },
  "54": {
    "cen_loss": 1.5858199121952057,
    "cen_accuracy": 0.482
  },
  "55": {
    "cen_loss": 1.5726260622739792,
    "cen_accuracy": 0.535
  },
  "56": {
    "cen_loss": 1.1999111763238908,
    "cen_accuracy": 0.569375
  },
  "57": {
    "cen_loss": 1.0582686661481857,
    "cen_accuracy": 0.6295
  },
  "58": {
    "cen_loss": 0.983336988210678,
    "cen_accuracy": 0.655
  },
  "59": {
    "cen_loss": 1.3601710970401764,
    "cen_accuracy": 0.599125
  },
  "60": {
    "cen_loss": 2.3543654571771624,
    "cen_accuracy": 0.468625
  },
  "61": {
    "cen_loss": 1.8287783398628235,
    "cen_accuracy": 0.458125
  },
  "62": {
    "cen_loss": 1.3330516145229339,
    "cen_accuracy": 0.57675
  },
  "63": {
    "cen_loss": 1.2638344299197197,
    "cen_accuracy": 0.580875
  },
  "64": {
    "cen_loss": 1.8699190385341644,
    "cen_accuracy": 0.480125
  },
  "65": {
    "cen_loss": 1.5243883810043335,
    "cen_accuracy": 0.572
  },
  "66": {
    "cen_loss": 1.4797100390195848,
    "cen_accuracy": 0.541125
  },
  "67": {
    "cen_loss": 1.2993417516946792,
    "cen_accuracy": 0.579625
  },
  "68": {
    "cen_loss": 2.0699256287813186,
    "cen_accuracy": 0.4785
  },
  "69": {
    "cen_loss": 1.196351794064045,
    "cen_accuracy": 0.594875
  },
  "70": {
    "cen_loss": 1.1531600493192673,
    "cen_accuracy": 0.604125
  },
  "71": {
    "cen_loss": 1.2369439749121667,
    "cen_accuracy": 0.618625
  },
  "72": {
    "cen_loss": 1.0813077512979508,
    "cen_accuracy": 0.6485
  },
  "73": {
    "cen_loss": 1.6919036164283752,
    "cen_accuracy": 0.531875
  },
  "74": {
    "cen_loss": 0.9856025679707527,
    "cen_accuracy": 0.6645
  },
  "75": {
    "cen_loss": 1.0595676091313362,
    "cen_accuracy": 0.67225
  },
  "76": {
    "cen_loss": 1.2744707140326499,
    "cen_accuracy": 0.6195
  },
  "77": {
    "cen_loss": 1.2414664915204048,
    "cen_accuracy": 0.611
  },
  "78": {
    "cen_loss": 1.2403076060414315,
    "cen_accuracy": 0.582125
  },
  "79": {
    "cen_loss": 0.9952752142250538,
    "cen_accuracy": 0.66225
  },
  "80": {
    "cen_loss": 1.462061425089836,
    "cen_accuracy": 0.567
  },
  "81": {
    "cen_loss": 1.4991547689437865,
    "cen_accuracy": 0.537375
  },
  "82": {
    "cen_loss": 1.55487841629982,
    "cen_accuracy": 0.513
  },
  "83": {
    "cen_loss": 0.8344061953127384,
    "cen_accuracy": 0.71175
  },
  "84": {
    "cen_loss": 1.100447393000126,
    "cen_accuracy": 0.639375
  },
  "85": {
    "cen_loss": 1.215962156355381,
    "cen_accuracy": 0.616625
  },
  "86": {
    "cen_loss": 1.1885978256464005,
    "cen_accuracy": 0.6045
  },
  "87": {
    "cen_loss": 1.141333568394184,
    "cen_accuracy": 0.617875
  },
  "88": {
    "cen_loss": 1.7299309894442558,
    "cen_accuracy": 0.514125
  },
  "89": {
    "cen_loss": 1.4204302843511105,
    "cen_accuracy": 0.594375
  },
  "90": {
    "cen_loss": 1.5452703518271447,
    "cen_accuracy": 0.5845
  },
  "91": {
    "cen_loss": 0.8826314432322979,
    "cen_accuracy": 0.700625
  },
  "92": {
    "cen_loss": 1.0751168640851974,
    "cen_accuracy": 0.6595
  },
  "93": {
    "cen_loss": 0.9878146090507507,
    "cen_accuracy": 0.68175
  },
  "94": {
    "cen_loss": 0.8260205837041139,
    "cen_accuracy": 0.715
  },
  "95": {
    "cen_loss": 1.0258054701089858,
    "cen_accuracy": 0.661625
  },
  "96": {
    "cen_loss": 0.7904136218726635,
    "cen_accuracy": 0.731625
  },
  "97": {
    "cen_loss": 1.0717174557447433,
    "cen_accuracy": 0.644625
  },
  "98": {
    "cen_loss": 1.5880498646497727,
    "cen_accuracy": 0.55475
  },
  "99": {
    "cen_loss": 1.0548707818388938,
    "cen_accuracy": 0.648125
  },
  "100": {
    "cen_loss": 1.5255275184512138,
    "cen_accuracy": 0.543375
  },
  "101": {
    "cen_loss": 1.0127934649586678,