{
  "2": {
    "total_mJ": 209194982.4999386,
    "total_ceq": 15.7331443338084,
    "num_expired_thresh": 0,
    "num_depleted": 0,
    "num_transmited_bytes": 429442944,
    "num_participants": 10
  },
  "3": {
    "total_mJ": 3205416266.2247667,
    "total_ceq": 241.09322601840728,
    "num_expired_thresh": 0,
    "num_depleted": 0,
    "num_transmited_bytes": 429442944,
    "num_participants": 10
  },
  "4": {
    "total_mJ": 1577688414.4031403,
    "total_ceq": 118.5039691362557,
    "num_expired_thresh": 0,
    "num_depleted": 0,
    "num_transmited_bytes": 429442944,
    "num_participants": 10
  },
  "5": {
    "total_mJ": 851222464.1322136,
    "total_ceq": 64.1498891999652,
    "num_expired_thresh": 0,
    "num_depleted": 0,
    "num_transmited_bytes": 429442944,
    "num_participants": 10
  },
  "6": {
    "total_mJ": 336965821.722645,
    "total_ceq": 25.467945806299156,
    "num_expired_thresh": 0,
    "num_depleted": 0,
    "num_transmited_bytes": 429442944,
    "num_participants": 10
  },
  "7": {
    "total_mJ": 623715036.6506624,
    "total_ceq": 47.29921102858328,
    "num_expired_thresh": 0,
    "num_depleted": 0,
    "num_transmited_bytes": 429442944,
    "num_participants": 10
  },
  "8": {
    "total_mJ": 808553807.7323349,
    "total_ceq": 60.98679092056928,
    "num_expired_thresh": 0,
    "num_depleted": 0,
    "num_transmited_bytes": 429442944,
    "num_participants": 10
  },
  "9": {
    "total_mJ": 1585209952.5828238,
    "total_ceq": 118.33171083653465,
    "num_expired_thresh": 0,
    "num_depleted": 0,
    "num_transmited_bytes": 429442944,
    "num_participants": 10
  },
  "10": {
    "total_mJ": 990316419.5908316,
    "total_ceq": 74.85767730592273,
    "num_expired_thresh": 0,
    "num_depleted": 0,
    "num_transmited_bytes": 429442944,
    "num_participants": 10
  },
  "11": {
    "total_mJ": 848578843.2736447,
    "total_ceq": 63.965358267451066,
    "num_expired_thresh": 0,
    "num_depleted": 0,
    "num_transmited_bytes": 429442944,
    "num_participants": 10
  },
  "12": {
    "total_mJ": 1085324837.975868,
    "total_ceq": 82.28716187979218,
    "num_expired_thresh": 0,
    "num_depleted": 0,
    "num_transmited_bytes": 429442944,
    "num_participants": 10
  },
  "13": {
    "total_mJ": 522332023.5339361,
    "total_ceq": 39.08330227674032,
    "num_expired_thresh": 0,
    "num_depleted": 0,
    "num_transmited_bytes": 429442944,
    "num_participants": 10
  },
  "14": {
    "total_mJ": 976624739.5695517,
    "total_ceq": 73.59511835157274,
    "num_expired_thresh": 0,
    "num_depleted": 0,
    "num_transmited_bytes": 429442944,
    "num_participants": 10
  },
  "15": {
    "total_mJ": 267215896.4813679,
    "total_ceq": 20.148889722151118,
    "num_expired_thresh": 0,
    "num_depleted": 0,
    "num_transmited_bytes": 429442944,
    "num_participants": 10
  },
  "16": {
    "total_mJ": 2280397595.0693545,
    "total_ceq": 173.1466495014945,
    "num_expired_thresh": 0,
    "num_depleted": 0,
    "num_transmited_bytes": 429442944,
    "num_participants": 10
  },
  "17": {
    "total_mJ": 266262374.84199256,
    "total_ceq": 20.122348363232152,
    "num_expired_thresh": 0,
    "num_depleted": 0,
    "num_transmited_bytes": 429442944,
    "num_participants": 10
  },
  "18": {
    "total_mJ": 1023679093.3245275,
    "total_ceq": 76.45767176238449,
    "num_expired_thresh": 0,
    "num_depleted": 0,
    "num_transmited_bytes": 429442944,
    "num_participants": 10
  },
  "19": {
    "total_mJ": 484406939.40787,
    "total_ceq": 36.11342014547583,
    "num_expired_thresh": 0,
    "num_depleted": 0,
    "num_transmited_bytes": 429442944,
    "num_participants": 10
  },
  "20": {
    "total_mJ": 986804681.6313083,
    "total_ceq": 74.45772288916358,
    "num_expired_thresh": 0,
    "num_depleted": 0,
    "num_transmited_bytes": 429442944,
    "num_participants": 10
  },
  "21": {
    "total_mJ": 473186868.0476965,
    "total_ceq": 35.52940755256245,
    "num_expired_thresh": 0,
    "num_depleted": 0,
    "num_transmited_bytes": 429442944,
    "num_participants": 10
  },
  "22": {
    "total_mJ": 799629792.1880901,
    "total_ceq": 59.84780384994709,
    "num_expired_thresh": 0,
    "num_depleted": 0,
    "num_transmited_bytes": 429442944,
    "num_participants": 10
  },
  "23": {
    "total_mJ": 1579132622.4497886,
    "total_ceq": 119.00252326302625,
    "num_expired_thresh": 0,
    "num_depleted": 0,
    "num_transmited_bytes": 429442944,
    "num_participants": 10
  },
  "24": {
    "total_mJ": 870167007.010079,
    "total_ceq": 65.55388602606217,
    "num_expired_thresh": 0,
    "num_depleted": 0,
    "num_transmited_bytes": 429442944,
    "num_participants": 10
  },
  "25": {
    "total_mJ": 1462106541.5158997,
    "total_ceq": 108.74704191769375,
    "num_expired_thresh": 0,
    "num_depleted": 0,
    "num_transmited_bytes": 429442944,
    "num_participants": 10
  },
  "26": {
    "total_mJ": 2246044891.3741026,
    "total_ceq": 169.47896368359727,
    "num_expired_thresh": 0,
    "num_depleted": 0,
    "num_transmited_bytes": 429442944,
    "num_participants": 10
  },
  "27": {
    "total_mJ": 501681750.10229295,
    "total_ceq": 37.27539058518739,
    "num_expired_thresh": 0,
    "num_depleted": 0,
    "num_transmited_bytes": 787312064,
    "num_participants": 10
  },
  "28": {
    "total_mJ": 1612160221.8441424,
    "total_ceq": 122.58738444736535,
    "num_expired_thresh": 0,
    "num_depleted": 0,
    "num_transmited_bytes": 787312064,
    "num_participants": 10
  },
  "29": {
    "total_mJ": 1614555695.097755,
    "total_ceq": 121.36383911255143,
    "num_expired_thresh": 0,
    "num_depleted": 0,
    "num_transmited_bytes": 787312064,
    "num_participants": 10
  },
  "30": {
    "total_mJ": 2267412105.132841,
    "total_ceq": 170.18552343081524,
    "num_expired_thresh": 0,
    "num_depleted": 0,
    "num_transmited_bytes": 787312064,
    "num_participants": 10
  },
  "31": {
    "total_mJ": 4604840231.827041,
    "total_ceq": 347.18100188331476,
    "num_expired_thresh": 0,
    "num_depleted": 0,
    "num_transmited_bytes": 787312064,
    "num_participants": 10
  },
  "32": {
    "total_mJ": 1429706757.4740431,
    "total_ceq": 108.2952938821395,
    "num_expired_thresh": 0,
    "num_depleted": 0,
    "num_transmited_bytes": 787312064,
    "num_participants": 10
  },
  "33": {
    "total_mJ": 1969811454.23786,
    "total_ceq": 148.71943079184595,
    "num_expired_thresh": 0,
    "num_depleted": 0,
    "num_transmited_bytes": 787312064,
    "num_participants": 10
  },
  "34": {
    "total_mJ": 1614518778.4948077,
    "total_ceq": 121.8975113979917,
    "num_expired_thresh": 0,
    "num_depleted": 0,
    "num_transmited_bytes": 787312064,
    "num_participants": 10
  },
  "35": {
    "total_mJ": 1374559226.7241123,
    "total_ceq": 104.26345713725651,
    "num_expired_thresh": 0,
    "num_depleted": 0,
    "num_transmited_bytes": 787312064,
    "num_participants": 10
  },
  "36": {
    "total_mJ": 1120107524.7725163,
    "total_ceq": 85.1322451749965,
    "num_expired_thresh": 0,
    "num_depleted": 0,
    "num_transmited_bytes": 787312064,
    "num_participants": 10
  },
  "37": {
    "total_mJ": 4596636073.672506,
    "total_ceq": 347.066079415755,
    "num_expired_thresh": 0,
    "num_depleted": 0,
    "num_transmited_bytes": 787312064,
    "num_participants": 10
  },
  "38": {
    "total_mJ": 1350219037.5710359,
    "total_ceq": 102.13985766095605,
    "num_expired_thresh": 0,
    "num_depleted": 0,
    "num_transmited_bytes": 787312064,
    "num_participants": 10
  },
  "39": {
    "total_mJ": 1988307970.6749635,
    "total_ceq": 151.59816440146056,
    "num_expired_thresh": 0,
    "num_depleted": 0,
    "num_transmited_bytes": 787312064,
    "num_participants": 10
  },
  "40": {
    "total_mJ": 1965500958.211476,
    "total_ceq": 148.25273588158848,
    "num_expired_thresh": 0,
    "num_depleted": 0,
    "num_transmited_bytes": 787312064,
    "num_participants": 10
  },