{
  "0": {
    "cen_loss": 2.30263138961792,
    "cen_accuracy": 0.10175
  },
  "1": {
    "cen_loss": 2.30263138961792,
    "cen_accuracy": 0.10175
  },
  "2": {
    "cen_loss": 4.2263334612846375,
    "cen_accuracy": 0.1
  },
  "3": {
    "cen_loss": 4.183463936805725,
    "cen_accuracy": 0.1
  },
  "4": {
    "cen_loss": 4.388145495891571,
    "cen_accuracy": 0.14075
  },
  "5": {
    "cen_loss": 4.037934973716736,
    "cen_accuracy": 0.1
  },
  "6": {
    "cen_loss": 4.746472813606262,
    "cen_accuracy": 0.11275
  },
  "7": {
    "cen_loss": 3.874280670642853,
    "cen_accuracy": 0.122
  },
  "8": {
    "cen_loss": 3.10088543176651,
    "cen_accuracy": 0.222875
  },
  "9": {
    "cen_loss": 2.384471062421799,
    "cen_accuracy": 0.309875
  },
  "10": {
    "cen_loss": 1.6283939605355262,
    "cen_accuracy": 0.502625
  },
  "11": {
    "cen_loss": 2.2633156085014345,
    "cen_accuracy": 0.383
  },
  "12": {
    "cen_loss": 2.1671488958597185,
    "cen_accuracy": 0.39575
  },
  "13": {
    "cen_loss": 2.130267314195633,
    "cen_accuracy": 0.41325
  },
  "14": {
    "cen_loss": 1.8786372061967849,
    "cen_accuracy": 0.480375
  },
  "15": {
    "cen_loss": 1.7416346133947374,
    "cen_accuracy": 0.50225
  },
  "16": {
    "cen_loss": 1.7873551790714264,
    "cen_accuracy": 0.49725
  },
  "17": {
    "cen_loss": 1.6656499623060226,
    "cen_accuracy": 0.527375
  },
  "18": {
    "cen_loss": 1.660443037211895,
    "cen_accuracy": 0.537375
  },
  "19": {
    "cen_loss": 1.5841050978899003,
    "cen_accuracy": 0.553875
  },
  "20": {
    "cen_loss": 1.637099564909935,
    "cen_accuracy": 0.565
  },
  "21": {
    "cen_loss": 1.641574634820223,
    "cen_accuracy": 0.546125
  },
  "22": {
    "cen_loss": 1.5447225999832153,
    "cen_accuracy": 0.5685
  },
  "23": {
    "cen_loss": 1.6599270998239517,
    "cen_accuracy": 0.54475
  },
  "24": {
    "cen_loss": 1.6333849499821662,
    "cen_accuracy": 0.559375
  },
  "25": {
    "cen_loss": 1.6170602127313614,
    "cen_accuracy": 0.565125
  },
  "26": {
    "cen_loss": 1.4912321051955224,
    "cen_accuracy": 0.5995
  },
  "27": {
    "cen_loss": 1.4369676285982131,
    "cen_accuracy": 0.608375
  },
  "28": {
    "cen_loss": 1.5047342256903649,
    "cen_accuracy": 0.59825
  },
  "29": {
    "cen_loss": 1.5511378509402276,
    "cen_accuracy": 0.582375
  },
  "30": {
    "cen_loss": 1.524798057064414,
    "cen_accuracy": 0.598625
  },
  "31": {
    "cen_loss": 1.4036544594168663,
    "cen_accuracy": 0.616875
  },
  "32": {
    "cen_loss": 1.298236746042967,
    "cen_accuracy": 0.63225
  },
  "33": {
    "cen_loss": 1.2754707930088043,
    "cen_accuracy": 0.638
  },
  "34": {
    "cen_loss": 1.395511523604393,
    "cen_accuracy": 0.619125
  },
  "35": {
    "cen_loss": 1.5328874396979808,
    "cen_accuracy": 0.5985
  },
  "36": {
    "cen_loss": 1.3517534496188164,
    "cen_accuracy": 0.62
  },
  "37": {
    "cen_loss": 1.3655719661712646,
    "cen_accuracy": 0.631
  },
  "38": {
    "cen_loss": 1.438861109316349,
    "cen_accuracy": 0.619
  },
  "39": {
    "cen_loss": 1.2529130190610887,
    "cen_accuracy": 0.647
  },
  "40": {
    "cen_loss": 1.2789497700035573,
    "cen_accuracy": 0.651375
  },
  "41": {
    "cen_loss": 1.237208916693926,
    "cen_accuracy": 0.651
  },
  "42": {
    "cen_loss": 1.2600469365417957,
    "cen_accuracy": 0.6475
  },
  "43": {
    "cen_loss": 1.2791399776935577,
    "cen_accuracy": 0.653875
  },
  "44": {
    "cen_loss": 1.3356746080219746,
    "cen_accuracy": 0.639375
  },
  "45": {
    "cen_loss": 1.2793896351456642,
    "cen_accuracy": 0.659
  },
  "46": {
    "cen_loss": 1.3026956806480885,
    "cen_accuracy": 0.65075
  },
  "47": {
    "cen_loss": 1.1486235256791115,
    "cen_accuracy": 0.677875
  },
  "48": {
    "cen_loss": 1.2138570349514484,
    "cen_accuracy": 0.66425
  },
  "49": {
    "cen_loss": 1.2189927292764187,
    "cen_accuracy": 0.671125
  },
  "50": {
    "cen_loss": 1.2754179619550705,
    "cen_accuracy": 0.675125
  },
  "51": {
    "cen_loss": 1.1043281071484088,
    "cen_accuracy": 0.685125
  },
  "52": {
    "cen_loss": 1.1001470787227154,
    "cen_accuracy": 0.692375
  },
  "53": {
    "cen_loss": 1.1353887039124966,
    "cen_accuracy": 0.681875
  },
  "54": {
    "cen_loss": 1.0795719527751206,
    "cen_accuracy": 0.689625
  },
  "55": {
    "cen_loss": 1.2989544998258353,
    "cen_accuracy": 0.659125
  },
  "56": {
    "cen_loss": 1.1152106168568134,
    "cen_accuracy": 0.6835
  },
  "57": {
    "cen_loss": 1.1695820647329092,
    "cen_accuracy": 0.67775
  },
  "58": {
    "cen_loss": 1.173621960490942,
    "cen_accuracy": 0.683125
  },
  "59": {
    "cen_loss": 1.1171950541436673,
    "cen_accuracy": 0.685875
  },
  "60": {
    "cen_loss": 1.228894970804453,
    "cen_accuracy": 0.678
  },
  "61": {
    "cen_loss": 1.129209584504366,
    "cen_accuracy": 0.695375
  },
  "62": {
    "cen_loss": 1.1451734783947467,
    "cen_accuracy": 0.687125
  },
  "63": {
    "cen_loss": 1.071187816619873,
    "cen_accuracy": 0.6975
  },
  "64": {
    "cen_loss": 1.1339058473706245,
    "cen_accuracy": 0.688375
  },
  "65": {
    "cen_loss": 1.1346891629397868,
    "cen_accuracy": 0.68825
  },
  "66": {
    "cen_loss": 1.1390967424511909,
    "cen_accuracy": 0.686625
  },
  "67": {
    "cen_loss": 1.0061771307885647,
    "cen_accuracy": 0.7025
  },
  "68": {
    "cen_loss": 1.0960442999750375,
    "cen_accuracy": 0.68775
  },
  "69": {
    "cen_loss": 1.0013773152828216,
    "cen_accuracy": 0.708875
  },
  "70": {
    "cen_loss": 1.0457632059901953,
    "cen_accuracy": 0.7085
  },
  "71": {
    "cen_loss": 0.9795966961979866,
    "cen_accuracy": 0.714375
  },
  "72": {
    "cen_loss": 1.0691036617308856,
    "cen_accuracy": 0.70125
  },
  "73": {
    "cen_loss": 1.0748681391477586,
    "cen_accuracy": 0.70125
  },
  "74": {
    "cen_loss": 0.9994496798068285,
    "cen_accuracy": 0.7145
  },
  "75": {
    "cen_loss": 0.9389468206912279,
    "cen_accuracy": 0.727
  },
  "76": {
    "cen_loss": 1.022719906255603,
    "cen_accuracy": 0.71625
  },
  "77": {
    "cen_loss": 1.0393109151273965,
    "cen_accuracy": 0.720625
  },
  "78": {
    "cen_loss": 0.9962070134654641,
    "cen_accuracy": 0.7165
  },
  "79": {
    "cen_loss": 0.9776756727471948,
    "cen_accuracy": 0.724375
  },
  "80": {
    "cen_loss": 1.011553528815508,
    "cen_accuracy": 0.723625
  },
  "81": {
    "cen_loss": 1.0358175058066845,
    "cen_accuracy": 0.70775
  },
  "82": {
    "cen_loss": 1.0023352494835853,
    "cen_accuracy": 0.717875
  },
  "83": {
    "cen_loss": 0.9687671972960233,
    "cen_accuracy": 0.72325
  },
  "84": {
    "cen_loss": 1.0527790623903275,
    "cen_accuracy": 0.708
  },
  "85": {
    "cen_loss": 1.0858897883594036,
    "cen_accuracy": 0.702125
  },
  "86": {
    "cen_loss": 1.0099481421411038,
    "cen_accuracy": 0.711625
  },
  "87": {
    "cen_loss": 0.9624309732466936,
    "cen_accuracy": 0.721875
  },
  "88": {
    "cen_loss": 0.9489940897971392,
    "cen_accuracy": 0.72675
  },
  "89": {
    "cen_loss": 1.0147429017871619,
    "cen_accuracy": 0.71925
  },
  "90": {
    "cen_loss": 1.0892503740787507,
    "cen_accuracy": 0.713625
  },
  "91": {
    "cen_loss": 1.006926465690136,
    "cen_accuracy": 0.7125
  },
  "92": {
    "cen_loss": 0.9937845020890236,
    "cen_accuracy": 0.725375
  },
  "93": {
    "cen_loss": 0.983725425183773,
    "cen_accuracy": 0.72625
  },
  "94": {
    "cen_loss": 0.9423389704227447,
    "cen_accuracy": 0.73925
  },
  "95": {
    "cen_loss": 0.9398597031980753,
    "cen_accuracy": 0.7355
  },
  "96": {
    "cen_loss": 0.9717770580351353,
    "cen_accuracy": 0.73275
  },
  "97": {
    "cen_loss": 0.9730810955166816,
    "cen_accuracy": 0.7295
  },
  "98": {
    "cen_loss": 0.922820980489254,
    "cen_accuracy": 0.735625
  },
  "99": {
    "cen_loss": 1.0041630031764508,
    "cen_accuracy": 0.729125
  },
  "100": {
    "cen_loss": 0.9732864554300904,
    "cen_accuracy": 0.739625
  },
  "101": {
    "cen_loss": 0.9409496490210295,