{
  "0": {
    "cen_loss": 2.3027670545578003,
    "cen_accuracy": 0.0985
  },
  "1": {
    "cen_loss": 2.3027670545578003,
    "cen_accuracy": 0.0985
  },
  "2": {
    "cen_loss": 3.4900027990341185,
    "cen_accuracy": 0.100375
  },
  "3": {
    "cen_loss": 4.600932547092437,
    "cen_accuracy": 0.099875
  },
  "4": {
    "cen_loss": 5.312858942985534,
    "cen_accuracy": 0.099875
  },
  "5": {
    "cen_loss": 6.928083023071289,
    "cen_accuracy": 0.099875
  },
  "6": {
    "cen_loss": 6.0391037616729735,
    "cen_accuracy": 0.099875
  },
  "7": {
    "cen_loss": 4.45152984714508,
    "cen_accuracy": 0.1265
  },
  "8": {
    "cen_loss": 3.538038431406021,
    "cen_accuracy": 0.2045
  },
  "9": {
    "cen_loss": 2.9019012813568117,
    "cen_accuracy": 0.27125
  },
  "10": {
    "cen_loss": 1.5826048625707627,
    "cen_accuracy": 0.4955
  },
  "11": {
    "cen_loss": 2.33553334748745,
    "cen_accuracy": 0.346125
  },
  "12": {
    "cen_loss": 2.299135889172554,
    "cen_accuracy": 0.377875
  },
  "13": {
    "cen_loss": 1.8511234501600264,
    "cen_accuracy": 0.465
  },
  "14": {
    "cen_loss": 1.9504880976676942,
    "cen_accuracy": 0.458875
  },
  "15": {
    "cen_loss": 1.7809522179365158,
    "cen_accuracy": 0.498375
  },
  "16": {
    "cen_loss": 1.8258225709199905,
    "cen_accuracy": 0.494
  },
  "17": {
    "cen_loss": 1.7105085297822953,
    "cen_accuracy": 0.543125
  },
  "18": {
    "cen_loss": 1.4431945130825043,
    "cen_accuracy": 0.585625
  },
  "19": {
    "cen_loss": 1.663824080824852,
    "cen_accuracy": 0.5485
  },
  "20": {
    "cen_loss": 1.419527657777071,
    "cen_accuracy": 0.611875
  },
  "21": {
    "cen_loss": 1.4641625363230706,
    "cen_accuracy": 0.592875
  },
  "22": {
    "cen_loss": 1.5921063610315322,
    "cen_accuracy": 0.574125
  },
  "23": {
    "cen_loss": 1.4224439657330512,
    "cen_accuracy": 0.606
  },
  "24": {
    "cen_loss": 1.3945093477666377,
    "cen_accuracy": 0.602875
  },
  "25": {
    "cen_loss": 1.4682136472463607,
    "cen_accuracy": 0.604625
  },
  "26": {
    "cen_loss": 1.3132358340919017,
    "cen_accuracy": 0.633
  },
  "27": {
    "cen_loss": 1.2327174427211285,
    "cen_accuracy": 0.649
  },
  "28": {
    "cen_loss": 1.2996562179327011,
    "cen_accuracy": 0.636875
  },
  "29": {
    "cen_loss": 1.274518840789795,
    "cen_accuracy": 0.642625
  },
  "30": {
    "cen_loss": 1.231415993154049,
    "cen_accuracy": 0.660375
  },
  "31": {
    "cen_loss": 1.1980589019358159,
    "cen_accuracy": 0.661
  },
  "32": {
    "cen_loss": 1.1322628381103277,
    "cen_accuracy": 0.672125
  },
  "33": {
    "cen_loss": 1.1747982261925936,
    "cen_accuracy": 0.67025
  },
  "34": {
    "cen_loss": 1.104680424362421,
    "cen_accuracy": 0.689
  },
  "35": {
    "cen_loss": 1.1433543603122234,
    "cen_accuracy": 0.678
  },
  "36": {
    "cen_loss": 1.1805484337806702,
    "cen_accuracy": 0.676875
  },
  "37": {
    "cen_loss": 1.1688901781737804,
    "cen_accuracy": 0.679
  },
  "38": {
    "cen_loss": 1.1025795892477035,
    "cen_accuracy": 0.68525
  },
  "39": {
    "cen_loss": 1.1423266175687312,
    "cen_accuracy": 0.683
  },
  "40": {
    "cen_loss": 1.1392533865571022,
    "cen_accuracy": 0.6925
  },
  "41": {
    "cen_loss": 1.0985827749967576,
    "cen_accuracy": 0.6985
  },
  "42": {
    "cen_loss": 1.0559916944503784,
    "cen_accuracy": 0.703375
  },
  "43": {
    "cen_loss": 1.062433320850134,
    "cen_accuracy": 0.701375
  },
  "44": {
    "cen_loss": 1.067016667097807,
    "cen_accuracy": 0.7035
  },
  "45": {
    "cen_loss": 1.021977359354496,
    "cen_accuracy": 0.70825
  },
  "46": {
    "cen_loss": 1.1024263025224208,
    "cen_accuracy": 0.6995
  },
  "47": {
    "cen_loss": 1.078512489154935,
    "cen_accuracy": 0.7055
  },
  "48": {
    "cen_loss": 1.0250895853117108,
    "cen_accuracy": 0.7105
  },
  "49": {
    "cen_loss": 1.0426249066367745,
    "cen_accuracy": 0.709625
  },
  "50": {
    "cen_loss": 1.0699450495690108,
    "cen_accuracy": 0.706875
  },
  "51": {
    "cen_loss": 1.0123999110013246,
    "cen_accuracy": 0.719125
  },
  "52": {
    "cen_loss": 1.0748644804358483,
    "cen_accuracy": 0.7015
  },
  "53": {
    "cen_loss": 1.1133105597943067,
    "cen_accuracy": 0.7
  },
  "54": {
    "cen_loss": 0.9809074408859014,
    "cen_accuracy": 0.724625
  },
  "55": {
    "cen_loss": 0.9935325689092278,
    "cen_accuracy": 0.724
  },
  "56": {
    "cen_loss": 1.0153303628861905,
    "cen_accuracy": 0.719125
  },
  "57": {
    "cen_loss": 0.9798491461873055,
    "cen_accuracy": 0.7295
  },
  "58": {
    "cen_loss": 1.0142354289591313,
    "cen_accuracy": 0.72375
  },
  "59": {
    "cen_loss": 0.972654903024435,
    "cen_accuracy": 0.7355
  },
  "60": {
    "cen_loss": 1.006272922039032,
    "cen_accuracy": 0.736375
  },
  "61": {
    "cen_loss": 0.9568536606356501,
    "cen_accuracy": 0.733
  },
  "62": {
    "cen_loss": 0.9848427172005176,
    "cen_accuracy": 0.73425
  },
  "63": {
    "cen_loss": 0.986480980835855,
    "cen_accuracy": 0.728625
  },
  "64": {
    "cen_loss": 0.9326475412249565,
    "cen_accuracy": 0.74225
  },
  "65": {
    "cen_loss": 0.9698630566969514,
    "cen_accuracy": 0.730625
  },
  "66": {
    "cen_loss": 0.9786279517114163,
    "cen_accuracy": 0.733125
  },
  "67": {
    "cen_loss": 0.9570358402878046,
    "cen_accuracy": 0.744
  },
  "68": {
    "cen_loss": 0.9687114566117525,
    "cen_accuracy": 0.74075
  },
  "69": {
    "cen_loss": 0.97333394703269,
    "cen_accuracy": 0.736875
  },
  "70": {
    "cen_loss": 0.9967294109165669,
    "cen_accuracy": 0.73775
  },
  "71": {
    "cen_loss": 0.9548567094393074,
    "cen_accuracy": 0.740625
  },
  "72": {
    "cen_loss": 0.9226423711180687,
    "cen_accuracy": 0.738
  },
  "73": {
    "cen_loss": 0.919937915559858,
    "cen_accuracy": 0.74625
  },
  "74": {
    "cen_loss": 0.9293937534317375,
    "cen_accuracy": 0.73775
  },
  "75": {
    "cen_loss": 0.8705483775399625,
    "cen_accuracy": 0.750625
  },
  "76": {
    "cen_loss": 0.9418617145866156,
    "cen_accuracy": 0.737125
  },
  "77": {
    "cen_loss": 0.9010636730864644,
    "cen_accuracy": 0.746125
  },
  "78": {
    "cen_loss": 0.9159193297475576,
    "cen_accuracy": 0.74175
  },
  "79": {
    "cen_loss": 0.9289118974953889,
    "cen_accuracy": 0.741125
  },
  "80": {
    "cen_loss": 0.9870216064974666,
    "cen_accuracy": 0.736125
  },
  "81": {
    "cen_loss": 0.8955260930806398,
    "cen_accuracy": 0.752625
  },
  "82": {
    "cen_loss": 0.9088044664636254,
    "cen_accuracy": 0.748875
  },
  "83": {
    "cen_loss": 0.9403656376376748,
    "cen_accuracy": 0.743
  },
  "84": {
    "cen_loss": 0.9059140353091061,
    "cen_accuracy": 0.744875
  },
  "85": {
    "cen_loss": 0.9372256987392903,
    "cen_accuracy": 0.744125
  },
  "86": {
    "cen_loss": 0.8698192606791854,
    "cen_accuracy": 0.75875
  },
  "87": {
    "cen_loss": 0.8470510735064745,
    "cen_accuracy": 0.75775
  },
  "88": {
    "cen_loss": 0.8632432628199458,
    "cen_accuracy": 0.7595
  },
  "89": {
    "cen_loss": 0.8871896875426173,
    "cen_accuracy": 0.76025
  },
  "90": {
    "cen_loss": 0.9091965001747012,
    "cen_accuracy": 0.758
  },
  "91": {
    "cen_loss": 0.9255490237995982,
    "cen_accuracy": 0.751
  },
  "92": {
    "cen_loss": 0.8966317418813705,
    "cen_accuracy": 0.754875
  },
  "93": {
    "cen_loss": 0.9250596848353744,
    "cen_accuracy": 0.746625
  },
  "94": {
    "cen_loss": 0.8393905519358814,
    "cen_accuracy": 0.761
  },
  "95": {
    "cen_loss": 0.8648836693316698,
    "cen_accuracy": 0.7615
  },
  "96": {
    "cen_loss": 0.9151131919175386,
    "cen_accuracy": 0.751375
  },
  "97": {
    "cen_loss": 0.8839834843240678,
    "cen_accuracy": 0.750625
  },
  "98": {
    "cen_loss": 0.8817090156152845,
    "cen_accuracy": 0.756375
  },
  "99": {
    "cen_loss": 0.8879424036405981,
    "cen_accuracy": 0.75775
  },
  "100": {
    "cen_loss": 0.9069801431447267,
    "cen_accuracy": 0.75875
  },
  "101": {
    "cen_loss": 0.8506262703090907,