{
  "0": {
    "cen_loss": 2.3026313900947573,
    "cen_accuracy": 0.10175
  },
  "1": {
    "cen_loss": 2.3026313900947573,
    "cen_accuracy": 0.10175
  },
  "2": {
    "cen_loss": 3.493448676586151,
    "cen_accuracy": 0.10175
  },
  "3": {
    "cen_loss": 12.3257232837677,
    "cen_accuracy": 0.1
  },
  "4": {
    "cen_loss": 4.386291296005249,
    "cen_accuracy": 0.09975
  },
  "5": {
    "cen_loss": 3.2862082431316377,
    "cen_accuracy": 0.163125
  },
  "6": {
    "cen_loss": 7.177853878974915,
    "cen_accuracy": 0.09975
  },
  "7": {
    "cen_loss": 3.0498530423641204,
    "cen_accuracy": 0.170875
  },
  "8": {
    "cen_loss": 3.537914447069168,
    "cen_accuracy": 0.11825
  },
  "9": {
    "cen_loss": 3.0501278688907623,
    "cen_accuracy": 0.255
  },
  "10": {
    "cen_loss": 3.5079621188640595,
    "cen_accuracy": 0.247
  },
  "11": {
    "cen_loss": 2.0043483595848084,
    "cen_accuracy": 0.25775
  },
  "12": {
    "cen_loss": 3.41051823759079,
    "cen_accuracy": 0.19625
  },
  "13": {
    "cen_loss": 2.1626584769487383,
    "cen_accuracy": 0.303375
  },
  "14": {
    "cen_loss": 4.0272293405532835,
    "cen_accuracy": 0.204
  },
  "15": {
    "cen_loss": 4.031027221679688,
    "cen_accuracy": 0.222
  },
  "16": {
    "cen_loss": 2.059877785921097,
    "cen_accuracy": 0.280375
  },
  "17": {
    "cen_loss": 3.038052931070328,
    "cen_accuracy": 0.242
  },
  "18": {
    "cen_loss": 2.389710492372513,
    "cen_accuracy": 0.298375
  },
  "19": {
    "cen_loss": 1.983649222612381,
    "cen_accuracy": 0.32375
  },
  "20": {
    "cen_loss": 2.181704586982727,
    "cen_accuracy": 0.330875
  },
  "21": {
    "cen_loss": 1.750720502614975,
    "cen_accuracy": 0.4025
  },
  "22": {
    "cen_loss": 2.1225868462324144,
    "cen_accuracy": 0.331625
  },
  "23": {
    "cen_loss": 3.2009018716812134,
    "cen_accuracy": 0.27575
  },
  "24": {
    "cen_loss": 1.5866776720285416,
    "cen_accuracy": 0.4415
  },
  "25": {
    "cen_loss": 2.5896771023273466,
    "cen_accuracy": 0.345875
  },
  "26": {
    "cen_loss": 2.2949183995723725,
    "cen_accuracy": 0.34875
  },
  "27": {
    "cen_loss": 2.039005395770073,
    "cen_accuracy": 0.3245
  },
  "28": {
    "cen_loss": 2.216353501796722,
    "cen_accuracy": 0.368125
  },
  "29": {
    "cen_loss": 2.124890727519989,
    "cen_accuracy": 0.351625
  },
  "30": {
    "cen_loss": 2.443094502210617,
    "cen_accuracy": 0.326
  },
  "31": {
    "cen_loss": 1.982033938884735,
    "cen_accuracy": 0.406875
  },
  "32": {
    "cen_loss": 1.9528253798484803,
    "cen_accuracy": 0.43525
  },
  "33": {
    "cen_loss": 1.7117289909124374,
    "cen_accuracy": 0.467
  },
  "34": {
    "cen_loss": 2.036328244328499,
    "cen_accuracy": 0.371
  },
  "35": {
    "cen_loss": 1.9026639537811278,
    "cen_accuracy": 0.44775
  },
  "36": {
    "cen_loss": 2.375303174138069,
    "cen_accuracy": 0.373375
  },
  "37": {
    "cen_loss": 2.6136512577533724,
    "cen_accuracy": 0.316375
  },
  "38": {
    "cen_loss": 4.26297849559784,
    "cen_accuracy": 0.31225
  },
  "39": {
    "cen_loss": 1.9303169014453887,
    "cen_accuracy": 0.36025
  },
  "40": {
    "cen_loss": 2.33084533727169,
    "cen_accuracy": 0.340375
  },
  "41": {
    "cen_loss": 1.6073288081288337,
    "cen_accuracy": 0.48225
  },
  "42": {
    "cen_loss": 3.118190007209778,
    "cen_accuracy": 0.34275
  },
  "43": {
    "cen_loss": 2.0456986159086226,
    "cen_accuracy": 0.424125
  },
  "44": {
    "cen_loss": 1.6278492881655693,
    "cen_accuracy": 0.4755
  },
  "45": {
    "cen_loss": 2.0067066204547883,
    "cen_accuracy": 0.376375
  },
  "46": {
    "cen_loss": 1.9391764798164368,
    "cen_accuracy": 0.448375
  },
  "47": {
    "cen_loss": 1.696121267735958,
    "cen_accuracy": 0.483375
  },
  "48": {
    "cen_loss": 1.8578518701791764,
    "cen_accuracy": 0.466375
  },
  "49": {
    "cen_loss": 1.918377191901207,
    "cen_accuracy": 0.430625
  },
  "50": {
    "cen_loss": 2.204103561282158,
    "cen_accuracy": 0.405375
  },
  "51": {
    "cen_loss": 1.775901252746582,
    "cen_accuracy": 0.475125
  },
  "52": {
    "cen_loss": 1.5689200134277344,
    "cen_accuracy": 0.52075
  },
  "53": {
    "cen_loss": 1.7497981749176978,
    "cen_accuracy": 0.474125
  },
  "54": {
    "cen_loss": 1.9824548100233077,
    "cen_accuracy": 0.446875
  },
  "55": {
    "cen_loss": 2.069421832561493,
    "cen_accuracy": 0.442875
  },
  "56": {
    "cen_loss": 2.103317378282547,
    "cen_accuracy": 0.408
  },
  "57": {
    "cen_loss": 2.8514151972532273,
    "cen_accuracy": 0.37725
  },
  "58": {
    "cen_loss": 1.6884979264736175,
    "cen_accuracy": 0.47925
  },
  "59": {
    "cen_loss": 1.8802438172101974,
    "cen_accuracy": 0.439875
  },
  "60": {
    "cen_loss": 2.1330389827489853,
    "cen_accuracy": 0.41975
  },
  "61": {
    "cen_loss": 1.9466069968938828,
    "cen_accuracy": 0.45625
  },
  "62": {
    "cen_loss": 1.4291072400808333,
    "cen_accuracy": 0.532
  },
  "63": {
    "cen_loss": 1.8913877284526825,
    "cen_accuracy": 0.4345
  },
  "64": {
    "cen_loss": 1.6112947971224785,
    "cen_accuracy": 0.5315
  },
  "65": {
    "cen_loss": 2.6275225962400435,
    "cen_accuracy": 0.386625
  },
  "66": {
    "cen_loss": 1.4546699627637862,
    "cen_accuracy": 0.511375
  },
  "67": {
    "cen_loss": 2.1203619648218153,
    "cen_accuracy": 0.40525
  },
  "68": {
    "cen_loss": 1.6521204158067704,
    "cen_accuracy": 0.49375
  },
  "69": {
    "cen_loss": 2.8806661792993546,
    "cen_accuracy": 0.377125
  },
  "70": {
    "cen_loss": 3.1354405479431153,
    "cen_accuracy": 0.361625
  },
  "71": {
    "cen_loss": 1.9959271832704544,
    "cen_accuracy": 0.4595
  },
  "72": {
    "cen_loss": 2.3545502543449404,
    "cen_accuracy": 0.355375
  },
  "73": {
    "cen_loss": 1.6724426097869873,
    "cen_accuracy": 0.526875
  },
  "74": {
    "cen_loss": 1.2851178963184358,
    "cen_accuracy": 0.569875
  },
  "75": {
    "cen_loss": 1.4353237164020538,
    "cen_accuracy": 0.542625
  },
  "76": {
    "cen_loss": 1.4678085573017596,
    "cen_accuracy": 0.569625
  },
  "77": {
    "cen_loss": 1.5085933337211608,
    "cen_accuracy": 0.557875
  },
  "78": {
    "cen_loss": 1.859035555243492,
    "cen_accuracy": 0.45025
  },
  "79": {
    "cen_loss": 2.099443753838539,
    "cen_accuracy": 0.43675
  },
  "80": {
    "cen_loss": 2.582428029179573,
    "cen_accuracy": 0.38825
  },
  "81": {
    "cen_loss": 1.420051675260067,
    "cen_accuracy": 0.556875
  },
  "82": {
    "cen_loss": 1.3782259300351143,
    "cen_accuracy": 0.56075
  },
  "83": {
    "cen_loss": 2.3622153952121736,
    "cen_accuracy": 0.394
  },
  "84": {
    "cen_loss": 2.416114912748337,
    "cen_accuracy": 0.409875
  },
  "85": {
    "cen_loss": 1.628604128420353,
    "cen_accuracy": 0.526875
  },
  "86": {
    "cen_loss": 1.6997956306934356,
    "cen_accuracy": 0.490625
  },
  "87": {
    "cen_loss": 1.6821229627132417,
    "cen_accuracy": 0.51525
  },
  "88": {
    "cen_loss": 1.5771462007761001,
    "cen_accuracy": 0.499125
  },
  "89": {
    "cen_loss": 1.4395229231715203,
    "cen_accuracy": 0.536875
  },
  "90": {
    "cen_loss": 1.662117962062359,
    "cen_accuracy": 0.498875
  },
  "91": {
    "cen_loss": 1.9540168204307555,
    "cen_accuracy": 0.480125
  },
  "92": {
    "cen_loss": 1.386309014379978,
    "cen_accuracy": 0.59125
  },
  "93": {
    "cen_loss": 1.461681251168251,
    "cen_accuracy": 0.575125
  },
  "94": {
    "cen_loss": 1.8326400660276414,
    "cen_accuracy": 0.511625
  },
  "95": {
    "cen_loss": 2.333751023054123,
    "cen_accuracy": 0.476125
  },
  "96": {
    "cen_loss": 1.746396365046501,
    "cen_accuracy": 0.509625
  },
  "97": {
    "cen_loss": 1.9410422071218492,
    "cen_accuracy": 0.44075
  },
  "98": {
    "cen_loss": 1.3605556833744048,
    "cen_accuracy": 0.56525
  },
  "99": {
    "cen_loss": 1.5920919914245606,
    "cen_accuracy": 0.560125
  },
  "100": {
    "cen_loss": 1.5401764124035835,
    "cen_accuracy": 0.5635
  },
  "101": {
    "cen_loss": 1.8893111768960953,