{
  "0": {
    "cen_loss": 3.537089335072631,
    "cen_accuracy": 0.08723784024988844
  },
  "1": {
    "cen_loss": 3.5370893336895692,
    "cen_accuracy": 0.08723784024988844
  },
  "2": {
    "cen_loss": 3.028928916404312,
    "cen_accuracy": 0.10285586791610889
  },
  "3": {
    "cen_loss": 3.175606406304199,
    "cen_accuracy": 0.18830879071842926
  },
  "4": {
    "cen_loss": 3.606567310467728,
    "cen_accuracy": 0.16622043730477465
  },
  "5": {
    "cen_loss": 3.085448643183506,
    "cen_accuracy": 0.19477911646586346
  },
  "6": {
    "cen_loss": 3.45471577025162,
    "cen_accuracy": 0.177822400713967
  },
  "7": {
    "cen_loss": 3.3835920880065333,
    "cen_accuracy": 0.19210174029451138
  },
  "8": {
    "cen_loss": 2.6657379820962825,
    "cen_accuracy": 0.33400267737617134
  },
  "9": {
    "cen_loss": 2.980672681267801,
    "cen_accuracy": 0.320169567157519
  },
  "10": {
    "cen_loss": 2.9801109638239645,
    "cen_accuracy": 0.320392681838465
  },
  "11": {
    "cen_loss": 3.004215598797915,
    "cen_accuracy": 0.2684069611780455
  },
  "12": {
    "cen_loss": 2.9961941052312993,
    "cen_accuracy": 0.34872824631860777
  },
  "13": {
    "cen_loss": 3.1602173545221195,
    "cen_accuracy": 0.3009817045961624
  },
  "14": {
    "cen_loss": 2.9675596961747424,
    "cen_accuracy": 0.3755020080321285
  },
  "15": {
    "cen_loss": 3.0426175146430583,
    "cen_accuracy": 0.3607764390896921
  },
  "16": {
    "cen_loss": 2.9309986836673,
    "cen_accuracy": 0.4219098616688978
  },
  "17": {
    "cen_loss": 3.1383970086992665,
    "cen_accuracy": 0.33980365908076754
  },
  "18": {
    "cen_loss": 2.802686917042424,
    "cen_accuracy": 0.4178937974118697
  },
  "19": {
    "cen_loss": 2.864113585537217,
    "cen_accuracy": 0.4036144578313253
  },
  "20": {
    "cen_loss": 2.8641136028786844,
    "cen_accuracy": 0.4036144578313253
  },
  "21": {
    "cen_loss": 2.5590080634018824,
    "cen_accuracy": 0.46697902721999107
  },
  "22": {
    "cen_loss": 2.6918605628262564,
    "cen_accuracy": 0.42659526996876396
  },
  "23": {
    "cen_loss": 2.6975545200158955,
    "cen_accuracy": 0.4319500223114681
  },
  "24": {
    "cen_loss": 2.498115492633069,
    "cen_accuracy": 0.43395805443998214
  },
  "25": {
    "cen_loss": 2.421514671862737,
    "cen_accuracy": 0.49955377063810796
  },
  "26": {
    "cen_loss": 2.5431757156788266,
    "cen_accuracy": 0.4502454261490406
  },
  "27": {
    "cen_loss": 2.688958888073044,
    "cen_accuracy": 0.4556001784917448
  },
  "28": {
    "cen_loss": 2.7766203046217393,
    "cen_accuracy": 0.42793395805443996
  },
  "29": {
    "cen_loss": 2.4121216889312893,
    "cen_accuracy": 0.48326639892904955
  },
  "30": {
    "cen_loss": 2.412121663424438,
    "cen_accuracy": 0.48326639892904955
  },
  "31": {
    "cen_loss": 2.5065966734445717,
    "cen_accuracy": 0.43775100401606426
  },
  "32": {
    "cen_loss": 2.52475789326315,
    "cen_accuracy": 0.4261490406068719
  },
  "33": {
    "cen_loss": 2.78681359637906,
    "cen_accuracy": 0.3908969210174029
  },
  "34": {
    "cen_loss": 2.3340466668274935,
    "cen_accuracy": 0.4683177153056671
  },
  "35": {
    "cen_loss": 2.1668505330055967,
    "cen_accuracy": 0.5120481927710844
  },
  "36": {
    "cen_loss": 2.2462301473434563,
    "cen_accuracy": 0.501784917447568
  },
  "37": {
    "cen_loss": 2.162759746307244,
    "cen_accuracy": 0.5120481927710844
  },
  "38": {
    "cen_loss": 2.2617164312436717,
    "cen_accuracy": 0.4754573850959393
  },
  "39": {
    "cen_loss": 1.9968334481632108,
    "cen_accuracy": 0.5394912985274432
  },
  "40": {
    "cen_loss": 1.9968334616746608,
    "cen_accuracy": 0.5394912985274432
  },
  "41": {
    "cen_loss": 2.373478542529595,
    "cen_accuracy": 0.4750111557340473
  },
  "42": {
    "cen_loss": 2.3549452445460237,
    "cen_accuracy": 0.4817045961624275
  },
  "43": {
    "cen_loss": 2.224633282899112,
    "cen_accuracy": 0.5138331102186524
  },
  "44": {
    "cen_loss": 2.263615539408007,
    "cen_accuracy": 0.4716644355198572
  },
  "45": {
    "cen_loss": 1.9847806516049005,
    "cen_accuracy": 0.536813922356091
  },
  "46": {
    "cen_loss": 1.8750187885489968,
    "cen_accuracy": 0.5426149040606872
  },
  "47": {
    "cen_loss": 2.0684407486121925,
    "cen_accuracy": 0.5234270414993306
  },
  "48": {
    "cen_loss": 1.9352028715170317,
    "cen_accuracy": 0.5584560464078536
  },
  "49": {
    "cen_loss": 2.1233225290076323,
    "cen_accuracy": 0.501338688085676
  },
  "50": {
    "cen_loss": 2.1233225578391517,
    "cen_accuracy": 0.501338688085676
  },
  "51": {
    "cen_loss": 2.0048950145096716,
    "cen_accuracy": 0.5502008032128514
  },
  "52": {
    "cen_loss": 2.1491664271969606,
    "cen_accuracy": 0.5066934404283802
  },
  "53": {
    "cen_loss": 1.9532416906275956,
    "cen_accuracy": 0.5653726015171798
  },
  "54": {
    "cen_loss": 2.0532881818887967,
    "cen_accuracy": 0.5533244087460955
  },
  "55": {
    "cen_loss": 1.8800939115654514,
    "cen_accuracy": 0.5740740740740741
  },
  "56": {
    "cen_loss": 2.073050987076834,
    "cen_accuracy": 0.5484158857652833
  },
  "57": {
    "cen_loss": 2.597863317573246,
    "cen_accuracy": 0.4776885319053994
  },
  "58": {
    "cen_loss": 2.4999971262901184,
    "cen_accuracy": 0.46586345381526106
  },
  "59": {
    "cen_loss": 2.2600294500290152,
    "cen_accuracy": 0.536590807675145
  },
  "60": {
    "cen_loss": 2.260029465372357,
    "cen_accuracy": 0.536590807675145
  },
  "61": {
    "cen_loss": 2.324424640029097,
    "cen_accuracy": 0.5267737617135207
  },
  "62": {
    "cen_loss": 2.1376024821356756,
    "cen_accuracy": 0.5629183400267738
  },
  "63": {
    "cen_loss": 2.1252784411963583,
    "cen_accuracy": 0.5539937527889335
  },
  "64": {
    "cen_loss": 2.2183348841030965,
    "cen_accuracy": 0.5287817938420348
  },
  "65": {
    "cen_loss": 1.9963742524638126,
    "cen_accuracy": 0.5707273538598839
  },
  "66": {
    "cen_loss": 1.9092905878063187,
    "cen_accuracy": 0.5894689870593485
  },
  "67": {
    "cen_loss": 1.9501127492418677,
    "cen_accuracy": 0.5597947344935297
  },
  "68": {
    "cen_loss": 1.8818197311008151,
    "cen_accuracy": 0.5669344042838019
  },
  "69": {
    "cen_loss": 1.7978623782827725,
    "cen_accuracy": 0.5970548862115127
  },
  "70": {
    "cen_loss": 1.7978623294234541,
    "cen_accuracy": 0.5970548862115127
  },
  "71": {
    "cen_loss": 2.0011956096493417,
    "cen_accuracy": 0.57206604194556
  },
  "72": {
    "cen_loss": 1.8049526695217746,
    "cen_accuracy": 0.5928157072735386
  },
  "73": {
    "cen_loss": 1.8226013653568793,
    "cen_accuracy": 0.573404730031236
  },
  "74": {
    "cen_loss": 1.9140828189866876,
    "cen_accuracy": 0.5649263721552878
  },
  "75": {
    "cen_loss": 1.9780344396550333,
    "cen_accuracy": 0.5548862115127176
  },
  "76": {
    "cen_loss": 1.979551346586092,
    "cen_accuracy": 0.5564480142793395
  },
  "77": {
    "cen_loss": 1.7973027550870955,
    "cen_accuracy": 0.5876840696117804
  },
  "78": {
    "cen_loss": 1.77969222545411,
    "cen_accuracy": 0.5957161981258366
  },
  "79": {
    "cen_loss": 1.8484427431820227,
    "cen_accuracy": 0.5881302989736724
  },
  "80": {
    "cen_loss": 1.848442745150226,
    "cen_accuracy": 0.5881302989736724
  },
  "81": {
    "cen_loss": 1.7744776620124398,
    "cen_accuracy": 0.5952699687639447
  },
  "82": {
    "cen_loss": 1.8512136980738294,
    "cen_accuracy": 0.5917001338688086
  },
  "83": {
    "cen_loss": 1.7773260021252273,
    "cen_accuracy": 0.5946006247211066
  },
  "84": {
    "cen_loss": 1.8199145403997752,
    "cen_accuracy": 0.5937081659973227
  },
  "85": {
    "cen_loss": 1.6499173827386233,
    "cen_accuracy": 0.6095493083444891
  },
  "86": {
    "cen_loss": 1.8038550564243772,
    "cen_accuracy": 0.5870147255689424
  },
  "87": {
    "cen_loss": 1.8678386361404276,
    "cen_accuracy": 0.5671575189647479
  },
  "88": {
    "cen_loss": 1.82867742483768,
    "cen_accuracy": 0.5901383311021865
  },