{
  "0": {
    "cen_loss": 2.305335320472717,
    "cen_accuracy": 0.09875
  },
  "1": {
    "cen_loss": 2.305335320472717,
    "cen_accuracy": 0.09875
  },
  "2": {
    "cen_loss": 2.304524295091629,
    "cen_accuracy": 0.16125
  },
  "3": {
    "cen_loss": 2.1724615774154663,
    "cen_accuracy": 0.234375
  },
  "4": {
    "cen_loss": 2.1509314618110658,
    "cen_accuracy": 0.23225
  },
  "5": {
    "cen_loss": 2.162069212436676,
    "cen_accuracy": 0.262
  },
  "6": {
    "cen_loss": 2.3735055503845213,
    "cen_accuracy": 0.239875
  },
  "7": {
    "cen_loss": 1.8523352854251862,
    "cen_accuracy": 0.35025
  },
  "8": {
    "cen_loss": 2.730877384185791,
    "cen_accuracy": 0.231125
  },
  "9": {
    "cen_loss": 2.7912553062438965,
    "cen_accuracy": 0.244125
  },
  "10": {
    "cen_loss": 2.781483717083931,
    "cen_accuracy": 0.244375
  },
  "11": {
    "cen_loss": 2.926764965057373,
    "cen_accuracy": 0.263625
  },
  "12": {
    "cen_loss": 3.076087379693985,
    "cen_accuracy": 0.267875
  },
  "13": {
    "cen_loss": 1.9270832356214522,
    "cen_accuracy": 0.36825
  },
  "14": {
    "cen_loss": 2.9600483169555662,
    "cen_accuracy": 0.274125
  },
  "15": {
    "cen_loss": 2.688865171432495,
    "cen_accuracy": 0.281625
  },
  "16": {
    "cen_loss": 2.0430155019760132,
    "cen_accuracy": 0.347
  },
  "17": {
    "cen_loss": 2.6185181283950807,
    "cen_accuracy": 0.293
  },
  "18": {
    "cen_loss": 1.8671387394666672,
    "cen_accuracy": 0.360625
  },
  "19": {
    "cen_loss": 2.2334062497615816,
    "cen_accuracy": 0.336875
  },
  "20": {
    "cen_loss": 2.2334061143398283,
    "cen_accuracy": 0.336875
  },
  "21": {
    "cen_loss": 2.4764177322387697,
    "cen_accuracy": 0.3275
  },
  "22": {
    "cen_loss": 2.0509985761642455,
    "cen_accuracy": 0.38875
  },
  "23": {
    "cen_loss": 2.519387459039688,
    "cen_accuracy": 0.331125
  },
  "24": {
    "cen_loss": 1.8625928238630294,
    "cen_accuracy": 0.407
  },
  "25": {
    "cen_loss": 2.4155033531188965,
    "cen_accuracy": 0.36975
  },
  "26": {
    "cen_loss": 1.765427083015442,
    "cen_accuracy": 0.419125
  },
  "27": {
    "cen_loss": 1.7966879529953004,
    "cen_accuracy": 0.434375
  },
  "28": {
    "cen_loss": 2.0697921357154847,
    "cen_accuracy": 0.379625
  },
  "29": {
    "cen_loss": 1.88086270236969,
    "cen_accuracy": 0.4255
  },
  "30": {
    "cen_loss": 1.8808627301454544,
    "cen_accuracy": 0.4255
  },
  "31": {
    "cen_loss": 2.0373446645736695,
    "cen_accuracy": 0.410375
  },
  "32": {
    "cen_loss": 2.0124513474702836,
    "cen_accuracy": 0.3875
  },
  "33": {
    "cen_loss": 3.38247394990921,
    "cen_accuracy": 0.288875
  },
  "34": {
    "cen_loss": 2.1672918692827223,
    "cen_accuracy": 0.376375
  },
  "35": {
    "cen_loss": 1.960980479001999,
    "cen_accuracy": 0.40475
  },
  "36": {
    "cen_loss": 1.9153607370853425,
    "cen_accuracy": 0.409
  },
  "37": {
    "cen_loss": 2.5848016428947447,
    "cen_accuracy": 0.3645
  },
  "38": {
    "cen_loss": 2.19011858856678,
    "cen_accuracy": 0.3825
  },
  "39": {
    "cen_loss": 4.5108161942958835,
    "cen_accuracy": 0.2575
  },
  "40": {
    "cen_loss": 4.510815124034882,
    "cen_accuracy": 0.2575
  },
  "41": {
    "cen_loss": 2.524198637843132,
    "cen_accuracy": 0.35125
  },
  "42": {
    "cen_loss": 2.0029555658102036,
    "cen_accuracy": 0.40375
  },
  "43": {
    "cen_loss": 1.859355135679245,
    "cen_accuracy": 0.4265
  },
  "44": {
    "cen_loss": 1.787752727508545,
    "cen_accuracy": 0.4365
  },
  "45": {
    "cen_loss": 2.291444243311882,
    "cen_accuracy": 0.348625
  },
  "46": {
    "cen_loss": 2.350734459757805,
    "cen_accuracy": 0.35775
  },
  "47": {
    "cen_loss": 2.0262405718564986,
    "cen_accuracy": 0.4225
  },
  "48": {
    "cen_loss": 1.769676622748375,
    "cen_accuracy": 0.440875
  },
  "49": {
    "cen_loss": 2.445647842645645,
    "cen_accuracy": 0.38675
  },
  "50": {
    "cen_loss": 2.445647694826126,
    "cen_accuracy": 0.38675
  },
  "51": {
    "cen_loss": 1.9026751492023468,
    "cen_accuracy": 0.43475
  },
  "52": {
    "cen_loss": 1.9426404902935028,
    "cen_accuracy": 0.426625
  },
  "53": {
    "cen_loss": 2.3411339983940125,
    "cen_accuracy": 0.390125
  },
  "54": {
    "cen_loss": 2.2047431247234344,
    "cen_accuracy": 0.383875
  },
  "55": {
    "cen_loss": 1.9134483864307403,
    "cen_accuracy": 0.431
  },
  "56": {
    "cen_loss": 1.969429136633873,
    "cen_accuracy": 0.428875
  },
  "57": {
    "cen_loss": 2.3279980655908585,
    "cen_accuracy": 0.37875
  },
  "58": {
    "cen_loss": 2.115228409051895,
    "cen_accuracy": 0.43425
  },
  "59": {
    "cen_loss": 2.103550315618515,
    "cen_accuracy": 0.419875
  },
  "60": {
    "cen_loss": 2.103550415992737,
    "cen_accuracy": 0.419875
  },
  "61": {
    "cen_loss": 2.726688714265823,
    "cen_accuracy": 0.330875
  },
  "62": {
    "cen_loss": 2.107037091255188,
    "cen_accuracy": 0.43125
  },
  "63": {
    "cen_loss": 2.4058536621332167,
    "cen_accuracy": 0.391
  },
  "64": {
    "cen_loss": 2.020775729417801,
    "cen_accuracy": 0.4285
  },
  "65": {
    "cen_loss": 2.0157065316438674,
    "cen_accuracy": 0.409625
  },
  "66": {
    "cen_loss": 2.3596169427633287,
    "cen_accuracy": 0.389375
  },
  "67": {
    "cen_loss": 2.1134420257806776,
    "cen_accuracy": 0.422
  },
  "68": {
    "cen_loss": 4.421513485431671,
    "cen_accuracy": 0.289375
  },
  "69": {
    "cen_loss": 2.941517222881317,
    "cen_accuracy": 0.297
  },
  "70": {
    "cen_loss": 2.941516887187958,
    "cen_accuracy": 0.297
  },
  "71": {
    "cen_loss": 2.300760986804962,
    "cen_accuracy": 0.345
  },
  "72": {
    "cen_loss": 2.3403129764795305,
    "cen_accuracy": 0.39725
  },
  "73": {
    "cen_loss": 1.8991350611448288,
    "cen_accuracy": 0.41925
  },
  "74": {
    "cen_loss": 1.8348050523996353,
    "cen_accuracy": 0.42175
  },
  "75": {
    "cen_loss": 2.0030401582717894,
    "cen_accuracy": 0.41725
  },
  "76": {
    "cen_loss": 2.735036881446838,
    "cen_accuracy": 0.34325
  },
  "77": {
    "cen_loss": 1.9109791387319566,
    "cen_accuracy": 0.424375
  },
  "78": {
    "cen_loss": 2.419073195576668,
    "cen_accuracy": 0.3835
  },
  "79": {
    "cen_loss": 2.2238133087158203,
    "cen_accuracy": 0.415
  },
  "80": {
    "cen_loss": 2.2238133937120437,
    "cen_accuracy": 0.415
  },
  "81": {
    "cen_loss": 3.603576705932617,
    "cen_accuracy": 0.29175
  },
  "82": {
    "cen_loss": 2.139470831155777,
    "cen_accuracy": 0.39875
  },
  "83": {
    "cen_loss": 2.2710940635204313,
    "cen_accuracy": 0.383875
  },
  "84": {
    "cen_loss": 2.163480210900307,
    "cen_accuracy": 0.39575
  },
  "85": {
    "cen_loss": 2.7206914641857147,
    "cen_accuracy": 0.360375
  },
  "86": {
    "cen_loss": 2.6915836465358733,
    "cen_accuracy": 0.36125
  },
  "87": {
    "cen_loss": 1.8575092823505401,
    "cen_accuracy": 0.4545
  },
  "88": {
    "cen_loss": 3.3546584334373475,
    "cen_accuracy": 0.33075
  },
  "89": {
    "cen_loss": 2.730609500169754,
    "cen_accuracy": 0.39225
  },
  "90": {
    "cen_loss": 2.730609492063522,
    "cen_accuracy": 0.39225
  },
  "91": {
    "cen_loss": 2.253653921127319,
    "cen_accuracy": 0.391
  },
  "92": {
    "cen_loss": 1.9755957436561584,
    "cen_accuracy": 0.43075
  },
  "93": {
    "cen_loss": 2.7462960531711578,
    "cen_accuracy": 0.37025
  },
  "94": {
    "cen_loss": 3.3966755881309507,
    "cen_accuracy": 0.326375
  },
  "95": {
    "cen_loss": 2.1063080179691314,
    "cen_accuracy": 0.41225
  },
  "96": {
    "cen_loss": 2.4202926667928697,
    "cen_accuracy": 0.3555
  },
  "97": {
    "cen_loss": 2.2561157822608946,
    "cen_accuracy": 0.3975
  },
  "98": {
    "cen_loss": 2.659489422559738,
    "cen_accuracy": 0.359875
  },
  "99": {
    "cen_loss": 2.0076240344047545,
    "cen_accuracy": 0.421375
  },
  "100": {
    "cen_loss": 2.007624131798744,
    "cen_accuracy": 0.421375
  },
  "101": {
    "cen_loss": 2.8977078959941864,
    "cen_accuracy": 0.352375
  }
}