{
  "0": {
    "cen_loss": 3.8739327211988552,
    "cen_accuracy": 0.0069165551093261935
  },
  "1": {
    "cen_loss": 3.8739327177943954,
    "cen_accuracy": 0.0069165551093261935
  },
  "2": {
    "cen_loss": 3.319534399529644,
    "cen_accuracy": 0.004239178937974119
  },
  "3": {
    "cen_loss": 3.596206617483014,
    "cen_accuracy": 0.12271307452030343
  },
  "4": {
    "cen_loss": 2.8654282601589287,
    "cen_accuracy": 0.14770191878625613
  },
  "5": {
    "cen_loss": 3.187037550567889,
    "cen_accuracy": 0.19968763944667559
  },
  "6": {
    "cen_loss": 3.4010378632466742,
    "cen_accuracy": 0.1751450245426149
  },
  "7": {
    "cen_loss": 3.4764504249688506,
    "cen_accuracy": 0.16688978134761268
  },
  "8": {
    "cen_loss": 3.039805302977402,
    "cen_accuracy": 0.2634984381972334
  },
  "9": {
    "cen_loss": 3.084203016619659,
    "cen_accuracy": 0.27532351628737173
  },
  "10": {
    "cen_loss": 3.083932462732263,
    "cen_accuracy": 0.27532351628737173
  },
  "11": {
    "cen_loss": 3.134795194223277,
    "cen_accuracy": 0.29027219991075415
  },
  "12": {
    "cen_loss": 3.304458323891064,
    "cen_accuracy": 0.2757697456492637
  },
  "13": {
    "cen_loss": 2.7081611559679337,
    "cen_accuracy": 0.4078536367692994
  },
  "14": {
    "cen_loss": 2.7311422887629346,
    "cen_accuracy": 0.3757251227130745
  },
  "15": {
    "cen_loss": 3.3511979191604335,
    "cen_accuracy": 0.32373940205265506
  },
  "16": {
    "cen_loss": 2.9291501996348024,
    "cen_accuracy": 0.3179384203480589
  },
  "17": {
    "cen_loss": 2.662973805444148,
    "cen_accuracy": 0.35185185185185186
  },
  "18": {
    "cen_loss": 2.4999812780241517,
    "cen_accuracy": 0.4384203480589023
  },
  "19": {
    "cen_loss": 3.2871526149382073,
    "cen_accuracy": 0.3112449799196787
  },
  "20": {
    "cen_loss": 3.2871526175979415,
    "cen_accuracy": 0.3112449799196787
  },
  "21": {
    "cen_loss": 2.694233140951818,
    "cen_accuracy": 0.41655510932619366
  },
  "22": {
    "cen_loss": 2.6247770983666774,
    "cen_accuracy": 0.42257920571173585
  },
  "23": {
    "cen_loss": 2.3544533158029526,
    "cen_accuracy": 0.48460508701472554
  },
  "24": {
    "cen_loss": 2.560486980018633,
    "cen_accuracy": 0.43083444890673805
  },
  "25": {
    "cen_loss": 2.740708126760072,
    "cen_accuracy": 0.44466755912539047
  },
  "26": {
    "cen_loss": 2.335544840452236,
    "cen_accuracy": 0.48460508701472554
  },
  "27": {
    "cen_loss": 2.792422735707029,
    "cen_accuracy": 0.43395805443998214
  },
  "28": {
    "cen_loss": 2.4112599995028807,
    "cen_accuracy": 0.49553770638107986
  },
  "29": {
    "cen_loss": 2.580259168217194,
    "cen_accuracy": 0.463409192324855
  },
  "30": {
    "cen_loss": 2.58025916545107,
    "cen_accuracy": 0.463409192324855
  },
  "31": {
    "cen_loss": 2.7122124836201222,
    "cen_accuracy": 0.4219098616688978
  },
  "32": {
    "cen_loss": 2.549631126008891,
    "cen_accuracy": 0.44912985274431055
  },
  "33": {
    "cen_loss": 2.7190842311172707,
    "cen_accuracy": 0.4007139669790272
  },
  "34": {
    "cen_loss": 2.3014424189838754,
    "cen_accuracy": 0.499330655957162
  },
  "35": {
    "cen_loss": 2.266477283969728,
    "cen_accuracy": 0.49464524765729584
  },
  "36": {
    "cen_loss": 2.368493274592332,
    "cen_accuracy": 0.4504685408299866
  },
  "37": {
    "cen_loss": 2.614976813994258,
    "cen_accuracy": 0.4390896921017403
  },
  "38": {
    "cen_loss": 2.204361310232861,
    "cen_accuracy": 0.5120481927710844
  },
  "39": {
    "cen_loss": 2.346452065526987,
    "cen_accuracy": 0.48058902275769744
  },
  "40": {
    "cen_loss": 2.3464520823365076,
    "cen_accuracy": 0.48058902275769744
  },
  "41": {
    "cen_loss": 2.3772723986229054,
    "cen_accuracy": 0.4970995091477019
  },
  "42": {
    "cen_loss": 2.4383989402833977,
    "cen_accuracy": 0.48148148148148145
  },
  "43": {
    "cen_loss": 2.382283902498081,
    "cen_accuracy": 0.4817045961624275
  },
  "44": {
    "cen_loss": 2.2830714367260256,
    "cen_accuracy": 0.5120481927710844
  },
  "45": {
    "cen_loss": 2.2571110158879435,
    "cen_accuracy": 0.5098170459616242
  },
  "46": {
    "cen_loss": 2.176245648565169,
    "cen_accuracy": 0.5182954038375726
  },
  "47": {
    "cen_loss": 2.696307831287171,
    "cen_accuracy": 0.4007139669790272
  },
  "48": {
    "cen_loss": 2.1813944704605817,
    "cen_accuracy": 0.5298973672467648
  },
  "49": {
    "cen_loss": 2.15316448311144,
    "cen_accuracy": 0.5258813029897367
  },
  "50": {
    "cen_loss": 2.153164461540995,
    "cen_accuracy": 0.5258813029897367
  },
  "51": {
    "cen_loss": 2.066233841982445,
    "cen_accuracy": 0.5191878625613565
  },
  "52": {
    "cen_loss": 2.271766079371128,
    "cen_accuracy": 0.49486836233824183
  },
  "53": {
    "cen_loss": 2.0870249434700505,
    "cen_accuracy": 0.5218652387327086
  },
  "54": {
    "cen_loss": 2.0371923189192995,
    "cen_accuracy": 0.5301204819277109
  },
  "55": {
    "cen_loss": 1.95003698000893,
    "cen_accuracy": 0.538375725122713
  },
  "56": {
    "cen_loss": 1.929949563723066,
    "cen_accuracy": 0.5522088353413654
  },
  "57": {
    "cen_loss": 1.9111242196699276,
    "cen_accuracy": 0.5486390004462294
  },
  "58": {
    "cen_loss": 2.007395773873378,
    "cen_accuracy": 0.5611334225792057
  },
  "59": {
    "cen_loss": 1.9672647671527173,
    "cen_accuracy": 0.5448460508701473
  },
  "60": {
    "cen_loss": 1.9672647813025035,
    "cen_accuracy": 0.5448460508701473
  },
  "61": {
    "cen_loss": 2.168236846106758,
    "cen_accuracy": 0.5049085229808121
  },
  "62": {
    "cen_loss": 2.1372979254208735,
    "cen_accuracy": 0.5124944221329764
  },
  "63": {
    "cen_loss": 2.085941869730611,
    "cen_accuracy": 0.537706381079875
  },
  "64": {
    "cen_loss": 2.065573379483834,
    "cen_accuracy": 0.5428380187416332
  },
  "65": {
    "cen_loss": 2.1129398273602495,
    "cen_accuracy": 0.5374832663989291
  },
  "66": {
    "cen_loss": 2.1704197215454113,
    "cen_accuracy": 0.535698348951361
  },
  "67": {
    "cen_loss": 2.1242238920429677,
    "cen_accuracy": 0.5513163766175815
  },
  "68": {
    "cen_loss": 2.484068437619488,
    "cen_accuracy": 0.5196340919232485
  },
  "69": {
    "cen_loss": 2.415485807424781,
    "cen_accuracy": 0.4926372155287818
  },
  "70": {
    "cen_loss": 2.415485786200102,
    "cen_accuracy": 0.4926372155287818
  },
  "71": {
    "cen_loss": 2.2134741383011667,
    "cen_accuracy": 0.5423917893797412
  },
  "72": {
    "cen_loss": 2.1170554602055716,
    "cen_accuracy": 0.5403837572512271
  },
  "73": {
    "cen_loss": 2.245603860674666,
    "cen_accuracy": 0.5171798304328424
  },
  "74": {
    "cen_loss": 2.1171797559177272,
    "cen_accuracy": 0.5323516287371709
  },
  "75": {
    "cen_loss": 2.117179751228907,
    "cen_accuracy": 0.5323516287371709
  },
  "76": {
    "cen_loss": 1.9646207289417,
    "cen_accuracy": 0.5655957161981259
  },
  "77": {
    "cen_loss": 1.9646207245797358,
    "cen_accuracy": 0.5655957161981259
  },
  "78": {
    "cen_loss": 1.9118087678243412,
    "cen_accuracy": 0.5729585006693441
  },
  "79": {
    "cen_loss": 1.9118087537476975,
    "cen_accuracy": 0.5729585006693441
  },
  "80": {
    "cen_loss": 1.8489274169546532,
    "cen_accuracy": 0.5771976796073182
  },
  "81": {
    "cen_loss": 1.8489274204671649,
    "cen_accuracy": 0.5771976796073182
  },
  "82": {
    "cen_loss": 1.8136708678969418,
    "cen_accuracy": 0.5796519410977242
  },
  "83": {
    "cen_loss": 1.8136708679966818,
    "cen_accuracy": 0.5796519410977242
  },
  "84": {
    "cen_loss": 1.7925411381661918,
    "cen_accuracy": 0.5910307898259706
  },
  "85": {
    "cen_loss": 1.7925411317562323,
    "cen_accuracy": 0.5910307898259706
  },
  "86": {
    "cen_loss": 1.6973891848102312,
    "cen_accuracy": 0.6037483266398929
  },
  "87": {
    "cen_loss": 1.6973891816517968,
    "cen_accuracy": 0.6037483266398929
  },
  "88": {
    "cen_loss": 1.7868464282451597,
    "cen_accuracy": 0.5995091477019188
  },